date_time,Albania_maxtempC,Albania_mintempC,Albania_totalSnow_cm,Albania_sunHour,Albania_uvIndex,Albania_moon_illumination,Albania_moonrise,Albania_moonset,Albania_sunrise,Albania_sunset,Albania_DewPointC,Albania_FeelsLikeC,Albania_HeatIndexC,Albania_WindChillC,Albania_WindGustKmph,Albania_cloudcover,Albania_humidity,Albania_precipMM,Albania_pressure,Albania_tempC,Albania_visibility,Albania_winddirDegree,Albania_windspeedKmph,Albania_location
2020-01-01,11,2,0.0,8.7,3,37,11:04 AM,10:31 PM,07:07 AM,04:21 PM,-3,5,6,5,12,6,51,0.0,1027,11,10,56,6,Albania
2020-01-02,11,2,0.0,8.7,3,44,11:28 AM,11:30 PM,07:07 AM,04:22 PM,-5,5,6,5,12,2,47,0.0,1031,11,10,98,6,Albania
2020-01-03,10,4,0.0,8.7,3,51,11:52 AM,No moonset,07:07 AM,04:23 PM,-5,6,6,6,6,10,47,0.0,1027,10,10,134,4,Albania
2020-01-04,11,6,0.0,6.9,2,59,12:15 PM,12:28 AM,07:07 AM,04:24 PM,-2,8,8,8,4,24,50,0.0,1021,11,10,139,3,Albania
2020-01-05,8,1,0.0,8.7,2,66,12:41 PM,01:28 AM,07:07 AM,04:25 PM,-3,2,5,2,21,28,55,0.0,1021,8,10,71,14,Albania
2020-01-06,5,-6,0.0,8.7,2,73,01:11 PM,02:29 AM,07:07 AM,04:26 PM,-8,-4,0,-4,23,1,54,0.0,1024,5,10,20,13,Albania
2020-01-07,8,-2,0.0,8.7,2,80,01:44 PM,03:33 AM,07:07 AM,04:27 PM,-9,-0,2,-0,14,0,44,0.0,1024,8,10,91,7,Albania
2020-01-08,10,1,0.0,8.7,3,88,02:24 PM,04:37 AM,07:07 AM,04:28 PM,-8,4,5,4,9,0,41,0.0,1027,10,10,94,5,Albania
2020-01-09,10,5,0.0,8.7,3,95,03:14 PM,05:43 AM,07:07 AM,04:29 PM,-4,6,7,6,6,7,48,0.0,1028,10,10,158,4,Albania
2020-01-10,10,3,0.0,8.7,3,100,04:11 PM,06:44 AM,07:06 AM,04:30 PM,-1,5,6,5,6,28,61,0.0,1024,10,10,165,3,Albania
2020-01-11,10,3,0.0,7.0,2,100,05:18 PM,07:41 AM,07:06 AM,04:31 PM,-0,6,6,6,6,61,67,0.5,1024,10,9,163,3,Albania
2020-01-12,11,4,0.0,5.2,2,83,06:29 PM,08:29 AM,07:06 AM,04:32 PM,2,6,7,6,8,64,70,0.1,1027,11,10,142,5,Albania
2020-01-13,12,5,0.0,8.7,3,76,07:44 PM,09:11 AM,07:05 AM,04:33 PM,3,7,8,7,9,29,70,0.0,1027,12,10,141,5,Albania
2020-01-14,13,7,0.0,8.7,4,69,08:58 PM,09:47 AM,07:05 AM,04:34 PM,5,10,10,10,6,4,73,0.0,1024,13,10,131,4,Albania
2020-01-15,14,7,0.0,8.7,4,61,10:10 PM,10:19 AM,07:05 AM,04:35 PM,4,10,10,10,7,0,67,0.0,1024,14,10,125,5,Albania
2020-01-16,13,8,0.0,8.7,4,54,11:22 PM,10:49 AM,07:04 AM,04:36 PM,3,10,10,10,6,0,59,0.0,1025,13,10,165,4,Albania
2020-01-17,12,5,0.0,8.7,4,47,No moonrise,11:18 AM,07:04 AM,04:38 PM,1,9,9,9,5,2,55,0.0,1024,12,10,157,3,Albania
2020-01-18,11,6,0.0,7.0,2,40,12:32 AM,11:48 AM,07:03 AM,04:39 PM,2,8,8,8,7,32,66,0.0,1023,11,10,154,4,Albania
2020-01-19,12,6,0.0,8.7,2,32,01:42 AM,12:20 PM,07:03 AM,04:40 PM,5,8,9,8,7,57,76,1.0,1022,12,10,147,5,Albania
2020-01-20,12,5,0.0,8.7,3,25,02:51 AM,12:57 PM,07:02 AM,04:41 PM,1,7,8,7,11,15,65,0.0,1035,12,10,58,7,Albania
2020-01-21,12,4,0.0,8.7,3,18,03:58 AM,01:39 PM,07:02 AM,04:42 PM,-4,7,8,7,8,5,46,0.0,1039,12,10,172,5,Albania
2020-01-22,11,6,0.0,7.0,2,11,05:01 AM,02:26 PM,07:01 AM,04:44 PM,-1,8,8,8,4,18,53,0.0,1032,11,10,163,3,Albania
2020-01-23,14,6,0.0,8.7,4,3,05:58 AM,03:20 PM,07:00 AM,04:45 PM,1,9,9,9,7,1,56,0.0,1028,14,10,105,5,Albania
2020-01-24,13,7,0.0,8.7,4,0,06:48 AM,04:18 PM,07:00 AM,04:46 PM,2,10,10,10,8,2,56,0.0,1031,13,10,175,5,Albania
2020-01-25,12,7,0.0,3.7,3,0,07:31 AM,05:19 PM,06:59 AM,04:47 PM,5,9,10,9,8,71,73,0.0,1027,12,10,132,5,Albania
2020-01-26,13,5,0.0,5.4,3,4,08:07 AM,06:20 PM,06:58 AM,04:49 PM,6,9,10,9,8,60,73,0.2,1023,13,9,126,5,Albania
2020-01-27,11,2,0.0,3.7,2,11,08:38 AM,07:21 PM,06:57 AM,04:50 PM,7,8,9,8,6,87,88,34.9,1018,11,8,194,4,Albania
2020-01-28,12,6,0.0,3.7,3,18,09:05 AM,08:20 PM,06:56 AM,04:51 PM,7,8,9,8,13,83,86,5.1,1017,12,9,167,9,Albania
2020-01-29,12,8,0.0,3.7,3,26,09:30 AM,09:19 PM,06:55 AM,04:52 PM,7,9,10,9,13,79,82,8.6,1012,12,10,197,8,Albania
2020-01-30,13,7,0.0,7.0,3,33,09:54 AM,10:16 PM,06:55 AM,04:54 PM,6,9,10,9,7,42,78,1.7,1019,13,10,168,5,Albania
2020-01-31,14,5,0.0,8.7,4,37,10:17 AM,11:15 PM,06:54 AM,04:55 PM,2,8,9,8,10,19,66,0.0,1021,14,10,146,5,Albania
2020-02-01,13,5,0.0,8.7,3,49,10:42 AM,No moonset,06:53 AM,04:56 PM,5,8,9,8,7,36,79,0.0,1021,13,10,147,4,Albania
2020-02-02,14,8,0.0,8.7,3,57,11:09 AM,12:15 AM,06:52 AM,04:57 PM,8,11,11,11,7,34,80,0.0,1020,14,10,173,5,Albania
2020-02-03,15,9,0.0,8.7,4,64,11:40 AM,01:16 AM,06:51 AM,04:59 PM,8,11,11,11,7,23,82,0.0,1019,15,10,144,5,Albania
2020-02-04,15,10,0.0,7.1,3,72,12:15 PM,02:19 AM,06:50 AM,05:00 PM,9,11,12,11,14,66,84,4.5,1009,15,10,158,10,Albania
2020-02-05,8,3,0.0,3.9,2,79,12:59 PM,03:23 AM,06:49 AM,05:01 PM,1,3,6,3,23,73,71,26.2,1000,8,9,231,17,Albania
2020-02-06,5,-2,0.0,8.7,2,87,01:52 PM,04:25 AM,06:47 AM,05:03 PM,-7,-3,1,-3,24,17,55,0.0,1015,5,10,83,15,Albania
2020-02-07,8,-2,0.0,8.7,2,95,02:54 PM,05:24 AM,06:46 AM,05:04 PM,-5,2,3,2,9,16,55,0.0,1023,8,10,117,5,Albania
2020-02-08,12,1,0.0,8.7,3,100,04:05 PM,06:17 AM,06:45 AM,05:05 PM,-2,5,6,5,8,0,59,0.0,1027,12,10,130,5,Albania
2020-02-09,13,5,0.0,8.7,3,100,05:20 PM,07:03 AM,06:44 AM,05:06 PM,2,8,8,8,7,10,64,0.0,1032,13,10,149,5,Albania
2020-02-10,12,6,0.0,8.7,3,83,06:36 PM,07:43 AM,06:43 AM,05:08 PM,4,7,9,7,13,40,76,0.0,1027,12,10,138,8,Albania
2020-02-11,14,9,0.0,4.0,3,75,07:53 PM,08:17 AM,06:41 AM,05:09 PM,7,10,11,10,13,88,78,0.6,1016,14,10,156,9,Albania
2020-02-12,16,10,0.0,8.7,3,68,09:08 PM,08:49 AM,06:40 AM,05:10 PM,9,12,12,12,11,48,82,6.6,1016,16,9,167,7,Albania
2020-02-13,16,10,0.0,8.7,3,60,10:21 PM,09:19 AM,06:39 AM,05:11 PM,8,12,12,12,8,41,77,0.8,1021,16,10,154,5,Albania
2020-02-14,10,2,0.0,4.0,2,53,11:33 PM,09:50 AM,06:38 AM,05:13 PM,3,5,7,5,17,67,74,74.3,1017,10,7,112,10,Albania
2020-02-15,14,4,0.0,8.7,4,45,No moonrise,10:22 AM,06:36 AM,05:14 PM,3,8,9,8,14,7,69,0.0,1023,14,10,54,8,Albania
2020-02-16,14,5,0.0,8.7,4,38,12:44 AM,10:57 AM,06:35 AM,05:15 PM,2,9,10,9,10,13,60,0.0,1029,14,10,131,6,Albania
2020-02-17,15,9,0.0,8.7,4,30,01:52 AM,11:38 AM,06:34 AM,05:16 PM,4,11,11,11,6,4,61,0.0,1027,15,10,160,4,Albania
2020-02-18,13,6,0.0,8.7,4,22,02:56 AM,12:23 PM,06:32 AM,05:18 PM,5,9,10,9,6,19,69,0.0,1022,13,10,163,4,Albania
2020-02-19,14,7,0.0,8.7,3,15,03:54 AM,01:15 PM,06:31 AM,05:19 PM,6,10,10,10,6,42,76,1.4,1019,14,10,165,5,Albania
2020-02-20,13,7,0.0,5.6,3,7,04:45 AM,02:10 PM,06:29 AM,05:20 PM,5,9,10,9,11,62,75,11.8,1016,13,9,127,8,Albania
2020-02-21,13,4,0.0,8.7,3,0,05:30 AM,03:10 PM,06:28 AM,05:21 PM,-1,7,8,7,11,1,55,0.0,1023,13,10,127,7,Albania
2020-02-22,11,5,0.0,8.7,3,0,06:07 AM,04:10 PM,06:27 AM,05:23 PM,-2,6,8,6,13,7,50,0.0,1028,11,10,43,9,Albania
2020-02-23,13,6,0.0,8.7,4,0,06:39 AM,05:11 PM,06:25 AM,05:24 PM,0,9,9,9,6,13,55,0.0,1027,13,10,170,4,Albania
2020-02-24,14,8,0.0,8.7,4,0,07:08 AM,06:11 PM,06:24 AM,05:25 PM,4,10,11,10,7,7,64,0.0,1021,14,10,170,5,Albania
2020-02-25,16,9,0.0,8.7,4,8,07:33 AM,07:10 PM,06:22 AM,05:26 PM,8,13,13,13,8,7,70,0.0,1016,16,10,158,6,Albania
2020-02-26,15,9,0.0,7.2,3,15,07:57 AM,08:08 PM,06:21 AM,05:27 PM,7,9,11,9,28,48,77,8.7,1006,15,9,169,17,Albania
2020-02-27,8,-0,0.0,4.2,2,23,08:20 AM,09:07 PM,06:19 AM,05:29 PM,2,3,6,3,20,83,77,24.8,1006,8,8,198,11,Albania
2020-02-28,10,2,0.0,8.7,3,30,08:44 AM,10:05 PM,06:18 AM,05:30 PM,1,5,6,5,11,26,66,0.0,1018,10,10,142,7,Albania
2020-02-29,11,4,0.0,8.7,3,38,09:10 AM,11:05 PM,06:16 AM,05:31 PM,-1,6,7,6,6,15,59,0.0,1020,11,10,129,4,Albania
2020-03-01,13,4,0.0,8.7,4,44,09:38 AM,No moonset,06:15 AM,05:32 PM,1,8,9,8,12,26,57,0.0,1017,13,10,134,7,Albania
2020-03-02,16,10,0.0,4.2,3,51,10:11 AM,12:06 AM,06:13 AM,05:33 PM,8,12,13,12,26,81,75,8.9,1012,16,9,163,16,Albania
2020-03-03,15,10,0.0,4.2,3,58,10:50 AM,01:08 AM,06:11 AM,05:34 PM,8,11,12,11,20,82,77,17.6,1007,15,9,158,12,Albania
2020-03-04,10,7,0.0,4.2,2,65,11:37 AM,02:09 AM,06:10 AM,05:36 PM,7,8,9,8,8,86,87,44.4,1006,10,8,265,6,Albania
2020-03-05,13,7,0.0,8.7,4,73,12:33 PM,03:09 AM,06:08 AM,05:37 PM,4,9,9,9,7,26,73,0.0,1010,13,10,192,5,Albania
2020-03-06,11,7,0.0,4.2,2,80,01:39 PM,04:03 AM,06:07 AM,05:38 PM,5,8,9,8,16,72,75,4.7,1007,11,9,135,10,Albania
2020-03-07,11,4,0.0,4.3,2,87,02:51 PM,04:52 AM,06:05 AM,05:39 PM,8,7,9,7,15,81,89,46.2,1006,11,7,102,9,Albania
2020-03-08,12,6,0.0,4.3,3,95,04:07 PM,05:34 AM,06:04 AM,05:40 PM,7,8,9,8,14,84,83,18.4,1012,12,9,139,8,Albania
2020-03-09,11,4,0.0,7.2,2,100,05:25 PM,06:11 AM,06:02 AM,05:41 PM,5,7,8,7,14,59,80,3.2,1013,11,10,201,9,Albania
2020-03-10,12,5,0.0,7.2,2,100,06:42 PM,06:44 AM,06:00 AM,05:42 PM,4,8,8,8,7,55,76,0.7,1013,12,10,130,4,Albania
2020-03-11,15,5,0.0,10.2,3,84,07:59 PM,07:16 AM,05:59 AM,05:44 PM,4,9,10,9,11,20,71,0.0,1021,15,10,165,7,Albania
2020-03-12,20,7,0.0,11.6,5,76,09:15 PM,07:47 AM,05:57 AM,05:45 PM,8,14,14,14,7,2,66,0.0,1021,20,10,158,5,Albania
2020-03-13,20,12,0.0,11.6,4,69,10:29 PM,08:19 AM,05:55 AM,05:46 PM,9,16,16,16,6,23,66,0.0,1014,20,10,152,4,Albania
2020-03-14,20,13,0.0,11.6,5,62,11:42 PM,08:55 AM,05:54 AM,05:47 PM,10,16,16,16,5,12,71,0.0,1013,20,10,160,4,Albania
2020-03-15,12,9,0.0,6.0,3,55,No moonrise,09:35 AM,05:52 AM,05:48 PM,8,10,11,10,8,81,81,3.7,1015,12,10,116,6,Albania
2020-03-16,17,6,0.0,11.6,4,47,12:49 AM,10:19 AM,05:51 AM,05:49 PM,4,10,11,10,10,5,64,0.0,1025,17,10,73,7,Albania
2020-03-17,15,9,0.0,11.6,4,40,01:51 AM,11:10 AM,05:49 AM,05:50 PM,4,11,11,11,10,2,64,0.0,1028,15,10,207,7,Albania
2020-03-18,18,7,0.0,11.6,5,33,02:44 AM,12:05 PM,05:47 AM,05:51 PM,6,13,14,13,9,3,65,0.0,1025,18,10,179,6,Albania
2020-03-19,16,9,0.0,11.6,4,25,03:31 AM,01:04 PM,05:46 AM,05:52 PM,5,12,12,12,12,12,63,0.0,1025,16,10,160,8,Albania
2020-03-20,17,9,0.0,11.6,4,18,04:09 AM,02:04 PM,05:44 AM,05:53 PM,7,13,13,13,6,5,70,0.0,1023,17,10,199,5,Albania
2020-03-21,19,11,0.0,11.6,5,11,04:43 AM,03:04 PM,05:42 AM,05:54 PM,8,15,15,15,6,2,66,0.0,1016,19,10,155,5,Albania
2020-03-22,17,11,0.0,7.5,3,4,05:12 AM,04:04 PM,05:41 AM,05:56 PM,6,13,13,13,9,57,61,0.2,1013,17,10,166,7,Albania
2020-03-23,10,7,0.0,7.5,2,0,05:38 AM,05:03 PM,05:39 AM,05:57 PM,4,7,9,7,10,76,75,8.2,1016,10,9,117,8,Albania
2020-03-24,7,3,0.0,6.1,2,0,06:01 AM,06:01 PM,05:37 AM,05:58 PM,1,3,5,3,12,80,75,8.0,1015,7,10,176,9,Albania
2020-03-25,12,4,0.0,10.2,2,3,06:24 AM,07:00 PM,05:35 AM,05:59 PM,2,6,8,6,12,59,67,0.2,1016,12,10,61,8,Albania
2020-03-26,15,8,0.0,12.7,4,11,06:48 AM,07:59 PM,05:34 AM,06:00 PM,3,10,11,10,17,62,62,0.1,1011,15,10,78,12,Albania
2020-03-27,11,3,0.0,7.9,2,18,07:13 AM,08:58 PM,05:32 AM,06:01 PM,6,8,8,8,9,98,82,13.3,1013,11,9,175,5,Albania
2020-03-28,14,5,0.0,10.6,3,25,07:40 AM,09:59 PM,05:30 AM,06:02 PM,6,9,9,9,11,67,81,4.4,1013,14,10,194,8,Albania
2020-03-29,16,6,0.0,11.9,3,32,08:10 AM,11:00 PM,05:29 AM,06:03 PM,7,11,11,11,8,53,74,0.4,1012,16,10,202,6,Albania
2020-03-30,17,8,0.0,11.9,3,40,08:46 AM,No moonset,05:27 AM,06:04 PM,8,13,13,13,8,41,72,3.0,1010,17,10,179,5,Albania
2020-03-31,16,10,0.0,9.3,3,44,09:30 AM,12:01 AM,05:25 AM,06:05 PM,8,12,13,12,9,71,72,1.0,1013,16,10,221,6,Albania
2020-04-01,5,4,0.0,8.0,1,56,10:20 AM,12:59 AM,05:24 AM,06:06 PM,4,4,5,4,6,95,93,28.3,1013,5,8,78,5,Albania
2020-04-02,11,2,0.0,12.9,3,64,11:20 AM,01:54 AM,05:22 AM,06:07 PM,4,6,7,6,8,7,78,0.1,1015,11,10,156,6,Albania
2020-04-03,14,6,0.0,11.9,3,71,12:27 PM,02:43 AM,05:20 AM,06:08 PM,5,9,10,9,7,50,76,1.1,1014,14,9,187,5,Albania
2020-04-04,18,7,0.0,12.9,4,79,01:40 PM,03:27 AM,05:19 AM,06:09 PM,5,12,13,12,13,23,63,0.0,1014,18,10,53,9,Albania
2020-04-05,17,9,0.0,11.9,3,87,02:55 PM,04:05 AM,05:17 AM,06:10 PM,6,12,12,12,15,51,66,0.0,1016,17,10,58,11,Albania
2020-04-06,18,9,0.0,13.0,5,94,04:12 PM,04:39 AM,05:15 AM,06:11 PM,4,13,14,13,13,30,57,0.0,1024,18,10,67,9,Albania
2020-04-07,19,8,0.0,13.0,5,100,05:30 PM,05:11 AM,05:14 AM,06:13 PM,3,14,15,14,11,7,51,0.0,1026,19,10,125,7,Albania
2020-04-08,19,9,0.0,13.0,5,100,06:47 PM,05:42 AM,05:12 AM,06:14 PM,3,13,14,13,10,2,49,0.0,1025,19,10,123,7,Albania
2020-04-09,19,11,0.0,13.1,5,83,08:05 PM,06:13 AM,05:10 AM,06:15 PM,5,15,14,15,9,1,54,0.0,1021,19,10,202,7,Albania
2020-04-10,20,11,0.0,13.1,5,76,09:21 PM,06:48 AM,05:09 AM,06:16 PM,8,15,15,15,8,2,63,0.0,1020,20,10,214,6,Albania
2020-04-11,21,12,0.0,13.1,5,68,10:33 PM,07:27 AM,05:07 AM,06:17 PM,9,16,16,16,9,9,62,0.0,1021,21,10,204,6,Albania
2020-04-12,21,13,0.0,12.0,4,61,11:41 PM,08:11 AM,05:06 AM,06:18 PM,10,17,17,17,9,37,65,1.3,1021,21,10,165,6,Albania
2020-04-13,20,13,0.0,13.2,5,53,No moonrise,09:01 AM,05:04 AM,06:19 PM,8,16,17,16,10,10,62,0.0,1020,20,10,171,7,Albania
2020-04-14,15,10,0.0,8.2,3,46,12:39 AM,09:56 AM,05:02 AM,06:20 PM,5,12,12,12,8,67,65,7.3,1016,15,8,72,6,Albania
2020-04-15,17,9,0.0,13.2,3,38,01:30 AM,10:55 AM,05:01 AM,06:21 PM,5,11,12,11,14,33,62,3.0,1019,17,9,40,10,Albania
2020-04-16,18,9,0.0,13.6,5,30,02:11 AM,11:56 AM,04:59 AM,06:22 PM,4,14,14,14,9,1,55,0.0,1023,18,10,190,7,Albania
2020-04-17,18,9,0.0,12.1,3,23,02:46 AM,12:57 PM,04:58 AM,06:23 PM,6,13,13,13,7,39,65,0.0,1019,18,10,231,6,Albania
2020-04-18,20,10,0.0,13.7,5,15,03:16 AM,01:57 PM,04:56 AM,06:24 PM,9,15,15,15,6,4,69,0.0,1017,20,10,215,5,Albania
2020-04-19,21,13,0.0,13.7,5,8,03:43 AM,02:56 PM,04:55 AM,06:25 PM,10,16,17,16,6,28,68,0.0,1015,21,10,170,4,Albania
2020-04-20,23,13,0.0,13.7,5,0,04:07 AM,03:55 PM,04:53 AM,06:26 PM,11,18,19,18,6,36,66,1.5,1011,23,10,183,4,Albania
2020-04-21,21,14,0.0,8.6,4,0,04:30 AM,04:53 PM,04:52 AM,06:28 PM,13,16,17,16,10,79,82,20.1,1008,21,9,97,7,Albania
2020-04-22,14,12,0.0,8.6,3,0,04:53 AM,05:52 PM,04:50 AM,06:29 PM,12,13,13,13,5,92,92,20.9,1014,14,8,82,4,Albania
2020-04-23,14,10,0.0,9.8,3,0,05:17 AM,06:52 PM,04:49 AM,06:30 PM,9,12,12,12,5,77,81,2.4,1017,14,9,156,4,Albania
2020-04-24,18,10,0.0,13.8,5,7,05:43 AM,07:53 PM,04:47 AM,06:31 PM,8,13,13,13,9,5,70,0.0,1015,18,10,199,7,Albania
2020-04-25,19,10,0.0,13.9,5,15,06:12 AM,08:54 PM,04:46 AM,06:32 PM,9,14,14,14,8,7,73,0.0,1012,19,10,177,6,Albania
2020-04-26,19,12,0.0,13.9,5,22,06:46 AM,09:56 PM,04:44 AM,06:33 PM,9,15,15,15,9,6,66,0.0,1010,19,10,187,7,Albania
2020-04-27,20,12,0.0,13.9,5,30,07:27 AM,10:55 PM,04:43 AM,06:34 PM,11,16,16,16,8,10,72,0.0,1013,20,10,204,6,Albania
2020-04-28,22,14,0.0,13.9,5,37,08:15 AM,11:51 PM,04:42 AM,06:35 PM,11,18,19,18,8,10,66,0.0,1014,22,10,182,6,Albania
2020-04-29,19,13,0.0,9.9,4,45,09:11 AM,No moonset,04:40 AM,06:36 PM,11,15,15,15,12,69,78,14.7,1012,19,9,156,7,Albania
2020-04-30,20,13,0.0,14.0,4,52,10:14 AM,12:40 AM,04:39 AM,06:37 PM,11,16,16,16,10,29,72,2.9,1012,20,10,187,7,Albania
2020-05-01,20,13,0.0,11.1,4,58,11:23 AM,01:25 AM,04:38 AM,06:38 PM,11,16,17,16,12,47,76,4.2,1012,20,10,174,9,Albania
2020-05-02,19,13,0.0,9.9,4,65,12:34 PM,02:03 AM,04:36 AM,06:39 PM,11,16,16,16,16,75,75,14.7,1009,19,9,177,10,Albania
2020-05-03,20,11,0.0,11.1,4,72,01:48 PM,02:37 AM,04:35 AM,06:40 PM,10,16,17,16,17,51,73,5.6,1009,20,10,191,11,Albania
2020-05-04,20,10,0.0,14.1,5,80,03:03 PM,03:08 AM,04:34 AM,06:42 PM,7,15,15,15,15,14,64,0.1,1015,20,10,159,10,Albania
2020-05-05,21,10,0.0,14.1,5,87,04:19 PM,03:38 AM,04:33 AM,06:43 PM,7,16,16,16,9,13,59,0.0,1016,21,10,178,6,Albania
2020-05-06,17,13,0.0,8.8,4,94,05:36 PM,04:08 AM,04:31 AM,06:44 PM,9,15,15,15,8,66,67,0.2,1014,17,10,145,5,Albania
2020-05-07,20,11,0.0,14.2,5,100,06:53 PM,04:41 AM,04:30 AM,06:45 PM,8,15,15,15,14,12,65,0.0,1016,20,10,157,10,Albania
2020-05-08,22,12,0.0,13.4,4,100,08:09 PM,05:18 AM,04:29 AM,06:46 PM,8,17,18,17,9,24,59,0.0,1020,22,10,194,7,Albania
2020-05-09,22,12,0.0,14.2,5,84,09:21 PM,05:59 AM,04:28 AM,06:47 PM,11,18,18,18,8,24,69,0.0,1018,22,10,198,6,Albania
2020-05-10,21,13,0.0,13.4,4,77,10:26 PM,06:47 AM,04:27 AM,06:48 PM,8,17,17,17,8,33,59,0.0,1016,21,10,169,5,Albania
2020-05-11,25,13,0.0,14.2,6,70,11:22 PM,07:42 AM,04:26 AM,06:49 PM,10,21,21,20,8,13,58,0.0,1012,25,10,178,6,Albania
2020-05-12,24,14,0.0,14.3,6,62,No moonrise,08:41 AM,04:25 AM,06:50 PM,12,21,21,20,9,9,63,0.0,1013,24,10,196,6,Albania
2020-05-13,27,16,0.0,14.3,6,55,12:09 AM,09:44 AM,04:24 AM,06:51 PM,12,22,22,22,8,13,54,0.0,1018,27,10,141,5,Albania
2020-05-14,30,18,0.0,14.3,7,48,12:47 AM,10:46 AM,04:23 AM,06:52 PM,12,25,25,24,10,29,48,0.0,1015,30,10,189,6,Albania
2020-05-15,28,19,0.0,14.3,6,40,01:19 AM,11:48 AM,04:22 AM,06:53 PM,10,24,24,24,13,41,45,0.0,1015,28,10,176,8,Albania
2020-05-16,30,17,0.0,14.3,7,33,01:47 AM,12:47 PM,04:21 AM,06:54 PM,14,25,25,24,9,13,54,0.0,1017,30,10,219,6,Albania
2020-05-17,34,21,0.0,14.4,8,26,02:12 AM,01:47 PM,04:20 AM,06:55 PM,15,29,29,28,7,21,51,0.0,1018,34,10,187,4,Albania
2020-05-18,30,21,0.0,13.4,7,19,02:35 AM,02:45 PM,04:19 AM,06:56 PM,15,27,27,25,9,54,53,0.0,1017,30,10,158,6,Albania
2020-05-19,32,20,0.0,14.4,7,11,02:58 AM,03:44 PM,04:18 AM,06:57 PM,17,27,27,25,12,16,60,0.0,1014,32,10,170,8,Albania
2020-05-20,25,18,0.0,11.2,5,4,03:21 AM,04:43 PM,04:17 AM,06:58 PM,16,23,23,22,11,46,70,5.9,1008,25,10,222,8,Albania
2020-05-21,23,14,0.0,11.2,5,0,03:46 AM,05:44 PM,04:16 AM,06:59 PM,14,18,19,18,11,62,76,3.1,1010,23,10,141,7,Albania
2020-05-22,25,13,0.0,14.5,6,0,04:14 AM,06:46 PM,04:16 AM,07:00 PM,9,19,20,19,15,5,58,0.0,1020,25,10,167,10,Albania
2020-05-23,23,14,0.0,14.5,6,3,04:47 AM,07:49 PM,04:15 AM,07:01 PM,9,19,20,19,9,14,55,0.0,1024,23,10,190,7,Albania
2020-05-24,25,16,0.0,14.5,6,10,05:26 AM,08:50 PM,04:14 AM,07:01 PM,12,20,20,20,10,26,64,0.0,1023,25,10,163,7,Albania
2020-05-25,24,15,0.0,13.5,5,17,06:11 AM,09:48 PM,04:13 AM,07:02 PM,11,19,20,19,13,38,64,0.2,1022,24,10,155,9,Albania
2020-05-26,21,12,0.0,9.3,4,25,07:05 AM,10:39 PM,04:13 AM,07:03 PM,8,17,18,17,14,74,60,5.6,1019,21,10,160,9,Albania
2020-05-27,22,12,0.0,12.4,4,32,08:06 AM,11:25 PM,04:12 AM,07:04 PM,7,17,19,17,14,43,57,0.3,1020,22,10,205,9,Albania
2020-05-28,22,11,0.0,11.4,4,39,09:13 AM,No moonset,04:12 AM,07:05 PM,8,16,17,16,14,44,62,1.4,1019,22,10,196,10,Albania
2020-05-29,22,11,0.0,10.4,4,47,10:23 AM,12:04 AM,04:11 AM,07:06 PM,10,17,18,17,11,56,67,2.4,1017,22,10,214,7,Albania
2020-05-30,21,11,0.0,11.4,4,54,11:34 AM,12:39 AM,04:11 AM,07:07 PM,10,16,16,16,9,54,68,1.9,1016,21,10,195,7,Albania
2020-05-31,20,14,0.0,10.4,4,58,12:46 PM,01:10 AM,04:10 AM,07:07 PM,11,16,16,16,8,65,70,1.4,1015,20,9,162,5,Albania
2020-06-01,20,13,0.0,9.4,4,71,01:59 PM,01:39 AM,04:10 AM,07:08 PM,12,16,16,16,12,75,77,15.8,1012,20,9,210,8,Albania
2020-06-02,22,12,0.0,14.5,5,79,03:13 PM,02:08 AM,04:09 AM,07:09 PM,11,17,17,17,11,8,69,0.0,1011,22,10,231,8,Albania
2020-06-03,22,13,0.0,14.5,5,86,04:28 PM,02:38 AM,04:09 AM,07:09 PM,11,17,18,17,11,9,67,0.0,1010,22,10,193,8,Albania
2020-06-04,25,14,0.0,14.5,6,94,05:44 PM,03:11 AM,04:08 AM,07:10 PM,11,19,21,19,15,12,61,0.0,1011,25,10,163,11,Albania
2020-06-05,20,14,0.0,10.4,4,100,06:58 PM,03:50 AM,04:08 AM,07:11 PM,10,16,16,16,13,54,68,2.0,1010,20,9,94,7,Albania
2020-06-06,23,15,0.0,10.4,5,100,08:07 PM,04:34 AM,04:08 AM,07:11 PM,14,19,20,19,14,69,77,14.9,1007,23,9,204,8,Albania
2020-06-07,24,13,0.0,14.5,6,84,09:09 PM,05:26 AM,04:08 AM,07:12 PM,13,19,20,19,8,35,72,0.3,1010,24,10,166,6,Albania
2020-06-08,26,15,0.0,10.4,5,76,10:01 PM,06:24 AM,04:07 AM,07:13 PM,14,22,22,21,8,55,69,2.1,1010,26,10,156,6,Albania
2020-06-09,27,16,0.0,11.4,5,69,10:44 PM,07:27 AM,04:07 AM,07:13 PM,14,23,23,22,9,46,63,1.8,1010,27,10,171,6,Albania
2020-06-10,24,17,0.0,10.4,5,61,11:19 PM,08:31 AM,04:07 AM,07:14 PM,13,22,22,20,11,46,66,3.5,1011,24,10,185,7,Albania
2020-06-11,23,14,0.0,13.5,5,54,11:49 PM,09:34 AM,04:07 AM,07:14 PM,10,19,20,19,10,35,59,1.4,1011,23,10,186,7,Albania
2020-06-12,23,15,0.0,13.5,5,46,No moonrise,10:36 AM,04:07 AM,07:15 PM,11,19,20,19,10,29,63,0.0,1012,23,10,205,7,Albania
2020-06-13,23,15,0.0,14.5,6,38,12:15 AM,11:36 AM,04:07 AM,07:15 PM,14,19,20,19,9,14,73,0.0,1012,23,10,217,7,Albania
2020-06-14,27,15,0.0,14.5,6,31,12:39 AM,12:35 PM,04:07 AM,07:16 PM,14,23,23,22,8,25,68,0.4,1010,27,10,187,6,Albania
2020-06-15,24,16,0.0,11.5,5,23,01:02 AM,01:34 PM,04:07 AM,07:16 PM,14,22,22,20,10,52,71,3.7,1010,24,10,195,7,Albania
2020-06-16,23,15,0.0,11.5,5,16,01:25 AM,02:32 PM,04:07 AM,07:16 PM,14,19,20,19,12,56,75,7.1,1010,23,9,211,8,Albania
2020-06-17,23,15,0.0,11.5,5,8,01:49 AM,03:33 PM,04:07 AM,07:17 PM,15,19,20,19,9,55,79,1.8,1010,23,9,194,6,Albania
2020-06-18,24,17,0.0,9.4,5,1,02:15 AM,04:34 PM,04:07 AM,07:17 PM,15,21,21,20,13,67,73,11.9,1012,24,9,210,8,Albania
2020-06-19,25,16,0.0,14.5,6,0,02:46 AM,05:38 PM,04:07 AM,07:17 PM,14,21,21,21,10,7,69,0.0,1015,25,10,191,8,Albania
2020-06-20,27,17,0.0,14.5,6,0,03:23 AM,06:40 PM,04:07 AM,07:18 PM,13,23,23,22,11,8,58,0.0,1013,27,10,216,8,Albania
2020-06-21,24,17,0.0,11.5,5,0,04:06 AM,07:40 PM,04:08 AM,07:18 PM,15,21,21,20,13,53,74,12.3,1009,24,9,210,8,Albania
2020-06-22,26,15,0.0,11.5,5,7,04:58 AM,08:35 PM,04:08 AM,07:18 PM,14,22,22,21,12,57,68,3.0,1009,26,9,194,8,Albania
2020-06-23,27,15,0.0,11.5,5,14,05:58 AM,09:24 PM,04:08 AM,07:18 PM,16,22,22,21,10,50,71,4.8,1011,27,10,232,7,Albania
2020-06-24,29,17,0.0,11.5,6,22,07:04 AM,10:06 PM,04:08 AM,07:18 PM,15,25,25,24,11,44,64,1.3,1016,29,10,201,7,Albania
2020-06-25,29,19,0.0,11.5,6,29,08:14 AM,10:42 PM,04:09 AM,07:18 PM,17,25,25,24,11,58,67,4.6,1019,29,10,195,7,Albania
2020-06-26,30,20,0.0,11.5,6,37,09:26 AM,11:14 PM,04:09 AM,07:18 PM,18,26,26,25,8,50,67,4.3,1017,30,10,203,6,Albania
2020-06-27,30,21,0.0,11.5,6,44,10:37 AM,11:43 PM,04:09 AM,07:18 PM,18,27,27,25,9,51,65,3.6,1016,30,10,188,6,Albania
2020-06-28,31,21,0.0,12.5,6,52,11:49 AM,No moonset,04:10 AM,07:18 PM,17,27,27,26,9,36,63,1.1,1015,31,10,194,6,Albania
2020-06-29,30,21,0.0,14.5,6,59,01:00 PM,12:11 AM,04:10 AM,07:18 PM,18,27,27,26,9,13,65,0.1,1013,30,10,208,7,Albania
2020-06-30,32,21,0.0,14.5,7,67,02:12 PM,12:39 AM,04:11 AM,07:18 PM,17,29,29,27,9,3,58,0.0,1012,32,10,200,6,Albania
2020-07-01,34,23,0.0,14.5,8,72,03:26 PM,01:11 AM,04:11 AM,07:18 PM,19,31,31,28,9,6,61,0.0,1012,34,10,201,6,Albania
2020-07-02,34,23,0.0,14.5,8,79,04:39 PM,01:46 AM,04:12 AM,07:18 PM,17,30,30,29,10,4,52,0.0,1011,34,10,206,7,Albania
2020-07-03,34,23,0.0,14.5,8,86,05:49 PM,02:26 AM,04:12 AM,07:18 PM,17,30,30,28,10,5,54,0.0,1010,34,10,204,7,Albania
2020-07-04,33,22,0.0,12.5,6,94,06:54 PM,03:14 AM,04:13 AM,07:17 PM,17,28,28,27,11,27,58,0.7,1011,33,10,174,8,Albania
2020-07-05,33,22,0.0,14.5,7,100,07:50 PM,04:09 AM,04:13 AM,07:17 PM,16,30,30,28,12,23,53,0.3,1011,33,10,60,8,Albania
2020-07-06,32,21,0.0,10.4,6,100,08:37 PM,05:10 AM,04:14 AM,07:17 PM,16,27,27,26,9,66,59,0.9,1007,32,10,153,6,Albania
2020-07-07,33,20,0.0,12.5,6,85,09:16 PM,06:14 AM,04:15 AM,07:16 PM,15,28,28,27,12,30,55,0.6,1007,33,10,154,8,Albania
2020-07-08,31,17,0.0,14.5,7,77,09:49 PM,07:19 AM,04:15 AM,07:16 PM,14,25,25,24,13,8,57,0.0,1015,31,10,156,9,Albania
2020-07-09,33,20,0.0,14.5,7,70,10:16 PM,08:22 AM,04:16 AM,07:16 PM,14,27,27,26,11,4,51,0.0,1016,33,10,198,7,Albania
2020-07-10,34,22,0.0,14.5,7,63,10:41 PM,09:23 AM,04:17 AM,07:15 PM,15,29,29,27,9,5,49,0.0,1015,34,10,199,6,Albania
2020-07-11,32,21,0.0,11.4,6,55,11:05 PM,10:23 AM,04:17 AM,07:15 PM,15,29,29,27,10,38,51,0.6,1014,32,10,206,7,Albania
2020-07-12,33,21,0.0,14.5,7,48,11:27 PM,11:22 AM,04:18 AM,07:14 PM,15,28,28,27,11,12,52,0.1,1014,33,10,230,8,Albania
2020-07-13,31,19,0.0,14.5,7,41,11:51 PM,12:21 PM,04:19 AM,07:14 PM,14,27,27,26,14,9,53,0.0,1015,31,10,54,9,Albania
2020-07-14,29,16,0.0,14.5,7,34,No moonrise,01:21 PM,04:20 AM,07:13 PM,10,25,25,24,13,18,48,0.0,1013,29,10,166,8,Albania
2020-07-15,30,19,0.0,14.5,7,26,12:16 AM,02:21 PM,04:21 AM,07:13 PM,13,25,25,24,10,17,51,0.0,1015,30,10,211,7,Albania
2020-07-16,29,20,0.0,13.5,6,19,12:45 AM,03:23 PM,04:21 AM,07:12 PM,13,25,25,24,13,30,52,0.5,1013,29,10,199,10,Albania
2020-07-17,31,19,0.0,14.5,7,12,01:19 AM,04:26 PM,04:22 AM,07:11 PM,13,25,25,25,10,5,51,0.0,1011,31,10,211,8,Albania
2020-07-18,25,18,0.0,10.3,5,5,01:59 AM,05:28 PM,04:23 AM,07:10 PM,16,23,23,22,12,58,73,8.7,1011,25,9,226,7,Albania
2020-07-19,28,18,0.0,14.5,6,0,02:47 AM,06:25 PM,04:24 AM,07:10 PM,14,23,23,23,12,9,64,0.0,1013,28,10,218,9,Albania
2020-07-20,29,17,0.0,14.5,7,0,03:45 AM,07:18 PM,04:25 AM,07:09 PM,14,24,24,24,11,2,60,0.0,1015,29,10,197,8,Albania
2020-07-21,33,21,0.0,14.5,7,2,04:50 AM,08:03 PM,04:26 AM,07:08 PM,16,28,28,27,11,4,55,0.0,1017,33,10,195,8,Albania
2020-07-22,35,22,0.0,14.5,8,10,06:01 AM,08:42 PM,04:26 AM,07:07 PM,15,30,30,29,13,5,48,0.0,1016,35,10,204,9,Albania
2020-07-23,35,23,0.0,14.5,8,17,07:14 AM,09:16 PM,04:27 AM,07:06 PM,14,30,30,29,13,6,43,0.0,1012,35,10,232,9,Albania
2020-07-24,35,23,0.0,14.5,8,24,08:27 AM,09:46 PM,04:28 AM,07:06 PM,13,31,31,30,10,6,42,0.0,1010,35,10,163,8,Albania
2020-07-25,34,23,0.0,14.5,7,32,09:40 AM,10:14 PM,04:29 AM,07:05 PM,14,30,30,29,13,15,46,0.1,1010,34,10,205,9,Albania
2020-07-26,30,19,0.0,13.4,6,39,10:51 AM,10:43 PM,04:30 AM,07:04 PM,17,26,26,24,10,34,69,0.3,1012,30,10,232,7,Albania
2020-07-27,34,20,0.0,14.5,8,46,12:04 PM,11:13 PM,04:31 AM,07:03 PM,15,28,28,27,13,7,56,0.0,1015,34,10,242,9,Albania
2020-07-28,37,22,0.0,14.5,8,53,01:16 PM,11:46 PM,04:32 AM,07:02 PM,13,31,31,30,13,0,42,0.0,1015,37,10,166,9,Albania
2020-07-29,37,24,0.0,14.5,8,61,02:27 PM,No moonset,04:33 AM,07:01 PM,13,31,31,30,12,1,36,0.0,1015,37,10,196,8,Albania
2020-07-30,38,25,0.0,14.5,8,68,03:38 PM,12:23 AM,04:34 AM,07:00 PM,14,33,33,32,11,3,37,0.0,1016,38,10,198,8,Albania
2020-07-31,38,25,0.0,14.2,8,72,04:43 PM,01:08 AM,04:35 AM,06:58 PM,14,32,32,32,10,4,39,0.0,1014,38,10,214,8,Albania
2020-08-01,36,23,0.0,13.4,7,82,05:41 PM,01:59 AM,04:36 AM,06:57 PM,16,31,31,29,11,29,49,0.7,1011,36,10,186,8,Albania
2020-08-02,37,23,0.0,14.2,8,90,06:31 PM,02:57 AM,04:37 AM,06:56 PM,15,31,31,30,11,16,49,0.3,1010,37,10,161,7,Albania
2020-08-03,34,23,0.0,14.2,8,97,07:13 PM,04:00 AM,04:38 AM,06:55 PM,14,31,31,29,12,10,44,0.0,1010,34,10,169,9,Albania
2020-08-04,35,23,0.0,14.2,8,100,07:48 PM,05:04 AM,04:39 AM,06:54 PM,13,30,30,29,12,7,44,0.0,1008,35,10,194,8,Albania
2020-08-05,27,20,0.0,8.8,5,88,08:17 PM,06:08 AM,04:40 AM,06:53 PM,17,25,25,23,9,74,70,33.4,1008,27,7,201,5,Albania
2020-08-06,29,18,0.0,8.8,5,81,08:43 PM,07:11 AM,04:41 AM,06:51 PM,15,23,23,22,11,78,68,8.2,1011,29,10,128,7,Albania
2020-08-07,30,19,0.0,11.1,6,74,09:07 PM,08:11 AM,04:42 AM,06:50 PM,15,24,24,24,10,57,62,1.9,1013,30,10,138,6,Albania
2020-08-08,28,21,0.0,9.9,6,67,09:30 PM,09:11 AM,04:43 AM,06:49 PM,16,25,25,24,9,64,61,4.9,1012,28,10,176,6,Albania
2020-08-09,34,22,0.0,14.0,8,59,09:53 PM,10:10 AM,04:44 AM,06:47 PM,14,30,30,28,12,17,46,0.0,1012,34,10,64,8,Albania
2020-08-10,34,23,0.0,13.4,7,52,10:17 PM,11:09 AM,04:45 AM,06:46 PM,14,29,29,28,14,30,47,0.4,1013,34,10,202,9,Albania
2020-08-11,34,22,0.0,14.0,8,45,10:44 PM,12:08 PM,04:46 AM,06:45 PM,15,29,29,28,10,6,48,0.0,1015,34,10,203,7,Albania
2020-08-12,34,23,0.0,14.0,8,38,11:15 PM,01:09 PM,04:47 AM,06:43 PM,16,29,29,28,10,8,50,0.0,1015,34,10,202,8,Albania
2020-08-13,35,23,0.0,13.9,8,30,11:52 PM,02:11 PM,04:48 AM,06:42 PM,16,29,29,28,10,7,49,0.0,1016,35,10,197,8,Albania
2020-08-14,35,24,0.0,13.9,8,23,No moonrise,03:13 PM,04:49 AM,06:41 PM,16,31,31,29,9,5,49,0.0,1013,35,10,203,7,Albania
2020-08-15,33,23,0.0,13.9,8,16,12:35 AM,04:12 PM,04:50 AM,06:39 PM,15,30,30,29,12,7,47,0.0,1011,33,10,187,8,Albania
2020-08-16,33,22,0.0,12.2,6,8,01:29 AM,05:06 PM,04:51 AM,06:38 PM,18,29,29,27,9,47,62,1.8,1011,33,10,198,7,Albania
2020-08-17,34,23,0.0,13.8,8,1,02:30 AM,05:55 PM,04:52 AM,06:36 PM,16,30,30,29,9,5,53,0.0,1012,34,10,173,7,Albania
2020-08-18,32,22,0.0,13.3,6,0,03:40 AM,06:37 PM,04:53 AM,06:35 PM,14,28,28,27,9,35,48,0.3,1009,32,10,192,7,Albania
2020-08-19,31,21,0.0,13.3,6,0,04:53 AM,07:14 PM,04:54 AM,06:33 PM,16,28,28,26,12,18,59,0.1,1009,31,10,209,9,Albania
2020-08-20,33,19,0.0,13.8,7,6,06:08 AM,07:46 PM,04:55 AM,06:32 PM,12,26,26,26,14,2,49,0.0,1012,33,10,202,10,Albania
2020-08-21,35,21,0.0,13.7,8,13,07:24 AM,08:16 PM,04:56 AM,06:30 PM,13,28,28,27,13,2,46,0.0,1016,35,10,201,9,Albania
2020-08-22,34,22,0.0,13.7,8,20,08:38 AM,08:45 PM,04:57 AM,06:29 PM,13,29,29,28,11,1,45,0.0,1015,34,10,192,8,Albania
2020-08-23,35,23,0.0,13.7,8,28,09:53 AM,09:15 PM,04:58 AM,06:27 PM,14,30,30,29,10,5,44,0.0,1012,35,10,200,8,Albania
2020-08-24,35,22,0.0,13.7,8,35,11:07 AM,09:47 PM,04:59 AM,06:26 PM,15,30,30,29,9,13,48,0.0,1010,35,10,177,6,Albania
2020-08-25,33,24,0.0,13.2,7,42,12:19 PM,10:23 PM,05:00 AM,06:24 PM,16,29,29,28,11,7,53,0.0,1011,33,10,196,8,Albania
2020-08-26,32,20,0.0,13.2,7,50,01:31 PM,11:06 PM,05:01 AM,06:23 PM,17,26,26,26,10,2,62,0.0,1014,32,10,186,8,Albania
2020-08-27,33,22,0.0,13.2,7,57,02:37 PM,11:54 PM,05:02 AM,06:21 PM,15,28,28,27,9,2,53,0.0,1013,33,10,201,7,Albania
2020-08-28,34,23,0.0,13.2,8,64,03:37 PM,No moonset,05:03 AM,06:19 PM,13,29,29,29,10,5,44,0.0,1011,34,10,200,7,Albania
2020-08-29,35,23,0.0,13.1,8,71,04:28 PM,12:49 AM,05:04 AM,06:18 PM,12,29,29,29,10,5,38,0.0,1011,35,10,174,7,Albania
2020-08-30,34,24,0.0,13.1,8,79,05:12 PM,01:50 AM,05:05 AM,06:16 PM,14,30,30,29,10,1,42,0.0,1013,34,10,162,7,Albania
2020-08-31,37,22,0.0,13.1,8,82,05:48 PM,02:53 AM,05:06 AM,06:15 PM,11,31,31,30,11,1,38,0.0,1011,37,10,187,8,Albania
2020-09-01,28,21,0.0,13.1,6,97,06:18 PM,03:57 AM,05:07 AM,06:13 PM,16,26,26,25,13,28,60,0.5,1009,28,10,231,10,Albania
2020-09-02,29,19,0.0,13.0,5,100,06:45 PM,05:00 AM,05:08 AM,06:11 PM,12,23,23,23,10,19,57,0.0,1013,29,10,203,8,Albania
2020-09-03,30,18,0.0,13.0,7,88,07:10 PM,06:01 AM,05:09 AM,06:10 PM,13,23,23,23,10,21,58,0.0,1017,30,10,209,8,Albania
2020-09-04,32,18,0.0,13.0,7,81,07:33 PM,07:01 AM,05:10 AM,06:08 PM,12,26,26,25,12,8,49,0.0,1020,32,10,168,9,Albania
2020-09-05,32,18,0.0,13.0,7,73,07:55 PM,08:00 AM,05:11 AM,06:06 PM,7,25,25,25,13,0,38,0.0,1018,32,10,195,9,Albania
2020-09-06,31,20,0.0,12.9,7,66,08:19 PM,08:59 AM,05:13 AM,06:05 PM,10,26,26,25,9,8,42,0.0,1014,31,10,165,6,Albania
2020-09-07,33,19,0.0,12.9,6,58,08:44 PM,09:58 AM,05:14 AM,06:03 PM,9,26,26,26,10,25,40,0.2,1015,33,10,190,7,Albania
2020-09-08,34,19,0.0,12.9,7,50,09:13 PM,10:58 AM,05:15 AM,06:01 PM,12,27,27,26,10,15,44,0.0,1020,34,10,156,7,Albania
2020-09-09,34,24,0.0,12.8,8,43,09:47 PM,11:59 AM,05:16 AM,06:00 PM,15,29,29,28,9,18,47,0.0,1020,34,10,203,7,Albania
2020-09-10,33,22,0.0,11.6,7,35,10:26 PM,01:00 PM,05:17 AM,05:58 PM,15,28,28,27,11,7,50,0.0,1015,33,10,183,8,Albania
2020-09-11,35,23,0.0,11.6,8,28,11:15 PM,01:59 PM,05:18 AM,05:56 PM,11,29,29,28,11,9,38,0.0,1012,35,10,177,8,Albania
2020-09-12,34,23,0.0,11.6,8,20,No moonrise,02:55 PM,05:19 AM,05:55 PM,11,28,28,28,10,15,37,0.1,1014,34,10,179,7,Albania
2020-09-13,34,20,0.0,10.2,7,13,12:11 AM,03:45 PM,05:20 AM,05:53 PM,12,27,27,27,12,33,41,0.2,1018,34,10,169,8,Albania
2020-09-14,33,22,0.0,11.6,7,5,01:17 AM,04:29 PM,05:21 AM,05:51 PM,9,28,28,28,13,24,34,0.0,1021,33,10,170,8,Albania
2020-09-15,34,22,0.0,11.6,7,0,02:28 AM,05:08 PM,05:22 AM,05:50 PM,9,27,27,27,13,14,34,0.0,1019,34,10,167,9,Albania
2020-09-16,34,22,0.0,11.6,7,0,03:43 AM,05:42 PM,05:23 AM,05:48 PM,9,27,27,26,11,13,35,0.0,1016,34,10,180,8,Albania
2020-09-17,30,20,0.0,11.6,7,0,04:59 AM,06:13 PM,05:24 AM,05:46 PM,9,25,25,25,11,31,38,0.0,1013,30,10,180,7,Albania
2020-09-18,34,21,0.0,11.6,8,2,06:16 AM,06:43 PM,05:25 AM,05:45 PM,10,28,28,27,18,29,40,0.5,1013,34,10,68,12,Albania
2020-09-19,32,21,0.0,11.6,7,10,07:33 AM,07:13 PM,05:26 AM,05:43 PM,11,26,26,25,12,19,43,0.0,1016,32,10,166,9,Albania
2020-09-20,30,20,0.0,11.6,7,17,08:49 AM,07:46 PM,05:27 AM,05:41 PM,12,24,24,24,9,10,48,0.0,1016,30,10,161,7,Albania
2020-09-21,29,20,0.0,11.6,7,25,10:06 AM,08:21 PM,05:28 AM,05:39 PM,15,25,25,24,9,9,60,0.0,1016,29,10,180,7,Albania
2020-09-22,29,19,0.0,11.6,7,32,11:20 AM,09:02 PM,05:29 AM,05:38 PM,14,23,23,23,12,32,59,0.3,1016,29,10,145,8,Albania
2020-09-23,27,18,0.0,7.4,5,40,12:30 PM,09:50 PM,05:30 AM,05:36 PM,15,23,23,22,21,69,64,28.8,1014,27,8,163,12,Albania
2020-09-24,26,17,0.0,6.0,5,47,01:33 PM,10:44 PM,05:31 AM,05:34 PM,15,22,22,21,12,72,70,20.5,1013,26,8,172,7,Albania
2020-09-25,26,17,0.0,10.2,5,55,02:27 PM,11:43 PM,05:32 AM,05:33 PM,13,21,21,21,17,43,65,7.9,1009,26,9,149,10,Albania
2020-09-26,17,12,0.0,6.0,4,62,03:13 PM,No moonset,05:33 AM,05:31 PM,12,15,15,15,17,81,81,45.5,1001,17,6,204,9,Albania
2020-09-27,21,11,0.0,6.0,4,70,03:51 PM,12:45 AM,05:34 AM,05:29 PM,10,15,16,15,27,76,72,12.8,1009,21,9,158,16,Albania
2020-09-28,22,15,0.0,7.4,4,78,04:22 PM,01:49 AM,05:35 AM,05:27 PM,12,17,18,17,23,71,71,14.0,1013,22,9,166,13,Albania
2020-09-29,20,13,0.0,6.0,4,85,04:50 PM,02:51 AM,05:36 AM,05:26 PM,12,16,16,16,15,78,79,35.9,1014,20,7,175,9,Albania
2020-09-30,20,12,0.0,5.9,4,93,05:14 PM,03:53 AM,05:37 AM,05:24 PM,11,16,16,16,10,65,76,2.5,1014,20,10,207,6,Albania
2020-10-01,21,12,0.0,10.2,4,97,05:37 PM,04:53 AM,05:38 AM,05:22 PM,10,16,16,16,10,39,71,0.2,1011,21,10,169,6,Albania
2020-10-02,25,13,0.0,11.6,6,100,05:59 PM,05:53 AM,05:39 AM,05:21 PM,10,18,19,18,11,19,60,0.0,1011,25,10,141,7,Albania
2020-10-03,29,16,0.0,11.6,6,89,06:22 PM,06:51 AM,05:40 AM,05:19 PM,13,22,22,21,13,8,59,0.0,1013,29,10,138,8,Albania
2020-10-04,29,19,0.0,10.2,6,82,06:47 PM,07:51 AM,05:41 AM,05:17 PM,14,26,26,24,13,48,53,0.7,1012,29,10,154,8,Albania
2020-10-05,28,20,0.0,8.7,5,74,07:14 PM,08:51 AM,05:42 AM,05:16 PM,15,25,25,23,11,54,61,5.1,1013,28,10,126,7,Albania
2020-10-06,24,18,0.0,5.9,5,67,07:45 PM,09:51 AM,05:43 AM,05:14 PM,16,21,21,21,16,75,73,13.6,1015,24,9,164,9,Albania
2020-10-07,21,13,0.0,5.8,4,60,08:22 PM,10:51 AM,05:44 AM,05:12 PM,14,17,18,17,13,88,82,17.7,1013,21,9,169,8,Albania
2020-10-08,21,12,0.0,7.3,4,53,09:06 PM,11:50 AM,05:45 AM,05:11 PM,10,15,16,15,12,49,70,10.2,1016,21,9,180,7,Albania
2020-10-09,22,13,0.0,11.6,5,45,09:58 PM,12:46 PM,05:46 AM,05:09 PM,9,17,17,17,10,7,62,0.0,1019,22,10,199,6,Albania
2020-10-10,22,15,0.0,11.6,4,38,10:58 PM,01:38 PM,05:48 AM,05:07 PM,12,18,19,18,7,11,70,0.0,1018,22,10,169,5,Albania
2020-10-11,22,15,0.0,11.6,5,31,No moonrise,02:23 PM,05:49 AM,05:06 PM,12,18,18,18,8,9,72,0.0,1015,22,10,149,6,Albania
2020-10-12,24,15,0.0,7.2,4,23,12:05 AM,03:03 PM,05:50 AM,05:04 PM,12,18,18,18,13,66,73,81.9,1007,24,8,146,9,Albania
2020-10-13,16,8,0.0,5.8,3,16,01:17 AM,03:38 PM,05:51 AM,05:03 PM,11,12,13,12,19,86,85,86.5,1006,16,6,203,11,Albania
2020-10-14,18,10,0.0,10.1,4,9,02:31 AM,04:09 PM,05:52 AM,05:01 PM,9,14,14,14,15,54,75,15.9,1014,18,9,142,10,Albania
2020-10-15,21,12,0.0,5.5,4,2,03:47 AM,04:39 PM,05:53 AM,04:59 PM,11,16,17,16,18,80,70,9.0,1014,21,9,140,12,Albania
2020-10-16,17,11,0.0,8.6,4,0,05:04 AM,05:09 PM,05:54 AM,04:58 PM,13,16,16,16,9,58,84,68.8,1011,17,8,180,6,Albania
2020-10-17,18,13,0.0,8.6,4,0,06:22 AM,05:40 PM,05:55 AM,04:56 PM,10,15,15,15,7,57,73,1.1,1014,18,10,160,5,Albania
2020-10-18,18,12,0.0,11.0,5,5,07:41 AM,06:14 PM,05:56 AM,04:55 PM,8,15,15,15,9,18,65,0.0,1018,18,10,169,6,Albania
2020-10-19,20,14,0.0,11.0,5,13,08:59 AM,06:54 PM,05:57 AM,04:53 PM,9,16,16,16,8,4,63,0.0,1022,20,10,125,6,Albania
2020-10-20,20,11,0.0,10.9,5,20,10:15 AM,07:41 PM,05:59 AM,04:52 PM,9,15,15,15,7,9,64,0.0,1025,20,10,162,5,Albania
2020-10-21,21,14,0.0,10.5,5,27,11:24 AM,08:34 PM,06:00 AM,04:50 PM,7,16,16,16,8,9,55,0.0,1026,21,10,170,6,Albania
2020-10-22,20,12,0.0,8.7,4,35,12:23 PM,09:34 PM,06:01 AM,04:49 PM,7,16,16,16,7,15,55,0.0,1024,20,10,163,5,Albania
2020-10-23,21,15,0.0,8.7,5,42,01:13 PM,10:37 PM,06:02 AM,04:47 PM,9,17,17,17,5,0,60,0.0,1022,21,10,164,4,Albania
2020-10-24,20,14,0.0,8.7,4,49,01:53 PM,11:41 PM,06:03 AM,04:46 PM,7,17,17,17,5,37,52,0.0,1018,20,10,200,3,Albania
2020-10-25,19,14,0.0,3.9,4,56,02:26 PM,No moonset,06:04 AM,04:45 PM,11,16,16,16,9,67,72,9.8,1015,19,9,159,5,Albania
2020-10-26,19,13,0.0,8.7,5,64,02:55 PM,12:44 AM,06:05 AM,04:43 PM,12,16,16,16,8,26,78,0.0,1016,19,10,164,6,Albania
2020-10-27,20,14,0.0,8.7,5,71,03:20 PM,01:46 AM,06:06 AM,04:42 PM,12,17,16,17,7,6,73,0.0,1013,20,10,147,5,Albania
2020-10-28,21,14,0.0,8.7,5,78,03:43 PM,02:46 AM,06:08 AM,04:41 PM,10,17,17,17,8,8,66,0.0,1013,21,10,128,5,Albania
2020-10-29,20,13,0.0,8.7,5,85,04:05 PM,03:46 AM,06:09 AM,04:39 PM,10,16,16,16,7,20,70,0.3,1018,20,10,166,5,Albania
2020-10-30,19,12,0.0,8.7,4,93,04:27 PM,04:44 AM,06:10 AM,04:38 PM,9,15,15,15,9,36,69,1.9,1021,19,10,169,6,Albania
2020-10-31,20,11,0.0,8.7,5,97,04:51 PM,05:44 AM,06:11 AM,04:37 PM,6,15,15,15,10,10,57,0.0,1022,20,10,168,6,Albania
2020-11-01,20,14,0.0,8.7,5,89,05:17 PM,06:44 AM,06:12 AM,04:35 PM,11,16,16,16,6,8,71,0.0,1021,20,10,165,4,Albania
2020-11-02,20,14,0.0,8.7,5,81,05:47 PM,07:45 AM,06:14 AM,04:34 PM,11,17,16,17,6,18,73,0.0,1022,20,10,160,4,Albania
2020-11-03,19,12,0.0,5.4,4,74,06:21 PM,08:45 AM,06:15 AM,04:33 PM,12,15,15,15,6,50,83,0.0,1021,19,10,173,4,Albania
2020-11-04,20,12,0.0,8.7,5,66,07:03 PM,09:45 AM,06:16 AM,04:32 PM,12,15,15,15,5,42,81,0.0,1020,20,10,176,3,Albania
2020-11-05,21,13,0.0,3.8,4,58,07:52 PM,10:42 AM,06:17 AM,04:31 PM,14,17,17,17,7,74,80,2.3,1023,21,9,158,5,Albania
2020-11-06,21,14,0.0,8.7,5,51,08:48 PM,11:34 AM,06:18 AM,04:30 PM,7,16,17,16,11,11,55,0.0,1026,21,10,61,7,Albania
2020-11-07,21,13,0.0,8.7,5,43,09:51 PM,12:20 PM,06:19 AM,04:28 PM,8,16,16,16,9,2,57,0.0,1028,21,10,131,6,Albania
2020-11-08,20,13,0.0,8.7,5,36,10:58 PM,01:01 PM,06:21 AM,04:27 PM,8,16,16,16,7,7,58,0.0,1025,20,10,163,5,Albania
2020-11-09,21,14,0.0,8.7,5,28,No moonrise,01:36 PM,06:22 AM,04:26 PM,9,17,17,17,5,1,59,0.0,1023,21,10,167,4,Albania
2020-11-10,21,14,0.0,8.7,5,21,12:09 AM,02:07 PM,06:23 AM,04:25 PM,8,17,17,17,6,0,57,0.0,1023,21,10,173,5,Albania
2020-11-11,20,13,0.0,8.7,5,13,01:22 AM,02:37 PM,06:24 AM,04:24 PM,6,16,16,16,8,2,54,0.0,1024,20,10,137,5,Albania
2020-11-12,19,12,0.0,8.7,5,6,02:36 AM,03:05 PM,06:26 AM,04:23 PM,9,15,15,15,7,3,65,0.0,1025,19,10,155,5,Albania
2020-11-13,17,12,0.0,5.4,3,0,03:52 AM,03:35 PM,06:27 AM,04:23 PM,10,14,14,14,7,60,78,2.0,1024,17,10,159,5,Albania
2020-11-14,18,11,0.0,8.7,5,0,05:10 AM,04:07 PM,06:28 AM,04:22 PM,9,14,14,14,6,17,71,0.0,1025,18,10,168,4,Albania
2020-11-15,16,12,0.0,8.7,4,0,06:29 AM,04:44 PM,06:29 AM,04:21 PM,9,14,14,14,5,18,72,0.0,1023,16,10,160,4,Albania
2020-11-16,19,12,0.0,8.7,5,2,07:48 AM,05:28 PM,06:30 AM,04:20 PM,8,15,15,15,8,19,64,0.0,1021,19,10,142,5,Albania
2020-11-17,16,13,0.0,5.4,3,9,09:03 AM,06:19 PM,06:32 AM,04:19 PM,8,14,14,14,9,59,65,0.4,1022,16,8,82,5,Albania
2020-11-18,19,13,0.0,8.7,4,17,10:09 AM,07:18 PM,06:33 AM,04:18 PM,8,15,15,15,9,37,62,0.0,1026,19,10,135,5,Albania
2020-11-19,19,11,0.0,8.7,5,24,11:06 AM,08:22 PM,06:34 AM,04:18 PM,6,14,14,14,9,1,58,0.0,1023,19,10,138,6,Albania
2020-11-20,17,10,0.0,8.7,4,32,11:51 AM,09:28 PM,06:35 AM,04:17 PM,4,12,13,12,9,6,55,0.0,1018,17,10,135,6,Albania
2020-11-21,13,8,0.0,3.7,3,39,12:28 PM,10:33 PM,06:36 AM,04:16 PM,1,8,10,8,14,47,57,0.0,1023,13,10,64,10,Albania
2020-11-22,15,6,0.0,8.7,4,47,12:59 PM,11:37 PM,06:37 AM,04:16 PM,2,10,10,10,10,17,57,0.0,1029,15,10,144,6,Albania
2020-11-23,16,10,0.0,8.7,4,54,01:25 PM,No moonset,06:39 AM,04:15 PM,5,12,12,12,6,20,63,0.0,1026,16,10,164,4,Albania
2020-11-24,15,9,0.0,7.0,3,62,01:48 PM,12:38 AM,06:40 AM,04:15 PM,5,11,12,11,8,37,65,0.0,1023,15,10,96,4,Albania
2020-11-25,18,9,0.0,8.7,4,70,02:10 PM,01:38 AM,06:41 AM,04:14 PM,3,12,13,12,10,3,53,0.0,1023,18,10,141,6,Albania
2020-11-26,17,10,0.0,8.7,4,77,02:32 PM,02:37 AM,06:42 AM,04:14 PM,1,13,13,13,6,0,45,0.0,1023,17,10,162,4,Albania
2020-11-27,17,11,0.0,8.7,4,85,02:55 PM,03:36 AM,06:43 AM,04:13 PM,1,13,13,13,6,3,47,0.0,1022,17,10,162,4,Albania
2020-11-28,14,9,0.0,8.7,4,92,03:20 PM,04:35 AM,06:44 AM,04:13 PM,3,11,11,11,7,22,57,0.0,1019,14,10,117,4,Albania
2020-11-29,16,9,0.0,8.7,4,100,03:49 PM,05:37 AM,06:45 AM,04:13 PM,2,11,12,11,13,56,51,0.3,1014,16,9,76,8,Albania
2020-11-30,15,9,0.0,8.7,4,100,04:21 PM,06:37 AM,06:46 AM,04:12 PM,2,10,11,10,10,20,56,0.0,1018,15,10,126,7,Albania
2020-12-01,13,7,0.0,8.7,4,89,05:01 PM,07:39 AM,06:47 AM,04:12 PM,0,9,10,9,7,22,53,0.0,1019,13,10,111,4,Albania
2020-12-02,15,8,0.0,8.7,4,82,05:48 PM,08:37 AM,06:48 AM,04:12 PM,3,10,10,10,12,27,63,0.0,1017,15,10,101,7,Albania
2020-12-03,12,8,0.0,3.6,3,75,06:42 PM,09:32 AM,06:49 AM,04:11 PM,6,9,10,9,19,73,77,19.2,1012,12,8,97,10,Albania
2020-12-04,15,9,0.0,5.3,3,67,07:43 PM,10:20 AM,06:50 AM,04:11 PM,5,10,11,10,18,62,70,1.0,1008,15,8,104,10,Albania
2020-12-05,15,8,0.0,8.7,4,60,08:49 PM,11:02 AM,06:51 AM,04:11 PM,5,10,11,10,12,23,68,0.1,1013,15,10,111,7,Albania
2020-12-06,14,6,0.0,8.7,4,53,09:57 PM,11:38 AM,06:52 AM,04:11 PM,3,8,10,8,28,26,64,0.0,1010,14,10,94,15,Albania
2020-12-07,8,6,0.0,3.6,2,46,11:07 PM,12:10 PM,06:53 AM,04:11 PM,5,6,7,6,16,82,88,39.7,1009,8,7,110,8,Albania
2020-12-08,12,5,0.0,7.0,2,38,No moonrise,12:38 PM,06:54 AM,04:11 PM,2,6,8,6,16,36,68,0.0,1012,12,10,118,8,Albania
2020-12-09,9,4,0.0,3.6,2,31,12:18 AM,01:06 PM,06:55 AM,04:11 PM,5,5,7,5,32,91,85,41.4,1007,9,7,124,16,Albania
2020-12-10,11,5,0.0,3.6,2,24,01:30 AM,01:34 PM,06:56 AM,04:11 PM,5,7,8,7,13,79,82,22.1,1007,11,8,167,6,Albania
2020-12-11,9,1,0.0,3.6,2,17,02:44 AM,02:03 PM,06:57 AM,04:11 PM,3,4,6,4,17,80,80,15.2,1007,9,8,103,9,Albania
2020-12-12,11,4,0.0,3.6,2,9,04:00 AM,02:36 PM,06:58 AM,04:11 PM,6,8,8,8,7,80,84,9.5,1000,11,8,80,4,Albania
2020-12-13,14,6,0.0,8.7,4,2,05:18 AM,03:15 PM,06:58 AM,04:12 PM,4,8,9,8,13,30,74,0.0,1002,14,10,54,7,Albania
2020-12-14,12,6,0.0,8.7,3,0,06:35 AM,04:02 PM,06:59 AM,04:12 PM,3,7,8,7,13,3,69,0.0,1012,12,10,89,7,Albania
2020-12-15,15,8,0.0,8.7,4,0,07:47 AM,04:58 PM,07:00 AM,04:12 PM,5,10,10,10,7,5,69,0.0,1019,15,10,130,5,Albania
2020-12-16,13,4,0.0,8.7,4,5,08:50 AM,06:01 PM,07:00 AM,04:12 PM,6,9,10,9,5,8,74,0.0,1023,13,10,130,3,Albania
2020-12-17,15,8,0.0,8.7,4,12,09:42 AM,07:08 PM,07:01 AM,04:13 PM,8,12,12,12,4,1,78,0.0,1024,15,10,160,3,Albania
2020-12-18,14,9,0.0,8.7,4,20,10:24 AM,08:16 PM,07:02 AM,04:13 PM,8,11,11,11,4,6,79,0.0,1026,14,10,165,3,Albania
2020-12-19,14,6,0.0,8.7,3,27,10:58 AM,09:23 PM,07:02 AM,04:14 PM,6,10,10,10,5,42,77,0.0,1026,14,10,151,3,Albania
2020-12-20,13,8,0.0,3.4,3,34,11:27 AM,10:26 PM,07:03 AM,04:14 PM,6,10,10,10,6,92,76,0.0,1025,13,10,59,3,Albania
2020-12-21,15,8,0.0,5.2,3,41,11:52 AM,11:28 PM,07:03 AM,04:14 PM,8,11,12,11,5,65,74,0.0,1025,15,10,149,3,Albania
2020-12-22,14,9,0.0,8.7,4,49,12:14 PM,No moonset,07:04 AM,04:15 PM,8,11,11,11,5,37,82,0.0,1025,14,10,146,3,Albania
2020-12-23,13,7,0.0,8.7,4,56,12:36 PM,12:27 AM,07:04 AM,04:16 PM,6,9,9,9,7,29,81,0.0,1025,13,10,149,4,Albania
2020-12-24,13,5,0.0,6.9,3,63,12:59 PM,01:26 AM,07:05 AM,04:16 PM,7,8,9,8,11,49,80,0.0,1021,13,10,134,6,Albania
2020-12-25,15,10,0.0,3.4,3,70,01:23 PM,02:25 AM,07:05 AM,04:17 PM,9,12,13,12,17,77,78,9.8,1015,15,9,167,11,Albania
2020-12-26,14,7,0.0,5.2,3,78,01:50 PM,03:26 AM,07:06 AM,04:17 PM,9,11,12,11,11,79,82,10.7,1013,14,10,144,6,Albania
2020-12-27,13,8,0.0,3.4,3,85,02:21 PM,04:26 AM,07:06 AM,04:18 PM,8,10,10,10,11,94,84,27.4,1008,13,7,119,7,Albania
2020-12-28,10,4,0.0,3.4,2,92,02:58 PM,05:28 AM,07:06 AM,04:19 PM,3,4,7,4,30,79,78,7.4,1007,10,9,151,15,Albania
2020-12-29,11,6,0.0,3.4,2,100,03:43 PM,06:28 AM,07:06 AM,04:20 PM,6,6,9,6,35,96,84,13.8,1009,11,9,165,18,Albania
2020-12-30,15,8,0.0,5.2,3,100,04:35 PM,07:26 AM,07:07 AM,04:20 PM,7,10,12,10,23,63,71,0.7,1010,15,9,145,15,Albania
2020-12-31,11,7,0.0,3.4,3,89,05:35 PM,08:17 AM,07:07 AM,04:21 PM,7,9,10,9,15,77,84,62.8,1010,11,8,174,9,Albania
2021-01-01,12,6,0.0,8.7,2,79,06:40 PM,09:02 AM,07:07 AM,04:22 PM,4,8,9,8,12,35,74,1.5,1017,12,10,136,8,Albania
2021-01-02,14,7,0.0,8.7,4,71,07:49 PM,09:40 AM,07:07 AM,04:23 PM,4,9,10,9,14,14,65,0.0,1017,14,10,102,8,Albania
2021-01-03,13,7,0.0,3.4,2,64,08:59 PM,10:13 AM,07:07 AM,04:24 PM,5,8,9,8,15,81,78,7.8,1014,13,9,110,9,Albania
2021-01-04,10,-0,0.0,3.4,2,57,10:09 PM,10:42 AM,07:07 AM,04:25 PM,5,7,8,7,9,86,80,11.8,1012,10,9,136,5,Albania
2021-01-05,11,5,0.0,6.9,2,50,11:19 PM,11:10 AM,07:07 AM,04:26 PM,4,6,8,6,15,66,78,6.7,1015,11,9,137,9,Albania
2021-01-06,10,6,0.0,3.5,2,42,No moonrise,11:36 AM,07:07 AM,04:27 PM,5,6,8,6,22,99,83,28.1,1016,10,8,152,13,Albania
2021-01-07,12,8,0.0,3.5,3,35,12:30 AM,12:04 PM,07:07 AM,04:28 PM,8,9,10,9,13,98,89,51.9,1015,12,7,150,8,Albania
2021-01-08,12,8,0.0,3.5,3,28,01:43 AM,12:34 PM,07:07 AM,04:29 PM,10,10,11,10,8,100,96,89.8,1010,12,7,186,4,Albania
2021-01-09,11,6,0.0,3.5,2,20,02:58 AM,01:09 PM,07:06 AM,04:30 PM,8,9,9,9,7,92,92,25.3,1014,11,5,98,5,Albania
2021-01-10,16,9,0.0,3.5,3,13,04:13 AM,01:51 PM,07:06 AM,04:31 PM,12,14,14,14,8,97,89,43.4,1012,16,8,137,5,Albania
2021-01-11,13,9,0.0,3.5,3,6,05:26 AM,02:41 PM,07:06 AM,04:32 PM,10,11,12,11,12,82,92,29.8,1012,13,7,244,7,Albania
2021-01-12,10,4,0.0,5.2,2,0,06:32 AM,03:40 PM,07:06 AM,04:33 PM,4,6,7,6,10,64,85,0.4,1012,10,10,185,6,Albania
2021-01-13,10,2,0.0,3.5,2,0,07:29 AM,04:46 PM,07:05 AM,04:34 PM,3,6,6,6,6,80,81,7.0,1011,10,10,243,4,Albania
2021-01-14,8,2,0.0,7.0,1,1,08:16 AM,05:55 PM,07:05 AM,04:35 PM,1,3,5,3,10,57,79,7.4,1012,8,8,96,8,Albania
2021-01-15,7,-3,0.0,8.7,2,8,08:54 AM,07:03 PM,07:04 AM,04:36 PM,-5,0,2,0,12,15,61,0.1,1015,7,10,55,7,Albania
2021-01-16,5,-1,0.0,8.7,2,16,09:26 AM,08:09 PM,07:04 AM,04:37 PM,-4,0,2,0,10,25,63,0.0,1013,5,10,42,8,Albania
2021-01-17,2,-2,0.0,5.2,1,23,09:53 AM,09:13 PM,07:03 AM,04:39 PM,-12,-2,-1,-2,6,55,44,0.0,1019,2,10,134,4,Albania
2021-01-18,3,-4,0.0,8.7,2,30,10:16 AM,10:14 PM,07:03 AM,04:40 PM,-11,-3,-1,-3,12,3,46,0.0,1022,3,10,100,7,Albania
2021-01-19,6,-3,0.0,8.7,2,38,10:39 AM,11:14 PM,07:02 AM,04:41 PM,-9,0,1,0,7,6,47,0.0,1027,6,10,158,4,Albania
2021-01-20,9,-0,0.0,7.0,2,45,11:01 AM,No moonset,07:02 AM,04:42 PM,-3,2,4,2,13,40,63,0.0,1028,9,10,122,7,Albania
2021-01-21,10,2,0.0,3.5,2,52,11:25 AM,12:13 AM,07:01 AM,04:43 PM,4,6,8,6,16,96,76,1.0,1024,10,10,124,9,Albania
2021-01-22,12,6,0.0,3.5,2,59,11:50 AM,01:14 AM,07:00 AM,04:45 PM,5,7,9,7,23,81,79,4.7,1019,12,10,144,14,Albania
2021-01-23,8,7,0.0,3.5,2,67,12:19 PM,02:14 AM,07:00 AM,04:46 PM,5,5,8,5,24,89,85,57.4,1008,8,7,140,13,Albania
2021-01-24,9,6,0.0,3.7,2,74,12:53 PM,03:15 AM,06:59 AM,04:47 PM,5,5,8,5,33,78,85,26.6,1005,9,8,156,19,Albania
2021-01-25,10,6,0.0,3.7,2,81,01:35 PM,04:16 AM,06:58 AM,04:48 PM,6,6,9,6,29,94,80,57.0,1004,10,7,229,19,Albania
2021-01-26,8,3,0.0,3.7,2,88,02:24 PM,05:14 AM,06:57 AM,04:50 PM,5,5,7,5,14,89,87,43.9,1004,8,7,164,11,Albania
2021-01-27,4,-0,0.0,8.7,2,96,03:22 PM,06:08 AM,06:57 AM,04:51 PM,-5,-2,2,-2,18,9,63,0.0,1009,4,10,218,12,Albania
2021-01-28,7,-1,0.0,8.7,2,100,04:26 PM,06:56 AM,06:56 AM,04:52 PM,-4,2,3,2,7,16,58,0.0,1016,7,10,168,5,Albania
2021-01-29,11,2,0.0,3.7,2,90,05:36 PM,07:38 AM,06:55 AM,04:53 PM,3,6,7,6,14,74,74,0.7,1012,11,10,133,9,Albania
2021-01-30,14,8,0.0,3.8,3,82,06:47 PM,08:13 AM,06:54 AM,04:55 PM,7,9,10,9,17,75,79,28.6,1003,14,8,202,10,Albania
2021-01-31,13,9,0.0,3.8,3,79,07:59 PM,08:45 AM,06:53 AM,04:56 PM,6,9,10,9,16,72,73,20.8,1001,13,9,141,10,Albania
2021-02-01,11,5,0.0,3.8,2,63,09:11 PM,09:13 AM,06:52 AM,04:57 PM,7,8,9,8,15,91,86,19.6,1002,11,9,140,9,Albania
2021-02-02,12,7,0.0,3.8,2,55,10:22 PM,09:40 AM,06:51 AM,04:58 PM,6,8,9,8,10,76,82,4.4,1010,12,8,124,5,Albania
2021-02-03,16,6,0.0,8.7,4,48,11:35 PM,10:07 AM,06:50 AM,05:00 PM,7,11,11,11,7,15,78,0.0,1018,16,10,158,4,Albania
2021-02-04,16,10,0.0,8.7,3,40,No moonrise,10:36 AM,06:49 AM,05:01 PM,8,13,13,13,6,16,77,0.0,1020,16,10,137,4,Albania
2021-02-05,16,11,0.0,8.7,4,33,12:47 AM,11:09 AM,06:48 AM,05:02 PM,7,13,13,13,6,33,69,0.0,1020,16,10,170,4,Albania
2021-02-06,18,11,0.0,8.7,5,25,02:01 AM,11:47 AM,06:47 AM,05:04 PM,8,14,14,14,6,13,67,0.0,1017,18,10,153,4,Albania
2021-02-07,19,10,0.0,7.1,4,18,03:13 AM,12:33 PM,06:45 AM,05:05 PM,5,14,14,14,16,41,51,0.0,1011,19,10,125,9,Albania
