date_time,Canada%2C%20Prince%20Edward%20Island_maxtempC,Canada%2C%20Prince%20Edward%20Island_mintempC,Canada%2C%20Prince%20Edward%20Island_totalSnow_cm,Canada%2C%20Prince%20Edward%20Island_sunHour,Canada%2C%20Prince%20Edward%20Island_uvIndex,Canada%2C%20Prince%20Edward%20Island_moon_illumination,Canada%2C%20Prince%20Edward%20Island_moonrise,Canada%2C%20Prince%20Edward%20Island_moonset,Canada%2C%20Prince%20Edward%20Island_sunrise,Canada%2C%20Prince%20Edward%20Island_sunset,Canada%2C%20Prince%20Edward%20Island_DewPointC,Canada%2C%20Prince%20Edward%20Island_FeelsLikeC,Canada%2C%20Prince%20Edward%20Island_HeatIndexC,Canada%2C%20Prince%20Edward%20Island_WindChillC,Canada%2C%20Prince%20Edward%20Island_WindGustKmph,Canada%2C%20Prince%20Edward%20Island_cloudcover,Canada%2C%20Prince%20Edward%20Island_humidity,Canada%2C%20Prince%20Edward%20Island_precipMM,Canada%2C%20Prince%20Edward%20Island_pressure,Canada%2C%20Prince%20Edward%20Island_tempC,Canada%2C%20Prince%20Edward%20Island_visibility,Canada%2C%20Prince%20Edward%20Island_winddirDegree,Canada%2C%20Prince%20Edward%20Island_windspeedKmph,Canada%2C%20Prince%20Edward%20Island_location
2020-01-01,3,-1,0.0,6.9,1,37,11:44 AM,11:11 PM,07:53 AM,04:35 PM,-0,-4,2,-4,46,63,87,4.0,992,3,10,202,27,Canada%2C%20Prince%20Edward%20Island
2020-01-02,-1,-3,0.0,5.1,1,44,12:05 PM,No moonset,07:53 AM,04:36 PM,-5,-9,-2,-9,42,62,79,0.0,999,-1,10,269,27,Canada%2C%20Prince%20Edward%20Island
2020-01-03,1,-3,0.1,3.3,1,51,12:25 PM,12:12 AM,07:53 AM,04:37 PM,-3,-5,-1,-5,22,80,90,0.1,1007,1,10,240,13,Canada%2C%20Prince%20Edward%20Island
2020-01-04,2,-2,0.0,8.7,1,59,12:47 PM,01:15 AM,07:53 AM,04:38 PM,-1,-3,0,-3,22,57,90,0.0,1004,2,10,233,12,Canada%2C%20Prince%20Edward%20Island
2020-01-05,-2,-4,0.3,3.3,1,66,01:10 PM,02:18 AM,07:53 AM,04:39 PM,-3,-7,-2,-7,29,92,90,3.1,996,-2,5,77,20,Canada%2C%20Prince%20Edward%20Island
2020-01-06,-6,-10,0.6,3.3,1,73,01:37 PM,03:23 AM,07:53 AM,04:40 PM,-9,-13,-7,-13,27,86,87,2.3,1007,-6,5,329,18,Canada%2C%20Prince%20Edward%20Island
2020-01-07,-2,-10,4.0,3.3,1,80,02:09 PM,04:30 AM,07:53 AM,04:41 PM,-7,-11,-6,-11,22,86,92,4.7,1012,-2,6,169,13,Canada%2C%20Prince%20Edward%20Island
2020-01-08,-3,-7,6.1,3.3,1,88,02:48 PM,05:38 AM,07:53 AM,04:42 PM,-5,-10,-4,-10,27,83,92,15.3,1004,-3,6,163,18,Canada%2C%20Prince%20Edward%20Island
2020-01-09,-5,-10,0.2,3.3,1,95,03:38 PM,06:44 AM,07:52 AM,04:43 PM,-8,-15,-6,-15,47,93,86,3.7,1015,-5,2,302,31,Canada%2C%20Prince%20Edward%20Island
2020-01-10,-1,-14,0.0,5.1,1,100,04:38 PM,07:46 AM,07:52 AM,04:44 PM,-9,-14,-8,-14,37,64,86,1.5,1032,-1,9,241,22,Canada%2C%20Prince%20Edward%20Island
2020-01-11,5,-3,0.0,5.1,1,100,05:48 PM,08:39 AM,07:52 AM,04:46 PM,2,-2,3,-2,52,81,93,0.2,1019,5,10,231,27,Canada%2C%20Prince%20Edward%20Island
2020-01-12,-4,-15,18.2,3.4,1,83,07:03 PM,09:24 AM,07:51 AM,04:47 PM,-4,-10,-4,-10,44,100,93,26.5,1015,-4,6,65,28,Canada%2C%20Prince%20Edward%20Island
2020-01-13,-6,-11,0.6,5.1,1,76,08:21 PM,10:00 AM,07:51 AM,04:48 PM,-10,-14,-8,-14,22,89,86,1.0,1032,-6,7,32,13,Canada%2C%20Prince%20Edward%20Island
2020-01-14,-5,-10,1.8,3.4,1,69,09:39 PM,10:31 AM,07:50 AM,04:49 PM,-9,-11,-8,-11,13,92,92,2.1,1028,-5,4,93,7,Canada%2C%20Prince%20Edward%20Island
2020-01-15,-1,-9,2.3,3.4,1,61,10:55 PM,10:59 AM,07:50 AM,04:51 PM,-5,-9,-5,-9,19,95,94,2.7,1016,-1,6,189,12,Canada%2C%20Prince%20Edward%20Island
2020-01-16,-5,-12,0.2,3.4,1,54,No moonrise,11:25 AM,07:49 AM,04:52 PM,-8,-12,-7,-12,21,75,91,0.5,1009,-5,8,197,12,Canada%2C%20Prince%20Edward%20Island
2020-01-17,-7,-14,0.0,3.4,1,47,12:10 AM,11:50 AM,07:48 AM,04:53 PM,-11,-21,-10,-21,63,100,87,3.8,1011,-7,0,219,44,Canada%2C%20Prince%20Edward%20Island
2020-01-18,-14,-18,0.4,5.2,1,40,01:25 AM,12:17 PM,07:48 AM,04:55 PM,-17,-25,-15,-25,37,71,90,1.0,1023,-14,6,298,23,Canada%2C%20Prince%20Edward%20Island
2020-01-19,-2,-16,1.5,3.4,1,32,02:38 AM,12:47 PM,07:47 AM,04:56 PM,-8,-14,-8,-14,31,96,94,10.0,1009,-2,6,144,21,Canada%2C%20Prince%20Edward%20Island
2020-01-20,-5,-14,2.1,3.4,1,25,03:50 AM,01:21 PM,07:46 AM,04:58 PM,-9,-14,-7,-14,34,77,91,4.9,1007,-5,5,198,22,Canada%2C%20Prince%20Edward%20Island
2020-01-21,-16,-25,0.0,8.7,2,18,04:59 AM,02:02 PM,07:45 AM,04:59 PM,-19,-26,-18,-26,25,18,86,0.0,1023,-16,10,267,15,Canada%2C%20Prince%20Edward%20Island
2020-01-22,-9,-18,0.0,8.7,1,11,06:03 AM,02:50 PM,07:45 AM,05:00 PM,-15,-19,-14,-19,16,47,89,0.0,1031,-9,10,175,8,Canada%2C%20Prince%20Edward%20Island
2020-01-23,1,-9,0.0,3.6,1,3,06:59 AM,03:45 PM,07:44 AM,05:02 PM,-6,-11,-4,-11,34,64,91,0.0,1024,1,10,217,20,Canada%2C%20Prince%20Edward%20Island
2020-01-24,-3,-9,0.0,5.3,1,0,07:46 AM,04:45 PM,07:43 AM,05:03 PM,-7,-10,-5,-10,23,43,89,0.0,1029,-3,10,153,12,Canada%2C%20Prince%20Edward%20Island
2020-01-25,-4,-12,0.0,8.7,2,0,08:24 AM,05:49 PM,07:42 AM,05:05 PM,-10,-11,-9,-11,10,24,87,0.0,1032,-4,9,121,5,Canada%2C%20Prince%20Edward%20Island
2020-01-26,2,-8,0.0,3.6,1,4,08:57 AM,06:52 PM,07:41 AM,05:06 PM,-3,-8,-4,-8,37,67,94,8.3,1015,2,9,138,20,Canada%2C%20Prince%20Edward%20Island
2020-01-27,2,-1,0.6,7.0,1,11,09:24 AM,07:56 PM,07:40 AM,05:08 PM,-0,-4,1,-4,34,73,94,0.8,995,2,8,226,20,Canada%2C%20Prince%20Edward%20Island
2020-01-28,-4,-7,2.6,3.6,1,18,09:47 AM,08:58 PM,07:39 AM,05:09 PM,-6,-12,-5,-12,38,97,93,4.7,999,-4,2,324,26,Canada%2C%20Prince%20Edward%20Island
2020-01-29,-7,-14,1.4,3.6,1,26,10:08 AM,10:00 PM,07:38 AM,05:11 PM,-10,-16,-9,-16,31,100,90,1.6,1007,-7,4,337,21,Canada%2C%20Prince%20Edward%20Island
2020-01-30,-9,-15,1.4,3.7,1,33,10:29 AM,11:02 PM,07:37 AM,05:12 PM,-13,-20,-11,-20,35,94,90,2.4,1017,-9,4,320,23,Canada%2C%20Prince%20Edward%20Island
2020-01-31,-6,-14,0.0,8.7,2,37,10:49 AM,No moonset,07:35 AM,05:14 PM,-12,-17,-10,-17,29,14,86,0.0,1020,-6,10,278,16,Canada%2C%20Prince%20Edward%20Island
2020-02-01,-2,-12,0.0,7.0,1,49,11:11 AM,12:04 AM,07:34 AM,05:15 PM,-8,-11,-7,-11,16,48,89,0.0,1017,-2,10,196,9,Canada%2C%20Prince%20Edward%20Island
2020-02-02,-1,-5,1.4,3.7,1,57,11:36 AM,01:07 AM,07:33 AM,05:17 PM,-3,-8,-2,-8,32,100,95,3.4,996,-1,2,194,22,Canada%2C%20Prince%20Edward%20Island
2020-02-03,-3,-10,0.0,8.7,1,64,12:04 PM,02:12 AM,07:32 AM,05:18 PM,-8,-13,-6,-13,34,50,89,0.1,995,-3,10,270,20,Canada%2C%20Prince%20Edward%20Island
2020-02-04,-3,-6,0.0,8.7,2,72,12:39 PM,03:18 AM,07:30 AM,05:20 PM,-6,-10,-5,-10,29,27,88,0.0,1006,-3,10,264,17,Canada%2C%20Prince%20Edward%20Island
2020-02-05,-1,-13,0.2,7.0,1,79,01:23 PM,04:24 AM,07:29 AM,05:21 PM,-8,-13,-6,-13,32,49,86,0.2,1008,-1,9,276,20,Canada%2C%20Prince%20Edward%20Island
2020-02-06,-6,-16,5.2,3.7,1,87,02:17 PM,05:28 AM,07:28 AM,05:23 PM,-12,-17,-11,-17,23,68,90,6.1,1016,-6,7,198,14,Canada%2C%20Prince%20Edward%20Island
2020-02-07,-1,-10,0.9,3.7,1,95,03:23 PM,06:24 AM,07:26 AM,05:24 PM,-2,-8,-3,-8,28,100,97,14.0,991,-1,5,81,18,Canada%2C%20Prince%20Edward%20Island
2020-02-08,-9,-11,0.9,3.8,1,100,04:37 PM,07:14 AM,07:25 AM,05:26 PM,-8,-14,-6,-14,44,99,89,5.2,995,-9,5,262,29,Canada%2C%20Prince%20Edward%20Island
2020-02-09,-12,-20,0.0,8.7,2,100,05:56 PM,07:55 AM,07:24 AM,05:27 PM,-17,-23,-16,-23,30,12,83,0.0,1029,-12,10,254,18,Canada%2C%20Prince%20Edward%20Island
2020-02-10,1,-11,0.0,3.8,1,83,07:17 PM,08:29 AM,07:22 AM,05:29 PM,-5,-10,-4,-10,39,87,90,6.0,1024,1,10,202,22,Canada%2C%20Prince%20Edward%20Island
2020-02-11,-1,-9,0.1,7.1,1,75,08:37 PM,08:59 AM,07:21 AM,05:30 PM,-3,-6,-2,-6,17,76,95,0.6,1016,-1,7,225,11,Canada%2C%20Prince%20Edward%20Island
2020-02-12,-1,-4,4.8,3.8,1,68,09:56 PM,09:27 AM,07:19 AM,05:32 PM,-3,-7,-1,-7,34,74,90,10.7,1004,-1,6,257,22,Canada%2C%20Prince%20Edward%20Island
2020-02-13,1,-7,1.7,3.8,1,60,11:13 PM,09:53 AM,07:18 AM,05:33 PM,-5,-7,-2,-7,38,85,89,6.9,1006,1,6,185,24,Canada%2C%20Prince%20Edward%20Island
2020-02-14,-15,-18,1.5,3.8,1,53,No moonrise,10:20 AM,07:16 AM,05:35 PM,-17,-24,-15,-24,30,88,88,1.8,1013,-15,6,277,20,Canada%2C%20Prince%20Edward%20Island
2020-02-15,-11,-23,0.0,8.7,2,45,12:28 AM,10:49 AM,07:14 AM,05:36 PM,-19,-26,-18,-26,32,25,87,0.0,1028,-11,10,259,19,Canada%2C%20Prince%20Edward%20Island
2020-02-16,0,-9,1.4,3.8,1,38,01:42 AM,11:22 AM,07:13 AM,05:38 PM,-4,-10,-3,-10,43,91,90,2.0,1018,0,7,216,27,Canada%2C%20Prince%20Edward%20Island
2020-02-17,-2,-8,0.2,7.1,1,30,02:52 AM,12:01 PM,07:11 AM,05:39 PM,-7,-8,-3,-8,25,60,88,0.3,1017,-2,9,277,14,Canada%2C%20Prince%20Edward%20Island
2020-02-18,-11,-21,0.0,7.1,1,22,03:57 AM,12:46 PM,07:10 AM,05:41 PM,-15,-21,-15,-21,24,59,89,0.0,1031,-11,10,232,14,Canada%2C%20Prince%20Edward%20Island
2020-02-19,4,-6,0.1,5.5,1,15,04:55 AM,01:39 PM,07:08 AM,05:42 PM,-2,-7,-0,-7,53,89,90,11.8,1007,4,5,220,32,Canada%2C%20Prince%20Edward%20Island
2020-02-20,-18,-25,0.0,5.5,1,7,05:44 AM,02:36 PM,07:06 AM,05:43 PM,-20,-28,-18,-28,39,66,81,0.0,1020,-18,10,282,26,Canada%2C%20Prince%20Edward%20Island
2020-02-21,-12,-23,0.0,8.7,2,0,06:24 AM,03:39 PM,07:05 AM,05:45 PM,-20,-25,-18,-25,22,2,85,0.0,1027,-12,10,245,12,Canada%2C%20Prince%20Edward%20Island
2020-02-22,-1,-14,0.9,3.9,1,0,06:58 AM,04:42 PM,07:03 AM,05:46 PM,-9,-14,-7,-14,33,53,86,1.7,1016,-1,8,224,19,Canada%2C%20Prince%20Edward%20Island
2020-02-23,0,-7,0.0,8.7,2,0,07:27 AM,05:46 PM,07:01 AM,05:48 PM,-5,-9,-4,-9,24,27,91,0.0,1018,0,10,239,13,Canada%2C%20Prince%20Edward%20Island
2020-02-24,1,-9,0.0,4.1,1,0,07:51 AM,06:48 PM,06:59 AM,05:49 PM,-2,-6,-2,-6,23,57,93,0.0,1018,1,7,178,12,Canada%2C%20Prince%20Edward%20Island
2020-02-25,1,-3,0.0,4.1,1,8,08:12 AM,07:51 PM,06:58 AM,05:51 PM,-1,-4,-0,-4,19,61,94,0.0,1015,1,5,221,10,Canada%2C%20Prince%20Edward%20Island
2020-02-26,-1,-4,0.1,4.1,1,15,08:33 AM,08:52 PM,06:56 AM,05:52 PM,-3,-6,-2,-6,17,79,94,0.1,1018,-1,6,184,10,Canada%2C%20Prince%20Edward%20Island
2020-02-27,-0,-4,14.0,4.1,1,23,08:53 AM,09:54 PM,06:54 AM,05:54 PM,-3,-9,-2,-9,34,100,93,23.6,1012,-0,7,79,24,Canada%2C%20Prince%20Edward%20Island
2020-02-28,1,-4,4.6,5.7,1,30,09:14 AM,10:56 PM,06:52 AM,05:55 PM,-2,-7,-1,-7,38,70,90,12.4,998,1,7,191,25,Canada%2C%20Prince%20Edward%20Island
2020-02-29,-2,-9,0.0,4.1,1,38,09:37 AM,11:59 PM,06:50 AM,05:56 PM,-8,-10,-5,-10,19,54,83,0.0,1006,-2,10,191,10,Canada%2C%20Prince%20Edward%20Island
2020-03-01,-2,-4,10.5,4.2,1,44,10:03 AM,No moonset,06:49 AM,05:58 PM,-3,-9,-2,-9,38,100,95,18.4,1001,-2,1,51,26,Canada%2C%20Prince%20Edward%20Island
2020-03-02,-3,-8,0.3,8.7,2,51,10:34 AM,01:04 AM,06:47 AM,05:59 PM,-6,-9,-5,-9,22,29,87,0.4,1016,-3,9,189,13,Canada%2C%20Prince%20Edward%20Island
2020-03-03,3,-3,0.0,5.8,1,58,11:13 AM,02:08 AM,06:45 AM,06:00 PM,1,-3,1,-3,39,100,96,3.2,1008,3,6,215,22,Canada%2C%20Prince%20Edward%20Island
2020-03-04,5,0,0.0,5.8,1,65,12:01 PM,03:11 AM,06:43 AM,06:02 PM,2,-2,3,-2,43,100,95,2.3,991,5,8,172,24,Canada%2C%20Prince%20Edward%20Island
2020-03-05,-1,-3,0.0,5.8,1,73,12:59 PM,04:10 AM,06:41 AM,06:03 PM,-4,-8,-1,-8,54,95,79,0.7,995,-1,4,268,37,Canada%2C%20Prince%20Edward%20Island
2020-03-06,-4,-8,0.0,8.7,1,80,02:08 PM,05:02 AM,06:39 AM,06:05 PM,-8,-12,-6,-12,26,48,84,0.0,1016,-4,10,269,16,Canada%2C%20Prince%20Edward%20Island
2020-03-07,-7,-16,0.0,5.8,1,87,03:25 PM,05:46 AM,06:37 AM,06:06 PM,-10,-16,-9,-16,48,92,85,0.5,1015,-7,7,24,33,Canada%2C%20Prince%20Edward%20Island
2020-03-08,-2,-11,0.2,7.3,1,95,04:45 PM,06:23 AM,06:36 AM,06:07 PM,-8,-13,-6,-13,32,81,86,0.2,1015,-2,10,296,20,Canada%2C%20Prince%20Edward%20Island
2020-03-09,-9,-12,0.0,5.9,1,100,06:07 PM,06:56 AM,06:34 AM,06:09 PM,-12,-15,-10,-15,19,88,83,0.0,1027,-9,10,228,12,Canada%2C%20Prince%20Edward%20Island
2020-03-10,-2,-10,2.0,5.9,1,100,07:30 PM,07:25 AM,06:32 AM,06:10 PM,-6,-12,-6,-12,27,96,92,3.7,1023,-2,9,114,17,Canada%2C%20Prince%20Edward%20Island
2020-03-11,3,-6,0.2,5.9,1,84,08:50 PM,07:52 AM,06:30 AM,06:11 PM,-2,-6,-1,-6,32,95,94,10.1,1010,3,6,272,19,Canada%2C%20Prince%20Edward%20Island
2020-03-12,-6,-10,0.1,11.6,1,76,10:10 PM,08:19 AM,06:28 AM,06:13 PM,-9,-13,-8,-13,17,40,88,0.2,1024,-6,10,250,11,Canada%2C%20Prince%20Edward%20Island
2020-03-13,0,-11,0.0,10.2,1,69,11:28 PM,08:48 AM,06:26 AM,06:14 PM,-7,-11,-6,-11,36,37,85,0.0,1026,0,10,116,22,Canada%2C%20Prince%20Edward%20Island
2020-03-14,2,-2,0.0,7.4,1,62,No moonrise,09:21 AM,06:24 AM,06:16 PM,-1,-5,1,-5,51,74,83,8.4,1003,2,9,241,30,Canada%2C%20Prince%20Edward%20Island
2020-03-15,-5,-7,0.1,7.4,1,55,12:42 AM,09:58 AM,06:22 AM,06:17 PM,-9,-14,-6,-14,40,61,78,0.1,1020,-5,10,303,28,Canada%2C%20Prince%20Edward%20Island
2020-03-16,-7,-9,0.5,10.2,1,47,01:51 AM,10:42 AM,06:20 AM,06:18 PM,-11,-14,-8,-14,21,51,82,0.6,1034,-7,8,301,16,Canada%2C%20Prince%20Edward%20Island
2020-03-17,0,-12,0.0,8.8,1,40,02:52 AM,11:34 AM,06:18 AM,06:20 PM,-7,-11,-5,-11,31,69,86,0.0,1028,0,9,179,20,Canada%2C%20Prince%20Edward%20Island
2020-03-18,0,-4,0.9,7.4,1,33,03:44 AM,12:30 PM,06:16 AM,06:21 PM,-3,-6,-1,-6,31,68,86,1.8,1022,0,8,276,19,Canada%2C%20Prince%20Edward%20Island
2020-03-19,-1,-9,0.0,11.6,2,25,04:26 AM,01:31 PM,06:14 AM,06:22 PM,-8,-9,-5,-9,18,16,78,0.0,1037,-1,10,227,10,Canada%2C%20Prince%20Edward%20Island
2020-03-20,6,-1,0.0,6.1,1,18,05:02 AM,02:34 PM,06:13 AM,06:24 PM,3,-2,2,-2,48,91,95,2.1,1018,6,8,166,25,Canada%2C%20Prince%20Edward%20Island
2020-03-21,6,-5,0.0,11.6,1,11,05:31 AM,03:38 PM,06:11 AM,06:25 PM,-4,-5,2,-5,53,42,69,2.8,1008,6,9,276,35,Canada%2C%20Prince%20Edward%20Island
2020-03-22,-7,-16,0.0,7.5,1,4,05:56 AM,04:40 PM,06:09 AM,06:26 PM,-15,-17,-9,-17,35,70,57,0.0,1031,-7,8,309,27,Canada%2C%20Prince%20Edward%20Island
2020-03-23,-1,-8,0.0,10.2,1,0,06:18 AM,05:43 PM,06:07 AM,06:28 PM,-10,-9,-5,-9,18,44,65,0.0,1040,-1,10,238,13,Canada%2C%20Prince%20Edward%20Island
2020-03-24,2,-4,0.0,6.1,1,0,06:38 AM,06:44 PM,06:05 AM,06:29 PM,-2,-6,-1,-6,25,87,93,1.5,1023,2,8,111,15,Canada%2C%20Prince%20Edward%20Island
2020-03-25,1,-4,0.3,11.6,1,3,06:58 AM,07:46 PM,06:03 AM,06:30 PM,-2,-6,-2,-6,23,53,94,0.4,1022,1,8,185,15,Canada%2C%20Prince%20Edward%20Island
2020-03-26,0,-4,0.0,6.2,1,11,07:19 AM,08:48 PM,06:01 AM,06:32 PM,-3,-6,-2,-6,22,95,90,0.0,1020,0,10,85,14,Canada%2C%20Prince%20Edward%20Island
2020-03-27,-0,-2,0.8,8.0,1,18,07:41 AM,09:52 PM,05:59 AM,06:33 PM,-2,-7,-1,-7,35,93,91,1.0,1006,-0,6,217,24,Canada%2C%20Prince%20Edward%20Island
2020-03-28,1,-3,0.0,12.8,2,25,08:05 AM,10:56 PM,05:57 AM,06:34 PM,-4,-6,-1,-6,33,18,82,0.0,1013,1,10,313,20,Canada%2C%20Prince%20Edward%20Island
2020-03-29,2,-4,0.0,12.8,2,32,08:34 AM,12:00 AM,05:55 AM,06:36 PM,-4,-4,-1,-4,12,20,83,0.0,1025,2,10,149,7,Canada%2C%20Prince%20Edward%20Island
2020-03-30,1,-3,0.0,12.8,1,40,09:09 AM,No moonset,05:53 AM,06:37 PM,-5,-7,-2,-7,25,48,80,0.0,1022,1,10,48,18,Canada%2C%20Prince%20Edward%20Island
2020-03-31,0,-3,1.5,8.0,1,44,09:52 AM,01:02 AM,05:52 AM,06:38 PM,-2,-7,-1,-7,31,100,90,1.9,1014,0,7,25,22,Canada%2C%20Prince%20Edward%20Island
2020-04-01,2,-6,0.0,8.1,1,56,10:44 AM,02:01 AM,05:50 AM,06:40 PM,1,-3,1,-3,27,100,98,5.9,1009,2,8,38,16,Canada%2C%20Prince%20Edward%20Island
2020-04-02,9,5,0.0,10.6,2,64,11:47 AM,02:54 AM,05:48 AM,06:41 PM,4,2,6,2,50,89,88,5.3,1008,9,8,81,30,Canada%2C%20Prince%20Edward%20Island
2020-04-03,7,1,0.0,8.1,2,71,12:58 PM,03:40 AM,05:46 AM,06:42 PM,1,-1,5,-1,52,88,78,0.0,1014,7,10,57,35,Canada%2C%20Prince%20Edward%20Island
2020-04-04,3,-2,0.0,13.0,2,79,02:15 PM,04:18 AM,05:44 AM,06:44 PM,-3,-5,0,-5,27,34,77,0.0,1018,3,10,37,19,Canada%2C%20Prince%20Edward%20Island
2020-04-05,3,-3,0.0,13.0,2,87,03:36 PM,04:52 AM,05:42 AM,06:45 PM,-5,-4,-1,-4,15,19,75,0.0,1017,3,10,21,11,Canada%2C%20Prince%20Edward%20Island
2020-04-06,6,-1,0.0,10.7,1,94,04:57 PM,05:21 AM,05:40 AM,06:47 PM,-1,-2,2,-2,27,54,79,3.6,1009,6,10,254,17,Canada%2C%20Prince%20Edward%20Island
2020-04-07,1,-3,0.3,9.5,1,100,06:19 PM,05:49 AM,05:38 AM,06:48 PM,-4,-6,-1,-6,29,56,80,0.4,1010,1,9,275,20,Canada%2C%20Prince%20Edward%20Island
2020-04-08,3,-4,0.3,9.5,1,100,07:41 PM,06:15 AM,05:36 AM,06:49 PM,-6,-5,-1,-5,19,73,69,0.3,1004,3,9,187,14,Canada%2C%20Prince%20Edward%20Island
2020-04-09,4,-4,0.0,12.0,1,83,09:02 PM,06:44 AM,05:35 AM,06:51 PM,-7,-3,0,-3,16,40,61,0.1,1002,4,10,230,11,Canada%2C%20Prince%20Edward%20Island
2020-04-10,5,-2,6.8,9.5,1,76,10:21 PM,07:15 AM,05:33 AM,06:52 PM,-1,-5,1,-5,58,83,88,21.1,980,5,4,169,38,Canada%2C%20Prince%20Edward%20Island
2020-04-11,4,-1,0.0,8.3,1,68,11:36 PM,07:51 AM,05:31 AM,06:53 PM,-2,-5,1,-5,41,93,82,3.7,988,4,2,266,30,Canada%2C%20Prince%20Edward%20Island
2020-04-12,7,-1,0.0,13.3,2,61,No moonrise,08:34 AM,05:29 AM,06:55 PM,-2,-2,2,-2,32,15,73,0.0,1014,7,10,252,21,Canada%2C%20Prince%20Edward%20Island
2020-04-13,8,-2,0.0,12.0,1,53,12:43 AM,09:24 AM,05:27 AM,06:56 PM,2,1,4,1,41,73,79,0.1,1022,8,10,195,23,Canada%2C%20Prince%20Edward%20Island
2020-04-14,11,5,0.0,9.6,2,46,01:40 AM,10:20 AM,05:25 AM,06:57 PM,5,6,9,6,55,78,78,6.5,1007,11,9,228,31,Canada%2C%20Prince%20Edward%20Island
2020-04-15,8,3,0.0,12.0,2,38,02:27 AM,11:22 AM,05:23 AM,06:59 PM,-2,2,5,2,23,46,60,0.0,1010,8,10,236,14,Canada%2C%20Prince%20Edward%20Island
2020-04-16,4,-1,4.0,12.1,1,30,03:05 AM,12:25 PM,05:22 AM,07:00 PM,-3,-3,2,-3,24,70,72,4.8,1008,4,8,264,17,Canada%2C%20Prince%20Edward%20Island
2020-04-17,5,-2,0.1,13.3,1,23,03:36 AM,01:29 PM,05:20 AM,07:01 PM,-5,-3,1,-3,24,50,67,0.1,1011,5,9,247,16,Canada%2C%20Prince%20Edward%20Island
2020-04-18,7,-2,0.4,13.3,1,15,04:02 AM,02:32 PM,05:18 AM,07:03 PM,-3,-2,2,-2,18,36,73,0.6,1013,7,9,193,12,Canada%2C%20Prince%20Edward%20Island
2020-04-19,4,-1,0.0,13.9,2,8,04:24 AM,03:35 PM,05:16 AM,07:04 PM,-4,-3,1,-3,30,31,70,0.0,1002,4,10,157,22,Canada%2C%20Prince%20Edward%20Island
2020-04-20,6,-1,0.0,9.9,1,0,04:45 AM,04:37 PM,05:15 AM,07:05 PM,-2,-1,3,-1,25,58,71,0.5,1003,6,9,192,16,Canada%2C%20Prince%20Edward%20Island
2020-04-21,5,-1,0.0,12.2,1,0,05:05 AM,05:39 PM,05:13 AM,07:07 PM,-6,-3,1,-3,23,54,60,0.0,1004,5,10,206,15,Canada%2C%20Prince%20Edward%20Island
2020-04-22,6,1,0.0,9.9,1,0,05:25 AM,06:41 PM,05:11 AM,07:08 PM,-2,-2,3,-2,45,72,66,7.0,997,6,9,202,30,Canada%2C%20Prince%20Edward%20Island
2020-04-23,4,-5,0.0,9.9,1,0,05:46 AM,07:45 PM,05:09 AM,07:09 PM,-5,-5,0,-5,40,67,63,0.0,1002,4,10,244,29,Canada%2C%20Prince%20Edward%20Island
2020-04-24,8,-1,0.0,14.0,2,7,06:09 AM,08:49 PM,05:08 AM,07:11 PM,-3,0,4,0,26,22,64,0.0,1012,8,10,215,17,Canada%2C%20Prince%20Edward%20Island
2020-04-25,8,-0,0.0,14.1,2,15,06:36 AM,09:53 PM,05:06 AM,07:12 PM,-4,1,5,1,19,4,62,0.0,1013,8,10,263,12,Canada%2C%20Prince%20Edward%20Island
2020-04-26,10,0,0.0,11.1,2,22,07:09 AM,10:57 PM,05:04 AM,07:13 PM,-3,2,4,2,14,44,59,0.0,1022,10,10,219,9,Canada%2C%20Prince%20Edward%20Island
2020-04-27,5,0,0.0,8.8,1,30,07:49 AM,11:57 PM,05:03 AM,07:15 PM,-0,-2,3,-2,36,98,83,12.7,1021,5,9,64,24,Canada%2C%20Prince%20Edward%20Island
2020-04-28,1,-3,6.0,8.8,1,37,08:38 AM,No moonset,05:01 AM,07:16 PM,0,-6,1,-6,52,97,96,26.2,1015,1,4,47,35,Canada%2C%20Prince%20Edward%20Island
2020-04-29,5,-1,0.0,14.5,2,45,09:36 AM,12:51 AM,04:59 AM,07:17 PM,-2,-2,2,-2,25,33,77,0.0,1025,5,10,22,18,Canada%2C%20Prince%20Edward%20Island
2020-04-30,8,-2,0.0,13.4,1,52,10:42 AM,01:38 AM,04:58 AM,07:19 PM,-1,1,3,1,16,34,76,0.0,1031,8,10,174,10,Canada%2C%20Prince%20Edward%20Island
2020-05-01,12,0,0.0,11.3,2,58,11:55 AM,02:18 AM,04:56 AM,07:20 PM,2,1,6,1,43,54,76,0.0,1023,12,10,183,26,Canada%2C%20Prince%20Edward%20Island
2020-05-02,13,9,0.0,9.2,3,65,01:12 PM,02:51 AM,04:55 AM,07:21 PM,9,9,12,9,45,100,92,7.4,999,13,7,228,25,Canada%2C%20Prince%20Edward%20Island
2020-05-03,12,2,0.0,14.5,3,72,02:30 PM,03:21 AM,04:53 AM,07:23 PM,1,5,7,5,22,22,69,0.0,1007,12,10,241,13,Canada%2C%20Prince%20Edward%20Island
2020-05-04,10,4,0.0,9.2,2,80,03:50 PM,03:48 AM,04:52 AM,07:24 PM,4,2,6,2,28,100,85,5.6,1002,10,10,102,20,Canada%2C%20Prince%20Edward%20Island
2020-05-05,3,-3,2.3,9.2,1,87,05:10 PM,04:14 AM,04:50 AM,07:25 PM,2,-3,2,-3,44,100,96,24.6,997,3,4,154,31,Canada%2C%20Prince%20Edward%20Island
2020-05-06,7,1,0.0,10.3,1,94,06:31 PM,04:40 AM,04:49 AM,07:26 PM,1,-2,3,-2,42,77,85,4.8,1004,7,5,331,29,Canada%2C%20Prince%20Edward%20Island
2020-05-07,7,0,16.1,11.4,1,100,07:53 PM,05:10 AM,04:47 AM,07:28 PM,-0,-1,2,-1,22,66,82,18.9,1005,7,7,96,15,Canada%2C%20Prince%20Edward%20Island
2020-05-08,10,-1,0.0,12.4,2,100,09:12 PM,05:43 AM,04:46 AM,07:29 PM,2,2,4,2,27,49,83,0.2,1001,10,8,232,17,Canada%2C%20Prince%20Edward%20Island
2020-05-09,8,1,0.0,9.3,1,84,10:25 PM,06:23 AM,04:45 AM,07:30 PM,3,1,5,1,43,77,87,10.7,994,8,9,175,25,Canada%2C%20Prince%20Edward%20Island
2020-05-10,6,-2,1.6,9.3,1,77,11:29 PM,07:11 AM,04:43 AM,07:32 PM,1,-3,3,-3,54,91,86,10.5,993,6,5,253,39,Canada%2C%20Prince%20Edward%20Island
2020-05-11,12,3,0.0,13.5,2,70,No moonrise,08:06 AM,04:42 AM,07:33 PM,2,3,7,3,46,36,70,0.1,1006,12,10,228,28,Canada%2C%20Prince%20Edward%20Island
2020-05-12,11,5,0.0,9.3,2,62,12:22 AM,09:07 AM,04:41 AM,07:34 PM,5,4,7,4,36,95,84,5.9,1002,11,9,214,23,Canada%2C%20Prince%20Edward%20Island
2020-05-13,7,-2,0.0,10.4,1,55,01:05 AM,10:12 AM,04:40 AM,07:35 PM,2,0,4,0,30,78,84,3.9,1006,7,10,294,20,Canada%2C%20Prince%20Edward%20Island
2020-05-14,9,1,0.0,14.5,3,48,01:39 AM,11:17 AM,04:38 AM,07:36 PM,-2,0,5,0,40,30,61,0.0,1013,9,10,291,27,Canada%2C%20Prince%20Edward%20Island
2020-05-15,11,2,0.0,14.5,3,40,02:06 AM,12:22 PM,04:37 AM,07:38 PM,0,4,7,4,24,13,67,0.0,1014,11,10,253,14,Canada%2C%20Prince%20Edward%20Island
2020-05-16,11,3,0.0,14.5,3,33,02:30 AM,01:25 PM,04:36 AM,07:39 PM,-0,4,7,4,20,16,66,0.0,1016,11,10,61,13,Canada%2C%20Prince%20Edward%20Island
2020-05-17,10,1,0.0,14.5,3,26,02:51 AM,02:27 PM,04:35 AM,07:40 PM,0,4,6,4,16,9,69,0.0,1025,10,10,141,9,Canada%2C%20Prince%20Edward%20Island
2020-05-18,10,3,0.0,14.5,3,19,03:11 AM,03:29 PM,04:34 AM,07:41 PM,2,4,6,4,17,16,80,0.0,1023,10,10,133,11,Canada%2C%20Prince%20Edward%20Island
2020-05-19,7,1,0.0,14.5,3,11,03:31 AM,04:31 PM,04:33 AM,07:42 PM,-0,1,4,1,24,4,74,0.0,1029,7,9,182,16,Canada%2C%20Prince%20Edward%20Island
2020-05-20,14,-0,0.0,14.5,3,4,03:51 AM,05:35 PM,04:32 AM,07:43 PM,0,5,7,5,16,5,63,0.0,1030,14,10,277,9,Canada%2C%20Prince%20Edward%20Island
2020-05-21,17,7,0.0,14.5,4,0,04:13 AM,06:39 PM,04:31 AM,07:44 PM,6,9,12,9,51,21,69,0.0,1019,17,10,247,29,Canada%2C%20Prince%20Edward%20Island
2020-05-22,14,2,0.0,10.5,3,0,04:39 AM,07:45 PM,04:30 AM,07:46 PM,7,9,11,9,36,69,69,1.0,1011,14,9,290,20,Canada%2C%20Prince%20Edward%20Island
2020-05-23,8,2,0.0,14.5,3,3,05:10 AM,08:50 PM,04:29 AM,07:47 PM,-4,2,5,2,20,4,53,0.0,1021,8,10,301,14,Canada%2C%20Prince%20Edward%20Island
2020-05-24,15,2,0.0,14.5,3,10,05:48 AM,09:52 PM,04:28 AM,07:48 PM,-1,6,8,6,18,10,53,0.0,1026,15,10,240,11,Canada%2C%20Prince%20Edward%20Island
2020-05-25,16,5,0.0,14.5,4,17,06:34 AM,10:49 PM,04:27 AM,07:49 PM,2,8,10,8,36,19,58,0.0,1026,16,10,218,21,Canada%2C%20Prince%20Edward%20Island
2020-05-26,20,9,0.0,11.5,4,25,07:30 AM,11:38 PM,04:26 AM,07:50 PM,11,13,14,13,47,54,80,0.0,1022,20,10,228,27,Canada%2C%20Prince%20Edward%20Island
2020-05-27,20,13,0.0,10.5,4,32,08:34 AM,No moonset,04:26 AM,07:51 PM,14,14,15,14,26,80,92,3.0,1021,20,8,231,14,Canada%2C%20Prince%20Edward%20Island
2020-05-28,21,13,0.0,12.5,4,39,09:44 AM,12:20 AM,04:25 AM,07:52 PM,14,16,17,16,50,42,83,1.2,1017,21,10,232,27,Canada%2C%20Prince%20Edward%20Island
2020-05-29,20,14,0.0,12.5,4,47,10:58 AM,12:55 AM,04:24 AM,07:53 PM,15,16,17,16,61,56,87,0.0,1014,20,10,233,33,Canada%2C%20Prince%20Edward%20Island
2020-05-30,20,16,0.0,9.6,4,54,12:13 PM,01:25 AM,04:23 AM,07:54 PM,15,18,18,18,64,89,86,0.1,1009,20,10,220,32,Canada%2C%20Prince%20Edward%20Island
2020-05-31,19,13,0.0,10.6,4,58,01:30 PM,01:51 AM,04:23 AM,07:54 PM,13,16,16,16,25,91,87,1.2,1007,19,9,242,15,Canada%2C%20Prince%20Edward%20Island
2020-06-01,13,6,0.0,13.5,3,71,02:47 PM,02:16 AM,04:22 AM,07:55 PM,5,8,9,8,12,52,74,0.3,1013,13,10,208,8,Canada%2C%20Prince%20Edward%20Island
2020-06-02,13,3,0.0,14.5,3,79,04:06 PM,02:41 AM,04:22 AM,07:56 PM,2,6,8,6,20,17,66,0.0,1011,13,10,272,13,Canada%2C%20Prince%20Edward%20Island
2020-06-03,14,3,0.0,12.5,2,86,05:26 PM,03:08 AM,04:21 AM,07:57 PM,5,6,8,6,36,64,75,5.2,1003,14,10,227,21,Canada%2C%20Prince%20Edward%20Island
2020-06-04,18,9,0.0,12.5,3,94,06:45 PM,03:38 AM,04:21 AM,07:58 PM,9,12,13,12,32,57,76,2.7,1003,18,9,224,19,Canada%2C%20Prince%20Edward%20Island
2020-06-05,21,10,0.0,14.5,5,100,08:01 PM,04:14 AM,04:20 AM,07:58 PM,10,14,16,14,32,13,72,0.0,1012,21,10,227,18,Canada%2C%20Prince%20Edward%20Island
2020-06-06,19,13,0.0,9.6,4,100,09:11 PM,04:58 AM,04:20 AM,07:59 PM,15,15,15,15,25,92,95,11.2,1007,19,6,210,14,Canada%2C%20Prince%20Edward%20Island
2020-06-07,12,7,0.0,12.7,2,84,10:10 PM,05:50 AM,04:20 AM,08:00 PM,6,5,9,5,35,71,81,1.5,1007,12,7,63,25,Canada%2C%20Prince%20Edward%20Island
2020-06-08,13,6,0.0,12.7,3,76,10:59 PM,06:49 AM,04:19 AM,08:00 PM,6,7,9,7,22,61,79,0.2,1007,13,10,339,15,Canada%2C%20Prince%20Edward%20Island
2020-06-09,14,6,0.0,14.5,4,69,11:38 PM,07:54 AM,04:19 AM,08:01 PM,5,8,10,8,19,25,75,0.0,1012,14,10,184,12,Canada%2C%20Prince%20Edward%20Island
2020-06-10,15,4,0.0,14.5,4,61,No moonrise,09:01 AM,04:19 AM,08:02 PM,3,9,10,9,16,6,65,0.0,1021,15,10,189,9,Canada%2C%20Prince%20Edward%20Island
2020-06-11,15,6,0.0,12.7,3,54,12:08 AM,10:07 AM,04:19 AM,08:02 PM,4,8,10,8,50,50,61,0.0,1023,15,10,177,28,Canada%2C%20Prince%20Edward%20Island
2020-06-12,20,14,0.0,10.8,4,46,12:34 AM,11:12 AM,04:18 AM,08:03 PM,15,16,17,16,47,83,88,1.3,1017,20,9,201,26,Canada%2C%20Prince%20Edward%20Island
2020-06-13,19,12,0.0,9.9,4,38,12:56 AM,12:15 PM,04:18 AM,08:03 PM,13,14,15,14,26,76,90,0.2,1018,19,10,187,16,Canada%2C%20Prince%20Edward%20Island
2020-06-14,14,10,0.0,9.9,3,31,01:16 AM,01:18 PM,04:18 AM,08:04 PM,9,10,12,10,24,90,85,1.7,1026,14,9,40,15,Canada%2C%20Prince%20Edward%20Island
2020-06-15,16,7,0.0,14.5,4,23,01:36 AM,02:19 PM,04:18 AM,08:04 PM,5,11,12,11,15,36,65,0.0,1029,16,10,50,9,Canada%2C%20Prince%20Edward%20Island
2020-06-16,21,8,0.0,14.5,5,16,01:56 AM,03:23 PM,04:18 AM,08:04 PM,8,14,14,14,17,9,67,0.0,1026,21,10,216,10,Canada%2C%20Prince%20Edward%20Island
2020-06-17,22,12,0.0,14.5,5,8,02:17 AM,04:26 PM,04:18 AM,08:05 PM,10,16,17,16,39,3,66,0.0,1022,22,10,229,21,Canada%2C%20Prince%20Edward%20Island
2020-06-18,25,14,0.0,14.5,5,1,02:41 AM,05:32 PM,04:18 AM,08:05 PM,12,18,19,18,42,6,66,0.0,1016,25,10,244,23,Canada%2C%20Prince%20Edward%20Island
2020-06-19,27,16,0.0,14.5,6,0,03:10 AM,06:37 PM,04:19 AM,08:05 PM,16,22,22,21,32,15,74,0.9,1013,27,10,245,18,Canada%2C%20Prince%20Edward%20Island
2020-06-20,19,13,0.0,14.5,5,0,03:45 AM,07:42 PM,04:19 AM,08:06 PM,14,17,17,17,25,16,83,0.0,1015,19,9,114,15,Canada%2C%20Prince%20Edward%20Island
2020-06-21,23,11,0.0,12.7,4,0,04:28 AM,08:42 PM,04:19 AM,08:06 PM,14,16,17,16,24,34,87,0.0,1019,23,7,131,15,Canada%2C%20Prince%20Edward%20Island
2020-06-22,25,14,0.0,14.5,5,7,05:22 AM,09:36 PM,04:19 AM,08:06 PM,16,18,19,18,19,27,84,0.0,1015,25,10,169,12,Canada%2C%20Prince%20Edward%20Island
2020-06-23,25,17,0.0,12.7,5,14,06:24 AM,10:20 PM,04:19 AM,08:06 PM,18,21,21,21,19,45,87,0.0,1010,25,8,193,12,Canada%2C%20Prince%20Edward%20Island
2020-06-24,25,17,0.0,13.6,5,22,07:35 AM,10:58 PM,04:20 AM,08:06 PM,18,20,21,20,27,30,84,0.0,1009,25,10,198,16,Canada%2C%20Prince%20Edward%20Island
2020-06-25,25,18,0.0,12.7,5,29,08:48 AM,11:29 PM,04:20 AM,08:06 PM,17,22,22,21,29,40,82,0.1,1010,25,10,211,17,Canada%2C%20Prince%20Edward%20Island
2020-06-26,25,15,0.0,13.6,5,37,10:04 AM,11:56 PM,04:21 AM,08:06 PM,14,19,20,19,23,26,72,0.1,1013,25,10,218,13,Canada%2C%20Prince%20Edward%20Island
2020-06-27,23,15,0.0,12.7,4,44,11:19 AM,No moonset,04:21 AM,08:06 PM,15,18,19,18,27,59,80,1.2,1009,23,10,224,17,Canada%2C%20Prince%20Edward%20Island
2020-06-28,23,15,0.0,13.6,4,52,12:35 PM,12:21 AM,04:22 AM,08:06 PM,15,18,19,18,22,38,81,0.0,1009,23,10,154,14,Canada%2C%20Prince%20Edward%20Island
2020-06-29,22,16,0.0,9.9,5,59,01:51 PM,12:45 AM,04:22 AM,08:06 PM,17,19,20,19,17,90,89,3.3,1014,22,8,130,11,Canada%2C%20Prince%20Edward%20Island
2020-06-30,22,18,0.0,9.9,5,67,03:08 PM,01:10 AM,04:23 AM,08:06 PM,18,20,21,20,18,86,92,0.9,1016,22,7,71,12,Canada%2C%20Prince%20Edward%20Island
2020-07-01,24,17,0.0,11.7,5,72,04:25 PM,01:38 AM,04:23 AM,08:06 PM,18,20,21,20,9,67,90,2.1,1011,24,9,239,5,Canada%2C%20Prince%20Edward%20Island
2020-07-02,24,15,0.0,13.6,5,79,05:41 PM,02:10 AM,04:24 AM,08:05 PM,17,19,20,19,27,45,90,8.2,1006,24,10,185,17,Canada%2C%20Prince%20Edward%20Island
2020-07-03,18,13,0.0,10.8,4,86,06:53 PM,02:49 AM,04:24 AM,08:05 PM,12,14,15,14,24,62,83,10.9,1012,18,9,32,17,Canada%2C%20Prince%20Edward%20Island
2020-07-04,20,12,0.0,14.5,5,94,07:57 PM,03:37 AM,04:25 AM,08:05 PM,12,15,16,15,26,25,79,0.3,1015,20,10,149,16,Canada%2C%20Prince%20Edward%20Island
2020-07-05,19,13,0.0,9.9,4,100,08:50 PM,04:33 AM,04:26 AM,08:04 PM,13,15,16,15,24,86,86,5.3,1014,19,9,201,16,Canada%2C%20Prince%20Edward%20Island
2020-07-06,16,12,0.0,11.7,3,100,09:33 PM,05:37 AM,04:26 AM,08:04 PM,12,13,14,13,23,80,88,4.1,1017,16,10,129,15,Canada%2C%20Prince%20Edward%20Island
2020-07-07,19,10,0.0,13.6,4,85,10:07 PM,06:43 AM,04:27 AM,08:03 PM,11,14,14,14,15,32,82,0.0,1021,19,10,128,9,Canada%2C%20Prince%20Edward%20Island
2020-07-08,20,13,0.0,11.7,4,77,10:35 PM,07:51 AM,04:28 AM,08:03 PM,13,15,16,15,35,56,84,5.5,1018,20,10,195,22,Canada%2C%20Prince%20Edward%20Island
2020-07-09,22,13,0.0,10.8,4,70,10:59 PM,08:57 AM,04:29 AM,08:02 PM,17,17,18,17,16,74,90,2.0,1015,22,9,207,10,Canada%2C%20Prince%20Edward%20Island
2020-07-10,25,16,0.0,14.5,6,63,11:20 PM,10:02 AM,04:30 AM,08:02 PM,17,20,21,20,10,25,84,0.2,1019,25,10,159,6,Canada%2C%20Prince%20Edward%20Island
2020-07-11,26,18,0.0,12.6,5,55,11:40 PM,11:05 AM,04:31 AM,08:01 PM,19,23,23,22,26,43,86,0.3,1016,26,8,196,15,Canada%2C%20Prince%20Edward%20Island
2020-07-12,26,20,0.0,10.8,5,48,11:59 PM,12:07 PM,04:31 AM,08:01 PM,20,24,24,23,40,74,87,6.0,1007,26,9,185,24,Canada%2C%20Prince%20Edward%20Island
2020-07-13,26,19,0.0,14.5,6,41,No moonrise,01:09 PM,04:32 AM,08:00 PM,18,24,24,22,31,24,79,0.1,1005,26,10,247,20,Canada%2C%20Prince%20Edward%20Island
2020-07-14,17,15,0.0,9.5,4,34,12:20 AM,02:12 PM,04:33 AM,07:59 PM,14,16,16,16,25,85,89,1.4,1015,17,7,24,17,Canada%2C%20Prince%20Edward%20Island
2020-07-15,18,14,0.0,9.5,4,26,12:43 AM,03:17 PM,04:34 AM,07:58 PM,15,16,16,16,28,89,91,20.8,1020,18,9,28,20,Canada%2C%20Prince%20Edward%20Island
2020-07-16,19,11,0.0,13.5,4,19,01:09 AM,04:22 PM,04:35 AM,07:58 PM,12,15,15,15,20,36,79,0.0,1026,19,10,45,14,Canada%2C%20Prince%20Edward%20Island
2020-07-17,21,10,0.0,14.5,5,12,01:42 AM,05:28 PM,04:36 AM,07:57 PM,11,15,16,15,13,29,76,0.0,1022,21,10,198,8,Canada%2C%20Prince%20Edward%20Island
2020-07-18,21,14,0.0,10.5,4,5,02:21 AM,06:30 PM,04:37 AM,07:56 PM,15,16,18,16,20,79,88,1.8,1015,21,7,222,13,Canada%2C%20Prince%20Edward%20Island
2020-07-19,26,16,0.0,13.5,5,0,03:11 AM,07:27 PM,04:38 AM,07:55 PM,17,21,21,21,18,25,82,0.1,1012,26,8,224,10,Canada%2C%20Prince%20Edward%20Island
2020-07-20,25,15,0.0,11.5,5,0,04:10 AM,08:15 PM,04:39 AM,07:54 PM,18,20,22,20,42,54,81,0.7,1008,25,10,213,24,Canada%2C%20Prince%20Edward%20Island
2020-07-21,23,17,0.0,14.5,6,2,05:19 AM,08:57 PM,04:40 AM,07:53 PM,17,20,21,20,24,28,82,0.0,1009,23,10,245,15,Canada%2C%20Prince%20Edward%20Island
2020-07-22,23,14,0.0,13.5,4,10,06:33 AM,09:31 PM,04:41 AM,07:52 PM,12,19,20,19,16,26,67,0.0,1017,23,10,253,9,Canada%2C%20Prince%20Edward%20Island
2020-07-23,20,15,0.0,9.4,4,17,07:51 AM,10:00 PM,04:43 AM,07:51 PM,15,18,18,18,17,74,86,12.9,1017,20,6,140,11,Canada%2C%20Prince%20Edward%20Island
2020-07-24,22,16,0.0,11.4,5,24,09:08 AM,10:25 PM,04:44 AM,07:50 PM,18,20,21,20,15,60,88,25.9,1014,22,9,172,10,Canada%2C%20Prince%20Edward%20Island
2020-07-25,26,17,0.0,14.5,6,32,10:25 AM,10:50 PM,04:45 AM,07:49 PM,16,21,21,21,24,31,77,0.3,1014,26,10,226,14,Canada%2C%20Prince%20Edward%20Island
2020-07-26,21,17,0.0,10.4,4,39,11:41 AM,11:15 PM,04:46 AM,07:48 PM,17,19,19,19,31,87,93,6.1,1007,21,10,241,19,Canada%2C%20Prince%20Edward%20Island
2020-07-27,24,14,0.0,11.4,5,46,12:57 PM,11:41 PM,04:47 AM,07:47 PM,18,19,20,19,11,68,89,0.3,1004,24,6,162,7,Canada%2C%20Prince%20Edward%20Island
2020-07-28,25,18,0.0,9.4,5,53,02:13 PM,No moonset,04:48 AM,07:45 PM,21,23,23,21,14,85,93,19.8,1004,25,8,218,8,Canada%2C%20Prince%20Edward%20Island
2020-07-29,28,20,0.0,10.4,5,61,03:29 PM,12:11 AM,04:49 AM,07:44 PM,21,25,25,23,14,64,88,2.0,1009,28,7,207,8,Canada%2C%20Prince%20Edward%20Island
2020-07-30,27,19,0.0,12.4,5,68,04:40 PM,12:47 AM,04:51 AM,07:43 PM,19,24,24,23,25,42,84,0.9,1007,27,10,234,15,Canada%2C%20Prince%20Edward%20Island
2020-07-31,24,17,0.0,10.4,5,72,05:46 PM,01:31 AM,04:52 AM,07:42 PM,18,20,22,20,18,72,88,3.2,1007,24,10,235,11,Canada%2C%20Prince%20Edward%20Island
2020-08-01,19,15,0.0,9.3,4,82,06:42 PM,02:22 AM,04:53 AM,07:40 PM,16,17,17,17,21,77,90,2.2,1010,19,9,314,14,Canada%2C%20Prince%20Edward%20Island
2020-08-02,26,14,0.0,14.5,6,90,07:29 PM,03:23 AM,04:54 AM,07:39 PM,15,21,21,20,18,5,76,0.0,1015,26,10,247,11,Canada%2C%20Prince%20Edward%20Island
2020-08-03,27,19,0.0,12.4,5,97,08:06 PM,04:27 AM,04:56 AM,07:37 PM,18,23,23,22,40,41,78,0.5,1014,27,10,209,25,Canada%2C%20Prince%20Edward%20Island
2020-08-04,25,18,0.0,14.5,6,100,08:36 PM,05:35 AM,04:57 AM,07:36 PM,16,22,22,21,34,12,72,0.0,1016,25,10,219,22,Canada%2C%20Prince%20Edward%20Island
2020-08-05,27,16,0.0,14.5,6,88,09:01 PM,06:42 AM,04:58 AM,07:35 PM,17,22,22,21,34,26,78,0.0,1017,27,10,170,21,Canada%2C%20Prince%20Edward%20Island
2020-08-06,25,19,0.0,14.5,6,81,09:23 PM,07:48 AM,04:59 AM,07:33 PM,16,23,23,22,35,18,74,0.0,1014,25,10,239,23,Canada%2C%20Prince%20Edward%20Island
2020-08-07,25,17,0.0,14.3,6,74,09:44 PM,08:52 AM,05:00 AM,07:32 PM,14,21,21,21,33,7,65,0.0,1018,25,10,270,21,Canada%2C%20Prince%20Edward%20Island
2020-08-08,25,17,0.0,14.3,6,67,10:03 PM,09:55 AM,05:02 AM,07:30 PM,15,21,21,21,18,20,70,0.0,1020,25,10,225,10,Canada%2C%20Prince%20Edward%20Island
2020-08-09,27,18,0.0,14.3,6,59,10:23 PM,10:57 AM,05:03 AM,07:29 PM,15,23,23,22,21,19,67,0.0,1016,27,10,246,12,Canada%2C%20Prince%20Edward%20Island
2020-08-10,28,18,0.0,14.2,6,52,10:44 PM,11:59 AM,05:04 AM,07:27 PM,18,23,23,22,26,19,77,0.0,1015,28,10,240,16,Canada%2C%20Prince%20Edward%20Island
2020-08-11,28,19,0.0,13.4,5,45,11:09 PM,01:03 PM,05:05 AM,07:25 PM,19,24,24,23,32,44,82,0.0,1014,28,10,208,21,Canada%2C%20Prince%20Edward%20Island
2020-08-12,29,21,0.0,13.4,5,38,11:38 PM,02:07 PM,05:07 AM,07:24 PM,19,25,25,24,34,41,77,0.3,1014,29,10,217,23,Canada%2C%20Prince%20Edward%20Island
2020-08-13,28,19,0.0,13.4,6,30,No moonrise,03:12 PM,05:08 AM,07:22 PM,17,24,24,23,21,25,75,0.0,1015,28,10,207,13,Canada%2C%20Prince%20Edward%20Island
2020-08-14,24,16,0.0,12.2,5,23,12:13 AM,04:14 PM,05:09 AM,07:21 PM,15,20,21,20,21,37,75,0.6,1018,24,10,183,14,Canada%2C%20Prince%20Edward%20Island
2020-08-15,24,14,0.0,12.2,5,16,12:58 AM,05:14 PM,05:11 AM,07:19 PM,15,19,20,19,24,43,78,1.9,1021,24,10,68,15,Canada%2C%20Prince%20Edward%20Island
2020-08-16,21,11,0.0,14.1,5,8,01:53 AM,06:06 PM,05:12 AM,07:17 PM,11,16,17,16,19,6,73,0.0,1018,21,10,50,13,Canada%2C%20Prince%20Edward%20Island
2020-08-17,21,14,0.0,14.0,5,1,02:58 AM,06:51 PM,05:13 AM,07:16 PM,11,17,17,17,20,18,70,0.0,1016,21,10,149,13,Canada%2C%20Prince%20Edward%20Island
2020-08-18,20,12,0.0,11.1,4,0,04:11 AM,07:28 PM,05:14 AM,07:14 PM,13,16,16,16,17,56,82,0.2,1009,20,10,109,10,Canada%2C%20Prince%20Edward%20Island
2020-08-19,24,16,0.0,14.0,6,0,05:30 AM,08:00 PM,05:16 AM,07:12 PM,15,19,20,19,31,37,76,0.0,1007,24,10,238,21,Canada%2C%20Prince%20Edward%20Island
2020-08-20,21,14,0.0,13.9,5,6,06:49 AM,08:27 PM,05:17 AM,07:10 PM,11,18,18,18,33,14,64,0.0,1011,21,10,267,22,Canada%2C%20Prince%20Edward%20Island
2020-08-21,18,6,0.0,12.2,4,13,08:08 AM,08:53 PM,05:18 AM,07:09 PM,12,13,14,13,24,49,78,0.9,1012,18,7,252,15,Canada%2C%20Prince%20Edward%20Island
2020-08-22,22,15,0.0,11.0,4,20,09:27 AM,09:18 PM,05:19 AM,07:07 PM,13,18,19,18,18,64,77,1.1,1011,22,7,188,12,Canada%2C%20Prince%20Edward%20Island
2020-08-23,23,13,0.0,13.8,5,28,10:46 AM,09:44 PM,05:21 AM,07:05 PM,11,18,19,18,19,21,64,0.0,1015,23,10,232,11,Canada%2C%20Prince%20Edward%20Island
2020-08-24,23,16,0.0,13.8,6,35,12:03 PM,10:13 PM,05:22 AM,07:03 PM,14,19,20,19,18,31,77,2.4,1014,23,10,209,11,Canada%2C%20Prince%20Edward%20Island
2020-08-25,23,11,0.0,9.8,4,42,01:20 PM,10:47 PM,05:23 AM,07:01 PM,16,17,18,17,33,63,85,3.3,1007,23,10,166,20,Canada%2C%20Prince%20Edward%20Island
2020-08-26,16,13,0.0,13.3,3,50,02:33 PM,11:28 PM,05:24 AM,06:59 PM,9,14,15,14,43,52,67,17.1,996,16,9,276,31,Canada%2C%20Prince%20Edward%20Island
2020-08-27,15,7,0.0,10.8,3,57,03:40 PM,No moonset,05:26 AM,06:58 PM,5,10,12,10,51,60,59,0.8,997,15,10,271,35,Canada%2C%20Prince%20Edward%20Island
2020-08-28,20,11,0.0,13.3,5,64,04:38 PM,12:17 AM,05:27 AM,06:56 PM,7,14,15,14,36,11,57,0.0,1003,20,10,284,23,Canada%2C%20Prince%20Edward%20Island
2020-08-29,19,10,0.0,13.3,4,71,05:27 PM,01:14 AM,05:28 AM,06:54 PM,9,13,15,13,20,40,74,10.7,1008,19,9,222,12,Canada%2C%20Prince%20Edward%20Island
2020-08-30,23,14,0.0,10.8,4,79,06:06 PM,02:16 AM,05:29 AM,06:52 PM,15,17,18,17,29,71,86,19.6,995,23,7,169,19,Canada%2C%20Prince%20Edward%20Island
2020-08-31,16,11,0.0,12.0,3,82,06:38 PM,03:23 AM,05:31 AM,06:50 PM,9,12,14,12,35,67,73,1.0,1009,16,9,304,24,Canada%2C%20Prince%20Edward%20Island
2020-09-01,18,9,0.0,13.2,4,97,07:04 PM,04:29 AM,05:32 AM,06:48 PM,7,13,13,13,13,5,67,0.0,1024,18,10,245,8,Canada%2C%20Prince%20Edward%20Island
2020-09-02,21,12,0.0,13.1,5,100,07:27 PM,05:36 AM,05:33 AM,06:46 PM,10,16,16,16,34,7,70,0.0,1021,21,10,197,22,Canada%2C%20Prince%20Edward%20Island
2020-09-03,22,12,0.0,8.2,4,88,07:48 PM,06:40 AM,05:35 AM,06:44 PM,17,18,19,18,44,80,85,1.3,1011,22,7,188,28,Canada%2C%20Prince%20Edward%20Island
2020-09-04,24,20,0.0,8.2,5,81,08:07 PM,07:44 AM,05:36 AM,06:42 PM,20,21,22,21,41,84,90,16.9,1007,24,9,203,24,Canada%2C%20Prince%20Edward%20Island
2020-09-05,21,14,0.0,13.0,5,73,08:26 PM,08:46 AM,05:37 AM,06:40 PM,11,18,18,18,25,25,68,0.0,1013,21,10,268,15,Canada%2C%20Prince%20Edward%20Island
2020-09-06,22,12,0.0,13.0,5,66,08:47 PM,09:49 AM,05:38 AM,06:38 PM,10,17,18,17,21,15,67,0.0,1020,22,10,237,13,Canada%2C%20Prince%20Edward%20Island
2020-09-07,22,12,0.0,13.0,5,58,09:10 PM,10:51 AM,05:40 AM,06:36 PM,12,17,18,17,23,10,73,0.0,1024,22,10,199,15,Canada%2C%20Prince%20Edward%20Island
2020-09-08,25,15,0.0,12.9,6,50,09:37 PM,11:55 AM,05:41 AM,06:35 PM,13,19,20,19,27,9,71,0.0,1022,25,10,200,16,Canada%2C%20Prince%20Edward%20Island
2020-09-09,24,15,0.0,12.9,5,43,10:09 PM,12:58 PM,05:42 AM,06:33 PM,15,19,21,19,12,12,79,0.0,1028,24,9,161,7,Canada%2C%20Prince%20Edward%20Island
2020-09-10,22,13,0.0,9.3,4,35,10:48 PM,02:01 PM,05:43 AM,06:31 PM,16,17,18,17,21,68,89,2.6,1024,22,9,143,13,Canada%2C%20Prince%20Edward%20Island
2020-09-11,14,9,0.0,8.0,3,28,11:38 PM,03:01 PM,05:45 AM,06:29 PM,11,13,15,13,32,89,82,4.4,1017,14,9,322,22,Canada%2C%20Prince%20Edward%20Island
2020-09-12,19,8,0.0,12.8,5,20,No moonrise,03:56 PM,05:46 AM,06:27 PM,7,12,13,12,17,3,70,0.0,1024,19,10,222,11,Canada%2C%20Prince%20Edward%20Island
2020-09-13,20,13,0.0,12.8,5,13,12:37 AM,04:43 PM,05:47 AM,06:25 PM,9,15,16,15,32,19,67,0.0,1024,20,10,210,20,Canada%2C%20Prince%20Edward%20Island
2020-09-14,19,7,0.0,9.3,4,5,01:46 AM,05:23 PM,05:48 AM,06:23 PM,13,15,16,15,38,76,80,2.1,1011,19,8,258,25,Canada%2C%20Prince%20Edward%20Island
2020-09-15,14,8,0.0,12.7,4,0,03:01 AM,05:57 PM,05:49 AM,06:21 PM,4,9,11,9,27,19,63,0.0,1020,14,10,331,18,Canada%2C%20Prince%20Edward%20Island
2020-09-16,18,7,0.0,12.7,3,0,04:21 AM,06:26 PM,05:51 AM,06:19 PM,5,12,13,12,33,26,60,0.0,1021,18,10,213,22,Canada%2C%20Prince%20Edward%20Island
2020-09-17,22,16,0.0,11.9,4,0,05:42 AM,06:52 PM,05:52 AM,06:17 PM,11,18,19,18,46,55,70,0.2,1015,22,10,173,32,Canada%2C%20Prince%20Edward%20Island
2020-09-18,13,9,0.0,9.2,3,2,07:03 AM,07:18 PM,05:53 AM,06:15 PM,5,9,11,9,24,77,66,0.4,1017,13,8,25,17,Canada%2C%20Prince%20Edward%20Island
2020-09-19,13,8,0.0,12.6,4,10,08:24 AM,07:44 PM,05:54 AM,06:13 PM,2,8,11,8,28,10,57,0.0,1020,13,10,263,19,Canada%2C%20Prince%20Edward%20Island
2020-09-20,13,5,0.0,10.5,3,17,09:46 AM,08:13 PM,05:56 AM,06:11 PM,2,6,8,6,23,38,64,0.4,1029,13,10,208,16,Canada%2C%20Prince%20Edward%20Island
2020-09-21,16,5,0.0,12.5,4,25,11:06 AM,08:46 PM,05:57 AM,06:09 PM,2,9,10,9,15,0,64,0.0,1033,16,10,252,8,Canada%2C%20Prince%20Edward%20Island
2020-09-22,14,1,0.0,11.8,2,32,12:23 PM,09:25 PM,05:58 AM,06:07 PM,5,6,8,6,36,69,76,11.1,1019,14,9,56,23,Canada%2C%20Prince%20Edward%20Island
2020-09-23,17,9,0.0,7.8,4,40,01:34 PM,10:12 PM,05:59 AM,06:05 PM,14,14,15,14,48,93,94,74.4,989,17,5,135,31,Canada%2C%20Prince%20Edward%20Island
2020-09-24,18,13,0.0,10.2,4,47,02:36 PM,11:07 PM,06:01 AM,06:03 PM,11,14,15,14,34,35,75,0.3,1006,18,10,279,22,Canada%2C%20Prince%20Edward%20Island
2020-09-25,15,7,0.0,11.6,4,55,03:28 PM,No moonset,06:02 AM,06:01 PM,5,10,12,10,21,36,65,0.2,1017,15,10,269,13,Canada%2C%20Prince%20Edward%20Island
2020-09-26,20,8,0.0,5.8,4,62,04:09 PM,12:09 AM,06:03 AM,05:59 PM,9,14,14,14,24,39,71,0.0,1020,20,10,217,14,Canada%2C%20Prince%20Edward%20Island
2020-09-27,22,14,0.0,8.7,5,70,04:42 PM,01:14 AM,06:04 AM,05:57 PM,14,17,18,17,38,16,81,0.0,1016,22,10,215,23,Canada%2C%20Prince%20Edward%20Island
2020-09-28,22,18,0.0,4.3,5,78,05:09 PM,02:20 AM,06:06 AM,05:56 PM,17,20,20,20,42,65,84,0.0,1018,22,10,206,25,Canada%2C%20Prince%20Edward%20Island
2020-09-29,22,19,0.0,4.3,5,85,05:33 PM,03:27 AM,06:07 AM,05:54 PM,18,20,21,20,48,84,84,0.1,1018,22,10,194,28,Canada%2C%20Prince%20Edward%20Island
2020-09-30,23,19,0.0,5.8,5,93,05:53 PM,04:31 AM,06:08 AM,05:52 PM,18,21,22,21,54,76,85,0.5,1010,23,9,186,32,Canada%2C%20Prince%20Edward%20Island
2020-10-01,20,13,0.0,8.7,5,97,06:12 PM,05:35 AM,06:10 AM,05:50 PM,12,16,16,16,34,18,77,0.1,1011,20,10,220,21,Canada%2C%20Prince%20Edward%20Island
2020-10-02,20,13,0.0,8.7,5,100,06:31 PM,06:37 AM,06:11 AM,05:48 PM,12,16,16,16,19,11,79,0.0,1015,20,10,179,11,Canada%2C%20Prince%20Edward%20Island
2020-10-03,15,9,0.0,7.2,3,89,06:51 PM,07:40 AM,06:12 AM,05:46 PM,9,11,13,11,25,28,76,0.0,1016,15,10,228,17,Canada%2C%20Prince%20Edward%20Island
2020-10-04,15,8,0.0,5.7,3,82,07:13 PM,08:42 AM,06:13 AM,05:44 PM,7,11,11,11,10,70,75,1.7,1024,15,10,227,6,Canada%2C%20Prince%20Edward%20Island
2020-10-05,15,8,0.0,5.7,3,74,07:38 PM,09:46 AM,06:15 AM,05:42 PM,7,10,11,10,14,65,76,2.1,1022,15,10,159,8,Canada%2C%20Prince%20Edward%20Island
2020-10-06,17,10,0.0,8.7,4,67,08:07 PM,10:49 AM,06:16 AM,05:40 PM,9,12,13,12,31,36,78,0.1,1020,17,10,205,20,Canada%2C%20Prince%20Edward%20Island
2020-10-07,17,13,0.0,5.7,4,60,08:43 PM,11:52 AM,06:17 AM,05:38 PM,12,14,15,14,40,79,83,2.5,1006,17,9,198,26,Canada%2C%20Prince%20Edward%20Island
2020-10-08,13,7,0.0,4.2,3,53,09:28 PM,12:52 PM,06:19 AM,05:37 PM,7,8,11,8,54,81,77,16.4,988,13,8,263,37,Canada%2C%20Prince%20Edward%20Island
2020-10-09,8,4,0.0,5.7,2,45,10:21 PM,01:48 PM,06:20 AM,05:35 PM,-3,0,6,0,56,39,53,0.0,1004,8,10,291,39,Canada%2C%20Prince%20Edward%20Island
2020-10-10,17,4,0.0,5.7,3,38,11:25 PM,02:36 PM,06:21 AM,05:33 PM,4,8,10,8,44,62,66,0.2,1011,17,10,234,27,Canada%2C%20Prince%20Edward%20Island
2020-10-11,11,5,0.0,5.7,2,31,No moonrise,03:18 PM,06:23 AM,05:31 PM,4,7,9,7,43,55,71,16.5,1013,11,9,287,29,Canada%2C%20Prince%20Edward%20Island
2020-10-12,10,2,0.0,8.7,3,23,12:35 AM,03:54 PM,06:24 AM,05:29 PM,-0,3,5,3,19,4,67,0.0,1026,10,10,268,11,Canada%2C%20Prince%20Edward%20Island
2020-10-13,12,3,0.0,8.7,3,16,01:52 AM,04:23 PM,06:25 AM,05:27 PM,4,5,8,5,21,8,77,0.0,1025,12,10,139,13,Canada%2C%20Prince%20Edward%20Island
2020-10-14,17,10,0.0,4.1,4,9,03:11 AM,04:51 PM,06:27 AM,05:25 PM,13,12,14,12,49,97,91,22.8,1011,17,7,174,30,Canada%2C%20Prince%20Edward%20Island
2020-10-15,16,8,0.0,8.7,4,2,04:31 AM,05:16 PM,06:28 AM,05:24 PM,8,10,12,10,30,11,80,0.0,1015,16,10,232,18,Canada%2C%20Prince%20Edward%20Island
2020-10-16,18,12,0.0,8.7,4,0,05:54 AM,05:42 PM,06:29 AM,05:22 PM,8,12,13,12,33,2,72,0.0,1023,18,10,188,20,Canada%2C%20Prince%20Edward%20Island
2020-10-17,20,10,0.0,7.2,4,0,07:17 AM,06:09 PM,06:31 AM,05:20 PM,12,14,15,14,44,57,86,5.5,1019,20,10,147,27,Canada%2C%20Prince%20Edward%20Island
2020-10-18,13,6,0.0,8.7,3,5,08:40 AM,06:41 PM,06:32 AM,05:18 PM,2,6,8,6,25,21,65,2.6,1028,13,10,228,16,Canada%2C%20Prince%20Edward%20Island
2020-10-19,11,5,0.0,4.1,2,13,10:02 AM,07:18 PM,06:34 AM,05:17 PM,7,8,9,8,13,64,88,0.3,1031,11,8,158,7,Canada%2C%20Prince%20Edward%20Island
2020-10-20,19,11,0.0,4.1,4,20,11:20 AM,08:03 PM,06:35 AM,05:15 PM,13,14,15,14,30,93,91,5.2,1025,19,8,206,18,Canada%2C%20Prince%20Edward%20Island
2020-10-21,13,7,0.0,8.7,3,27,12:28 PM,08:57 PM,06:36 AM,05:13 PM,8,9,11,9,27,63,81,0.2,1027,13,9,179,18,Canada%2C%20Prince%20Edward%20Island
2020-10-22,17,9,0.0,5.6,4,35,01:25 PM,09:59 PM,06:38 AM,05:11 PM,11,14,15,14,37,58,80,1.2,1020,17,8,271,23,Canada%2C%20Prince%20Edward%20Island
2020-10-23,11,3,0.0,8.7,3,42,02:10 PM,11:05 PM,06:39 AM,05:10 PM,3,5,7,5,20,34,73,0.0,1027,11,10,208,13,Canada%2C%20Prince%20Edward%20Island
2020-10-24,16,8,0.0,8.7,4,49,02:46 PM,No moonset,06:41 AM,05:08 PM,7,9,11,9,33,36,76,0.1,1016,16,10,191,22,Canada%2C%20Prince%20Edward%20Island
2020-10-25,6,2,0.0,4.0,2,56,03:15 PM,12:11 AM,06:42 AM,05:06 PM,1,2,6,2,32,68,69,0.6,1017,6,8,329,23,Canada%2C%20Prince%20Edward%20Island
2020-10-26,7,0,0.0,7.1,1,64,03:39 PM,01:18 AM,06:44 AM,05:05 PM,-3,1,3,1,16,47,63,0.0,1030,7,10,220,10,Canada%2C%20Prince%20Edward%20Island
2020-10-27,11,3,0.0,4.0,2,71,04:00 PM,02:23 AM,06:45 AM,05:03 PM,4,3,7,3,35,85,82,19.4,1016,11,7,270,24,Canada%2C%20Prince%20Edward%20Island
2020-10-28,4,-3,0.3,7.1,1,78,04:19 PM,03:27 AM,06:46 AM,05:02 PM,-4,-2,2,-2,24,46,64,0.3,1017,4,9,281,16,Canada%2C%20Prince%20Edward%20Island
2020-10-29,7,3,0.0,5.5,2,85,04:38 PM,04:29 AM,06:48 AM,05:00 PM,1,1,5,1,26,85,78,4.9,1008,7,10,267,18,Canada%2C%20Prince%20Edward%20Island
2020-10-30,3,-0,0.0,8.7,2,93,04:57 PM,05:32 AM,06:49 AM,04:58 PM,-6,-3,1,-3,29,45,59,0.0,1013,3,10,349,20,Canada%2C%20Prince%20Edward%20Island
2020-10-31,4,-0,0.9,3.8,1,97,05:18 PM,06:34 AM,06:51 AM,04:57 PM,-5,-3,1,-3,27,66,63,1.1,1024,4,8,313,18,Canada%2C%20Prince%20Edward%20Island
2020-11-01,8,-0,0.0,8.7,2,89,05:42 PM,07:38 AM,06:52 AM,04:55 PM,-2,-0,4,-0,36,24,62,0.0,1026,8,10,217,23,Canada%2C%20Prince%20Edward%20Island
2020-11-02,14,7,0.0,3.8,3,81,06:09 PM,08:42 AM,06:54 AM,04:54 PM,9,9,12,9,61,91,87,75.2,990,14,7,188,39,Canada%2C%20Prince%20Edward%20Island
2020-11-03,-0,-2,0.3,5.4,1,74,06:43 PM,09:46 AM,06:55 AM,04:53 PM,-7,-8,-1,-8,42,79,63,0.7,1002,-0,4,281,32,Canada%2C%20Prince%20Edward%20Island
2020-11-04,2,-4,0.1,8.7,1,66,07:24 PM,10:47 AM,06:57 AM,04:51 PM,-10,-6,-1,-6,34,29,50,0.1,1028,2,9,274,23,Canada%2C%20Prince%20Edward%20Island
2020-11-05,8,-1,0.0,3.7,2,58,08:14 PM,11:44 AM,06:58 AM,04:50 PM,1,0,4,0,44,79,74,0.2,1032,8,10,192,27,Canada%2C%20Prince%20Edward%20Island
2020-11-06,13,11,0.0,3.7,3,51,09:13 PM,12:34 PM,06:59 AM,04:48 PM,10,9,12,9,41,96,88,0.3,1021,13,10,229,24,Canada%2C%20Prince%20Edward%20Island
2020-11-07,12,7,0.0,7.0,3,43,10:19 PM,01:17 PM,07:01 AM,04:47 PM,6,8,10,8,37,69,77,0.0,1017,12,10,248,24,Canada%2C%20Prince%20Edward%20Island
2020-11-08,5,2,0.0,7.0,1,36,11:31 PM,01:53 PM,07:02 AM,04:46 PM,-3,1,3,1,14,50,67,0.0,1029,5,10,157,9,Canada%2C%20Prince%20Edward%20Island
2020-11-09,12,5,0.0,3.5,3,28,No moonrise,02:24 PM,07:04 AM,04:45 PM,8,7,9,7,27,94,87,0.4,1023,12,9,244,17,Canada%2C%20Prince%20Edward%20Island
2020-11-10,17,9,0.0,8.7,4,21,12:46 AM,02:51 PM,07:05 AM,04:43 PM,9,11,13,11,43,20,80,0.0,1017,17,10,242,23,Canada%2C%20Prince%20Edward%20Island
2020-11-11,15,8,0.0,8.7,4,13,02:03 AM,03:16 PM,07:07 AM,04:42 PM,10,11,13,11,44,34,83,0.0,1013,15,10,235,25,Canada%2C%20Prince%20Edward%20Island
2020-11-12,16,8,0.0,3.5,3,6,03:23 AM,03:40 PM,07:08 AM,04:41 PM,9,12,13,12,37,85,79,1.2,1010,16,9,247,22,Canada%2C%20Prince%20Edward%20Island
2020-11-13,7,3,0.0,8.7,3,0,04:43 AM,04:06 PM,07:10 AM,04:40 PM,1,2,5,2,20,47,72,0.0,1019,7,10,173,14,Canada%2C%20Prince%20Edward%20Island
2020-11-14,7,4,0.0,3.5,2,0,06:06 AM,04:34 PM,07:11 AM,04:39 PM,3,2,5,2,23,90,84,2.0,1008,7,8,230,16,Canada%2C%20Prince%20Edward%20Island
2020-11-15,3,1,0.9,5.2,1,0,07:30 AM,05:09 PM,07:12 AM,04:38 PM,-1,-1,2,-1,21,77,77,1.5,1017,3,8,287,15,Canada%2C%20Prince%20Edward%20Island
2020-11-16,10,2,0.0,3.5,2,2,08:52 AM,05:51 PM,07:14 AM,04:37 PM,3,2,6,2,50,73,79,23.8,1007,10,9,190,32,Canada%2C%20Prince%20Edward%20Island
2020-11-17,4,1,0.0,8.7,1,9,10:08 AM,06:42 PM,07:15 AM,04:36 PM,-3,-2,3,-2,36,33,68,0.0,1004,4,10,263,24,Canada%2C%20Prince%20Edward%20Island
2020-11-18,-1,-3,0.0,5.2,1,17,11:13 AM,07:42 PM,07:17 AM,04:35 PM,-7,-8,-2,-8,30,57,69,0.1,1014,-1,8,304,22,Canada%2C%20Prince%20Edward%20Island
2020-11-19,-1,-10,0.5,6.9,1,24,12:06 PM,08:49 PM,07:18 AM,04:34 PM,-8,-9,-4,-9,32,58,66,0.9,1027,-1,8,272,23,Canada%2C%20Prince%20Edward%20Island
2020-11-20,8,2,0.2,3.4,2,32,12:46 PM,09:58 PM,07:19 AM,04:33 PM,3,1,5,1,40,86,83,0.2,1021,8,9,228,24,Canada%2C%20Prince%20Edward%20Island
2020-11-21,9,2,0.0,5.2,2,39,01:19 PM,11:06 PM,07:21 AM,04:32 PM,3,3,7,3,35,76,81,0.1,1018,9,10,261,23,Canada%2C%20Prince%20Edward%20Island
2020-11-22,2,-2,0.0,8.7,1,47,01:45 PM,No moonset,07:22 AM,04:31 PM,-6,-4,-0,-4,19,54,66,0.0,1033,2,10,290,13,Canada%2C%20Prince%20Edward%20Island
2020-11-23,6,-3,0.0,3.4,1,54,02:06 PM,12:13 AM,07:23 AM,04:31 PM,1,-2,2,-2,47,90,76,1.3,1024,6,10,141,30,Canada%2C%20Prince%20Edward%20Island
2020-11-24,2,-4,0.0,3.4,1,62,02:26 PM,01:17 AM,07:25 AM,04:30 PM,-2,-4,2,-4,56,99,72,10.3,1004,2,4,267,39,Canada%2C%20Prince%20Edward%20Island
2020-11-25,0,-8,0.0,5.2,1,70,02:44 PM,02:20 AM,07:26 AM,04:29 PM,-9,-7,-2,-7,27,64,58,0.0,1031,0,10,256,19,Canada%2C%20Prince%20Edward%20Island
2020-11-26,6,1,0.0,3.4,2,77,03:03 PM,03:23 AM,07:27 AM,04:29 PM,4,2,4,2,20,97,93,3.8,1026,6,7,175,13,Canada%2C%20Prince%20Edward%20Island
2020-11-27,12,8,0.0,3.4,3,85,03:24 PM,04:25 AM,07:29 AM,04:28 PM,10,8,11,8,45,93,92,5.7,1016,12,7,178,25,Canada%2C%20Prince%20Edward%20Island
2020-11-28,7,3,0.0,3.4,2,92,03:46 PM,05:29 AM,07:30 AM,04:27 PM,5,4,6,4,13,83,90,0.8,1009,7,8,250,8,Canada%2C%20Prince%20Edward%20Island
2020-11-29,4,2,0.0,5.1,1,100,04:12 PM,06:33 AM,07:31 AM,04:27 PM,-0,-2,2,-2,26,26,82,0.0,1013,4,10,282,16,Canada%2C%20Prince%20Edward%20Island
2020-11-30,7,1,0.0,6.9,1,100,04:43 PM,07:38 AM,07:32 AM,04:26 PM,1,1,4,1,26,42,82,0.0,1024,7,10,203,15,Canada%2C%20Prince%20Edward%20Island
2020-12-01,13,7,0.0,3.3,3,89,05:22 PM,08:40 AM,07:33 AM,04:26 PM,8,7,10,7,71,89,84,5.1,1021,13,8,150,40,Canada%2C%20Prince%20Edward%20Island
2020-12-02,14,8,0.0,5.1,2,82,06:09 PM,09:40 AM,07:35 AM,04:26 PM,9,9,11,9,37,82,90,39.0,1013,14,8,189,21,Canada%2C%20Prince%20Edward%20Island
2020-12-03,7,3,0.0,3.3,2,75,07:06 PM,10:33 AM,07:36 AM,04:25 PM,2,2,5,2,29,60,79,1.0,1014,7,9,221,18,Canada%2C%20Prince%20Edward%20Island
2020-12-04,8,2,0.0,5.1,2,67,08:10 PM,11:18 AM,07:37 AM,04:25 PM,2,2,5,2,32,64,80,0.0,1017,8,10,199,19,Canada%2C%20Prince%20Edward%20Island
2020-12-05,8,1,0.0,3.3,2,60,09:20 PM,11:56 AM,07:38 AM,04:25 PM,6,4,7,4,26,97,91,13.4,1014,8,7,153,17,Canada%2C%20Prince%20Edward%20Island
2020-12-06,11,7,0.0,5.1,2,53,10:32 PM,12:27 PM,07:39 AM,04:25 PM,6,6,9,6,44,89,84,18.5,992,11,9,146,29,Canada%2C%20Prince%20Edward%20Island
2020-12-07,5,0,0.2,3.3,1,46,11:47 PM,12:54 PM,07:40 AM,04:24 PM,1,-3,3,-3,40,100,91,7.0,994,5,8,256,29,Canada%2C%20Prince%20Edward%20Island
2020-12-08,3,-5,1.2,3.3,1,38,No moonrise,01:19 PM,07:41 AM,04:24 PM,-1,-3,1,-3,20,87,85,1.4,1001,3,8,173,14,Canada%2C%20Prince%20Edward%20Island
2020-12-09,1,-5,0.9,3.3,1,31,01:02 AM,01:42 PM,07:42 AM,04:24 PM,-2,-5,-0,-5,27,94,84,1.7,1001,1,5,286,19,Canada%2C%20Prince%20Edward%20Island
2020-12-10,2,-0,0.0,3.3,1,24,02:18 AM,02:06 PM,07:43 AM,04:24 PM,-2,-2,1,-2,14,95,83,0.0,1007,2,9,184,9,Canada%2C%20Prince%20Edward%20Island
2020-12-11,1,-4,0.1,8.7,1,17,03:38 AM,02:32 PM,07:44 AM,04:24 PM,-3,-5,-0,-5,26,34,80,0.1,1017,1,10,276,17,Canada%2C%20Prince%20Edward%20Island
2020-12-12,2,-0,0.0,5.1,1,9,04:59 AM,03:02 PM,07:45 AM,04:24 PM,-1,-2,1,-2,20,88,86,0.0,1023,2,10,189,13,Canada%2C%20Prince%20Edward%20Island
2020-12-13,3,-6,0.0,3.3,1,2,06:21 AM,03:39 PM,07:45 AM,04:25 PM,2,-3,1,-3,29,100,95,12.1,1017,3,7,104,18,Canada%2C%20Prince%20Edward%20Island
2020-12-14,5,-0,0.0,5.1,1,0,07:41 AM,04:25 PM,07:46 AM,04:25 PM,1,-0,3,-0,24,83,87,0.5,1008,5,9,268,16,Canada%2C%20Prince%20Edward%20Island
2020-12-15,-2,-7,0.6,3.3,1,0,08:52 AM,05:21 PM,07:47 AM,04:25 PM,-6,-9,-3,-9,40,97,77,0.8,1001,-2,6,283,29,Canada%2C%20Prince%20Edward%20Island
2020-12-16,-8,-11,0.0,5.1,1,5,09:53 AM,06:26 PM,07:48 AM,04:25 PM,-15,-19,-10,-19,44,61,67,0.0,1020,-8,6,297,33,Canada%2C%20Prince%20Edward%20Island
2020-12-17,-4,-10,0.5,3.3,1,12,10:40 AM,07:37 PM,07:48 AM,04:26 PM,-9,-12,-7,-12,24,85,78,0.6,1025,-4,9,196,17,Canada%2C%20Prince%20Edward%20Island
2020-12-18,0,-6,0.9,3.3,1,20,11:17 AM,08:48 PM,07:49 AM,04:26 PM,-4,-7,-2,-7,32,95,82,1.0,1021,0,7,34,22,Canada%2C%20Prince%20Edward%20Island
2020-12-19,0,-3,0.7,3.3,1,27,11:46 AM,09:57 PM,07:50 AM,04:26 PM,-3,-5,-1,-5,25,84,83,0.8,1024,0,9,132,17,Canada%2C%20Prince%20Edward%20Island
2020-12-20,1,-4,0.0,8.7,2,34,12:10 PM,11:04 PM,07:50 AM,04:27 PM,-4,-5,-1,-5,21,39,81,0.0,1024,1,10,231,13,Canada%2C%20Prince%20Edward%20Island
2020-12-21,5,-3,0.0,3.3,1,41,12:31 PM,No moonset,07:51 AM,04:27 PM,2,-2,2,-2,30,100,93,6.3,1015,5,8,142,18,Canada%2C%20Prince%20Edward%20Island
2020-12-22,4,1,0.2,3.3,1,49,12:50 PM,12:08 AM,07:51 AM,04:28 PM,2,-2,3,-2,34,100,94,16.1,995,4,8,266,22,Canada%2C%20Prince%20Edward%20Island
2020-12-23,-2,-10,0.0,5.1,1,56,01:09 PM,01:12 AM,07:52 AM,04:28 PM,-7,-9,-3,-9,34,53,72,0.0,1012,-2,10,298,24,Canada%2C%20Prince%20Edward%20Island
2020-12-24,1,-8,0.0,6.9,1,63,01:28 PM,02:14 AM,07:52 AM,04:29 PM,-6,-7,-3,-7,29,41,75,0.0,1032,1,10,205,17,Canada%2C%20Prince%20Edward%20Island
2020-12-25,12,4,0.0,6.9,2,70,01:49 PM,03:17 AM,07:52 AM,04:30 PM,6,4,8,4,72,62,84,0.0,1023,12,10,163,36,Canada%2C%20Prince%20Edward%20Island
2020-12-26,13,7,11.6,3.3,3,78,02:14 PM,04:21 AM,07:53 AM,04:30 PM,7,9,12,9,75,79,85,21.5,1007,13,8,174,41,Canada%2C%20Prince%20Edward%20Island
2020-12-27,1,-2,0.5,6.9,1,85,02:43 PM,05:26 AM,07:53 AM,04:31 PM,-6,-6,-0,-6,32,47,67,0.8,1015,1,8,249,21,Canada%2C%20Prince%20Edward%20Island
2020-12-28,2,-4,0.0,8.7,1,92,03:19 PM,06:29 AM,07:53 AM,04:32 PM,-5,-4,-1,-4,23,36,69,0.0,1028,2,10,192,14,Canada%2C%20Prince%20Edward%20Island
2020-12-29,5,-4,0.0,6.9,1,100,04:04 PM,07:32 AM,07:53 AM,04:33 PM,-1,-4,2,-4,42,78,81,0.4,1012,5,8,224,27,Canada%2C%20Prince%20Edward%20Island
2020-12-30,-4,-14,0.0,8.7,2,100,04:58 PM,08:27 AM,07:53 AM,04:34 PM,-11,-13,-6,-13,41,35,60,0.0,1016,-4,10,289,30,Canada%2C%20Prince%20Edward%20Island
2020-12-31,5,-3,0.0,3.3,1,89,06:01 PM,09:16 AM,07:53 AM,04:35 PM,-1,-4,2,-4,44,86,80,6.7,1010,5,7,225,27,Canada%2C%20Prince%20Edward%20Island
2021-01-01,-2,-9,0.0,8.7,2,79,07:11 PM,09:57 AM,07:53 AM,04:35 PM,-9,-10,-3,-10,33,6,63,0.0,1023,-2,10,296,23,Canada%2C%20Prince%20Edward%20Island
2021-01-02,-0,-6,0.5,3.3,1,71,08:23 PM,10:31 AM,07:53 AM,04:36 PM,-6,-6,-2,-6,23,91,73,8.0,1019,-0,8,186,15,Canada%2C%20Prince%20Edward%20Island
2021-01-03,1,-4,0.4,3.3,1,64,09:37 PM,10:59 AM,07:53 AM,04:37 PM,-2,-6,-1,-6,34,92,88,20.6,1017,1,7,30,22,Canada%2C%20Prince%20Edward%20Island
2021-01-04,0,-6,0.0,3.3,1,57,10:51 PM,11:24 AM,07:53 AM,04:38 PM,-3,-5,-2,-5,18,97,90,0.0,1020,0,10,75,11,Canada%2C%20Prince%20Edward%20Island
2021-01-05,1,-1,0.0,5.1,1,50,No moonrise,11:47 AM,07:53 AM,04:40 PM,-2,-5,-0,-5,33,85,87,0.0,1015,1,10,61,20,Canada%2C%20Prince%20Edward%20Island
2021-01-06,2,0,0.0,3.3,1,42,12:06 AM,12:10 PM,07:53 AM,04:41 PM,-1,-5,1,-5,45,90,89,5.2,1007,2,9,18,29,Canada%2C%20Prince%20Edward%20Island
2021-01-07,2,1,0.0,3.3,1,35,01:22 AM,12:34 PM,07:53 AM,04:42 PM,1,-5,1,-5,51,100,94,12.3,1004,2,5,265,34,Canada%2C%20Prince%20Edward%20Island
2021-01-08,-2,-7,9.6,3.3,1,28,02:39 AM,01:01 PM,07:52 AM,04:43 PM,-3,-9,-3,-9,50,100,93,23.6,1004,-2,2,328,34,Canada%2C%20Prince%20Edward%20Island
2021-01-09,0,-6,5.4,3.3,1,20,03:58 AM,01:34 PM,07:52 AM,04:44 PM,-2,-6,-1,-6,26,100,96,6.3,1006,0,2,318,18,Canada%2C%20Prince%20Edward%20Island
2021-01-10,-1,-6,0.1,3.3,1,13,05:17 AM,02:13 PM,07:52 AM,04:45 PM,-4,-8,-2,-8,37,100,86,0.1,1011,-1,8,351,25,Canada%2C%20Prince%20Edward%20Island
2021-01-11,-3,-6,0.0,6.9,1,6,06:30 AM,03:04 PM,07:51 AM,04:47 PM,-7,-10,-5,-10,22,56,86,0.0,1021,-3,10,296,13,Canada%2C%20Prince%20Edward%20Island
2021-01-12,1,-4,0.6,3.4,1,0,07:36 AM,04:05 PM,07:51 AM,04:48 PM,-3,-5,-2,-5,18,86,91,0.7,1016,1,8,233,11,Canada%2C%20Prince%20Edward%20Island
2021-01-13,-0,-5,0.0,6.9,1,0,08:29 AM,05:13 PM,07:50 AM,04:49 PM,-4,-6,-2,-6,17,65,88,0.0,1014,-0,9,253,10,Canada%2C%20Prince%20Edward%20Island
2021-01-14,1,-5,0.2,3.4,1,1,09:12 AM,06:25 PM,07:50 AM,04:50 PM,-1,-5,-1,-5,24,89,92,0.2,1012,1,8,189,14,Canada%2C%20Prince%20Edward%20Island
2021-01-15,1,-2,0.3,3.4,1,8,09:45 AM,07:37 PM,07:49 AM,04:52 PM,-1,-3,-0,-3,14,90,95,0.4,1015,1,7,82,8,Canada%2C%20Prince%20Edward%20Island
2021-01-16,0,-5,0.0,8.7,2,16,10:11 AM,08:46 PM,07:49 AM,04:53 PM,-4,-6,-2,-6,21,25,88,0.0,1019,0,10,148,12,Canada%2C%20Prince%20Edward%20Island
2021-01-17,5,1,0.0,3.4,1,23,10:33 AM,09:53 PM,07:48 AM,04:54 PM,1,-4,2,-4,63,90,89,20.4,990,5,5,160,41,Canada%2C%20Prince%20Edward%20Island
2021-01-18,1,-2,0.0,6.9,1,30,10:53 AM,10:58 PM,07:47 AM,04:56 PM,-3,-6,0,-6,44,63,78,0.0,994,1,10,239,29,Canada%2C%20Prince%20Edward%20Island
2021-01-19,-8,-14,0.4,3.4,1,38,11:13 AM,No moonset,07:46 AM,04:57 PM,-10,-15,-8,-15,33,98,81,0.8,1003,-8,6,291,25,Canada%2C%20Prince%20Edward%20Island
2021-01-20,-7,-11,0.0,6.9,1,45,11:32 AM,12:01 AM,07:46 AM,04:59 PM,-14,-16,-9,-16,22,60,68,0.0,1008,-7,10,300,16,Canada%2C%20Prince%20Edward%20Island
2021-01-21,-6,-9,0.0,8.7,1,52,11:52 AM,01:04 AM,07:45 AM,05:00 PM,-13,-12,-8,-12,16,28,64,0.0,1007,-6,10,268,11,Canada%2C%20Prince%20Edward%20Island
2021-01-22,-2,-7,0.0,5.3,1,59,12:15 PM,02:07 AM,07:44 AM,05:01 PM,-11,-8,-5,-8,13,74,62,0.0,1005,-2,10,74,8,Canada%2C%20Prince%20Edward%20Island
2021-01-23,-2,-6,0.0,3.6,1,67,12:42 PM,03:11 AM,07:43 AM,05:03 PM,-8,-10,-4,-10,24,66,79,0.0,999,-2,10,242,16,Canada%2C%20Prince%20Edward%20Island
2021-01-24,-4,-12,0.3,3.6,1,74,01:15 PM,04:15 AM,07:42 AM,05:04 PM,-8,-13,-6,-13,31,91,84,1.0,994,-4,8,290,22,Canada%2C%20Prince%20Edward%20Island
2021-01-25,-1,-4,0.0,3.6,1,81,01:56 PM,05:18 AM,07:41 AM,05:06 PM,-3,-9,-2,-9,46,100,93,9.5,999,-1,0,315,32,Canada%2C%20Prince%20Edward%20Island
2021-01-26,0,-2,1.6,3.6,1,88,02:46 PM,06:17 AM,07:40 AM,05:07 PM,-2,-7,-1,-7,34,98,93,3.5,1011,0,4,178,22,Canada%2C%20Prince%20Edward%20Island
2021-01-27,-1,-5,0.1,5.3,1,96,03:47 PM,07:09 AM,07:39 AM,05:09 PM,-4,-8,-3,-8,22,58,92,0.1,1017,-1,8,15,12,Canada%2C%20Prince%20Edward%20Island
2021-01-28,-3,-7,0.2,3.6,1,100,04:55 PM,07:54 AM,07:38 AM,05:10 PM,-6,-9,-5,-9,15,81,93,0.2,1013,-3,9,235,9,Canada%2C%20Prince%20Edward%20Island
2021-01-29,-4,-9,0.7,3.7,1,90,06:09 PM,08:30 AM,07:37 AM,05:12 PM,-7,-11,-6,-11,27,93,88,0.8,1007,-4,8,34,17,Canada%2C%20Prince%20Edward%20Island
2021-01-30,-6,-10,1.4,3.7,1,82,07:25 PM,09:01 AM,07:36 AM,05:13 PM,-9,-14,-7,-14,30,87,89,1.6,1010,-6,5,278,20,Canada%2C%20Prince%20Edward%20Island
2021-01-31,-3,-8,1.4,3.7,1,79,08:40 PM,09:28 AM,07:35 AM,05:15 PM,-6,-11,-5,-11,28,99,91,1.7,1019,-3,6,334,18,Canada%2C%20Prince%20Edward%20Island
2021-02-01,-3,-7,0.3,3.7,1,63,09:56 PM,09:52 AM,07:33 AM,05:16 PM,-6,-9,-4,-9,18,83,87,0.4,1027,-3,10,190,11,Canada%2C%20Prince%20Edward%20Island
2021-02-02,0,-10,0.0,3.7,1,55,11:12 PM,10:14 AM,07:32 AM,05:18 PM,-3,-10,-4,-10,50,93,92,36.5,1017,0,5,85,30,Canada%2C%20Prince%20Edward%20Island
2021-02-03,5,-1,0.0,3.7,1,48,No moonrise,10:38 AM,07:31 AM,05:19 PM,2,-2,2,-2,36,98,98,47.1,991,5,5,201,19,Canada%2C%20Prince%20Edward%20Island
2021-02-04,1,-1,0.4,3.7,1,40,12:29 AM,11:04 AM,07:29 AM,05:21 PM,-0,-2,0,-2,12,98,97,0.5,1002,1,4,160,8,Canada%2C%20Prince%20Edward%20Island
2021-02-05,1,-1,0.8,3.7,1,33,01:47 AM,11:34 AM,07:28 AM,05:22 PM,-2,-4,-0,-4,17,92,89,0.9,1006,1,7,278,12,Canada%2C%20Prince%20Edward%20Island
2021-02-06,4,-1,0.0,7.0,1,25,03:03 AM,12:10 PM,07:27 AM,05:24 PM,-1,-3,2,-3,43,68,83,3.9,1006,4,7,202,26,Canada%2C%20Prince%20Edward%20Island
2021-02-07,-3,-12,0.2,7.1,1,18,04:17 AM,12:55 PM,07:25 AM,05:25 PM,-10,-10,-4,-10,33,75,59,0.5,1018,-3,7,219,24,Canada%2C%20Prince%20Edward%20Island
