date_time,Democratic%20Republic%20of%20Congo_maxtempC,Democratic%20Republic%20of%20Congo_mintempC,Democratic%20Republic%20of%20Congo_totalSnow_cm,Democratic%20Republic%20of%20Congo_sunHour,Democratic%20Republic%20of%20Congo_uvIndex,Democratic%20Republic%20of%20Congo_moon_illumination,Democratic%20Republic%20of%20Congo_moonrise,Democratic%20Republic%20of%20Congo_moonset,Democratic%20Republic%20of%20Congo_sunrise,Democratic%20Republic%20of%20Congo_sunset,Democratic%20Republic%20of%20Congo_DewPointC,Democratic%20Republic%20of%20Congo_FeelsLikeC,Democratic%20Republic%20of%20Congo_HeatIndexC,Democratic%20Republic%20of%20Congo_WindChillC,Democratic%20Republic%20of%20Congo_WindGustKmph,Democratic%20Republic%20of%20Congo_cloudcover,Democratic%20Republic%20of%20Congo_humidity,Democratic%20Republic%20of%20Congo_precipMM,Democratic%20Republic%20of%20Congo_pressure,Democratic%20Republic%20of%20Congo_tempC,Democratic%20Republic%20of%20Congo_visibility,Democratic%20Republic%20of%20Congo_winddirDegree,Democratic%20Republic%20of%20Congo_windspeedKmph,Democratic%20Republic%20of%20Congo_location
2020-01-01,33,25,0.0,10.5,6,37,10:49 AM,11:14 PM,05:51 AM,06:13 PM,21,30,30,28,8,72,69,11.7,1010,33,9,249,6,Democratic%20Republic%20of%20Congo
2020-01-02,33,24,0.0,11.9,6,44,11:33 AM,11:53 PM,05:52 AM,06:13 PM,21,31,31,28,11,58,70,10.2,1010,33,9,251,7,Democratic%20Republic%20of%20Congo
2020-01-03,32,25,0.0,10.5,6,51,12:14 PM,No moonset,05:52 AM,06:14 PM,22,30,30,28,11,70,71,19.5,1011,32,8,260,6,Democratic%20Republic%20of%20Congo
2020-01-04,34,24,0.0,10.5,6,59,12:57 PM,12:32 AM,05:53 AM,06:14 PM,21,31,31,28,7,61,68,5.7,1012,34,9,189,5,Democratic%20Republic%20of%20Congo
2020-01-05,33,23,0.0,11.9,6,66,01:42 PM,01:13 AM,05:53 AM,06:15 PM,20,30,30,27,9,48,68,2.5,1011,33,10,245,7,Democratic%20Republic%20of%20Congo
2020-01-06,33,24,0.0,12.6,7,73,02:29 PM,01:56 AM,05:54 AM,06:15 PM,21,31,31,28,4,51,65,4.0,1010,33,9,136,3,Democratic%20Republic%20of%20Congo
2020-01-07,32,25,0.0,9.2,6,80,03:19 PM,02:41 AM,05:54 AM,06:15 PM,21,30,30,28,7,69,70,28.1,1010,32,7,247,4,Democratic%20Republic%20of%20Congo
2020-01-08,32,24,0.0,12.6,6,88,04:13 PM,03:32 AM,05:55 AM,06:16 PM,21,30,30,28,8,59,68,14.3,1010,32,9,202,5,Democratic%20Republic%20of%20Congo
2020-01-09,29,24,0.0,9.2,6,95,05:10 PM,04:25 AM,05:55 AM,06:16 PM,21,28,28,26,12,69,76,17.1,1011,29,9,232,8,Democratic%20Republic%20of%20Congo
2020-01-10,25,16,0.0,7.9,5,100,06:09 PM,05:23 AM,05:56 AM,06:17 PM,20,24,24,22,12,75,85,26.5,1014,25,9,235,8,Democratic%20Republic%20of%20Congo
2020-01-11,26,22,0.0,11.9,5,100,07:09 PM,06:23 AM,05:56 AM,06:17 PM,20,26,26,24,6,62,80,0.4,1014,26,10,159,5,Democratic%20Republic%20of%20Congo
2020-01-12,35,23,0.0,12.6,8,83,08:06 PM,07:24 AM,05:56 AM,06:17 PM,20,30,30,28,5,35,64,0.2,1012,35,10,202,4,Democratic%20Republic%20of%20Congo
2020-01-13,36,25,0.0,12.6,8,76,09:01 PM,08:22 AM,05:57 AM,06:18 PM,20,32,32,30,6,30,58,0.5,1011,36,10,206,4,Democratic%20Republic%20of%20Congo
2020-01-14,36,25,0.0,12.6,8,69,09:53 PM,09:19 AM,05:57 AM,06:18 PM,20,33,33,30,6,29,58,0.2,1009,36,10,208,4,Democratic%20Republic%20of%20Congo
2020-01-15,34,25,0.0,11.9,7,61,10:42 PM,10:13 AM,05:58 AM,06:18 PM,21,32,32,29,9,56,64,2.4,1009,34,10,253,6,Democratic%20Republic%20of%20Congo
2020-01-16,34,25,0.0,11.9,7,54,11:31 PM,11:05 AM,05:58 AM,06:18 PM,22,32,32,29,10,54,67,3.3,1010,34,10,248,7,Democratic%20Republic%20of%20Congo
2020-01-17,32,25,0.0,11.9,6,47,No moonrise,11:57 AM,05:59 AM,06:19 PM,22,31,31,28,13,65,72,9.6,1011,32,9,258,9,Democratic%20Republic%20of%20Congo
2020-01-18,32,24,0.0,10.5,6,40,12:19 AM,12:48 PM,05:59 AM,06:19 PM,21,30,30,27,13,66,72,8.1,1012,32,10,251,9,Democratic%20Republic%20of%20Congo
2020-01-19,32,23,0.0,11.9,6,32,01:08 AM,01:41 PM,05:59 AM,06:19 PM,21,30,30,27,13,52,72,14.0,1012,32,9,249,9,Democratic%20Republic%20of%20Congo
2020-01-20,35,24,0.0,12.2,7,25,01:58 AM,02:34 PM,06:00 AM,06:19 PM,21,32,32,29,8,52,66,4.3,1011,35,10,257,5,Democratic%20Republic%20of%20Congo
2020-01-21,34,25,0.0,11.8,7,18,02:49 AM,03:29 PM,06:00 AM,06:20 PM,21,32,32,29,8,61,65,3.5,1011,34,10,238,6,Democratic%20Republic%20of%20Congo
2020-01-22,32,25,0.0,10.4,6,11,03:43 AM,04:24 PM,06:00 AM,06:20 PM,22,31,31,28,11,60,70,11.3,1011,32,9,241,8,Democratic%20Republic%20of%20Congo
2020-01-23,33,24,0.0,10.2,6,3,04:37 AM,05:18 PM,06:01 AM,06:20 PM,21,31,31,28,9,58,69,6.7,1010,33,10,252,6,Democratic%20Republic%20of%20Congo
2020-01-24,31,25,0.0,10.2,6,0,05:31 AM,06:10 PM,06:01 AM,06:20 PM,21,30,30,28,10,63,70,5.6,1011,31,9,252,7,Democratic%20Republic%20of%20Congo
2020-01-25,33,25,0.0,8.8,6,0,06:22 AM,06:59 PM,06:01 AM,06:20 PM,21,30,30,28,9,38,67,2.9,1011,33,10,264,7,Democratic%20Republic%20of%20Congo
2020-01-26,33,24,0.0,8.8,6,4,07:12 AM,07:45 PM,06:02 AM,06:20 PM,21,30,30,28,7,67,69,2.8,1011,33,10,279,5,Democratic%20Republic%20of%20Congo
2020-01-27,33,24,0.0,8.8,6,11,07:59 AM,08:28 PM,06:02 AM,06:21 PM,21,31,31,28,12,49,67,3.9,1011,33,10,249,9,Democratic%20Republic%20of%20Congo
2020-01-28,33,24,0.0,8.8,6,18,08:44 AM,09:10 PM,06:02 AM,06:21 PM,21,31,31,28,10,54,68,11.5,1011,33,9,250,7,Democratic%20Republic%20of%20Congo
2020-01-29,31,24,0.0,8.8,6,26,09:28 AM,09:50 PM,06:03 AM,06:21 PM,22,30,30,27,10,64,73,13.7,1011,31,9,252,7,Democratic%20Republic%20of%20Congo
2020-01-30,31,24,0.0,11.6,6,33,10:10 AM,10:28 PM,06:03 AM,06:21 PM,21,29,29,27,13,49,69,3.1,1012,31,10,236,9,Democratic%20Republic%20of%20Congo
2020-01-31,31,24,0.0,8.8,6,37,10:52 AM,11:08 PM,06:03 AM,06:21 PM,21,29,29,27,9,66,72,11.0,1013,31,10,272,7,Democratic%20Republic%20of%20Congo
2020-02-01,31,25,0.0,11.6,6,49,11:35 AM,11:49 PM,06:03 AM,06:21 PM,21,29,29,27,5,55,70,3.0,1012,31,10,233,3,Democratic%20Republic%20of%20Congo
2020-02-02,32,25,0.0,7.5,6,57,12:20 PM,No moonset,06:04 AM,06:21 PM,21,30,30,28,10,71,70,15.0,1011,32,9,260,6,Democratic%20Republic%20of%20Congo
2020-02-03,31,24,0.0,8.8,6,64,01:08 PM,12:32 AM,06:04 AM,06:21 PM,21,29,29,27,11,65,70,8.3,1013,31,10,256,8,Democratic%20Republic%20of%20Congo
2020-02-04,31,23,0.0,6.1,6,72,01:59 PM,01:19 AM,06:04 AM,06:21 PM,21,28,28,26,16,73,76,12.5,1012,31,9,270,11,Democratic%20Republic%20of%20Congo
2020-02-05,32,22,0.0,8.8,6,79,02:53 PM,02:10 AM,06:04 AM,06:21 PM,19,28,28,26,8,56,67,0.1,1012,32,10,178,6,Democratic%20Republic%20of%20Congo
2020-02-06,32,24,0.0,10.2,6,87,03:51 PM,03:05 AM,06:04 AM,06:21 PM,20,30,30,27,8,61,67,6.6,1011,32,10,249,6,Democratic%20Republic%20of%20Congo
2020-02-07,33,25,0.0,8.8,6,95,04:50 PM,04:04 AM,06:05 AM,06:21 PM,21,31,31,28,10,66,68,14.1,1011,33,9,245,6,Democratic%20Republic%20of%20Congo
2020-02-08,32,24,0.0,7.5,6,100,05:50 PM,05:05 AM,06:05 AM,06:21 PM,21,30,30,28,13,68,70,7.8,1011,32,9,233,9,Democratic%20Republic%20of%20Congo
2020-02-09,29,24,0.0,8.8,6,100,06:47 PM,06:05 AM,06:05 AM,06:21 PM,21,28,28,26,9,58,75,16.1,1012,29,9,207,6,Democratic%20Republic%20of%20Congo
2020-02-10,31,22,0.0,10.2,6,83,07:42 PM,07:05 AM,06:05 AM,06:21 PM,20,28,28,26,9,51,73,0.5,1012,31,10,251,6,Democratic%20Republic%20of%20Congo
2020-02-11,32,24,0.0,8.8,6,75,08:34 PM,08:02 AM,06:05 AM,06:21 PM,21,31,31,28,10,65,72,17.7,1012,32,9,154,7,Democratic%20Republic%20of%20Congo
2020-02-12,35,25,0.0,10.2,7,68,09:25 PM,08:57 AM,06:05 AM,06:20 PM,21,32,32,29,7,58,64,1.9,1011,35,10,247,5,Democratic%20Republic%20of%20Congo
2020-02-13,34,24,0.0,10.2,7,60,10:14 PM,09:51 AM,06:05 AM,06:20 PM,21,32,32,29,9,54,65,3.7,1010,34,10,272,6,Democratic%20Republic%20of%20Congo
2020-02-14,32,25,0.0,8.8,6,53,11:04 PM,10:44 AM,06:05 AM,06:20 PM,22,30,30,28,8,65,70,8.6,1010,32,9,237,5,Democratic%20Republic%20of%20Congo
2020-02-15,32,25,0.0,10.2,6,45,11:55 PM,11:37 AM,06:06 AM,06:20 PM,21,30,30,28,12,50,69,2.7,1009,32,10,236,9,Democratic%20Republic%20of%20Congo
2020-02-16,33,26,0.0,8.8,6,38,No moonrise,12:31 PM,06:06 AM,06:20 PM,21,30,30,28,12,62,67,13.5,1010,33,9,222,8,Democratic%20Republic%20of%20Congo
2020-02-17,33,24,0.0,10.2,6,30,12:46 AM,01:26 PM,06:06 AM,06:20 PM,20,30,30,28,11,63,64,1.3,1010,33,10,218,8,Democratic%20Republic%20of%20Congo
2020-02-18,25,23,0.0,8.8,5,22,01:40 AM,02:20 PM,06:06 AM,06:19 PM,21,26,26,24,8,66,83,2.4,1012,25,9,161,5,Democratic%20Republic%20of%20Congo
2020-02-19,35,24,0.0,8.8,7,15,02:32 AM,03:14 PM,06:06 AM,06:19 PM,21,32,32,29,5,48,64,2.4,1010,35,10,211,4,Democratic%20Republic%20of%20Congo
2020-02-20,36,25,0.0,11.6,8,7,03:26 AM,04:05 PM,06:06 AM,06:19 PM,21,33,33,30,6,34,60,0.4,1009,36,10,128,4,Democratic%20Republic%20of%20Congo
2020-02-21,35,25,0.0,11.6,7,0,04:17 AM,04:55 PM,06:06 AM,06:19 PM,21,33,33,30,7,47,62,4.2,1009,35,10,124,5,Democratic%20Republic%20of%20Congo
2020-02-22,37,26,0.0,11.6,7,0,05:08 AM,05:42 PM,06:06 AM,06:19 PM,22,34,34,31,7,53,63,6.2,1008,37,9,146,5,Democratic%20Republic%20of%20Congo
2020-02-23,32,25,0.0,8.8,6,0,05:55 AM,06:25 PM,06:06 AM,06:18 PM,23,31,31,28,14,69,73,6.4,1010,32,9,225,10,Democratic%20Republic%20of%20Congo
2020-02-24,29,25,0.0,8.8,6,0,06:40 AM,07:07 PM,06:06 AM,06:18 PM,21,28,28,26,10,64,76,19.0,1011,29,9,209,7,Democratic%20Republic%20of%20Congo
2020-02-25,35,24,0.0,11.6,8,8,07:24 AM,07:47 PM,06:06 AM,06:18 PM,21,32,32,29,4,27,66,0.4,1010,35,10,232,3,Democratic%20Republic%20of%20Congo
2020-02-26,33,25,0.0,6.1,6,15,08:06 AM,08:26 PM,06:06 AM,06:18 PM,22,31,31,28,9,79,71,9.7,1010,33,9,242,6,Democratic%20Republic%20of%20Congo
2020-02-27,35,25,0.0,6.1,7,23,08:49 AM,09:06 PM,06:06 AM,06:17 PM,22,32,32,29,8,85,70,5.1,1010,35,10,232,5,Democratic%20Republic%20of%20Congo
2020-02-28,33,25,0.0,7.4,6,30,09:31 AM,09:46 PM,06:06 AM,06:17 PM,22,32,32,28,10,76,71,27.3,1010,33,8,251,6,Democratic%20Republic%20of%20Congo
2020-02-29,24,22,0.0,6.1,5,38,10:15 AM,10:27 PM,06:05 AM,06:17 PM,20,26,26,24,12,70,81,68.1,1012,24,8,178,7,Democratic%20Republic%20of%20Congo
2020-03-01,29,23,0.0,7.4,6,44,11:00 AM,11:12 PM,06:05 AM,06:16 PM,21,27,27,25,7,59,78,0.1,1012,29,10,253,5,Democratic%20Republic%20of%20Congo
2020-03-02,36,25,0.0,10.2,7,51,11:49 AM,12:00 AM,06:05 AM,06:16 PM,22,33,33,29,6,43,65,0.6,1011,36,10,236,4,Democratic%20Republic%20of%20Congo
2020-03-03,28,25,0.0,10.2,6,58,12:40 PM,No moonset,06:05 AM,06:16 PM,21,28,28,26,5,51,77,0.1,1013,28,10,201,3,Democratic%20Republic%20of%20Congo
2020-03-04,34,22,0.0,10.2,6,65,01:35 PM,12:51 AM,06:05 AM,06:15 PM,21,31,31,28,9,50,71,1.9,1012,34,10,232,6,Democratic%20Republic%20of%20Congo
2020-03-05,33,26,0.0,7.4,6,73,02:32 PM,01:47 AM,06:05 AM,06:15 PM,22,31,31,28,10,64,70,1.7,1011,33,10,266,7,Democratic%20Republic%20of%20Congo
2020-03-06,32,25,0.0,8.8,6,80,03:31 PM,02:45 AM,06:05 AM,06:15 PM,22,30,30,28,11,57,71,2.9,1010,32,10,249,8,Democratic%20Republic%20of%20Congo
2020-03-07,31,24,0.0,7.4,6,87,04:28 PM,03:45 AM,06:05 AM,06:14 PM,22,29,29,27,14,59,76,26.2,1011,31,8,228,8,Democratic%20Republic%20of%20Congo
2020-03-08,30,24,0.0,10.2,6,95,05:25 PM,04:45 AM,06:05 AM,06:14 PM,21,29,29,27,9,34,73,0.0,1011,30,10,253,7,Democratic%20Republic%20of%20Congo
2020-03-09,32,24,0.0,8.8,6,100,06:19 PM,05:44 AM,06:05 AM,06:14 PM,21,30,30,27,6,44,71,0.1,1010,32,10,251,4,Democratic%20Republic%20of%20Congo
2020-03-10,33,24,0.0,11.6,6,100,07:12 PM,06:41 AM,06:04 AM,06:13 PM,22,31,31,28,8,54,74,7.3,1010,33,10,241,6,Democratic%20Republic%20of%20Congo
2020-03-11,32,24,0.0,8.8,6,84,08:03 PM,07:37 AM,06:04 AM,06:13 PM,22,31,31,28,8,53,71,2.3,1009,32,10,257,6,Democratic%20Republic%20of%20Congo
2020-03-12,33,24,0.0,7.4,6,76,08:55 PM,08:32 AM,06:04 AM,06:12 PM,22,31,31,28,6,56,71,5.2,1010,33,10,217,5,Democratic%20Republic%20of%20Congo
2020-03-13,34,24,0.0,8.8,7,69,09:47 PM,09:28 AM,06:04 AM,06:12 PM,21,31,31,29,4,55,66,0.3,1010,34,10,62,3,Democratic%20Republic%20of%20Congo
2020-03-14,36,25,0.0,7.4,7,62,10:40 PM,10:23 AM,06:04 AM,06:12 PM,21,33,33,30,5,49,62,3.2,1009,36,10,155,3,Democratic%20Republic%20of%20Congo
2020-03-15,36,27,0.0,6.0,7,55,11:34 PM,11:20 AM,06:04 AM,06:11 PM,21,34,34,31,7,80,60,4.5,1009,36,9,193,5,Democratic%20Republic%20of%20Congo
2020-03-16,33,25,0.0,8.8,6,47,No moonrise,12:15 PM,06:04 AM,06:11 PM,22,31,31,28,10,66,71,21.9,1009,33,8,256,6,Democratic%20Republic%20of%20Congo
2020-03-17,29,24,0.0,8.8,6,40,12:28 AM,01:10 PM,06:03 AM,06:10 PM,22,28,28,26,6,55,79,26.7,1010,29,8,220,4,Democratic%20Republic%20of%20Congo
2020-03-18,36,23,0.0,10.2,7,33,01:23 AM,02:03 PM,06:03 AM,06:10 PM,21,32,32,29,6,57,69,0.2,1010,36,10,199,4,Democratic%20Republic%20of%20Congo
2020-03-19,33,24,0.0,6.0,6,25,02:15 AM,02:53 PM,06:03 AM,06:10 PM,22,32,32,28,7,77,71,15.1,1011,33,9,260,5,Democratic%20Republic%20of%20Congo
2020-03-20,29,24,0.0,8.8,6,18,03:05 AM,03:40 PM,06:03 AM,06:09 PM,22,28,28,26,12,63,78,24.2,1011,29,9,261,8,Democratic%20Republic%20of%20Congo
2020-03-21,32,23,0.0,11.6,6,11,03:53 AM,04:24 PM,06:03 AM,06:09 PM,21,29,29,27,9,50,73,1.1,1011,32,9,274,7,Democratic%20Republic%20of%20Congo
2020-03-22,32,22,0.0,10.2,6,4,04:38 AM,05:06 PM,06:02 AM,06:08 PM,20,28,28,26,4,60,72,0.1,1012,32,10,154,3,Democratic%20Republic%20of%20Congo
2020-03-23,29,25,0.0,10.2,6,0,05:23 AM,05:47 PM,06:02 AM,06:08 PM,20,28,28,26,4,45,71,0.2,1011,29,10,132,3,Democratic%20Republic%20of%20Congo
2020-03-24,35,25,0.0,11.6,7,0,06:05 AM,06:26 PM,06:02 AM,06:08 PM,21,32,32,29,5,52,65,4.0,1010,35,9,200,4,Democratic%20Republic%20of%20Congo
2020-03-25,31,25,0.0,8.8,6,3,06:47 AM,07:05 PM,06:02 AM,06:07 PM,22,31,31,28,11,59,72,12.6,1009,31,9,263,7,Democratic%20Republic%20of%20Congo
2020-03-26,30,24,0.0,8.8,6,11,07:30 AM,07:45 PM,06:02 AM,06:07 PM,21,29,29,26,13,70,75,9.2,1010,30,9,263,9,Democratic%20Republic%20of%20Congo
2020-03-27,33,24,0.0,10.2,6,18,08:12 AM,08:25 PM,06:02 AM,06:06 PM,21,30,30,27,9,53,71,3.2,1011,33,10,237,7,Democratic%20Republic%20of%20Congo
2020-03-28,35,25,0.0,10.2,8,25,08:57 AM,09:09 PM,06:01 AM,06:06 PM,21,32,32,29,5,31,66,0.3,1011,35,10,196,3,Democratic%20Republic%20of%20Congo
2020-03-29,36,26,0.0,11.6,7,32,09:45 AM,09:55 PM,06:01 AM,06:05 PM,21,34,34,30,5,32,62,2.8,1010,36,9,191,4,Democratic%20Republic%20of%20Congo
2020-03-30,35,26,0.0,11.6,7,40,10:34 AM,10:44 PM,06:01 AM,06:05 PM,21,33,33,30,5,46,62,3.5,1008,35,10,126,4,Democratic%20Republic%20of%20Congo
2020-03-31,37,26,0.0,11.6,8,44,11:27 AM,11:37 PM,06:01 AM,06:05 PM,20,35,35,32,5,21,56,0.7,1009,37,10,136,3,Democratic%20Republic%20of%20Congo
2020-04-01,37,26,0.0,11.6,7,56,12:21 PM,No moonset,06:01 AM,06:04 PM,21,34,34,31,5,42,60,2.4,1010,37,10,163,4,Democratic%20Republic%20of%20Congo
2020-04-02,32,24,0.0,8.8,6,64,01:17 PM,12:32 AM,06:01 AM,06:04 PM,22,31,31,28,10,74,73,4.3,1010,32,10,244,7,Democratic%20Republic%20of%20Congo
2020-04-03,33,25,0.0,10.3,6,71,02:13 PM,01:30 AM,06:00 AM,06:03 PM,22,32,32,28,11,59,72,1.5,1009,33,10,246,8,Democratic%20Republic%20of%20Congo
2020-04-04,32,25,0.0,7.5,6,79,03:09 PM,02:27 AM,06:00 AM,06:03 PM,22,31,31,28,9,70,74,4.5,1011,32,10,237,6,Democratic%20Republic%20of%20Congo
2020-04-05,33,24,0.0,12.0,6,87,04:02 PM,03:26 AM,06:00 AM,06:03 PM,21,30,30,28,9,35,68,0.0,1011,33,10,247,7,Democratic%20Republic%20of%20Congo
2020-04-06,32,25,0.0,8.9,6,94,04:55 PM,04:22 AM,06:00 AM,06:02 PM,22,31,31,28,9,58,71,7.3,1012,32,9,193,6,Democratic%20Republic%20of%20Congo
2020-04-07,36,25,0.0,11.7,7,100,05:47 PM,05:19 AM,06:00 AM,06:02 PM,21,34,34,30,6,47,63,1.4,1010,36,10,269,4,Democratic%20Republic%20of%20Congo
2020-04-08,32,25,0.0,7.5,6,100,06:39 PM,06:14 AM,06:00 AM,06:02 PM,22,31,31,28,5,64,72,5.3,1010,32,9,243,4,Democratic%20Republic%20of%20Congo
2020-04-09,34,25,0.0,11.8,7,83,07:33 PM,07:11 AM,05:59 AM,06:01 PM,22,32,32,29,6,44,68,1.1,1010,34,10,241,4,Democratic%20Republic%20of%20Congo
2020-04-10,32,25,0.0,7.8,6,76,08:26 PM,08:08 AM,05:59 AM,06:01 PM,22,30,30,27,9,74,73,5.4,1010,32,10,237,7,Democratic%20Republic%20of%20Congo
2020-04-11,34,24,0.0,11.8,6,68,09:23 PM,09:06 AM,05:59 AM,06:00 PM,21,31,31,28,4,62,69,1.2,1011,34,10,148,3,Democratic%20Republic%20of%20Congo
2020-04-12,31,25,0.0,9.1,6,61,10:19 PM,10:04 AM,05:59 AM,06:00 PM,22,30,30,27,10,64,75,11.3,1011,31,9,257,7,Democratic%20Republic%20of%20Congo
2020-04-13,28,24,0.0,7.8,6,53,11:15 PM,11:02 AM,05:59 AM,06:00 PM,21,27,27,25,8,78,80,26.5,1012,28,7,292,6,Democratic%20Republic%20of%20Congo
2020-04-14,35,24,0.0,11.6,8,46,No moonrise,11:57 AM,05:59 AM,05:59 PM,21,32,32,29,4,39,66,0.1,1011,35,10,150,3,Democratic%20Republic%20of%20Congo
2020-04-15,36,26,0.0,10.2,7,38,12:09 AM,12:49 PM,05:58 AM,05:59 PM,22,34,34,30,5,46,62,2.4,1010,36,10,162,3,Democratic%20Republic%20of%20Congo
2020-04-16,35,26,0.0,8.8,7,30,01:01 AM,01:38 PM,05:58 AM,05:59 PM,22,33,33,30,7,68,67,15.6,1009,35,9,259,5,Democratic%20Republic%20of%20Congo
2020-04-17,33,25,0.0,10.2,6,23,01:51 AM,02:23 PM,05:58 AM,05:58 PM,22,32,32,29,10,62,72,12.5,1009,33,9,213,6,Democratic%20Republic%20of%20Congo
2020-04-18,29,24,0.0,6.0,6,15,02:37 AM,03:06 PM,05:58 AM,05:58 PM,22,29,29,26,12,69,78,17.9,1011,29,9,279,8,Democratic%20Republic%20of%20Congo
2020-04-19,24,23,0.0,6.0,5,8,03:21 AM,03:47 PM,05:58 AM,05:58 PM,21,26,26,24,7,85,88,17.3,1014,24,9,102,5,Democratic%20Republic%20of%20Congo
2020-04-20,28,24,0.0,7.4,6,0,04:04 AM,04:25 PM,05:58 AM,05:57 PM,21,28,28,25,6,70,78,15.2,1013,28,9,243,4,Democratic%20Republic%20of%20Congo
2020-04-21,31,24,0.0,10.2,6,0,04:46 AM,05:05 PM,05:58 AM,05:57 PM,21,30,30,27,6,53,69,4.5,1012,31,10,272,4,Democratic%20Republic%20of%20Congo
2020-04-22,33,23,0.0,11.6,7,0,05:28 AM,05:44 PM,05:58 AM,05:57 PM,20,30,30,28,4,45,67,0.7,1012,33,10,133,3,Democratic%20Republic%20of%20Congo
2020-04-23,34,24,0.0,11.6,8,0,06:11 AM,06:24 PM,05:58 AM,05:57 PM,20,31,31,28,5,34,64,0.4,1011,34,10,146,4,Democratic%20Republic%20of%20Congo
2020-04-24,35,25,0.0,10.2,7,7,06:55 AM,07:07 PM,05:58 AM,05:56 PM,21,32,32,29,5,47,65,1.1,1010,35,10,84,4,Democratic%20Republic%20of%20Congo
2020-04-25,34,25,0.0,6.0,6,15,07:42 AM,07:53 PM,05:57 AM,05:56 PM,22,31,31,28,9,71,69,9.4,1010,34,9,233,6,Democratic%20Republic%20of%20Congo
2020-04-26,29,23,0.0,7.4,6,22,08:31 AM,08:41 PM,05:57 AM,05:56 PM,20,27,27,26,10,65,72,15.2,1012,29,9,230,7,Democratic%20Republic%20of%20Congo
2020-04-27,34,24,0.0,11.6,8,30,09:23 AM,09:33 PM,05:57 AM,05:56 PM,21,31,31,29,6,30,66,2.4,1012,34,10,252,4,Democratic%20Republic%20of%20Congo
2020-04-28,28,23,0.0,8.8,6,37,10:16 AM,10:26 PM,05:57 AM,05:55 PM,21,27,27,25,8,67,79,20.8,1014,28,9,151,6,Democratic%20Republic%20of%20Congo
2020-04-29,29,24,0.0,8.8,6,45,11:11 AM,11:22 PM,05:57 AM,05:55 PM,22,28,28,26,5,69,77,13.2,1014,29,9,228,3,Democratic%20Republic%20of%20Congo
2020-04-30,31,25,0.0,11.6,6,52,12:06 PM,No moonset,05:57 AM,05:55 PM,22,30,30,28,4,56,70,13.2,1013,31,9,195,3,Democratic%20Republic%20of%20Congo
2020-05-01,35,26,0.0,10.2,7,58,12:59 PM,12:18 AM,05:57 AM,05:55 PM,21,33,33,30,5,56,64,2.8,1012,35,10,145,4,Democratic%20Republic%20of%20Congo
2020-05-02,32,26,0.0,8.8,6,65,01:52 PM,01:14 AM,05:57 AM,05:54 PM,21,30,30,28,8,67,68,5.1,1013,32,10,189,6,Democratic%20Republic%20of%20Congo
2020-05-03,35,26,0.0,11.6,8,72,02:43 PM,02:09 AM,05:57 AM,05:54 PM,21,32,32,29,4,34,64,5.9,1011,35,9,184,3,Democratic%20Republic%20of%20Congo
2020-05-04,35,25,0.0,10.2,7,80,03:34 PM,03:04 AM,05:57 AM,05:54 PM,21,32,32,29,4,45,64,0.5,1011,35,10,85,3,Democratic%20Republic%20of%20Congo
2020-05-05,34,25,0.0,8.8,7,87,04:24 PM,03:58 AM,05:57 AM,05:54 PM,22,32,32,29,7,68,68,14.0,1011,34,9,239,4,Democratic%20Republic%20of%20Congo
2020-05-06,32,25,0.0,8.8,6,94,05:16 PM,04:53 AM,05:57 AM,05:54 PM,21,30,30,28,11,61,70,7.1,1012,32,10,159,8,Democratic%20Republic%20of%20Congo
2020-05-07,33,26,0.0,10.2,7,100,06:10 PM,05:49 AM,05:57 AM,05:54 PM,22,32,32,29,8,54,66,6.5,1010,33,10,84,6,Democratic%20Republic%20of%20Congo
2020-05-08,34,26,0.0,10.2,7,100,07:06 PM,06:47 AM,05:57 AM,05:54 PM,21,32,32,29,6,54,62,2.3,1010,34,10,130,4,Democratic%20Republic%20of%20Congo
2020-05-09,32,25,0.0,6.0,6,84,08:03 PM,07:47 AM,05:57 AM,05:53 PM,22,31,31,28,8,72,72,27.0,1012,32,7,171,5,Democratic%20Republic%20of%20Congo
2020-05-10,25,23,0.0,6.0,5,77,09:01 PM,08:46 AM,05:57 AM,05:53 PM,22,26,26,24,8,83,86,57.5,1014,25,7,141,5,Democratic%20Republic%20of%20Congo
2020-05-11,31,24,0.0,7.4,6,70,09:59 PM,09:45 AM,05:57 AM,05:53 PM,21,29,29,27,4,79,75,2.6,1013,31,8,195,3,Democratic%20Republic%20of%20Congo
2020-05-12,34,25,0.0,8.8,7,62,10:53 PM,10:40 AM,05:57 AM,05:53 PM,22,32,32,29,4,59,68,9.6,1013,34,9,235,3,Democratic%20Republic%20of%20Congo
2020-05-13,29,24,0.0,7.4,6,55,11:45 PM,11:32 AM,05:57 AM,05:53 PM,21,28,28,26,11,67,78,10.2,1013,29,9,275,7,Democratic%20Republic%20of%20Congo
2020-05-14,32,23,0.0,10.2,6,48,No moonrise,12:19 PM,05:58 AM,05:53 PM,22,30,30,27,6,54,75,7.5,1013,32,10,232,4,Democratic%20Republic%20of%20Congo
2020-05-15,32,24,0.0,11.6,7,40,12:33 AM,01:04 PM,05:58 AM,05:53 PM,21,29,29,27,4,29,71,0.1,1012,32,10,164,3,Democratic%20Republic%20of%20Congo
2020-05-16,35,25,0.0,11.6,8,33,01:18 AM,01:45 PM,05:58 AM,05:53 PM,21,32,32,29,4,12,62,0.0,1011,35,10,183,3,Democratic%20Republic%20of%20Congo
2020-05-17,35,26,0.0,11.6,8,26,02:02 AM,02:25 PM,05:58 AM,05:53 PM,20,32,32,30,5,9,56,0.0,1011,35,10,180,3,Democratic%20Republic%20of%20Congo
2020-05-18,36,26,0.0,10.2,7,19,02:44 AM,03:04 PM,05:58 AM,05:53 PM,21,33,33,30,3,40,58,0.9,1011,36,10,214,2,Democratic%20Republic%20of%20Congo
2020-05-19,34,25,0.0,6.0,6,11,03:26 AM,03:43 PM,05:58 AM,05:53 PM,21,32,32,29,5,74,67,18.0,1012,34,9,224,3,Democratic%20Republic%20of%20Congo
2020-05-20,30,25,0.0,6.0,6,4,04:08 AM,04:23 PM,05:58 AM,05:53 PM,22,29,29,27,11,78,75,17.5,1013,30,9,255,7,Democratic%20Republic%20of%20Congo
2020-05-21,29,23,0.0,8.8,6,0,04:52 AM,05:05 PM,05:58 AM,05:53 PM,21,28,28,26,10,48,76,8.1,1014,29,9,245,7,Democratic%20Republic%20of%20Congo
2020-05-22,34,24,0.0,11.6,7,0,05:39 AM,05:50 PM,05:58 AM,05:53 PM,20,31,31,28,5,48,66,0.3,1013,34,10,228,3,Democratic%20Republic%20of%20Congo
2020-05-23,34,25,0.0,6.0,7,3,06:27 AM,06:37 PM,05:59 AM,05:53 PM,21,31,31,29,4,75,66,5.6,1013,34,9,273,3,Democratic%20Republic%20of%20Congo
2020-05-24,30,24,0.0,6.0,6,10,07:19 AM,07:29 PM,05:59 AM,05:53 PM,22,29,29,27,8,67,75,17.4,1012,30,9,272,5,Democratic%20Republic%20of%20Congo
2020-05-25,31,24,0.0,8.8,6,17,08:12 AM,08:22 PM,05:59 AM,05:53 PM,22,29,29,27,10,63,75,1.1,1013,31,10,247,8,Democratic%20Republic%20of%20Congo
2020-05-26,31,25,0.0,8.8,6,25,09:07 AM,09:18 PM,05:59 AM,05:53 PM,22,30,30,27,9,66,75,5.8,1012,31,10,258,6,Democratic%20Republic%20of%20Congo
2020-05-27,31,24,0.0,8.8,6,32,10:02 AM,10:14 PM,05:59 AM,05:53 PM,22,30,30,27,7,53,75,0.6,1012,31,10,266,5,Democratic%20Republic%20of%20Congo
2020-05-28,33,24,0.0,10.2,6,39,10:56 AM,11:09 PM,05:59 AM,05:53 PM,21,31,31,28,9,62,69,0.9,1012,33,10,248,6,Democratic%20Republic%20of%20Congo
2020-05-29,32,25,0.0,10.1,6,47,11:48 AM,No moonset,06:00 AM,05:53 PM,22,30,30,27,12,57,72,3.6,1011,32,10,258,9,Democratic%20Republic%20of%20Congo
2020-05-30,32,24,0.0,7.2,6,54,12:38 PM,12:03 AM,06:00 AM,05:53 PM,21,30,30,27,8,75,71,2.4,1011,32,10,245,6,Democratic%20Republic%20of%20Congo
2020-05-31,32,25,0.0,8.7,6,58,01:27 PM,12:56 AM,06:00 AM,05:53 PM,21,30,30,28,8,63,70,9.9,1012,32,9,266,5,Democratic%20Republic%20of%20Congo
2020-06-01,32,25,0.0,10.1,6,71,02:15 PM,01:49 AM,06:00 AM,05:53 PM,21,31,31,28,6,60,69,13.8,1013,32,9,243,4,Democratic%20Republic%20of%20Congo
2020-06-02,29,24,0.0,7.2,6,79,03:05 PM,02:41 AM,06:00 AM,05:54 PM,21,28,28,26,8,68,77,6.5,1013,29,10,235,6,Democratic%20Republic%20of%20Congo
2020-06-03,29,24,0.0,4.3,6,86,03:56 PM,03:35 AM,06:01 AM,05:54 PM,21,28,28,26,11,68,77,0.5,1013,29,10,247,8,Democratic%20Republic%20of%20Congo
2020-06-04,31,23,0.0,7.2,6,94,04:50 PM,04:31 AM,06:01 AM,05:54 PM,21,29,29,26,10,58,73,0.1,1013,31,10,234,8,Democratic%20Republic%20of%20Congo
2020-06-05,34,24,0.0,8.7,8,100,05:46 PM,05:29 AM,06:01 AM,05:54 PM,21,31,31,28,6,43,68,1.6,1013,34,10,239,4,Democratic%20Republic%20of%20Congo
2020-06-06,31,24,0.0,7.2,6,100,06:44 PM,06:29 AM,06:01 AM,05:54 PM,21,29,29,27,12,61,72,3.8,1014,31,10,262,9,Democratic%20Republic%20of%20Congo
2020-06-07,31,24,0.0,7.2,6,84,07:43 PM,07:29 AM,06:01 AM,05:54 PM,21,29,29,27,10,46,71,3.0,1013,31,10,257,7,Democratic%20Republic%20of%20Congo
2020-06-08,31,23,0.0,7.2,6,76,08:40 PM,08:26 AM,06:02 AM,05:54 PM,21,28,28,26,12,67,75,1.2,1012,31,10,269,8,Democratic%20Republic%20of%20Congo
2020-06-09,28,23,0.0,7.2,6,69,09:35 PM,09:21 AM,06:02 AM,05:55 PM,20,27,27,25,11,53,73,0.0,1013,28,10,250,9,Democratic%20Republic%20of%20Congo
2020-06-10,27,22,0.0,4.3,6,61,10:25 PM,10:11 AM,06:02 AM,05:55 PM,19,26,26,25,12,58,72,0.1,1014,27,10,250,9,Democratic%20Republic%20of%20Congo
2020-06-11,28,22,0.0,7.2,6,54,11:13 PM,10:58 AM,06:02 AM,05:55 PM,19,26,26,24,10,48,72,0.0,1014,28,10,262,8,Democratic%20Republic%20of%20Congo
2020-06-12,32,22,0.0,8.7,7,46,11:57 PM,11:41 AM,06:02 AM,05:55 PM,18,28,28,26,8,19,65,0.0,1012,32,10,246,6,Democratic%20Republic%20of%20Congo
2020-06-13,32,22,0.0,8.7,7,38,No moonrise,12:22 PM,06:03 AM,05:55 PM,19,29,29,27,9,25,69,0.0,1012,32,10,258,6,Democratic%20Republic%20of%20Congo
2020-06-14,33,23,0.0,7.2,6,31,12:40 AM,01:01 PM,06:03 AM,05:56 PM,19,29,29,27,8,35,65,0.0,1013,33,10,239,6,Democratic%20Republic%20of%20Congo
2020-06-15,34,24,0.0,8.7,7,23,01:22 AM,01:40 PM,06:03 AM,05:56 PM,19,30,30,28,6,10,61,0.0,1013,34,10,234,5,Democratic%20Republic%20of%20Congo
2020-06-16,34,25,0.0,8.7,7,16,02:04 AM,02:20 PM,06:03 AM,05:56 PM,17,30,30,29,7,6,52,0.0,1012,34,10,214,5,Democratic%20Republic%20of%20Congo
2020-06-17,34,24,0.0,8.7,7,8,02:48 AM,03:01 PM,06:04 AM,05:56 PM,15,29,29,28,6,3,47,0.0,1012,34,10,231,4,Democratic%20Republic%20of%20Congo
2020-06-18,34,23,0.0,8.7,7,1,03:33 AM,03:45 PM,06:04 AM,05:56 PM,15,29,29,28,6,3,47,0.0,1013,34,10,230,4,Democratic%20Republic%20of%20Congo
2020-06-19,33,23,0.0,8.7,7,0,04:20 AM,04:31 PM,06:04 AM,05:57 PM,16,29,29,27,8,4,51,0.0,1015,33,10,243,6,Democratic%20Republic%20of%20Congo
2020-06-20,34,23,0.0,8.7,7,0,05:12 AM,05:22 PM,06:04 AM,05:57 PM,15,30,30,28,6,5,49,0.0,1015,34,10,238,4,Democratic%20Republic%20of%20Congo
2020-06-21,32,22,0.0,8.7,7,0,06:05 AM,06:15 PM,06:04 AM,05:57 PM,17,28,28,27,12,12,56,0.0,1014,32,10,246,9,Democratic%20Republic%20of%20Congo
2020-06-22,34,22,0.0,8.7,7,7,07:01 AM,07:12 PM,06:05 AM,05:57 PM,15,28,28,27,8,2,53,0.0,1012,34,10,253,6,Democratic%20Republic%20of%20Congo
2020-06-23,35,23,0.0,8.7,8,14,07:57 AM,08:08 PM,06:05 AM,05:57 PM,13,29,29,29,6,2,43,0.0,1012,35,10,226,4,Democratic%20Republic%20of%20Congo
2020-06-24,35,24,0.0,8.7,8,22,08:52 AM,09:05 PM,06:05 AM,05:58 PM,13,30,30,29,7,7,39,0.0,1011,35,10,241,5,Democratic%20Republic%20of%20Congo
2020-06-25,34,23,0.0,8.7,7,29,09:45 AM,10:00 PM,06:05 AM,05:58 PM,15,29,29,28,13,6,49,0.0,1011,34,10,252,9,Democratic%20Republic%20of%20Congo
2020-06-26,33,21,0.0,8.7,7,37,10:36 AM,10:53 PM,06:05 AM,05:58 PM,16,29,29,27,13,9,55,0.0,1011,33,10,249,9,Democratic%20Republic%20of%20Congo
2020-06-27,32,21,0.0,8.7,6,44,11:25 AM,11:45 PM,06:06 AM,05:58 PM,15,27,27,26,13,18,55,0.0,1011,32,10,244,9,Democratic%20Republic%20of%20Congo
2020-06-28,34,22,0.0,8.7,7,52,12:12 PM,No moonset,06:06 AM,05:59 PM,15,29,29,28,11,10,49,0.0,1011,34,10,242,7,Democratic%20Republic%20of%20Congo
2020-06-29,33,23,0.0,8.7,7,59,01:00 PM,12:36 AM,06:06 AM,05:59 PM,15,28,28,28,13,15,48,0.0,1011,33,10,254,9,Democratic%20Republic%20of%20Congo
2020-06-30,33,22,0.0,8.7,7,67,01:49 PM,01:28 AM,06:06 AM,05:59 PM,16,28,28,27,12,12,52,0.0,1011,33,10,256,9,Democratic%20Republic%20of%20Congo
2020-07-01,32,22,0.0,8.7,7,72,02:40 PM,02:21 AM,06:06 AM,05:59 PM,17,28,28,27,12,24,56,0.0,1012,32,10,256,9,Democratic%20Republic%20of%20Congo
2020-07-02,34,23,0.0,8.7,7,79,03:34 PM,03:17 AM,06:07 AM,05:59 PM,17,29,29,28,10,15,53,0.0,1011,34,10,241,8,Democratic%20Republic%20of%20Congo
2020-07-03,34,22,0.0,11.6,6,86,04:30 PM,04:15 AM,06:07 AM,06:00 PM,17,29,29,27,12,22,55,0.0,1011,34,10,245,9,Democratic%20Republic%20of%20Congo
2020-07-04,35,23,0.0,11.6,7,94,05:29 PM,05:14 AM,06:07 AM,06:00 PM,15,30,30,28,11,8,48,0.0,1011,35,10,248,8,Democratic%20Republic%20of%20Congo
2020-07-05,35,23,0.0,11.6,7,100,06:26 PM,06:12 AM,06:07 AM,06:00 PM,16,30,30,29,11,9,49,0.0,1010,35,10,243,8,Democratic%20Republic%20of%20Congo
2020-07-06,31,22,0.0,10.2,6,100,07:22 PM,07:09 AM,06:07 AM,06:00 PM,16,27,27,26,15,27,60,0.0,1012,31,10,256,11,Democratic%20Republic%20of%20Congo
2020-07-07,33,22,0.0,11.6,7,85,08:15 PM,08:01 AM,06:07 AM,06:00 PM,15,28,28,27,13,6,51,0.0,1011,33,10,251,9,Democratic%20Republic%20of%20Congo
2020-07-08,35,22,0.0,11.6,7,77,09:04 PM,08:50 AM,06:07 AM,06:01 PM,14,29,29,28,8,5,44,0.0,1010,35,10,202,6,Democratic%20Republic%20of%20Congo
2020-07-09,34,23,0.0,11.6,7,70,09:51 PM,09:35 AM,06:07 AM,06:01 PM,15,29,29,28,13,9,45,0.0,1011,34,10,246,9,Democratic%20Republic%20of%20Congo
2020-07-10,33,23,0.0,11.6,7,63,10:35 PM,10:17 AM,06:08 AM,06:01 PM,14,28,28,28,15,8,46,0.0,1011,33,10,246,11,Democratic%20Republic%20of%20Congo
2020-07-11,32,22,0.0,11.6,7,55,11:18 PM,10:57 AM,06:08 AM,06:01 PM,16,28,28,27,15,28,54,0.0,1012,32,10,253,12,Democratic%20Republic%20of%20Congo
2020-07-12,32,22,0.0,11.6,6,48,11:59 PM,11:37 AM,06:08 AM,06:01 PM,16,28,28,27,15,27,55,0.0,1012,32,10,247,12,Democratic%20Republic%20of%20Congo
2020-07-13,31,22,0.0,10.2,6,41,No moonrise,12:16 PM,06:08 AM,06:01 PM,16,27,27,26,15,40,57,0.0,1012,31,10,253,11,Democratic%20Republic%20of%20Congo
2020-07-14,32,22,0.0,11.6,7,34,12:42 AM,12:56 PM,06:08 AM,06:02 PM,16,27,27,26,13,27,55,0.0,1011,32,10,259,10,Democratic%20Republic%20of%20Congo
2020-07-15,33,22,0.0,11.6,6,26,01:26 AM,01:38 PM,06:08 AM,06:02 PM,17,28,28,27,12,30,55,0.0,1012,33,10,259,9,Democratic%20Republic%20of%20Congo
2020-07-16,32,23,0.0,11.6,7,19,02:12 AM,02:23 PM,06:08 AM,06:02 PM,16,28,28,27,11,25,53,0.0,1013,32,10,256,8,Democratic%20Republic%20of%20Congo
2020-07-17,33,22,0.0,11.6,6,12,03:02 AM,03:12 PM,06:08 AM,06:02 PM,15,28,28,27,15,28,52,0.0,1013,33,10,258,11,Democratic%20Republic%20of%20Congo
2020-07-18,33,23,0.0,11.6,6,5,03:54 AM,04:05 PM,06:08 AM,06:02 PM,15,28,28,27,12,34,48,0.0,1012,33,10,245,9,Democratic%20Republic%20of%20Congo
2020-07-19,34,23,0.0,11.6,7,0,04:49 AM,05:00 PM,06:08 AM,06:02 PM,14,29,29,28,8,10,43,0.0,1011,34,10,240,6,Democratic%20Republic%20of%20Congo
2020-07-20,34,23,0.0,11.6,7,0,05:46 AM,05:58 PM,06:08 AM,06:02 PM,13,29,29,28,11,11,42,0.0,1011,34,10,242,8,Democratic%20Republic%20of%20Congo
2020-07-21,36,22,0.0,11.6,7,2,06:43 AM,06:56 PM,06:08 AM,06:02 PM,12,30,30,29,10,3,40,0.0,1011,36,10,239,7,Democratic%20Republic%20of%20Congo
2020-07-22,37,23,0.0,11.6,8,10,07:38 AM,07:53 PM,06:08 AM,06:03 PM,10,30,30,30,9,3,32,0.0,1011,37,10,233,6,Democratic%20Republic%20of%20Congo
2020-07-23,35,23,0.0,11.6,7,17,08:31 AM,08:48 PM,06:08 AM,06:03 PM,11,28,28,29,13,3,34,0.0,1010,35,10,255,9,Democratic%20Republic%20of%20Congo
2020-07-24,35,22,0.0,11.6,7,24,09:22 AM,09:41 PM,06:08 AM,06:03 PM,11,29,29,28,13,2,36,0.0,1010,35,10,254,9,Democratic%20Republic%20of%20Congo
2020-07-25,34,22,0.0,11.6,7,32,10:10 AM,10:33 PM,06:08 AM,06:03 PM,14,29,29,28,14,6,43,0.0,1011,34,10,250,10,Democratic%20Republic%20of%20Congo
2020-07-26,34,23,0.0,11.6,7,39,10:58 AM,11:25 PM,06:08 AM,06:03 PM,15,29,29,28,15,9,47,0.0,1011,34,10,249,11,Democratic%20Republic%20of%20Congo
2020-07-27,33,22,0.0,11.6,7,46,11:47 AM,No moonset,06:08 AM,06:03 PM,14,28,28,27,16,10,48,0.0,1012,33,10,252,12,Democratic%20Republic%20of%20Congo
2020-07-28,34,21,0.0,11.6,7,53,12:36 PM,12:17 AM,06:08 AM,06:03 PM,13,27,27,27,16,6,44,0.0,1011,34,10,245,12,Democratic%20Republic%20of%20Congo
2020-07-29,34,21,0.0,11.6,7,61,01:29 PM,01:12 AM,06:07 AM,06:03 PM,12,27,27,27,14,4,42,0.0,1011,34,10,253,10,Democratic%20Republic%20of%20Congo
2020-07-30,33,20,0.0,11.6,7,68,02:22 PM,02:07 AM,06:07 AM,06:03 PM,13,27,27,27,14,7,46,0.0,1012,33,10,244,10,Democratic%20Republic%20of%20Congo
2020-07-31,35,22,0.0,11.6,7,72,03:19 PM,03:05 AM,06:07 AM,06:03 PM,14,29,29,28,14,7,45,0.0,1012,35,10,248,10,Democratic%20Republic%20of%20Congo
2020-08-01,35,21,0.0,11.6,7,82,04:16 PM,04:02 AM,06:07 AM,06:03 PM,14,29,29,28,15,13,45,0.0,1012,35,10,250,10,Democratic%20Republic%20of%20Congo
2020-08-02,33,22,0.0,11.6,7,90,05:12 PM,04:58 AM,06:07 AM,06:03 PM,14,28,28,27,16,11,46,0.0,1012,33,10,247,12,Democratic%20Republic%20of%20Congo
2020-08-03,33,22,0.0,11.6,7,97,06:05 PM,05:52 AM,06:07 AM,06:03 PM,15,28,28,27,16,16,49,0.0,1013,33,10,251,12,Democratic%20Republic%20of%20Congo
2020-08-04,33,22,0.0,11.6,6,100,06:56 PM,06:42 AM,06:07 AM,06:03 PM,15,28,28,27,15,23,51,0.0,1014,33,10,264,11,Democratic%20Republic%20of%20Congo
2020-08-05,33,22,0.0,11.6,7,88,07:44 PM,07:29 AM,06:06 AM,06:03 PM,15,28,28,27,15,31,50,0.0,1014,33,10,251,11,Democratic%20Republic%20of%20Congo
2020-08-06,33,22,0.0,11.6,6,81,08:29 PM,08:12 AM,06:06 AM,06:03 PM,15,28,28,27,15,29,51,0.0,1013,33,10,241,11,Democratic%20Republic%20of%20Congo
2020-08-07,33,22,0.0,10.2,6,74,09:12 PM,08:53 AM,06:06 AM,06:03 PM,16,28,28,27,16,31,53,0.0,1014,33,10,258,12,Democratic%20Republic%20of%20Congo
2020-08-08,33,22,0.0,11.6,7,67,09:55 PM,09:33 AM,06:06 AM,06:03 PM,16,28,28,27,15,23,52,0.0,1014,33,10,256,12,Democratic%20Republic%20of%20Congo
2020-08-09,31,21,0.0,11.6,6,59,10:37 PM,10:12 AM,06:06 AM,06:03 PM,16,27,27,26,16,29,55,0.0,1013,31,10,257,12,Democratic%20Republic%20of%20Congo
2020-08-10,31,21,0.0,11.6,6,52,11:20 PM,10:51 AM,06:05 AM,06:03 PM,16,27,27,26,17,29,55,0.0,1013,31,10,244,14,Democratic%20Republic%20of%20Congo
2020-08-11,34,21,0.0,11.6,6,45,No moonrise,11:33 AM,06:05 AM,06:03 PM,16,28,28,27,12,32,54,0.0,1012,34,10,246,9,Democratic%20Republic%20of%20Congo
2020-08-12,35,23,0.0,11.6,7,38,12:05 AM,12:16 PM,06:05 AM,06:03 PM,16,29,29,28,12,21,47,0.0,1012,35,10,246,9,Democratic%20Republic%20of%20Congo
2020-08-13,34,23,0.0,11.6,7,30,12:52 AM,01:02 PM,06:05 AM,06:03 PM,16,29,29,28,15,20,49,0.0,1011,34,10,242,11,Democratic%20Republic%20of%20Congo
2020-08-14,34,23,0.0,11.6,7,23,01:43 AM,01:53 PM,06:04 AM,06:02 PM,16,29,29,28,16,14,49,0.0,1010,34,10,244,12,Democratic%20Republic%20of%20Congo
2020-08-15,34,22,0.0,11.6,6,16,02:36 AM,02:46 PM,06:04 AM,06:02 PM,16,29,29,28,15,28,50,0.0,1010,34,10,255,12,Democratic%20Republic%20of%20Congo
2020-08-16,36,23,0.0,11.6,8,8,03:32 AM,03:43 PM,06:04 AM,06:02 PM,15,30,30,29,15,22,47,0.0,1010,36,10,247,11,Democratic%20Republic%20of%20Congo
2020-08-17,33,23,0.0,11.6,7,1,04:28 AM,04:41 PM,06:03 AM,06:02 PM,16,29,29,28,16,23,52,0.0,1010,33,10,241,13,Democratic%20Republic%20of%20Congo
2020-08-18,35,22,0.0,11.6,6,0,05:25 AM,05:40 PM,06:03 AM,06:02 PM,15,29,29,28,15,22,50,0.0,1009,35,10,246,11,Democratic%20Republic%20of%20Congo
2020-08-19,34,22,0.0,11.6,6,0,06:20 AM,06:37 PM,06:03 AM,06:02 PM,16,29,29,28,17,31,52,0.0,1009,34,10,271,13,Democratic%20Republic%20of%20Congo
2020-08-20,32,23,0.0,11.6,6,6,07:13 AM,07:32 PM,06:02 AM,06:02 PM,17,28,28,27,15,37,57,0.0,1009,32,10,255,12,Democratic%20Republic%20of%20Congo
2020-08-21,33,22,0.0,10.2,6,13,08:04 AM,08:26 PM,06:02 AM,06:02 PM,17,28,28,27,11,51,59,0.0,1011,33,10,239,8,Democratic%20Republic%20of%20Congo
2020-08-22,34,23,0.0,10.2,6,20,08:53 AM,09:20 PM,06:02 AM,06:01 PM,17,29,29,28,10,45,52,0.0,1011,34,10,251,8,Democratic%20Republic%20of%20Congo
2020-08-23,28,24,0.0,6.0,6,28,09:43 AM,10:13 PM,06:01 AM,06:01 PM,17,27,27,26,14,69,61,0.1,1012,28,10,260,11,Democratic%20Republic%20of%20Congo
2020-08-24,28,22,0.0,11.6,6,35,10:33 AM,11:08 PM,06:01 AM,06:01 PM,18,27,27,25,8,40,64,0.0,1011,28,10,250,6,Democratic%20Republic%20of%20Congo
2020-08-25,29,23,0.0,6.0,6,42,11:25 AM,No moonset,06:01 AM,06:01 PM,19,27,27,26,13,70,65,3.2,1012,29,10,241,10,Democratic%20Republic%20of%20Congo
2020-08-26,31,24,0.0,11.7,6,50,12:19 PM,12:03 AM,06:00 AM,06:01 PM,18,29,29,27,13,53,57,0.0,1012,31,10,246,11,Democratic%20Republic%20of%20Congo
2020-08-27,34,24,0.0,12.0,6,57,01:14 PM,01:00 AM,06:00 AM,06:01 PM,17,30,30,29,14,38,51,0.1,1012,34,10,249,11,Democratic%20Republic%20of%20Congo
2020-08-28,33,24,0.0,12.0,7,64,02:10 PM,01:57 AM,06:00 AM,06:00 PM,17,29,29,28,13,30,54,0.0,1011,33,10,250,10,Democratic%20Republic%20of%20Congo
2020-08-29,32,23,0.0,11.8,6,71,03:06 PM,02:53 AM,05:59 AM,06:00 PM,17,28,28,27,13,39,57,0.0,1011,32,10,262,10,Democratic%20Republic%20of%20Congo
2020-08-30,33,23,0.0,12.4,7,79,03:59 PM,03:47 AM,05:59 AM,06:00 PM,17,29,29,28,13,22,53,0.0,1011,33,10,244,9,Democratic%20Republic%20of%20Congo
2020-08-31,36,24,0.0,12.4,8,82,04:50 PM,04:37 AM,05:58 AM,06:00 PM,16,30,30,30,12,19,46,0.0,1011,36,10,234,9,Democratic%20Republic%20of%20Congo
2020-09-01,34,24,0.0,12.4,6,97,05:39 PM,05:25 AM,05:58 AM,06:00 PM,17,29,29,28,14,42,51,1.0,1010,34,10,267,11,Democratic%20Republic%20of%20Congo
2020-09-02,34,24,0.0,10.2,6,100,06:24 PM,06:08 AM,05:57 AM,05:59 PM,17,30,30,28,13,40,53,0.1,1011,34,10,275,10,Democratic%20Republic%20of%20Congo
2020-09-03,35,24,0.0,11.6,7,88,07:08 PM,06:50 AM,05:57 AM,05:59 PM,17,31,31,29,13,43,51,0.1,1011,35,10,234,10,Democratic%20Republic%20of%20Congo
2020-09-04,33,24,0.0,11.6,7,81,07:51 PM,07:30 AM,05:57 AM,05:59 PM,18,29,29,28,15,36,56,0.1,1012,33,10,234,12,Democratic%20Republic%20of%20Congo
2020-09-05,33,25,0.0,11.6,7,73,08:33 PM,08:09 AM,05:56 AM,05:59 PM,17,30,30,29,14,19,52,0.0,1010,33,10,251,11,Democratic%20Republic%20of%20Congo
2020-09-06,32,24,0.0,10.2,6,66,09:16 PM,08:48 AM,05:56 AM,05:59 PM,17,29,29,28,15,36,54,0.0,1009,32,10,261,13,Democratic%20Republic%20of%20Congo
2020-09-07,32,24,0.0,10.2,6,58,09:59 PM,09:29 AM,05:55 AM,05:58 PM,18,29,29,28,13,32,56,0.0,1010,32,10,249,10,Democratic%20Republic%20of%20Congo
2020-09-08,36,24,0.0,11.6,8,50,10:45 PM,10:10 AM,05:55 AM,05:58 PM,17,31,31,30,11,29,50,0.0,1010,36,10,244,9,Democratic%20Republic%20of%20Congo
2020-09-09,34,24,0.0,11.6,7,43,11:34 PM,10:55 AM,05:54 AM,05:58 PM,17,30,30,29,14,24,50,0.0,1010,34,10,240,11,Democratic%20Republic%20of%20Congo
2020-09-10,30,24,0.0,6.0,6,35,No moonrise,11:43 AM,05:54 AM,05:58 PM,18,28,28,27,16,53,57,0.0,1011,30,10,267,13,Democratic%20Republic%20of%20Congo
2020-09-11,33,24,0.0,11.6,7,28,12:24 AM,12:34 PM,05:53 AM,05:57 PM,17,29,29,28,15,36,50,0.0,1010,33,10,256,12,Democratic%20Republic%20of%20Congo
2020-09-12,32,23,0.0,11.6,7,20,01:18 AM,01:29 PM,05:53 AM,05:57 PM,16,29,29,28,15,12,51,0.0,1011,32,10,246,12,Democratic%20Republic%20of%20Congo
2020-09-13,33,23,0.0,10.2,6,13,02:13 AM,02:25 PM,05:53 AM,05:57 PM,17,28,28,27,14,26,54,0.0,1012,33,10,251,11,Democratic%20Republic%20of%20Congo
2020-09-14,35,24,0.0,11.6,8,5,03:10 AM,03:23 PM,05:52 AM,05:57 PM,16,30,30,29,13,28,49,0.0,1012,35,10,257,10,Democratic%20Republic%20of%20Congo
2020-09-15,34,25,0.0,10.2,6,0,04:05 AM,04:20 PM,05:52 AM,05:56 PM,17,30,30,29,14,37,50,0.0,1011,34,10,273,12,Democratic%20Republic%20of%20Congo
2020-09-16,30,24,0.0,7.4,6,0,04:59 AM,05:17 PM,05:51 AM,05:56 PM,18,29,29,27,10,47,56,5.6,1011,30,10,189,7,Democratic%20Republic%20of%20Congo
2020-09-17,32,25,0.0,6.0,6,0,05:51 AM,06:12 PM,05:51 AM,05:56 PM,18,30,30,28,15,58,56,5.3,1011,32,10,255,10,Democratic%20Republic%20of%20Congo
2020-09-18,32,25,0.0,10.2,6,2,06:42 AM,07:07 PM,05:50 AM,05:56 PM,19,30,30,28,15,56,60,12.1,1011,32,9,276,10,Democratic%20Republic%20of%20Congo
2020-09-19,31,25,0.0,10.2,6,10,07:33 AM,08:02 PM,05:50 AM,05:55 PM,18,29,29,28,14,51,56,1.6,1011,31,10,243,10,Democratic%20Republic%20of%20Congo
2020-09-20,33,24,0.0,7.4,6,17,08:24 AM,08:58 PM,05:49 AM,05:55 PM,17,29,29,28,14,53,54,3.1,1011,33,10,269,10,Democratic%20Republic%20of%20Congo
2020-09-21,29,24,0.0,8.8,6,25,09:18 AM,09:56 PM,05:49 AM,05:55 PM,18,28,28,27,15,53,59,0.0,1012,29,10,249,11,Democratic%20Republic%20of%20Congo
2020-09-22,34,23,0.0,10.2,6,32,10:12 AM,10:54 PM,05:48 AM,05:55 PM,18,30,30,28,13,48,55,1.1,1012,34,10,255,10,Democratic%20Republic%20of%20Congo
2020-09-23,32,24,0.0,10.2,6,40,11:09 AM,11:52 PM,05:48 AM,05:55 PM,19,29,29,27,15,58,62,11.9,1013,32,9,252,10,Democratic%20Republic%20of%20Congo
2020-09-24,30,24,0.0,7.4,6,47,12:06 PM,No moonset,05:47 AM,05:54 PM,19,28,28,27,14,68,63,3.5,1013,30,10,254,11,Democratic%20Republic%20of%20Congo
2020-09-25,29,24,0.0,7.4,6,55,01:02 PM,12:49 AM,05:47 AM,05:54 PM,18,28,28,26,13,54,62,0.0,1013,29,10,252,11,Democratic%20Republic%20of%20Congo
2020-09-26,30,24,0.0,11.6,7,62,01:56 PM,01:44 AM,05:47 AM,05:54 PM,18,28,28,26,13,41,60,0.4,1011,30,10,263,9,Democratic%20Republic%20of%20Congo
2020-09-27,31,23,0.0,10.2,6,70,02:47 PM,02:35 AM,05:46 AM,05:54 PM,18,28,28,27,13,51,60,0.0,1010,31,10,248,10,Democratic%20Republic%20of%20Congo
2020-09-28,32,24,0.0,11.6,7,78,03:36 PM,03:23 AM,05:46 AM,05:53 PM,17,28,28,27,13,40,56,0.0,1011,32,10,278,10,Democratic%20Republic%20of%20Congo
2020-09-29,29,23,0.0,7.4,6,85,04:22 PM,04:07 AM,05:45 AM,05:53 PM,19,27,27,26,9,55,66,7.6,1012,29,9,272,7,Democratic%20Republic%20of%20Congo
2020-09-30,29,24,0.0,7.4,6,93,05:06 PM,04:49 AM,05:45 AM,05:53 PM,18,27,27,26,14,65,61,1.8,1012,29,10,238,10,Democratic%20Republic%20of%20Congo
2020-10-01,31,24,0.0,8.8,6,97,05:49 PM,05:29 AM,05:44 AM,05:53 PM,18,29,29,28,14,54,54,0.6,1010,31,10,265,11,Democratic%20Republic%20of%20Congo
2020-10-02,36,24,0.0,11.6,8,100,06:31 PM,06:08 AM,05:44 AM,05:53 PM,17,30,30,29,9,25,52,0.1,1010,36,10,235,6,Democratic%20Republic%20of%20Congo
2020-10-03,32,25,0.0,7.4,6,89,07:13 PM,06:47 AM,05:43 AM,05:52 PM,19,30,30,28,13,56,60,4.5,1011,32,10,267,9,Democratic%20Republic%20of%20Congo
2020-10-04,34,25,0.0,8.8,7,82,07:56 PM,07:27 AM,05:43 AM,05:52 PM,20,31,31,29,10,65,62,7.8,1011,34,9,266,7,Democratic%20Republic%20of%20Congo
2020-10-05,32,25,0.0,6.0,6,74,08:41 PM,08:08 AM,05:43 AM,05:52 PM,20,30,30,28,13,64,62,10.5,1011,32,10,258,9,Democratic%20Republic%20of%20Congo
2020-10-06,36,25,0.0,10.2,7,67,09:29 PM,08:51 AM,05:42 AM,05:52 PM,19,32,32,30,12,46,57,2.4,1010,36,10,254,9,Democratic%20Republic%20of%20Congo
2020-10-07,31,24,0.0,7.4,6,60,10:18 PM,09:38 AM,05:42 AM,05:52 PM,20,29,29,27,13,66,66,3.2,1012,31,10,255,10,Democratic%20Republic%20of%20Congo
2020-10-08,32,24,0.0,7.4,6,53,11:10 PM,10:26 AM,05:41 AM,05:52 PM,19,30,30,28,13,68,63,1.2,1012,32,10,271,10,Democratic%20Republic%20of%20Congo
2020-10-09,30,24,0.0,7.4,6,45,No moonrise,11:19 AM,05:41 AM,05:51 PM,20,28,28,26,12,74,68,3.7,1012,30,10,258,9,Democratic%20Republic%20of%20Congo
2020-10-10,32,24,0.0,8.8,6,38,12:03 AM,12:13 PM,05:41 AM,05:51 PM,20,29,29,27,11,65,67,0.8,1012,32,10,261,8,Democratic%20Republic%20of%20Congo
2020-10-11,31,24,0.0,10.2,6,31,12:57 AM,01:08 PM,05:40 AM,05:51 PM,20,29,29,27,13,55,65,2.5,1012,31,10,252,10,Democratic%20Republic%20of%20Congo
2020-10-12,31,23,0.0,8.8,6,23,01:51 AM,02:04 PM,05:40 AM,05:51 PM,19,28,28,26,11,53,66,0.0,1011,31,10,264,8,Democratic%20Republic%20of%20Congo
2020-10-13,30,22,0.0,11.6,7,16,02:44 AM,03:00 PM,05:39 AM,05:51 PM,19,27,27,26,9,45,68,0.0,1012,30,10,262,6,Democratic%20Republic%20of%20Congo
2020-10-14,32,24,0.0,6.1,6,9,03:36 AM,03:55 PM,05:39 AM,05:51 PM,20,29,29,27,10,65,66,0.8,1012,32,10,254,7,Democratic%20Republic%20of%20Congo
2020-10-15,29,23,0.0,6.1,6,2,04:27 AM,04:50 PM,05:39 AM,05:51 PM,21,28,28,26,10,80,75,18.3,1013,29,9,270,8,Democratic%20Republic%20of%20Congo
2020-10-16,29,24,0.0,6.1,6,0,05:18 AM,05:45 PM,05:38 AM,05:51 PM,21,28,28,26,10,63,73,4.9,1012,29,9,274,8,Democratic%20Republic%20of%20Congo
2020-10-17,30,25,0.0,6.1,6,0,06:09 AM,06:42 PM,05:38 AM,05:51 PM,21,29,29,27,14,85,71,0.7,1011,30,10,248,10,Democratic%20Republic%20of%20Congo
2020-10-18,29,24,0.0,6.1,6,5,07:03 AM,07:40 PM,05:38 AM,05:50 PM,21,28,28,26,10,61,75,0.4,1010,29,10,259,7,Democratic%20Republic%20of%20Congo
2020-10-19,31,24,0.0,7.4,6,13,07:59 AM,08:40 PM,05:38 AM,05:50 PM,21,30,30,27,11,68,72,17.6,1010,31,9,247,7,Democratic%20Republic%20of%20Congo
2020-10-20,29,24,0.0,6.1,6,20,08:57 AM,09:41 PM,05:37 AM,05:50 PM,21,28,28,26,12,73,74,1.0,1011,29,10,254,9,Democratic%20Republic%20of%20Congo
2020-10-21,29,24,0.0,6.1,6,27,09:56 AM,10:41 PM,05:37 AM,05:50 PM,21,28,28,26,14,69,75,32.6,1012,29,8,287,8,Democratic%20Republic%20of%20Congo
2020-10-22,30,22,0.0,10.2,6,35,10:55 AM,11:38 PM,05:37 AM,05:50 PM,21,28,28,26,13,58,74,18.8,1012,30,9,269,8,Democratic%20Republic%20of%20Congo
2020-10-23,26,24,0.0,7.5,6,42,11:51 AM,No moonset,05:36 AM,05:50 PM,22,27,27,25,10,78,82,30.6,1012,26,6,277,6,Democratic%20Republic%20of%20Congo
2020-10-24,28,23,0.0,6.1,6,49,12:44 PM,12:31 AM,05:36 AM,05:50 PM,21,27,27,25,12,73,79,3.1,1012,28,10,259,9,Democratic%20Republic%20of%20Congo
2020-10-25,30,23,0.0,6.1,6,56,01:34 PM,01:21 AM,05:36 AM,05:50 PM,21,29,29,26,11,76,76,20.8,1010,30,9,266,7,Democratic%20Republic%20of%20Congo
2020-10-26,25,23,0.0,6.1,5,64,02:20 PM,02:06 AM,05:36 AM,05:50 PM,21,26,26,24,16,89,84,34.0,1010,25,7,266,10,Democratic%20Republic%20of%20Congo
2020-10-27,29,22,0.0,6.1,6,71,03:05 PM,02:49 AM,05:36 AM,05:50 PM,21,27,27,25,10,76,76,0.2,1010,29,10,272,7,Democratic%20Republic%20of%20Congo
2020-10-28,30,24,0.0,6.1,6,78,03:48 PM,03:29 AM,05:35 AM,05:50 PM,22,29,29,26,14,82,76,53.9,1010,30,7,248,9,Democratic%20Republic%20of%20Congo
2020-10-29,31,22,0.0,6.1,6,85,04:29 PM,04:08 AM,05:35 AM,05:50 PM,21,28,28,26,8,80,76,7.8,1011,31,9,259,6,Democratic%20Republic%20of%20Congo
2020-10-30,27,23,0.0,8.8,6,93,05:12 PM,04:47 AM,05:35 AM,05:50 PM,21,27,27,25,8,70,81,20.3,1012,27,8,235,5,Democratic%20Republic%20of%20Congo
2020-10-31,27,23,0.0,7.5,6,97,05:55 PM,05:26 AM,05:35 AM,05:50 PM,21,27,27,25,6,64,80,5.2,1011,27,8,279,4,Democratic%20Republic%20of%20Congo
2020-11-01,31,24,0.0,6.1,6,89,06:39 PM,06:07 AM,05:35 AM,05:51 PM,21,29,29,27,13,73,74,21.3,1009,31,9,253,8,Democratic%20Republic%20of%20Congo
2020-11-02,29,23,0.0,6.1,6,81,07:26 PM,06:49 AM,05:35 AM,05:51 PM,21,28,28,26,11,80,79,17.7,1011,29,8,242,8,Democratic%20Republic%20of%20Congo
2020-11-03,31,22,0.0,7.5,6,74,08:14 PM,07:35 AM,05:35 AM,05:51 PM,22,30,30,27,5,56,74,20.0,1011,31,9,285,4,Democratic%20Republic%20of%20Congo
2020-11-04,31,24,0.0,6.1,6,66,09:05 PM,08:23 AM,05:34 AM,05:51 PM,22,29,29,27,10,68,74,1.2,1011,31,10,268,8,Democratic%20Republic%20of%20Congo
2020-11-05,30,24,0.0,6.1,6,58,09:58 PM,09:14 AM,05:34 AM,05:51 PM,22,29,29,26,12,84,76,19.8,1010,30,9,273,7,Democratic%20Republic%20of%20Congo
2020-11-06,28,23,0.0,6.1,6,51,10:51 PM,10:06 AM,05:34 AM,05:51 PM,21,27,27,25,12,80,82,37.8,1012,28,5,270,8,Democratic%20Republic%20of%20Congo
2020-11-07,30,23,0.0,10.2,6,43,11:43 PM,11:00 AM,05:34 AM,05:51 PM,21,28,28,26,8,56,75,17.6,1012,30,9,269,6,Democratic%20Republic%20of%20Congo
2020-11-08,30,24,0.0,6.1,6,36,No moonrise,11:55 AM,05:34 AM,05:51 PM,22,29,29,26,9,79,75,15.6,1012,30,9,263,7,Democratic%20Republic%20of%20Congo
2020-11-09,31,23,0.0,8.8,6,28,12:34 AM,12:48 PM,05:34 AM,05:52 PM,21,29,29,26,13,64,76,13.9,1013,31,9,282,9,Democratic%20Republic%20of%20Congo
2020-11-10,24,23,0.0,6.1,5,21,01:25 AM,01:42 PM,05:34 AM,05:52 PM,21,25,25,23,8,83,89,54.1,1013,24,6,275,5,Democratic%20Republic%20of%20Congo
2020-11-11,30,24,0.0,7.5,6,13,02:14 AM,02:34 PM,05:34 AM,05:52 PM,21,29,29,26,4,66,73,1.7,1011,30,10,203,3,Democratic%20Republic%20of%20Congo
2020-11-12,34,24,0.0,7.5,6,6,03:04 AM,03:28 PM,05:34 AM,05:52 PM,20,30,30,28,5,49,65,13.2,1011,34,9,126,4,Democratic%20Republic%20of%20Congo
2020-11-13,31,23,0.0,7.5,6,0,03:54 AM,04:23 PM,05:34 AM,05:53 PM,21,28,28,26,13,68,76,85.3,1012,31,7,226,7,Democratic%20Republic%20of%20Congo
2020-11-14,26,23,0.0,7.5,5,0,04:45 AM,05:20 PM,05:34 AM,05:53 PM,21,26,26,24,8,77,84,92.8,1012,26,7,201,5,Democratic%20Republic%20of%20Congo
2020-11-15,32,23,0.0,7.5,6,0,05:40 AM,06:19 PM,05:34 AM,05:53 PM,21,29,29,26,7,65,73,20.4,1011,32,8,233,4,Democratic%20Republic%20of%20Congo
2020-11-16,25,23,0.0,6.1,5,2,06:38 AM,07:22 PM,05:34 AM,05:53 PM,21,26,26,24,9,73,83,27.3,1011,25,8,244,6,Democratic%20Republic%20of%20Congo
2020-11-17,31,22,0.0,6.1,6,9,07:39 AM,08:24 PM,05:35 AM,05:54 PM,21,29,29,26,8,71,77,22.0,1011,31,9,251,5,Democratic%20Republic%20of%20Congo
2020-11-18,31,22,0.0,7.5,6,17,08:39 AM,09:25 PM,05:35 AM,05:54 PM,20,28,28,26,4,66,75,2.1,1011,31,10,294,3,Democratic%20Republic%20of%20Congo
2020-11-19,27,23,0.0,7.5,5,24,09:40 AM,10:22 PM,05:35 AM,05:54 PM,21,26,26,24,10,75,82,19.5,1011,27,9,217,7,Democratic%20Republic%20of%20Congo
2020-11-20,31,22,0.0,6.1,6,32,10:36 AM,11:15 PM,05:35 AM,05:55 PM,21,29,29,26,5,80,75,6.0,1010,31,10,279,3,Democratic%20Republic%20of%20Congo
2020-11-21,30,23,0.0,7.5,6,39,11:29 AM,No moonset,05:35 AM,05:55 PM,22,28,28,25,7,82,80,29.9,1010,30,8,293,5,Democratic%20Republic%20of%20Congo
2020-11-22,23,18,0.0,6.1,5,47,12:17 PM,12:03 AM,05:35 AM,05:55 PM,20,25,25,22,9,84,86,39.4,1012,23,8,196,6,Democratic%20Republic%20of%20Congo
2020-11-23,29,23,0.0,10.2,6,54,01:03 PM,12:47 AM,05:36 AM,05:56 PM,21,28,28,25,8,62,77,3.6,1012,29,10,254,6,Democratic%20Republic%20of%20Congo
2020-11-24,24,22,0.0,6.1,5,62,01:46 PM,01:29 AM,05:36 AM,05:56 PM,21,25,25,23,6,76,87,29.7,1013,24,8,173,4,Democratic%20Republic%20of%20Congo
2020-11-25,34,23,0.0,8.9,7,70,02:28 PM,02:08 AM,05:36 AM,05:56 PM,21,31,31,28,2,54,69,4.5,1011,34,10,172,1,Democratic%20Republic%20of%20Congo
2020-11-26,32,24,0.0,6.1,6,77,03:10 PM,02:46 AM,05:36 AM,05:57 PM,21,30,30,27,8,75,72,28.8,1010,32,7,204,5,Democratic%20Republic%20of%20Congo
2020-11-27,29,23,0.0,6.1,6,85,03:52 PM,03:25 AM,05:36 AM,05:57 PM,21,28,28,25,10,78,79,9.7,1011,29,9,241,7,Democratic%20Republic%20of%20Congo
2020-11-28,28,23,0.0,7.5,6,92,04:36 PM,04:05 AM,05:37 AM,05:57 PM,21,27,27,25,7,59,81,14.3,1011,28,9,237,5,Democratic%20Republic%20of%20Congo
2020-11-29,27,23,0.0,8.9,6,100,05:22 PM,04:47 AM,05:37 AM,05:58 PM,21,27,27,25,7,55,78,4.4,1012,27,9,208,5,Democratic%20Republic%20of%20Congo
2020-11-30,30,23,0.0,10.2,6,100,06:10 PM,05:32 AM,05:37 AM,05:58 PM,21,29,29,26,10,61,74,8.6,1012,30,9,205,7,Democratic%20Republic%20of%20Congo
2020-12-01,30,24,0.0,7.5,6,89,07:01 PM,06:19 AM,05:38 AM,05:59 PM,21,28,28,26,7,60,74,13.9,1011,30,9,211,5,Democratic%20Republic%20of%20Congo
2020-12-02,30,24,0.0,11.6,6,82,07:54 PM,07:10 AM,05:38 AM,05:59 PM,21,28,28,26,8,56,76,7.9,1010,30,9,253,5,Democratic%20Republic%20of%20Congo
2020-12-03,28,23,0.0,9.2,6,75,08:47 PM,08:03 AM,05:38 AM,06:00 PM,21,27,27,25,11,65,79,5.1,1012,28,9,244,8,Democratic%20Republic%20of%20Congo
2020-12-04,32,23,0.0,11.9,6,67,09:40 PM,08:57 AM,05:39 AM,06:00 PM,21,29,29,26,9,54,72,9.8,1012,32,9,256,7,Democratic%20Republic%20of%20Congo
2020-12-05,31,23,0.0,10.5,6,60,10:31 PM,09:51 AM,05:39 AM,06:00 PM,21,29,29,26,9,61,72,13.9,1012,31,9,267,6,Democratic%20Republic%20of%20Congo
2020-12-06,29,24,0.0,7.9,6,53,11:21 PM,10:43 AM,05:39 AM,06:01 PM,21,28,28,26,7,63,74,23.7,1012,29,8,231,4,Democratic%20Republic%20of%20Congo
2020-12-07,34,23,0.0,10.5,7,46,No moonrise,11:36 AM,05:40 AM,06:01 PM,21,31,31,28,4,66,67,5.0,1012,34,9,161,3,Democratic%20Republic%20of%20Congo
2020-12-08,27,23,0.0,7.9,5,38,12:09 AM,12:26 PM,05:40 AM,06:02 PM,21,27,27,24,8,79,81,18.3,1013,27,9,219,5,Democratic%20Republic%20of%20Congo
2020-12-09,30,23,0.0,7.9,6,31,12:56 AM,01:18 PM,05:41 AM,06:02 PM,21,28,28,26,7,74,75,6.6,1012,30,9,219,4,Democratic%20Republic%20of%20Congo
2020-12-10,33,23,0.0,11.9,6,24,01:44 AM,02:09 PM,05:41 AM,06:03 PM,21,30,30,27,4,60,72,7.6,1011,33,9,130,3,Democratic%20Republic%20of%20Congo
2020-12-11,30,23,0.0,10.5,6,17,02:32 AM,03:03 PM,05:41 AM,06:03 PM,21,28,28,26,10,68,73,12.0,1012,30,9,249,6,Democratic%20Republic%20of%20Congo
2020-12-12,30,24,0.0,7.9,6,9,03:24 AM,04:00 PM,05:42 AM,06:04 PM,21,29,29,26,8,71,75,21.7,1011,30,8,241,5,Democratic%20Republic%20of%20Congo
2020-12-13,27,24,0.0,7.9,6,2,04:19 AM,05:00 PM,05:42 AM,06:04 PM,21,27,27,25,8,78,80,1.2,1010,27,10,248,6,Democratic%20Republic%20of%20Congo
2020-12-14,26,23,0.0,11.9,5,0,05:18 AM,06:02 PM,05:43 AM,06:05 PM,21,26,26,24,4,53,81,1.6,1010,26,10,192,3,Democratic%20Republic%20of%20Congo
2020-12-15,31,23,0.0,9.2,6,0,06:19 AM,07:05 PM,05:43 AM,06:05 PM,21,29,29,27,6,68,73,5.3,1010,31,10,290,4,Democratic%20Republic%20of%20Congo
2020-12-16,32,24,0.0,10.5,6,5,07:21 AM,08:06 PM,05:44 AM,06:06 PM,21,30,30,27,9,72,72,21.1,1010,32,8,219,6,Democratic%20Republic%20of%20Congo
2020-12-17,31,23,0.0,7.9,6,12,08:20 AM,09:02 PM,05:44 AM,06:06 PM,21,29,29,26,15,73,77,27.8,1011,31,8,245,10,Democratic%20Republic%20of%20Congo
2020-12-18,25,23,0.0,9.2,5,20,09:17 AM,09:54 PM,05:45 AM,06:07 PM,21,26,26,24,6,77,83,0.6,1012,25,9,195,4,Democratic%20Republic%20of%20Congo
2020-12-19,30,23,0.0,7.9,6,27,10:09 AM,10:41 PM,05:45 AM,06:07 PM,21,28,28,26,9,79,76,8.9,1011,30,9,252,7,Democratic%20Republic%20of%20Congo
2020-12-20,24,23,0.0,7.9,5,34,10:57 AM,11:25 PM,05:46 AM,06:08 PM,21,26,26,23,9,66,85,14.3,1012,24,9,204,6,Democratic%20Republic%20of%20Congo
2020-12-21,26,22,0.0,12.6,5,41,11:42 AM,No moonset,05:46 AM,06:08 PM,20,26,26,24,4,44,81,0.6,1011,26,10,189,3,Democratic%20Republic%20of%20Congo
2020-12-22,35,23,0.0,11.9,7,49,12:24 PM,12:05 AM,05:47 AM,06:09 PM,20,31,31,28,3,52,66,3.5,1011,35,10,200,2,Democratic%20Republic%20of%20Congo
2020-12-23,31,24,0.0,7.9,6,56,01:07 PM,12:44 AM,05:47 AM,06:09 PM,21,29,29,26,9,83,73,4.6,1010,31,9,238,7,Democratic%20Republic%20of%20Congo
2020-12-24,27,23,0.0,9.2,6,63,01:49 PM,01:23 AM,05:48 AM,06:10 PM,21,27,27,25,8,77,80,10.7,1011,27,9,267,5,Democratic%20Republic%20of%20Congo
2020-12-25,33,23,0.0,12.6,6,70,02:32 PM,02:02 AM,05:48 AM,06:10 PM,21,31,31,28,5,54,71,7.1,1009,33,10,278,4,Democratic%20Republic%20of%20Congo
2020-12-26,34,24,0.0,10.5,6,78,03:17 PM,02:43 AM,05:49 AM,06:11 PM,21,31,31,28,7,62,68,6.5,1009,34,10,219,5,Democratic%20Republic%20of%20Congo
2020-12-27,31,24,0.0,9.2,6,85,04:04 PM,03:27 AM,05:49 AM,06:11 PM,22,29,29,27,9,79,76,15.9,1009,31,9,223,7,Democratic%20Republic%20of%20Congo
2020-12-28,26,24,0.0,10.5,6,92,04:55 PM,04:13 AM,05:50 AM,06:12 PM,21,27,27,25,9,62,82,25.9,1009,26,8,251,5,Democratic%20Republic%20of%20Congo
2020-12-29,31,24,0.0,9.2,6,100,05:47 PM,05:04 AM,05:50 AM,06:12 PM,21,29,29,27,8,67,74,11.9,1009,31,9,212,5,Democratic%20Republic%20of%20Congo
2020-12-30,28,21,0.0,9.2,6,100,06:41 PM,05:56 AM,05:51 AM,06:12 PM,21,28,28,25,9,66,77,19.0,1010,28,9,198,6,Democratic%20Republic%20of%20Congo
2020-12-31,32,22,0.0,12.6,7,89,07:35 PM,06:51 AM,05:51 AM,06:13 PM,20,29,29,26,10,48,71,2.2,1011,32,10,251,7,Democratic%20Republic%20of%20Congo
2021-01-01,30,23,0.0,10.5,6,79,08:28 PM,07:46 AM,05:52 AM,06:13 PM,21,29,29,26,9,60,73,2.9,1010,30,10,253,7,Democratic%20Republic%20of%20Congo
2021-01-02,31,24,0.0,10.5,6,71,09:19 PM,08:40 AM,05:52 AM,06:14 PM,21,29,29,27,7,60,71,7.3,1010,31,9,252,5,Democratic%20Republic%20of%20Congo
2021-01-03,31,24,0.0,7.9,6,64,10:07 PM,09:33 AM,05:53 AM,06:14 PM,21,29,29,27,7,73,72,19.5,1011,31,9,240,4,Democratic%20Republic%20of%20Congo
2021-01-04,28,24,0.0,7.9,6,57,10:54 PM,10:24 AM,05:53 AM,06:15 PM,21,28,28,26,8,69,76,12.1,1010,28,9,233,5,Democratic%20Republic%20of%20Congo
2021-01-05,32,24,0.0,9.2,6,50,11:41 PM,11:14 AM,05:54 AM,06:15 PM,20,31,31,28,7,66,67,8.2,1010,32,9,184,5,Democratic%20Republic%20of%20Congo
2021-01-06,31,24,0.0,9.2,6,42,No moonrise,12:04 PM,05:54 AM,06:15 PM,21,29,29,27,8,66,72,17.3,1010,31,8,260,5,Democratic%20Republic%20of%20Congo
2021-01-07,27,21,0.0,11.9,6,35,12:27 AM,12:55 PM,05:54 AM,06:16 PM,20,27,27,25,10,57,76,12.0,1011,27,8,233,7,Democratic%20Republic%20of%20Congo
2021-01-08,27,24,0.0,12.6,7,28,01:16 AM,01:49 PM,05:55 AM,06:16 PM,20,27,27,25,5,34,73,0.0,1011,27,10,222,4,Democratic%20Republic%20of%20Congo
2021-01-09,31,21,0.0,7.9,6,20,02:07 AM,02:45 PM,05:55 AM,06:16 PM,21,28,28,26,10,65,75,7.0,1010,31,9,261,7,Democratic%20Republic%20of%20Congo
2021-01-10,31,23,0.0,10.5,6,13,03:03 AM,03:45 PM,05:56 AM,06:17 PM,21,29,29,27,10,62,73,3.8,1010,31,10,245,7,Democratic%20Republic%20of%20Congo
2021-01-11,31,23,0.0,10.5,6,6,04:01 AM,04:46 PM,05:56 AM,06:17 PM,21,28,28,26,10,70,74,3.7,1010,31,10,258,7,Democratic%20Republic%20of%20Congo
2021-01-12,26,22,0.0,9.2,5,0,05:02 AM,05:48 PM,05:57 AM,06:17 PM,21,26,26,24,6,76,83,7.3,1011,26,9,258,4,Democratic%20Republic%20of%20Congo
2021-01-13,29,22,0.0,10.5,6,0,06:02 AM,06:46 PM,05:57 AM,06:18 PM,20,27,27,25,12,74,73,1.4,1012,29,10,247,9,Democratic%20Republic%20of%20Congo
2021-01-14,26,22,0.0,7.9,5,1,07:01 AM,07:41 PM,05:58 AM,06:18 PM,20,26,26,24,9,70,78,14.9,1012,26,9,266,6,Democratic%20Republic%20of%20Congo
2021-01-15,31,22,0.0,10.5,6,8,07:56 AM,08:31 PM,05:58 AM,06:18 PM,20,28,28,26,8,57,71,2.8,1011,31,10,265,6,Democratic%20Republic%20of%20Congo
2021-01-16,32,23,0.0,11.9,6,16,08:46 AM,09:17 PM,05:58 AM,06:19 PM,20,29,29,27,8,58,67,1.5,1010,32,10,250,6,Democratic%20Republic%20of%20Congo
2021-01-17,28,23,0.0,11.9,6,23,09:34 AM,09:59 PM,05:59 AM,06:19 PM,20,27,27,25,8,51,76,4.8,1010,28,10,250,6,Democratic%20Republic%20of%20Congo
2021-01-18,32,23,0.0,9.2,6,30,10:18 AM,10:39 PM,05:59 AM,06:19 PM,21,30,30,27,8,74,71,7.6,1010,32,9,229,5,Democratic%20Republic%20of%20Congo
2021-01-19,32,23,0.0,11.7,6,38,11:01 AM,11:19 PM,06:00 AM,06:19 PM,21,29,29,27,10,70,69,7.4,1011,32,10,237,7,Democratic%20Republic%20of%20Congo
2021-01-20,32,23,0.0,7.6,6,45,11:44 AM,11:58 PM,06:00 AM,06:20 PM,21,30,30,27,7,75,73,5.7,1011,32,10,217,5,Democratic%20Republic%20of%20Congo
2021-01-21,33,23,0.0,7.6,6,52,12:26 PM,No moonset,06:00 AM,06:20 PM,21,30,30,28,6,83,70,4.4,1011,33,10,243,4,Democratic%20Republic%20of%20Congo
2021-01-22,29,24,0.0,6.1,6,59,01:10 PM,12:38 AM,06:01 AM,06:20 PM,21,29,29,27,10,68,72,18.8,1010,29,9,248,6,Democratic%20Republic%20of%20Congo
2021-01-23,29,24,0.0,7.5,6,67,01:56 PM,01:21 AM,06:01 AM,06:20 PM,21,29,29,26,9,72,75,25.3,1010,29,8,240,5,Democratic%20Republic%20of%20Congo
2021-01-24,28,23,0.0,7.5,6,74,02:45 PM,02:06 AM,06:01 AM,06:20 PM,21,28,28,25,10,71,76,1.0,1011,28,10,227,8,Democratic%20Republic%20of%20Congo
2021-01-25,31,23,0.0,8.8,6,81,03:37 PM,02:54 AM,06:02 AM,06:20 PM,21,29,29,27,6,63,71,4.1,1011,31,10,246,4,Democratic%20Republic%20of%20Congo
2021-01-26,32,24,0.0,6.1,6,88,04:30 PM,03:46 AM,06:02 AM,06:21 PM,21,29,29,27,6,77,71,9.7,1010,32,9,166,4,Democratic%20Republic%20of%20Congo
2021-01-27,29,24,0.0,6.1,6,96,05:25 PM,04:40 AM,06:02 AM,06:21 PM,21,28,28,26,7,73,75,25.4,1011,29,8,211,4,Democratic%20Republic%20of%20Congo
2021-01-28,32,22,0.0,7.5,6,100,06:19 PM,05:36 AM,06:03 AM,06:21 PM,20,29,29,26,7,62,70,5.0,1011,32,9,142,5,Democratic%20Republic%20of%20Congo
2021-01-29,32,23,0.0,10.2,6,90,07:12 PM,06:31 AM,06:03 AM,06:21 PM,20,29,29,27,5,38,66,0.1,1011,32,10,123,4,Democratic%20Republic%20of%20Congo
2021-01-30,27,24,0.0,8.8,6,82,08:03 PM,07:26 AM,06:03 AM,06:21 PM,21,27,27,25,10,55,76,34.1,1011,27,7,224,6,Democratic%20Republic%20of%20Congo
2021-01-31,28,23,0.0,6.1,6,79,08:51 PM,08:19 AM,06:03 AM,06:21 PM,21,27,27,25,7,58,76,0.4,1011,28,10,255,5,Democratic%20Republic%20of%20Congo
2021-02-01,34,23,0.0,10.2,7,63,09:39 PM,09:11 AM,06:04 AM,06:21 PM,21,31,31,29,8,57,67,0.4,1011,34,10,256,6,Democratic%20Republic%20of%20Congo
2021-02-02,32,24,0.0,6.1,6,55,10:25 PM,10:01 AM,06:04 AM,06:21 PM,21,29,29,27,9,79,73,8.1,1012,32,10,252,6,Democratic%20Republic%20of%20Congo
2021-02-03,34,25,0.0,7.5,7,48,11:14 PM,10:53 AM,06:04 AM,06:21 PM,21,31,31,28,6,50,66,2.2,1011,34,10,245,4,Democratic%20Republic%20of%20Congo
2021-02-04,35,25,0.0,8.8,7,40,No moonrise,11:45 AM,06:04 AM,06:21 PM,21,32,32,29,6,50,65,12.1,1011,35,9,211,4,Democratic%20Republic%20of%20Congo
2021-02-05,32,25,0.0,8.8,6,33,12:03 AM,12:39 PM,06:04 AM,06:21 PM,22,31,31,28,11,69,71,34.3,1010,32,7,241,7,Democratic%20Republic%20of%20Congo
2021-02-06,32,25,0.0,8.8,6,25,12:56 AM,01:37 PM,06:05 AM,06:21 PM,22,31,31,28,7,55,71,24.9,1010,32,8,257,4,Democratic%20Republic%20of%20Congo
2021-02-07,32,25,0.0,8.8,6,18,01:52 AM,02:35 PM,06:05 AM,06:21 PM,21,30,30,28,14,63,69,12.3,1010,32,9,267,10,Democratic%20Republic%20of%20Congo
