date_time,Estonia_maxtempC,Estonia_mintempC,Estonia_totalSnow_cm,Estonia_sunHour,Estonia_uvIndex,Estonia_moon_illumination,Estonia_moonrise,Estonia_moonset,Estonia_sunrise,Estonia_sunset,Estonia_DewPointC,Estonia_FeelsLikeC,Estonia_HeatIndexC,Estonia_WindChillC,Estonia_WindGustKmph,Estonia_cloudcover,Estonia_humidity,Estonia_precipMM,Estonia_pressure,Estonia_tempC,Estonia_visibility,Estonia_winddirDegree,Estonia_windspeedKmph,Estonia_location
2020-01-01,3,-3,0.0,5.8,1,37,12:11 PM,10:49 PM,09:19 AM,03:31 PM,-1,-3,2,-3,31,42,83,0.0,1012,3,10,269,19,Estonia
2020-01-02,5,-3,0.0,3.7,1,44,12:20 PM,No moonset,09:18 AM,03:32 PM,2,-1,3,-1,36,41,87,0.0,1007,5,10,248,21,Estonia
2020-01-03,5,-0,0.0,1.5,1,51,12:28 PM,12:04 AM,09:18 AM,03:34 PM,1,-1,4,-1,45,52,81,4.0,1000,5,10,239,28,Estonia
2020-01-04,2,-1,0.9,1.5,1,59,12:36 PM,01:20 AM,09:17 AM,03:35 PM,-3,-4,2,-4,39,77,69,1.7,991,2,6,269,25,Estonia
2020-01-05,-1,-6,0.0,5.8,1,66,12:46 PM,02:36 AM,09:16 AM,03:37 PM,-8,-7,-2,-7,31,50,59,0.0,1014,-1,10,292,21,Estonia
2020-01-06,3,-5,0.0,5.8,1,73,12:58 PM,03:56 AM,09:16 AM,03:38 PM,1,-3,1,-3,30,61,90,6.2,1013,3,9,245,18,Estonia
2020-01-07,6,-2,0.0,1.6,2,80,01:15 PM,05:17 AM,09:15 AM,03:40 PM,4,1,4,1,28,96,92,0.4,1014,6,10,224,18,Estonia
2020-01-08,6,-3,0.0,1.6,1,88,01:39 PM,06:39 AM,09:14 AM,03:42 PM,3,-0,4,-0,43,94,85,2.4,1009,6,7,222,27,Estonia
2020-01-09,3,1,0.0,5.8,2,95,02:15 PM,07:58 AM,09:13 AM,03:44 PM,-0,-2,3,-2,29,17,83,0.0,1008,3,10,259,17,Estonia
2020-01-10,1,0,0.0,1.6,1,100,03:10 PM,09:05 AM,09:12 AM,03:46 PM,-2,-2,0,-2,13,62,86,0.0,1013,1,9,149,8,Estonia
2020-01-11,2,-4,0.0,3.7,1,100,04:25 PM,09:54 AM,09:11 AM,03:48 PM,-3,-3,1,-3,24,21,73,0.0,1019,2,10,235,14,Estonia
2020-01-12,6,-3,0.0,1.6,2,83,05:54 PM,10:28 AM,09:10 AM,03:50 PM,2,-0,4,-0,50,87,83,14.2,1004,6,7,243,32,Estonia
2020-01-13,3,2,0.1,3.7,1,76,07:29 PM,10:51 AM,09:08 AM,03:52 PM,0,-2,2,-2,28,51,86,0.2,1007,3,9,243,17,Estonia
2020-01-14,3,-5,0.0,1.6,1,69,09:04 PM,11:07 AM,09:07 AM,03:54 PM,1,-3,2,-3,34,76,89,1.8,1008,3,10,209,22,Estonia
2020-01-15,7,1,0.0,1.6,2,61,10:37 PM,11:20 AM,09:05 AM,03:56 PM,4,2,6,2,46,100,87,14.6,1003,7,7,216,30,Estonia
2020-01-16,7,2,0.0,1.6,2,54,No moonrise,11:31 AM,09:04 AM,03:58 PM,4,2,6,2,43,93,84,19.6,1008,7,9,247,28,Estonia
2020-01-17,5,3,0.0,1.7,1,47,12:09 AM,11:41 AM,09:02 AM,04:00 PM,2,-0,4,-0,34,57,86,0.0,1020,5,10,230,21,Estonia
2020-01-18,3,-1,0.0,1.8,1,40,01:40 AM,11:52 AM,09:01 AM,04:02 PM,0,-2,2,-2,28,63,85,0.0,1014,3,10,204,18,Estonia
2020-01-19,4,0,0.0,2.8,1,32,03:10 AM,12:06 PM,08:59 AM,04:05 PM,2,-0,4,-0,27,86,89,0.8,1021,4,9,223,17,Estonia
2020-01-20,4,2,0.0,6.7,1,25,04:39 AM,12:24 PM,08:57 AM,04:07 PM,-0,-2,3,-2,39,57,77,0.0,1026,4,10,264,25,Estonia
2020-01-21,6,1,0.0,2.8,2,18,06:04 AM,12:49 PM,08:56 AM,04:09 PM,2,0,5,0,43,63,81,2.8,1013,6,10,272,27,Estonia
2020-01-22,2,-2,0.0,4.8,1,11,07:20 AM,01:26 PM,08:54 AM,04:12 PM,-4,-4,2,-4,46,51,65,0.5,1007,2,7,320,30,Estonia
2020-01-23,2,-4,0.0,4.8,1,3,08:20 AM,02:18 PM,08:52 AM,04:14 PM,-3,-3,1,-3,28,48,74,0.0,1017,2,10,285,18,Estonia
2020-01-24,4,-2,0.0,4.8,1,0,09:04 AM,03:24 PM,08:50 AM,04:16 PM,1,-2,2,-2,25,56,90,0.0,1003,4,10,256,15,Estonia
2020-01-25,2,0,0.0,7.7,1,0,09:34 AM,04:38 PM,08:48 AM,04:19 PM,-4,-4,1,-4,39,13,69,0.0,1002,2,10,295,24,Estonia
2020-01-26,5,-3,0.0,2.9,1,4,09:54 AM,05:56 PM,08:46 AM,04:21 PM,1,-1,4,-1,35,96,85,0.5,1006,5,9,251,22,Estonia
2020-01-27,4,2,0.0,2.9,1,11,10:08 AM,07:15 PM,08:44 AM,04:24 PM,3,1,4,1,18,99,93,2.4,1008,4,7,231,12,Estonia
2020-01-28,3,-2,0.0,2.9,1,18,10:19 AM,08:31 PM,08:42 AM,04:26 PM,2,-2,2,-2,24,97,91,1.8,1002,3,8,170,16,Estonia
2020-01-29,3,1,1.2,3.0,1,26,10:28 AM,09:47 PM,08:40 AM,04:29 PM,1,-2,2,-2,23,100,93,1.4,997,3,5,138,15,Estonia
2020-01-30,3,-3,1.0,3.0,1,33,10:36 AM,11:02 PM,08:38 AM,04:31 PM,1,-1,2,-1,16,100,94,1.3,998,3,5,143,11,Estonia
2020-01-31,1,-5,0.0,3.0,1,37,10:44 AM,No moonset,08:35 AM,04:34 PM,-1,-3,0,-3,15,96,86,0.1,999,1,10,135,10,Estonia
2020-02-01,4,-2,0.3,3.0,1,49,10:53 AM,12:17 AM,08:33 AM,04:36 PM,1,-2,2,-2,23,100,93,7.4,993,4,7,165,15,Estonia
2020-02-02,5,-0,2.2,3.0,1,57,11:04 AM,01:34 AM,08:31 AM,04:39 PM,2,-0,4,-0,28,93,89,7.2,982,5,6,242,19,Estonia
2020-02-03,1,-1,0.3,4.9,1,64,11:18 AM,02:53 AM,08:29 AM,04:42 PM,-3,-5,0,-5,32,61,78,0.7,988,1,8,315,22,Estonia
2020-02-04,-2,-3,0.0,8.2,2,72,11:37 AM,04:13 AM,08:26 AM,04:44 PM,-10,-8,-2,-8,24,8,54,0.0,1000,-2,10,245,17,Estonia
2020-02-05,1,-7,0.5,3.1,1,79,12:06 PM,05:33 AM,08:24 AM,04:47 PM,-7,-6,-2,-6,24,83,66,0.9,1011,1,8,261,16,Estonia
2020-02-06,0,-10,2.6,6.8,1,87,12:51 PM,06:45 AM,08:21 AM,04:49 PM,-8,-8,-3,-8,30,45,65,3.2,1009,0,8,162,21,Estonia
2020-02-07,-2,-8,0.1,8.3,1,95,01:56 PM,07:43 AM,08:19 AM,04:52 PM,-9,-8,-3,-8,24,39,63,0.8,1023,-2,9,267,16,Estonia
2020-02-08,2,-4,0.0,3.1,1,100,03:20 PM,08:24 AM,08:17 AM,04:55 PM,1,-2,2,-2,23,96,94,1.8,1017,2,8,257,14,Estonia
2020-02-09,4,1,0.0,3.2,1,100,04:55 PM,08:52 AM,08:14 AM,04:57 PM,2,-1,3,-1,37,98,90,0.2,1009,4,9,214,23,Estonia
2020-02-10,5,-1,1.7,3.3,1,83,06:33 PM,09:12 AM,08:12 AM,05:00 PM,3,-1,4,-1,49,100,86,17.6,976,5,8,202,32,Estonia
2020-02-11,3,-1,5.8,3.3,1,75,08:12 PM,09:26 AM,08:09 AM,05:02 PM,-0,-3,2,-3,33,92,85,8.7,973,3,4,222,23,Estonia
2020-02-12,3,-1,0.1,3.4,1,68,09:48 PM,09:38 AM,08:07 AM,05:05 PM,-0,-2,2,-2,26,89,86,0.3,984,3,10,207,17,Estonia
2020-02-13,3,-1,0.2,3.4,1,60,11:23 PM,09:49 AM,08:04 AM,05:08 PM,-0,-3,2,-3,24,82,88,0.5,993,3,9,225,16,Estonia
2020-02-14,2,0,0.0,8.7,2,53,No moonrise,10:00 AM,08:01 AM,05:10 PM,-1,-2,1,-2,16,26,85,0.0,1010,2,10,247,10,Estonia
2020-02-15,2,-5,0.0,3.6,1,45,12:56 AM,10:12 AM,07:59 AM,05:13 PM,-1,-4,0,-4,30,81,89,1.9,1016,2,9,209,19,Estonia
2020-02-16,5,-4,0.0,3.6,1,38,02:26 AM,10:29 AM,07:56 AM,05:15 PM,3,-1,4,-1,48,100,87,7.1,1004,5,7,201,31,Estonia
2020-02-17,7,-0,0.0,3.6,2,30,03:54 AM,10:52 AM,07:54 AM,05:18 PM,2,0,5,0,54,89,74,13.2,991,7,9,231,35,Estonia
2020-02-18,5,2,0.2,3.6,1,22,05:12 AM,11:25 AM,07:51 AM,05:20 PM,1,-0,5,-0,46,91,76,0.2,995,5,10,237,30,Estonia
2020-02-19,4,2,1.4,3.7,1,15,06:16 AM,12:11 PM,07:48 AM,05:23 PM,0,-1,3,-1,34,96,82,1.7,998,4,8,239,22,Estonia
2020-02-20,3,2,0.0,5.4,1,7,07:05 AM,01:12 PM,07:46 AM,05:26 PM,1,0,2,0,11,62,90,0.0,1010,3,10,183,7,Estonia
2020-02-21,2,-4,0.2,3.7,1,0,07:38 AM,02:24 PM,07:43 AM,05:28 PM,0,-4,1,-4,38,72,87,0.8,1005,2,7,192,25,Estonia
2020-02-22,4,-1,0.0,3.7,1,0,08:00 AM,03:41 PM,07:40 AM,05:31 PM,2,-2,4,-2,49,85,88,30.7,995,4,8,211,33,Estonia
2020-02-23,4,-1,0.0,3.7,1,0,08:16 AM,04:59 PM,07:37 AM,05:33 PM,-0,-3,2,-3,42,69,80,4.9,983,4,5,255,28,Estonia
2020-02-24,2,0,0.1,8.7,2,0,08:27 AM,06:16 PM,07:35 AM,05:36 PM,-4,-5,1,-5,40,25,66,0.2,995,2,9,295,27,Estonia
2020-02-25,2,-0,0.3,7.1,1,8,08:37 AM,07:33 PM,07:32 AM,05:38 PM,-3,-3,0,-3,20,62,80,0.7,995,2,9,162,13,Estonia
2020-02-26,-1,-2,2.1,3.8,1,15,08:45 AM,08:47 PM,07:29 AM,05:41 PM,-2,-8,-1,-8,39,100,93,18.9,986,-1,1,66,29,Estonia
2020-02-27,-2,-3,8.2,3.8,1,23,08:53 AM,10:03 PM,07:26 AM,05:43 PM,-3,-8,-2,-8,33,99,94,13.9,992,-2,1,180,24,Estonia
2020-02-28,-1,-4,3.0,3.8,1,30,09:01 AM,11:19 PM,07:23 AM,05:46 PM,-5,-7,-3,-7,20,87,87,3.5,994,-1,4,244,14,Estonia
2020-02-29,0,-6,0.4,5.5,1,38,09:10 AM,No moonset,07:21 AM,05:48 PM,-5,-7,-3,-7,21,43,85,0.6,1003,0,8,228,13,Estonia
2020-03-01,4,-4,0.2,3.9,1,44,09:22 AM,12:36 AM,07:18 AM,05:51 PM,0,-3,2,-3,34,89,90,4.5,993,4,8,194,21,Estonia
2020-03-02,4,-0,0.8,5.5,1,51,09:38 AM,01:55 AM,07:15 AM,05:53 PM,2,-1,2,-1,26,85,92,1.6,996,4,8,197,16,Estonia
2020-03-03,3,-3,0.0,3.9,1,58,10:01 AM,03:13 AM,07:12 AM,05:55 PM,2,-1,2,-1,23,100,96,3.7,1003,3,7,127,14,Estonia
2020-03-04,4,-0,0.0,3.9,1,65,10:37 AM,04:27 AM,07:09 AM,05:58 PM,2,-2,3,-2,35,99,92,13.0,1004,4,9,124,23,Estonia
2020-03-05,4,1,0.4,5.5,1,73,11:31 AM,05:31 AM,07:06 AM,06:00 PM,1,-1,3,-1,25,91,89,0.8,1003,4,9,205,16,Estonia
2020-03-06,4,1,0.4,7.0,1,80,12:44 PM,06:18 AM,07:03 AM,06:03 PM,1,-0,2,-0,16,72,88,0.9,1006,4,9,214,11,Estonia
2020-03-07,4,1,0.0,5.5,1,87,02:14 PM,06:52 AM,07:00 AM,06:05 PM,-0,-1,2,-1,16,77,85,0.0,1010,4,10,110,10,Estonia
2020-03-08,5,1,0.0,8.7,1,95,03:52 PM,07:14 AM,06:57 AM,06:07 PM,0,2,2,2,6,62,86,0.0,1012,5,10,159,4,Estonia
2020-03-09,5,0,0.0,10.1,1,100,05:33 PM,07:31 AM,06:54 AM,06:10 PM,0,1,3,1,12,40,85,0.0,1012,5,10,176,8,Estonia
2020-03-10,6,4,0.0,5.8,1,100,07:13 PM,07:43 AM,06:51 AM,06:12 PM,3,1,4,1,28,97,88,3.8,1005,6,6,200,18,Estonia
2020-03-11,4,-2,2.8,5.8,1,84,08:51 PM,07:54 AM,06:48 AM,06:15 PM,3,-1,3,-1,36,97,91,15.9,988,4,8,202,24,Estonia
2020-03-12,5,-3,6.6,5.9,1,76,10:29 PM,08:05 AM,06:45 AM,06:17 PM,1,-1,3,-1,32,86,86,9.6,984,5,6,246,22,Estonia
2020-03-13,3,-1,1.9,7.3,1,69,No moonrise,08:17 AM,06:42 AM,06:19 PM,-2,-3,2,-3,33,72,79,2.7,987,3,8,281,24,Estonia
2020-03-14,-1,-3,0.0,8.8,1,62,12:06 AM,08:32 AM,06:39 AM,06:22 PM,-13,-9,-2,-9,35,51,44,0.5,1010,-1,9,334,25,Estonia
2020-03-15,3,-3,0.0,11.6,2,55,01:39 AM,08:53 AM,06:36 AM,06:24 PM,-7,-5,0,-5,30,26,58,0.0,1018,3,10,240,20,Estonia
2020-03-16,3,-1,0.1,8.8,1,47,03:03 AM,09:23 AM,06:34 AM,06:27 PM,-1,-3,2,-3,43,85,81,9.4,1008,3,9,236,29,Estonia
2020-03-17,3,-2,0.0,6.0,1,40,04:14 AM,10:05 AM,06:31 AM,06:29 PM,-3,-3,1,-3,23,76,76,0.0,1019,3,10,190,15,Estonia
2020-03-18,6,1,0.0,6.0,2,33,05:07 AM,11:03 AM,06:28 AM,06:31 PM,3,1,5,1,38,98,87,6.5,1010,6,9,242,24,Estonia
2020-03-19,5,2,0.0,11.6,2,25,05:44 AM,12:12 PM,06:25 AM,06:34 PM,-0,-1,3,-1,35,19,77,0.7,1010,5,10,267,23,Estonia
2020-03-20,0,-2,1.2,7.5,1,18,06:08 AM,01:28 PM,06:22 AM,06:36 PM,-3,-5,0,-5,28,61,77,2.1,1020,0,7,313,19,Estonia
2020-03-21,1,-2,0.2,7.5,1,11,06:25 AM,02:46 PM,06:19 AM,06:39 PM,-9,-5,-1,-5,18,42,57,0.5,1030,1,9,143,12,Estonia
2020-03-22,0,-3,0.0,11.6,2,4,06:37 AM,04:03 PM,06:16 AM,06:41 PM,-9,-5,-1,-5,16,4,55,0.0,1039,0,10,55,11,Estonia
2020-03-23,3,-3,0.0,11.6,2,0,06:46 AM,05:20 PM,06:13 AM,06:43 PM,-7,-4,-0,-4,19,6,61,0.0,1040,3,10,210,13,Estonia
2020-03-24,4,-1,0.0,11.6,1,0,06:54 AM,06:35 PM,06:10 AM,06:46 PM,-3,-3,2,-3,34,49,72,0.0,1035,4,10,230,22,Estonia
2020-03-25,6,-2,0.0,11.6,2,3,07:02 AM,07:51 PM,06:07 AM,06:48 PM,-2,-1,4,-1,43,17,64,0.0,1029,6,10,235,27,Estonia
2020-03-26,7,3,0.0,10.3,2,11,07:09 AM,09:07 PM,06:04 AM,06:51 PM,-1,0,4,0,30,36,70,0.0,1031,7,10,242,19,Estonia
2020-03-27,8,1,0.0,8.9,2,18,07:18 AM,10:24 PM,06:01 AM,06:53 PM,-2,1,4,1,18,37,65,0.0,1031,8,10,218,10,Estonia
2020-03-28,7,2,0.1,13.0,1,25,07:28 AM,11:43 PM,05:58 AM,06:55 PM,-1,1,4,1,19,32,74,0.1,1020,7,10,262,12,Estonia
2020-03-29,0,-1,0.1,13.0,2,32,07:42 AM,No moonset,05:55 AM,06:58 PM,-11,-5,-0,-5,26,37,45,0.2,1020,0,9,225,19,Estonia
2020-03-30,1,-2,0.0,9.6,1,40,08:02 AM,01:01 AM,05:52 AM,07:00 PM,-11,-4,-1,-4,15,62,45,0.0,1020,1,10,171,11,Estonia
2020-03-31,1,-2,0.0,12.1,1,44,08:31 AM,02:16 AM,05:49 AM,07:03 PM,-10,-5,-1,-5,23,59,48,0.0,1020,1,10,249,16,Estonia
2020-04-01,4,-3,2.0,13.3,1,56,09:16 AM,03:23 AM,05:46 AM,07:05 PM,-2,-3,2,-3,36,48,75,3.6,1001,4,8,267,25,Estonia
2020-04-02,6,-0,0.6,8.5,1,64,10:19 AM,04:15 AM,05:44 AM,07:07 PM,-0,-1,3,-1,32,85,79,0.9,990,6,10,216,21,Estonia
2020-04-03,3,1,0.4,8.6,1,71,11:41 AM,04:52 AM,05:41 AM,07:10 PM,-2,-4,2,-4,42,88,75,4.9,984,3,3,250,31,Estonia
2020-04-04,3,0,0.9,9.8,1,79,01:13 PM,05:18 AM,05:38 AM,07:12 PM,-6,-4,1,-4,36,69,59,1.8,1010,3,7,291,25,Estonia
2020-04-05,6,0,0.0,9.8,1,87,02:51 PM,05:36 AM,05:35 AM,07:15 PM,-3,-0,3,-0,18,66,66,0.6,1027,6,9,255,12,Estonia
2020-04-06,9,1,0.0,12.2,2,94,04:30 PM,05:49 AM,05:32 AM,07:17 PM,3,4,6,4,19,53,80,1.8,1029,9,6,233,12,Estonia
2020-04-07,12,6,0.0,13.3,2,100,06:10 PM,06:00 AM,05:29 AM,07:19 PM,4,5,8,5,35,29,74,0.2,1024,12,10,229,21,Estonia
2020-04-08,10,3,0.0,14.0,3,100,07:51 PM,06:10 AM,05:26 AM,07:22 PM,1,3,7,3,28,18,69,0.0,1023,10,10,264,18,Estonia
2020-04-09,6,3,0.0,9.9,2,83,09:31 PM,06:21 AM,05:23 AM,07:24 PM,0,1,5,1,33,63,71,1.4,1011,6,10,267,22,Estonia
2020-04-10,4,1,0.2,11.1,1,76,11:09 PM,06:34 AM,05:20 AM,07:27 PM,-3,-2,2,-2,28,43,67,0.4,1018,4,9,305,19,Estonia
2020-04-11,5,0,0.0,14.1,2,68,No moonrise,06:52 AM,05:17 AM,07:29 PM,-4,-2,3,-2,25,20,62,0.0,1023,5,10,290,17,Estonia
2020-04-12,5,0,0.1,8.9,1,61,12:42 AM,07:18 AM,05:14 AM,07:31 PM,2,-1,3,-1,31,98,87,6.7,1010,5,8,198,20,Estonia
2020-04-13,3,-0,0.8,10.0,1,53,02:03 AM,07:56 AM,05:11 AM,07:34 PM,-1,-2,3,-2,34,79,73,3.3,993,3,6,252,25,Estonia
2020-04-14,4,-2,5.6,8.9,1,46,03:06 AM,08:49 AM,05:08 AM,07:36 PM,-1,-3,2,-3,27,90,82,9.4,996,4,6,307,19,Estonia
2020-04-15,6,1,0.3,9.0,1,38,03:49 AM,09:57 AM,05:05 AM,07:39 PM,1,-1,3,-1,27,83,85,6.9,998,6,9,275,18,Estonia
2020-04-16,4,2,5.3,9.0,1,30,04:16 AM,11:14 AM,05:03 AM,07:41 PM,1,-1,3,-1,32,91,86,17.6,995,4,6,239,21,Estonia
2020-04-17,5,1,0.3,12.3,1,23,04:35 AM,12:32 PM,05:00 AM,07:43 PM,-1,-2,3,-2,35,49,74,0.9,1003,5,10,310,23,Estonia
2020-04-18,5,2,0.2,9.3,1,15,04:48 AM,01:50 PM,04:57 AM,07:46 PM,-1,-2,3,-2,30,75,76,0.6,1013,5,10,326,19,Estonia
2020-04-19,5,1,0.0,11.4,1,8,04:57 AM,03:07 PM,04:54 AM,07:48 PM,-1,-0,3,-0,20,52,74,0.0,1019,5,10,145,13,Estonia
2020-04-20,8,1,0.0,12.5,2,0,05:05 AM,04:23 PM,04:51 AM,07:51 PM,1,3,5,3,15,52,76,0.0,1025,8,10,292,9,Estonia
2020-04-21,9,1,0.0,14.5,3,0,05:12 AM,05:39 PM,04:48 AM,07:53 PM,2,5,6,5,13,29,73,0.0,1029,9,10,118,8,Estonia
2020-04-22,9,5,0.0,14.5,3,0,05:20 AM,06:55 PM,04:45 AM,07:55 PM,1,5,7,5,12,24,65,0.0,1027,9,10,185,8,Estonia
2020-04-23,8,4,0.0,14.5,2,0,05:27 AM,08:12 PM,04:43 AM,07:58 PM,1,3,6,3,16,31,74,0.0,1018,8,10,185,10,Estonia
2020-04-24,8,3,0.0,9.8,2,7,05:37 AM,09:32 PM,04:40 AM,08:00 PM,2,3,5,3,19,77,76,0.3,1004,8,10,210,12,Estonia
2020-04-25,5,1,0.0,14.5,2,15,05:49 AM,10:51 PM,04:37 AM,08:02 PM,-3,-1,3,-1,19,8,65,0.0,1004,5,10,206,13,Estonia
2020-04-26,7,1,0.0,14.5,3,22,06:05 AM,No moonset,04:34 AM,08:05 PM,-2,1,4,1,17,29,67,0.0,1004,7,10,302,11,Estonia
2020-04-27,6,2,0.0,14.5,2,30,06:31 AM,12:08 AM,04:31 AM,08:07 PM,-3,2,4,2,13,25,64,0.0,1010,6,10,79,9,Estonia
2020-04-28,4,-3,3.2,9.9,1,37,07:10 AM,01:19 AM,04:29 AM,08:10 PM,0,-1,2,-1,19,88,83,10.6,1004,4,8,104,13,Estonia
2020-04-29,6,-2,4.3,11.7,1,45,08:06 AM,02:15 AM,04:26 AM,08:12 PM,0,0,3,0,19,70,80,5.8,1005,6,6,74,14,Estonia
2020-04-30,8,1,0.0,11.8,2,52,09:20 AM,02:56 AM,04:23 AM,08:14 PM,-1,3,4,3,9,40,71,0.5,1014,8,10,130,6,Estonia
2020-05-01,12,1,0.0,13.6,2,58,10:46 AM,03:24 AM,04:21 AM,08:17 PM,-1,3,7,3,28,35,61,0.0,1013,12,10,138,18,Estonia
2020-05-02,10,7,0.0,10.0,2,65,12:19 PM,03:43 AM,04:18 AM,08:19 PM,5,6,8,6,24,87,83,2.9,1005,10,8,148,15,Estonia
2020-05-03,13,1,0.0,10.0,3,72,01:55 PM,03:57 AM,04:16 AM,08:22 PM,6,8,9,8,9,79,84,1.4,1006,13,8,141,6,Estonia
2020-05-04,13,5,0.0,12.7,3,80,03:32 PM,04:08 AM,04:13 AM,08:24 PM,6,8,9,8,8,58,82,5.4,1011,13,8,170,5,Estonia
2020-05-05,12,6,0.0,12.7,2,87,05:10 PM,04:17 AM,04:10 AM,08:26 PM,4,8,8,8,10,50,77,0.4,1013,12,10,218,7,Estonia
2020-05-06,11,5,0.0,13.6,2,94,06:50 PM,04:27 AM,04:08 AM,08:29 PM,2,5,8,5,20,30,67,0.0,1012,11,10,318,12,Estonia
2020-05-07,8,4,0.0,14.5,3,100,08:30 PM,04:39 AM,04:06 AM,08:31 PM,0,3,6,3,25,11,66,0.0,1011,8,10,309,17,Estonia
2020-05-08,11,3,0.0,12.8,2,100,10:09 PM,04:53 AM,04:03 AM,08:33 PM,1,5,7,5,20,39,66,0.0,1011,11,10,244,13,Estonia
2020-05-09,11,5,0.0,13.6,3,84,11:40 PM,05:14 AM,04:01 AM,08:36 PM,2,5,7,5,20,37,72,0.0,1010,11,9,271,13,Estonia
2020-05-10,14,3,0.0,14.5,4,77,No moonrise,05:46 AM,03:58 AM,08:38 PM,1,7,9,7,18,13,59,0.0,1010,14,10,166,10,Estonia
2020-05-11,10,4,0.2,10.5,2,70,12:54 AM,06:33 AM,03:56 AM,08:41 PM,5,5,8,5,29,85,85,24.4,997,10,8,252,18,Estonia
2020-05-12,7,-3,0.0,14.5,3,62,01:47 AM,07:37 AM,03:54 AM,08:43 PM,-2,1,4,1,23,13,62,0.0,1002,7,10,306,17,Estonia
2020-05-13,7,1,0.0,10.6,2,55,02:21 AM,08:53 AM,03:51 AM,08:45 PM,0,2,4,2,14,81,79,9.1,1005,7,9,135,9,Estonia
2020-05-14,8,2,0.0,13.7,2,48,02:43 AM,10:13 AM,03:49 AM,08:47 PM,-1,2,5,2,22,41,69,0.0,1008,8,9,285,15,Estonia
2020-05-15,8,1,0.0,11.4,2,40,02:58 AM,11:34 AM,03:47 AM,08:50 PM,-1,2,5,2,23,74,68,1.3,1007,8,10,243,15,Estonia
2020-05-16,7,2,0.0,10.7,2,33,03:08 AM,12:52 PM,03:45 AM,08:52 PM,3,2,5,2,21,88,89,12.3,1004,7,9,236,13,Estonia
2020-05-17,11,2,0.0,12.2,2,26,03:16 AM,02:08 PM,03:43 AM,08:54 PM,1,4,7,4,23,57,70,1.3,1010,11,10,236,15,Estonia
2020-05-18,9,4,0.0,13.7,2,19,03:24 AM,03:25 PM,03:40 AM,08:57 PM,2,3,7,3,26,46,72,0.2,1009,9,10,281,19,Estonia
2020-05-19,10,2,0.0,11.5,2,11,03:30 AM,04:40 PM,03:38 AM,08:59 PM,1,4,6,4,18,53,70,1.1,1010,10,9,268,12,Estonia
2020-05-20,10,4,0.0,13.2,2,4,03:37 AM,05:58 PM,03:36 AM,09:01 PM,3,4,7,4,24,61,78,3.2,1015,10,10,324,16,Estonia
2020-05-21,11,6,0.0,15.3,2,0,03:46 AM,07:17 PM,03:34 AM,09:03 PM,2,5,8,5,31,46,66,0.0,1019,11,10,134,21,Estonia
2020-05-22,11,6,0.0,17.4,3,0,03:56 AM,08:37 PM,03:32 AM,09:05 PM,1,6,8,6,19,30,63,0.0,1023,11,10,139,13,Estonia
2020-05-23,15,5,0.0,17.4,4,3,04:11 AM,09:57 PM,03:30 AM,09:07 PM,2,9,10,9,13,8,59,0.0,1023,15,10,161,8,Estonia
2020-05-24,11,7,0.0,13.4,3,10,04:33 AM,11:12 PM,03:28 AM,09:09 PM,6,8,9,8,17,90,78,1.9,1017,11,10,166,10,Estonia
2020-05-25,14,8,0.0,14.1,3,17,05:07 AM,No moonset,03:27 AM,09:11 PM,8,10,11,10,9,83,83,4.3,1022,14,7,80,5,Estonia
2020-05-26,16,8,0.0,17.4,4,25,05:58 AM,12:14 AM,03:25 AM,09:13 PM,5,12,13,12,13,15,61,0.0,1030,16,10,183,8,Estonia
2020-05-27,16,8,0.0,16.7,3,32,07:07 AM,01:00 AM,03:23 AM,09:15 PM,6,12,12,12,12,32,66,0.0,1025,16,10,267,8,Estonia
2020-05-28,14,8,0.0,16.1,3,39,08:30 AM,01:31 AM,03:22 AM,09:17 PM,5,9,11,9,24,59,70,0.2,1022,14,9,300,16,Estonia
2020-05-29,13,7,0.0,17.4,4,47,10:00 AM,01:52 AM,03:20 AM,09:19 PM,4,9,11,9,18,4,67,0.0,1026,13,10,337,11,Estonia
2020-05-30,16,9,0.0,17.4,4,54,11:33 AM,02:06 AM,03:18 AM,09:21 PM,5,11,13,11,26,9,61,0.0,1026,16,10,67,16,Estonia
2020-05-31,14,10,0.0,17.4,4,58,01:07 PM,02:17 AM,03:17 AM,09:22 PM,4,10,12,10,31,6,60,0.0,1027,14,10,55,20,Estonia
2020-06-01,15,9,0.0,16.1,3,71,02:41 PM,02:26 AM,03:15 AM,09:24 PM,7,12,12,12,15,60,70,0.0,1026,15,10,111,10,Estonia
2020-06-02,15,8,0.0,17.4,4,79,04:16 PM,02:36 AM,03:14 AM,09:26 PM,4,11,12,11,17,13,61,0.0,1020,15,10,61,12,Estonia
2020-06-03,16,7,0.0,17.4,4,86,05:54 PM,02:46 AM,03:13 AM,09:27 PM,5,11,12,11,22,15,66,0.0,1014,16,10,77,14,Estonia
2020-06-04,13,10,0.0,13.6,3,94,07:33 PM,02:58 AM,03:12 AM,09:29 PM,10,10,11,10,17,92,94,2.5,1004,13,6,55,11,Estonia
2020-06-05,16,6,0.0,13.7,3,100,09:08 PM,03:15 AM,03:10 AM,09:30 PM,11,12,13,12,15,88,89,6.6,999,16,9,225,10,Estonia
2020-06-06,18,12,0.0,14.3,4,100,10:32 PM,03:40 AM,03:09 AM,09:32 PM,10,13,14,13,30,67,78,8.2,1000,18,9,169,19,Estonia
2020-06-07,18,11,0.0,16.2,4,84,11:37 PM,04:19 AM,03:08 AM,09:33 PM,8,13,14,13,21,42,68,1.2,1011,18,10,186,14,Estonia
2020-06-08,17,13,0.0,14.3,4,76,No moonrise,05:16 AM,03:08 AM,09:34 PM,13,14,15,14,13,79,91,5.4,1011,17,7,155,8,Estonia
2020-06-09,17,11,0.0,14.9,3,69,12:20 AM,06:28 AM,03:07 AM,09:35 PM,12,13,14,13,17,79,90,3.0,1014,17,9,65,11,Estonia
2020-06-10,20,13,0.0,17.4,4,61,12:48 AM,07:50 AM,03:06 AM,09:36 PM,12,16,16,16,22,38,79,0.0,1016,20,10,33,14,Estonia
2020-06-11,17,14,0.0,14.4,4,54,01:05 AM,09:12 AM,03:05 AM,09:37 PM,13,15,15,15,30,74,84,1.1,1018,17,7,51,19,Estonia
2020-06-12,19,13,0.0,17.4,5,46,01:18 AM,10:32 AM,03:05 AM,09:38 PM,9,15,16,15,34,10,66,0.0,1021,19,10,63,22,Estonia
2020-06-13,18,12,0.0,17.4,5,38,01:27 AM,11:51 AM,03:04 AM,09:39 PM,7,14,15,14,29,4,59,0.0,1026,18,10,69,18,Estonia
2020-06-14,19,11,0.0,17.4,5,31,01:34 AM,01:07 PM,03:04 AM,09:40 PM,8,15,15,15,24,6,62,0.0,1023,19,10,68,15,Estonia
2020-06-15,19,14,0.0,15.6,4,23,01:41 AM,02:23 PM,03:03 AM,09:41 PM,12,16,17,16,22,62,73,1.0,1016,19,10,83,14,Estonia
2020-06-16,20,16,0.0,13.8,4,16,01:47 AM,03:40 PM,03:03 AM,09:41 PM,17,19,19,19,17,76,92,29.1,1014,20,7,89,9,Estonia
2020-06-17,22,15,0.0,16.2,5,8,01:55 AM,04:58 PM,03:03 AM,09:42 PM,15,19,20,19,8,38,82,0.8,1015,22,9,200,5,Estonia
2020-06-18,24,17,0.0,13.8,5,1,02:04 AM,06:18 PM,03:03 AM,09:42 PM,17,20,21,20,8,76,85,15.3,1013,24,7,265,4,Estonia
2020-06-19,22,15,0.0,16.8,5,0,02:17 AM,07:40 PM,03:03 AM,09:43 PM,13,19,20,19,21,46,69,2.1,1014,22,10,70,13,Estonia
2020-06-20,19,15,0.0,17.4,5,0,02:36 AM,08:58 PM,03:03 AM,09:43 PM,11,17,17,17,33,24,70,0.2,1018,19,10,66,23,Estonia
2020-06-21,20,12,0.0,17.4,5,0,03:06 AM,10:06 PM,03:03 AM,09:43 PM,9,15,16,15,28,1,63,0.0,1020,20,10,72,19,Estonia
2020-06-22,21,12,0.0,17.4,5,7,03:51 AM,10:59 PM,03:04 AM,09:43 PM,10,16,17,16,21,0,65,0.0,1018,21,10,72,13,Estonia
2020-06-23,22,13,0.0,17.4,6,14,04:55 AM,11:36 PM,03:04 AM,09:43 PM,10,18,19,18,13,0,62,0.0,1019,22,10,78,8,Estonia
2020-06-24,24,13,0.0,17.4,6,22,06:15 AM,11:59 PM,03:04 AM,09:43 PM,10,19,19,19,10,3,60,0.0,1025,24,10,275,6,Estonia
2020-06-25,24,14,0.0,17.4,6,29,07:45 AM,No moonset,03:05 AM,09:43 PM,11,19,19,19,15,0,61,0.0,1028,24,10,276,9,Estonia
2020-06-26,24,15,0.0,17.4,6,37,09:18 AM,12:15 AM,03:05 AM,09:43 PM,13,20,20,20,12,7,66,0.0,1024,24,10,252,7,Estonia
2020-06-27,25,16,0.0,16.8,5,44,10:51 AM,12:27 AM,03:06 AM,09:42 PM,14,21,21,20,11,23,68,0.5,1016,25,10,268,6,Estonia
2020-06-28,24,17,0.0,17.4,6,52,12:23 PM,12:37 AM,03:07 AM,09:42 PM,13,21,21,21,17,11,64,0.0,1010,24,10,81,11,Estonia
2020-06-29,22,15,0.0,15.6,4,59,01:56 PM,12:45 AM,03:08 AM,09:41 PM,13,17,18,17,25,47,77,20.8,1007,22,9,160,16,Estonia
2020-06-30,21,15,0.0,14.4,4,67,03:30 PM,12:55 AM,03:09 AM,09:41 PM,14,17,17,17,24,80,81,15.0,999,21,9,233,17,Estonia
2020-07-01,18,13,0.0,14.3,4,72,05:06 PM,01:05 AM,03:10 AM,09:40 PM,13,15,15,15,36,73,86,13.8,995,18,9,229,23,Estonia
2020-07-02,19,14,0.0,14.3,4,79,06:40 PM,01:20 AM,03:11 AM,09:39 PM,14,16,17,16,25,68,85,14.1,1001,19,9,218,15,Estonia
2020-07-03,19,13,0.0,17.4,5,86,08:09 PM,01:40 AM,03:12 AM,09:39 PM,11,15,16,15,26,29,72,0.2,1006,19,10,239,18,Estonia
2020-07-04,17,10,0.0,14.9,4,94,09:23 PM,02:11 AM,03:13 AM,09:38 PM,11,13,14,13,30,72,82,5.1,1007,17,9,212,19,Estonia
2020-07-05,18,10,0.0,13.7,4,100,10:15 PM,02:59 AM,03:15 AM,09:37 PM,14,15,15,15,20,88,91,21.5,1003,18,8,232,13,Estonia
2020-07-06,18,11,0.0,13.7,4,100,10:49 PM,04:06 AM,03:16 AM,09:36 PM,11,15,16,15,40,72,71,5.1,998,18,10,221,27,Estonia
2020-07-07,17,13,0.0,14.9,4,85,11:10 PM,05:25 AM,03:17 AM,09:34 PM,11,14,15,14,35,61,78,6.2,1002,17,10,223,22,Estonia
2020-07-08,16,10,0.0,14.9,3,77,11:25 PM,06:48 AM,03:19 AM,09:33 PM,10,12,13,12,24,50,81,4.8,1004,16,9,203,15,Estonia
2020-07-09,15,9,0.0,14.9,3,70,11:35 PM,08:10 AM,03:20 AM,09:32 PM,9,11,13,11,30,59,79,4.8,1007,15,10,224,20,Estonia
2020-07-10,19,10,0.0,16.1,4,63,11:43 PM,09:31 AM,03:22 AM,09:31 PM,9,14,15,14,19,56,70,1.1,1011,19,9,195,13,Estonia
2020-07-11,14,11,0.0,14.2,3,55,11:50 PM,10:48 AM,03:24 AM,09:29 PM,11,10,12,10,27,81,91,24.3,1008,14,7,163,17,Estonia
2020-07-12,17,10,0.0,15.5,4,48,11:56 PM,12:05 PM,03:25 AM,09:28 PM,11,13,14,13,20,57,86,10.6,1015,17,8,221,12,Estonia
2020-07-13,18,10,0.0,14.1,4,41,No moonrise,01:21 PM,03:27 AM,09:26 PM,10,13,14,13,21,61,79,5.1,1014,18,8,242,13,Estonia
2020-07-14,19,11,0.0,17.4,5,34,12:03 AM,02:38 PM,03:29 AM,09:24 PM,8,15,15,15,11,11,67,0.0,1015,19,10,305,7,Estonia
2020-07-15,21,12,0.0,17.4,5,26,12:12 AM,03:57 PM,03:31 AM,09:23 PM,9,16,16,16,8,15,63,0.0,1015,21,10,223,5,Estonia
2020-07-16,21,14,0.0,17.4,5,19,12:23 AM,05:18 PM,03:33 AM,09:21 PM,11,17,18,17,13,21,67,0.0,1013,21,10,168,8,Estonia
2020-07-17,22,15,0.0,17.4,5,12,12:39 AM,06:37 PM,03:35 AM,09:19 PM,12,18,19,18,14,34,70,0.0,1015,22,10,315,9,Estonia
2020-07-18,23,14,0.0,16.7,5,5,01:04 AM,07:52 PM,03:36 AM,09:17 PM,12,18,19,18,11,23,69,0.0,1019,23,10,270,7,Estonia
2020-07-19,23,14,0.0,17.4,6,0,01:42 AM,08:52 PM,03:38 AM,09:15 PM,13,19,19,19,10,11,71,0.0,1019,23,10,218,6,Estonia
2020-07-20,24,15,0.0,16.0,5,0,02:38 AM,09:35 PM,03:40 AM,09:14 PM,14,19,20,19,8,36,73,1.6,1014,24,10,119,5,Estonia
2020-07-21,19,15,0.0,15.3,4,2,03:55 AM,10:03 PM,03:42 AM,09:12 PM,13,17,17,17,23,44,81,5.9,1008,19,10,232,14,Estonia
2020-07-22,17,13,0.0,13.9,4,10,05:24 AM,10:22 PM,03:45 AM,09:10 PM,10,14,15,14,32,65,75,5.1,1005,17,10,285,21,Estonia
2020-07-23,15,12,0.0,13.2,3,17,06:59 AM,10:35 PM,03:47 AM,09:07 PM,9,12,13,12,34,72,74,9.3,1004,15,9,267,21,Estonia
2020-07-24,18,9,0.0,13.2,4,24,08:34 AM,10:46 PM,03:49 AM,09:05 PM,10,13,14,13,32,84,75,10.0,1003,18,9,225,20,Estonia
2020-07-25,18,9,0.0,13.1,4,32,10:08 AM,10:55 PM,03:51 AM,09:03 PM,12,14,15,14,22,81,84,36.8,1005,18,8,243,15,Estonia
2020-07-26,21,11,0.0,17.4,5,39,11:42 AM,11:04 PM,03:53 AM,09:01 PM,11,16,17,16,14,16,73,0.0,1015,21,10,203,8,Estonia
2020-07-27,23,14,0.0,13.0,4,46,01:15 PM,11:14 PM,03:55 AM,08:59 PM,13,17,18,17,18,35,73,4.5,1017,23,10,146,10,Estonia
2020-07-28,20,15,0.0,11.4,4,53,02:49 PM,11:26 PM,03:57 AM,08:56 PM,16,17,17,17,11,65,89,14.9,1013,20,9,197,6,Estonia
2020-07-29,19,14,0.0,11.2,4,61,04:22 PM,11:44 PM,04:00 AM,08:54 PM,13,16,16,16,22,60,84,13.6,1007,19,9,205,13,Estonia
2020-07-30,17,12,0.0,11.2,4,68,05:52 PM,No moonset,04:02 AM,08:52 PM,13,14,15,14,28,59,88,13.4,1004,17,9,219,18,Estonia
2020-07-31,19,12,0.0,13.7,4,72,07:10 PM,12:10 AM,04:04 AM,08:49 PM,13,15,15,15,17,51,84,0.7,1005,19,7,130,11,Estonia
2020-08-01,18,13,0.0,14.5,5,82,08:09 PM,12:50 AM,04:06 AM,08:47 PM,10,15,15,15,17,8,71,0.0,1015,18,10,78,11,Estonia
2020-08-02,21,14,0.0,14.5,4,90,08:49 PM,01:49 AM,04:08 AM,08:44 PM,11,17,17,17,17,41,70,0.0,1012,21,10,253,10,Estonia
2020-08-03,17,11,0.0,11.9,4,97,09:14 PM,03:04 AM,04:11 AM,08:42 PM,13,14,15,14,22,56,86,4.9,1008,17,10,200,14,Estonia
2020-08-04,16,14,0.0,11.0,4,100,09:31 PM,04:25 AM,04:13 AM,08:39 PM,14,15,15,15,10,71,95,7.8,1009,16,5,189,6,Estonia
2020-08-05,21,13,0.0,11.9,4,88,09:43 PM,05:49 AM,04:15 AM,08:37 PM,12,16,16,16,19,50,76,0.4,1015,21,10,251,12,Estonia
2020-08-06,19,14,0.0,10.1,4,81,09:51 PM,07:11 AM,04:18 AM,08:34 PM,14,16,16,16,21,82,86,4.3,1021,19,9,229,14,Estonia
2020-08-07,23,16,0.0,13.6,5,74,09:58 PM,08:30 AM,04:20 AM,08:32 PM,16,19,20,19,15,42,82,0.6,1026,23,9,266,9,Estonia
2020-08-08,25,15,0.0,14.5,6,67,10:05 PM,09:47 AM,04:22 AM,08:29 PM,14,20,20,20,10,13,70,0.0,1025,25,10,274,6,Estonia
2020-08-09,24,16,0.0,14.5,6,59,10:11 PM,11:03 AM,04:24 AM,08:27 PM,13,19,20,19,16,8,69,0.0,1020,24,10,252,10,Estonia
2020-08-10,21,16,0.0,14.5,5,52,10:19 PM,12:20 PM,04:27 AM,08:24 PM,12,18,18,18,17,9,69,0.0,1020,21,10,162,10,Estonia
2020-08-11,19,14,0.0,14.5,5,45,10:29 PM,01:38 PM,04:29 AM,08:21 PM,10,16,16,16,19,24,66,0.0,1024,19,10,26,13,Estonia
2020-08-12,19,13,0.0,14.5,4,38,10:42 PM,02:57 PM,04:31 AM,08:19 PM,9,16,16,16,10,32,65,0.0,1024,19,10,258,6,Estonia
2020-08-13,18,13,0.0,9.9,4,30,11:02 PM,04:16 PM,04:34 AM,08:16 PM,12,15,15,15,17,84,85,13.0,1018,18,8,170,10,Estonia
2020-08-14,20,12,0.0,9.9,4,23,11:33 PM,05:33 PM,04:36 AM,08:13 PM,13,15,16,15,11,72,85,1.6,1017,20,7,194,7,Estonia
2020-08-15,23,13,0.0,14.5,4,16,No moonrise,06:39 PM,04:39 AM,08:10 PM,14,18,19,18,24,23,80,0.0,1015,23,9,244,15,Estonia
2020-08-16,23,15,0.0,14.5,6,8,12:20 AM,07:30 PM,04:41 AM,08:08 PM,14,19,20,19,25,20,76,0.0,1014,23,10,264,15,Estonia
2020-08-17,20,14,0.0,14.5,5,1,01:29 AM,08:04 PM,04:43 AM,08:05 PM,10,17,18,17,10,28,62,0.0,1014,20,10,211,5,Estonia
2020-08-18,22,15,0.0,12.6,4,0,02:54 AM,08:26 PM,04:46 AM,08:02 PM,12,18,19,18,17,49,69,2.3,1011,22,10,234,10,Estonia
2020-08-19,23,14,0.0,14.5,5,0,04:28 AM,08:42 PM,04:48 AM,08:00 PM,11,18,19,18,11,13,67,0.0,1012,23,10,103,6,Estonia
2020-08-20,23,14,0.0,14.5,5,6,06:07 AM,08:53 PM,04:50 AM,07:57 PM,12,18,19,18,15,12,68,0.0,1013,23,10,152,9,Estonia
2020-08-21,24,16,0.0,11.4,5,13,07:45 AM,09:03 PM,04:53 AM,07:54 PM,14,19,20,19,15,52,73,1.3,1016,24,10,168,9,Estonia
2020-08-22,18,15,0.0,10.4,4,20,09:22 AM,09:12 PM,04:55 AM,07:51 PM,15,17,17,17,27,69,89,8.0,1013,18,9,177,17,Estonia
2020-08-23,21,13,0.0,11.4,4,28,10:58 AM,09:21 PM,04:57 AM,07:48 PM,15,18,18,18,26,63,82,6.4,1004,21,9,221,16,Estonia
2020-08-24,19,14,0.0,11.2,4,35,12:33 PM,09:33 PM,05:00 AM,07:46 PM,12,17,17,17,30,55,75,0.6,1003,19,10,228,20,Estonia
2020-08-25,19,11,0.0,11.2,4,42,02:09 PM,09:49 PM,05:02 AM,07:43 PM,10,14,15,14,23,59,76,2.2,1006,19,10,225,14,Estonia
2020-08-26,18,11,0.0,11.2,4,50,03:41 PM,10:11 PM,05:04 AM,07:40 PM,10,14,14,14,15,70,76,2.7,1003,18,10,219,9,Estonia
2020-08-27,17,12,0.0,14.3,5,57,05:02 PM,10:47 PM,05:07 AM,07:37 PM,8,14,14,14,13,21,70,0.0,1003,17,10,113,9,Estonia
2020-08-28,17,12,0.0,11.1,4,64,06:06 PM,11:39 PM,05:09 AM,07:34 PM,9,14,14,14,11,47,70,0.8,1009,17,10,105,7,Estonia
2020-08-29,18,10,0.0,13.4,3,71,06:51 PM,No moonset,05:11 AM,07:31 PM,8,12,13,12,15,36,74,6.0,1009,18,10,141,10,Estonia
2020-08-30,18,12,0.0,8.8,4,79,07:20 PM,12:48 AM,05:14 AM,07:28 PM,12,14,14,14,13,86,90,9.0,1007,18,6,176,8,Estonia
2020-08-31,17,13,0.0,13.4,4,82,07:38 PM,02:08 AM,05:16 AM,07:25 PM,10,14,15,14,20,40,75,0.4,1008,17,9,323,13,Estonia
2020-09-01,17,11,0.0,13.4,4,97,07:51 PM,03:31 AM,05:18 AM,07:22 PM,9,13,14,13,20,37,72,0.0,1018,17,10,135,14,Estonia
2020-09-02,17,11,0.0,11.0,4,100,08:00 PM,04:53 AM,05:21 AM,07:19 PM,11,13,14,13,24,60,83,0.0,1022,17,10,98,15,Estonia
2020-09-03,18,13,0.0,8.7,4,88,08:07 PM,06:13 AM,05:23 AM,07:17 PM,14,15,16,15,23,76,88,4.1,1017,18,10,143,14,Estonia
2020-09-04,19,13,0.0,8.7,4,81,08:13 PM,07:31 AM,05:25 AM,07:14 PM,12,15,15,15,30,71,82,1.4,1012,19,10,189,19,Estonia
2020-09-05,17,14,0.0,9.8,4,73,08:20 PM,08:48 AM,05:28 AM,07:11 PM,13,14,15,14,28,83,85,7.9,1009,17,9,198,17,Estonia
2020-09-06,16,11,0.0,9.8,3,66,08:27 PM,10:04 AM,05:30 AM,07:08 PM,11,12,13,12,24,64,85,2.9,1008,16,10,215,15,Estonia
2020-09-07,16,10,0.0,10.9,3,58,08:35 PM,11:22 AM,05:32 AM,07:05 PM,10,12,13,12,24,49,82,2.9,1013,16,10,211,15,Estonia
2020-09-08,15,9,0.0,9.7,3,50,08:46 PM,12:40 PM,05:35 AM,07:02 PM,10,10,12,10,29,62,89,6.8,1008,15,8,221,18,Estonia
2020-09-09,16,8,0.0,10.8,3,43,09:03 PM,01:59 PM,05:37 AM,06:59 PM,10,12,13,12,26,58,81,3.2,1007,16,10,256,15,Estonia
2020-09-10,14,9,0.0,8.2,3,35,09:28 PM,03:16 PM,05:39 AM,06:56 PM,9,10,12,10,42,81,79,10.1,998,14,9,281,28,Estonia
2020-09-11,13,10,0.0,8.2,3,28,10:06 PM,04:26 PM,05:41 AM,06:53 PM,7,10,11,10,24,87,76,1.2,1011,13,10,251,15,Estonia
2020-09-12,15,10,0.0,9.4,3,20,11:03 PM,05:23 PM,05:44 AM,06:50 PM,10,11,13,11,32,72,83,1.0,1012,15,10,209,20,Estonia
2020-09-13,14,9,0.0,10.7,3,13,No moonrise,06:03 PM,05:46 AM,06:47 PM,9,10,12,10,40,74,78,10.8,1007,14,9,240,25,Estonia
2020-09-14,16,9,0.0,13.0,4,5,12:20 AM,06:29 PM,05:48 AM,06:44 PM,9,12,13,12,22,25,82,2.6,1016,16,9,268,14,Estonia
2020-09-15,16,10,0.0,12.9,3,0,01:52 AM,06:47 PM,05:50 AM,06:41 PM,11,14,14,14,6,55,81,1.0,1020,16,7,218,4,Estonia
2020-09-16,18,11,0.0,8.0,4,0,03:29 AM,07:00 PM,05:53 AM,06:38 PM,11,13,14,13,28,80,81,0.2,1013,18,10,210,19,Estonia
2020-09-17,11,10,0.0,8.0,3,0,05:09 AM,07:10 PM,05:55 AM,06:34 PM,7,7,11,7,54,93,75,3.1,1006,11,7,324,36,Estonia
2020-09-18,14,5,0.0,12.7,4,2,06:48 AM,07:19 PM,05:57 AM,06:31 PM,6,8,10,8,33,40,71,0.0,1018,14,10,312,23,Estonia
2020-09-19,13,8,0.0,12.7,3,10,08:28 AM,07:28 PM,05:59 AM,06:29 PM,6,9,11,9,30,25,72,0.2,1019,13,10,313,19,Estonia
2020-09-20,15,8,0.0,7.5,3,17,10:08 AM,07:39 PM,06:02 AM,06:26 PM,7,10,12,10,26,43,75,0.3,1020,15,10,269,16,Estonia
2020-09-21,17,8,0.0,8.8,4,25,11:49 AM,07:52 PM,06:04 AM,06:23 PM,12,13,14,13,27,63,85,0.3,1013,17,10,236,17,Estonia
2020-09-22,16,11,0.0,10.2,3,32,01:26 PM,08:12 PM,06:06 AM,06:20 PM,10,12,14,12,30,36,80,0.0,1008,16,10,243,19,Estonia
2020-09-23,19,11,0.0,11.6,5,40,02:54 PM,08:43 PM,06:08 AM,06:17 PM,11,13,14,13,27,16,83,0.0,1006,19,10,197,16,Estonia
2020-09-24,20,13,0.0,11.6,5,47,04:05 PM,09:31 PM,06:11 AM,06:14 PM,13,16,16,16,26,29,82,0.1,1006,20,10,179,15,Estonia
2020-09-25,19,13,0.0,7.4,4,55,04:55 PM,10:36 PM,06:13 AM,06:11 PM,14,16,16,16,22,67,85,1.9,1006,19,9,158,13,Estonia
2020-09-26,21,14,0.0,11.6,5,62,05:27 PM,11:54 PM,06:15 AM,06:08 PM,12,16,17,16,28,36,74,0.2,1008,21,10,133,17,Estonia
2020-09-27,20,14,0.0,11.6,5,70,05:47 PM,No moonset,06:17 AM,06:05 PM,12,16,16,16,26,10,75,0.0,1015,20,10,107,15,Estonia
2020-09-28,15,11,0.0,8.8,3,78,06:00 PM,01:16 AM,06:20 AM,06:02 PM,10,12,13,12,20,47,84,1.7,1016,15,9,114,13,Estonia
2020-09-29,13,11,0.0,4.3,3,85,06:10 PM,02:38 AM,06:22 AM,05:59 PM,10,12,12,12,13,85,88,0.0,1018,13,10,108,9,Estonia
2020-09-30,15,10,0.0,4.2,3,93,06:17 PM,03:59 AM,06:24 AM,05:56 PM,11,12,12,12,10,70,88,0.3,1020,15,9,131,6,Estonia
2020-10-01,16,10,0.0,8.7,4,97,06:23 PM,05:17 AM,06:27 AM,05:53 PM,8,11,12,11,20,10,78,0.0,1018,16,10,96,12,Estonia
2020-10-02,16,10,0.0,8.7,4,100,06:29 PM,06:34 AM,06:29 AM,05:50 PM,7,11,12,11,25,10,74,0.0,1020,16,10,112,15,Estonia
2020-10-03,16,11,0.0,8.7,4,89,06:35 PM,07:51 AM,06:31 AM,05:47 PM,8,11,13,11,28,27,72,0.0,1020,16,10,113,17,Estonia
2020-10-04,13,7,0.0,4.2,3,82,06:43 PM,09:08 AM,06:34 AM,05:44 PM,11,10,12,10,30,90,89,3.0,1015,13,8,118,19,Estonia
2020-10-05,17,7,0.0,8.7,3,74,06:53 PM,10:26 AM,06:36 AM,05:42 PM,13,13,14,13,21,49,87,0.4,1013,17,10,150,13,Estonia
2020-10-06,16,12,0.0,4.1,3,67,07:06 PM,11:46 AM,06:38 AM,05:39 PM,12,13,14,13,31,87,84,2.4,1007,16,10,156,19,Estonia
2020-10-07,15,10,0.0,8.7,3,60,07:27 PM,01:04 PM,06:41 AM,05:36 PM,10,10,12,10,24,52,85,0.0,1010,15,10,166,15,Estonia
2020-10-08,14,9,0.0,4.1,3,53,07:58 PM,02:16 PM,06:43 AM,05:33 PM,10,11,12,11,22,73,87,2.4,1012,14,10,178,14,Estonia
2020-10-09,12,10,0.0,4.1,3,45,08:46 PM,03:18 PM,06:46 AM,05:30 PM,9,9,11,9,30,82,88,1.4,1011,12,9,193,20,Estonia
2020-10-10,12,7,0.0,7.1,3,38,09:54 PM,04:02 PM,06:48 AM,05:27 PM,7,7,9,7,23,45,84,0.1,1015,12,10,193,14,Estonia
2020-10-11,12,6,0.0,4.0,3,31,11:18 PM,04:33 PM,06:50 AM,05:24 PM,8,9,10,9,14,77,85,4.2,1014,12,10,218,9,Estonia
2020-10-12,12,7,0.0,7.1,2,23,No moonrise,04:53 PM,06:53 AM,05:21 PM,6,7,9,7,21,60,85,0.1,1014,12,10,204,13,Estonia
2020-10-13,12,8,0.0,4.0,2,16,12:51 AM,05:07 PM,06:55 AM,05:18 PM,6,7,9,7,23,63,80,0.6,1017,12,10,221,15,Estonia
2020-10-14,10,7,0.0,4.0,2,9,02:28 AM,05:17 PM,06:58 AM,05:16 PM,6,5,8,5,29,48,86,0.2,1020,10,10,41,18,Estonia
2020-10-15,8,6,0.0,3.8,2,2,04:07 AM,05:26 PM,07:00 AM,05:13 PM,4,4,7,4,27,79,81,0.5,1016,8,10,29,17,Estonia
2020-10-16,5,1,0.0,3.8,1,0,05:48 AM,05:35 PM,07:02 AM,05:10 PM,1,2,5,2,21,92,72,0.4,1018,5,10,115,14,Estonia
2020-10-17,8,-2,0.0,5.4,2,0,07:29 AM,05:44 PM,07:05 AM,05:07 PM,2,2,5,2,21,53,77,0.3,1016,8,9,230,14,Estonia
2020-10-18,6,2,0.0,3.7,2,5,09:13 AM,05:56 PM,07:07 AM,05:04 PM,3,1,5,1,29,84,83,13.5,997,6,6,258,20,Estonia
2020-10-19,4,2,4.5,3.7,1,13,10:56 AM,06:12 PM,07:10 AM,05:01 PM,1,-1,4,-1,35,95,82,10.6,1001,4,6,286,24,Estonia
2020-10-20,4,0,0.7,3.6,1,20,12:33 PM,06:38 PM,07:12 AM,04:59 PM,-0,0,3,0,18,86,78,1.0,1016,4,9,286,12,Estonia
2020-10-21,6,-0,0.0,3.5,2,27,01:56 PM,07:20 PM,07:15 AM,04:56 PM,4,1,5,1,27,100,90,2.8,1012,6,7,163,18,Estonia
2020-10-22,12,1,0.0,3.5,3,35,02:56 PM,08:21 PM,07:17 AM,04:53 PM,9,7,10,7,32,100,93,18.0,999,12,7,201,21,Estonia
2020-10-23,11,6,0.0,3.5,2,42,03:34 PM,09:38 PM,07:20 AM,04:50 PM,8,7,10,7,34,87,86,5.5,997,11,8,257,22,Estonia
2020-10-24,9,7,0.0,3.5,2,49,03:57 PM,11:01 PM,07:22 AM,04:47 PM,7,6,8,6,16,87,90,15.9,1000,9,7,231,11,Estonia
2020-10-25,9,2,0.0,3.5,2,56,04:11 PM,No moonset,07:25 AM,04:45 PM,6,5,7,5,13,79,90,0.7,1011,9,9,120,8,Estonia
2020-10-26,12,4,0.0,6.9,3,64,04:21 PM,12:24 AM,07:27 AM,04:42 PM,9,8,10,8,29,72,88,0.0,1011,12,10,179,19,Estonia
2020-10-27,12,7,0.0,3.4,3,71,04:28 PM,01:45 AM,07:30 AM,04:39 PM,10,9,11,9,30,96,90,2.1,1007,12,9,183,19,Estonia
2020-10-28,11,6,0.0,5.2,2,78,04:34 PM,03:04 AM,07:32 AM,04:37 PM,7,6,9,6,27,82,87,11.4,1009,11,8,209,18,Estonia
2020-10-29,10,5,0.0,3.4,2,85,04:40 PM,04:21 AM,07:35 AM,04:34 PM,8,7,9,7,23,82,90,2.8,1008,10,7,197,15,Estonia
2020-10-30,9,7,0.0,6.9,2,93,04:46 PM,05:38 AM,07:37 AM,04:32 PM,7,7,8,7,10,54,91,0.0,1012,9,6,160,6,Estonia
2020-10-31,9,6,0.0,8.7,2,97,04:52 PM,06:55 AM,07:40 AM,04:29 PM,5,6,7,6,11,39,87,0.0,1022,9,10,166,6,Estonia
2020-11-01,8,5,0.0,6.9,2,89,05:01 PM,08:14 AM,07:42 AM,04:26 PM,5,3,6,3,25,43,92,0.0,1023,8,10,166,16,Estonia
2020-11-02,8,3,0.0,3.3,2,81,05:13 PM,09:34 AM,07:45 AM,04:24 PM,5,2,6,2,38,87,88,2.6,1011,8,8,170,25,Estonia
2020-11-03,13,5,0.0,3.3,3,74,05:30 PM,10:53 AM,07:47 AM,04:21 PM,9,9,11,9,40,86,85,4.0,1008,13,9,220,25,Estonia
2020-11-04,9,4,0.0,5.1,2,66,05:57 PM,12:08 PM,07:49 AM,04:19 PM,6,5,7,5,26,66,87,6.0,1018,9,9,220,16,Estonia
2020-11-05,9,6,0.0,6.9,2,58,06:38 PM,01:14 PM,07:52 AM,04:17 PM,5,4,8,4,35,60,81,0.9,1014,9,10,252,22,Estonia
2020-11-06,11,6,0.0,8.6,4,51,07:38 PM,02:04 PM,07:54 AM,04:14 PM,7,7,10,7,34,16,85,0.0,1016,11,10,285,20,Estonia
2020-11-07,10,3,0.0,5.0,2,43,08:55 PM,02:38 PM,07:57 AM,04:12 PM,7,6,8,6,30,55,88,0.2,1019,10,10,258,19,Estonia
2020-11-08,9,4,0.0,8.5,2,36,10:22 PM,03:00 PM,07:59 AM,04:10 PM,3,4,7,4,22,48,77,2.1,1020,9,9,321,14,Estonia
2020-11-09,8,4,0.0,3.0,2,28,11:55 PM,03:15 PM,08:02 AM,04:07 PM,3,3,6,3,25,59,84,1.1,1026,8,10,287,14,Estonia
2020-11-10,6,2,0.0,8.0,2,21,No moonrise,03:26 PM,08:04 AM,04:05 PM,2,3,4,3,12,26,86,0.0,1032,6,10,273,6,Estonia
2020-11-11,8,2,0.0,3.0,2,13,01:31 AM,03:35 PM,08:07 AM,04:03 PM,6,4,7,4,19,99,92,0.5,1031,8,10,219,12,Estonia
2020-11-12,6,0,0.0,6.8,2,6,03:07 AM,03:42 PM,08:09 AM,04:01 PM,4,2,5,2,16,66,89,4.2,1027,6,10,176,11,Estonia
2020-11-13,4,2,0.0,2.8,1,0,04:46 AM,03:51 PM,08:11 AM,03:59 PM,1,-1,3,-1,20,75,89,0.0,1026,4,8,152,13,Estonia
2020-11-14,4,-2,0.0,6.7,1,0,06:28 AM,04:00 PM,08:14 AM,03:56 PM,2,-1,3,-1,24,73,88,0.0,1022,4,10,157,16,Estonia
2020-11-15,3,0,0.0,4.7,1,0,08:12 AM,04:14 PM,08:16 AM,03:54 PM,0,-2,2,-2,24,71,89,0.0,1021,3,10,159,16,Estonia
2020-11-16,4,-3,0.0,2.7,1,2,09:56 AM,04:34 PM,08:19 AM,03:52 PM,2,-1,3,-1,34,99,88,1.1,1018,4,7,157,23,Estonia
2020-11-17,7,-2,0.0,2.7,2,9,11:31 AM,05:08 PM,08:21 AM,03:50 PM,5,2,5,2,35,100,89,3.3,1018,7,3,174,23,Estonia
2020-11-18,11,3,0.0,2.7,3,17,12:45 PM,06:01 PM,08:23 AM,03:49 PM,8,6,9,6,40,99,89,12.6,1011,11,7,220,25,Estonia
2020-11-19,10,7,0.0,2.7,2,24,01:34 PM,07:15 PM,08:26 AM,03:47 PM,6,6,9,6,51,98,80,7.6,997,10,7,216,34,Estonia
2020-11-20,3,1,4.9,2.7,1,32,02:03 PM,08:39 PM,08:28 AM,03:45 PM,-2,-2,3,-2,35,78,72,6.8,1001,3,6,285,24,Estonia
2020-11-21,3,-3,0.1,2.7,1,39,02:20 PM,10:05 PM,08:30 AM,03:43 PM,-1,-2,2,-2,30,70,77,2.9,1017,3,10,243,19,Estonia
2020-11-22,6,-1,0.0,4.7,2,47,02:32 PM,11:29 PM,08:33 AM,03:41 PM,3,1,5,1,37,66,81,18.5,1001,6,9,238,23,Estonia
2020-11-23,6,1,0.0,2.6,2,54,02:40 PM,No moonset,08:35 AM,03:40 PM,2,1,5,1,35,85,80,3.2,997,6,10,258,23,Estonia
2020-11-24,4,-0,0.4,4.7,1,62,02:46 PM,12:49 AM,08:37 AM,03:38 PM,0,0,3,0,26,64,78,2.0,1009,4,8,292,16,Estonia
2020-11-25,8,3,0.0,2.6,2,70,02:51 PM,02:07 AM,08:40 AM,03:36 PM,5,3,6,3,23,100,94,7.4,1011,8,4,193,15,Estonia
2020-11-26,8,3,0.0,4.6,2,77,02:57 PM,03:24 AM,08:42 AM,03:35 PM,5,3,7,3,31,71,86,5.3,1006,8,10,262,20,Estonia
2020-11-27,2,-3,0.6,2.6,1,85,03:03 PM,04:41 AM,08:44 AM,03:33 PM,-0,-2,2,-2,27,90,83,0.7,1011,2,8,211,19,Estonia
2020-11-28,3,-4,0.7,2.6,1,92,03:11 PM,05:59 AM,08:46 AM,03:32 PM,0,-2,2,-2,27,99,82,0.8,1024,3,8,54,18,Estonia
2020-11-29,-0,-5,0.1,6.7,1,100,03:21 PM,07:19 AM,08:48 AM,03:31 PM,-2,-4,-0,-4,16,77,85,0.2,1028,-0,10,95,11,Estonia
2020-11-30,0,-6,0.9,2.5,1,100,03:36 PM,08:39 AM,08:50 AM,03:29 PM,-2,-4,-1,-4,15,97,91,1.1,1020,0,7,149,10,Estonia
2020-12-01,3,-1,0.3,2.5,1,89,03:59 PM,09:58 AM,08:52 AM,03:28 PM,1,-2,2,-2,22,95,94,1.0,1019,3,8,195,15,Estonia
2020-12-02,1,-2,0.0,6.7,2,82,04:35 PM,11:09 AM,08:54 AM,03:27 PM,-1,-4,0,-4,24,49,89,1.0,1027,1,10,186,16,Estonia
2020-12-03,-2,-5,0.2,2.5,1,75,05:30 PM,12:04 PM,08:56 AM,03:26 PM,-4,-7,-2,-7,23,88,84,0.4,1022,-2,9,160,17,Estonia
2020-12-04,2,-7,0.0,2.5,1,67,06:42 PM,12:43 PM,08:58 AM,03:25 PM,-1,-5,0,-5,33,100,84,0.3,1015,2,9,152,22,Estonia
2020-12-05,5,-3,0.0,2.3,1,60,08:06 PM,01:08 PM,09:00 AM,03:24 PM,2,-0,4,-0,32,99,86,0.0,1016,5,10,162,21,Estonia
2020-12-06,5,2,0.0,1.6,1,53,09:36 PM,01:24 PM,09:01 AM,03:23 PM,2,1,5,1,30,88,83,0.0,1022,5,10,168,20,Estonia
2020-12-07,0,-1,0.0,5.8,1,46,11:08 PM,01:36 PM,09:03 AM,03:23 PM,-6,-5,0,-5,33,41,60,0.0,1026,0,10,160,22,Estonia
2020-12-08,-2,-3,0.0,5.8,2,38,No moonrise,01:44 PM,09:04 AM,03:22 PM,-9,-8,-2,-8,29,0,60,0.0,1028,-2,10,151,20,Estonia
2020-12-09,-3,-4,0.0,5.8,2,31,12:40 AM,01:52 PM,09:06 AM,03:21 PM,-9,-9,-3,-9,23,7,65,0.0,1027,-3,10,151,16,Estonia
2020-12-10,-3,-5,0.6,1.5,1,24,02:14 AM,01:59 PM,09:07 AM,03:21 PM,-7,-8,-4,-8,17,58,80,0.8,1024,-3,7,136,12,Estonia
2020-12-11,-1,-6,0.0,1.5,1,17,03:51 AM,02:07 PM,09:09 AM,03:20 PM,-5,-8,-3,-8,21,63,83,1.5,1018,-1,8,131,14,Estonia
2020-12-12,2,-6,0.0,3.7,1,9,05:31 AM,02:18 PM,09:10 AM,03:20 PM,-2,-5,-0,-5,24,65,83,2.5,1017,2,7,148,16,Estonia
2020-12-13,-4,-9,0.0,1.5,1,2,07:13 AM,02:34 PM,09:11 AM,03:20 PM,-7,-8,-4,-8,17,55,80,0.0,1019,-4,10,144,12,Estonia
2020-12-14,-3,-7,0.1,1.5,1,0,08:54 AM,02:59 PM,09:12 AM,03:20 PM,-5,-7,-4,-7,10,88,89,0.2,1020,-3,9,112,6,Estonia
2020-12-15,-0,-4,0.0,1.5,1,0,10:21 AM,03:42 PM,09:14 AM,03:20 PM,-3,-6,-2,-6,21,85,94,0.0,1020,-0,6,173,13,Estonia
2020-12-16,5,-5,0.0,1.5,1,5,11:25 AM,04:47 PM,09:15 AM,03:20 PM,2,-2,2,-2,31,97,92,4.2,1011,5,6,214,20,Estonia
2020-12-17,3,-1,0.0,1.5,1,12,12:03 PM,06:09 PM,09:15 AM,03:20 PM,2,-0,2,-0,18,82,93,0.2,1020,3,6,250,11,Estonia
2020-12-18,5,-3,0.0,1.5,1,20,12:26 PM,07:38 PM,09:16 AM,03:20 PM,3,-0,4,-0,27,100,94,10.1,1015,5,9,196,17,Estonia
2020-12-19,4,-1,0.0,1.5,1,27,12:40 PM,09:06 PM,09:17 AM,03:20 PM,3,1,3,1,19,90,97,0.5,1019,4,2,232,11,Estonia
2020-12-20,4,-2,0.0,5.8,1,34,12:49 PM,10:29 PM,09:18 AM,03:21 PM,2,-1,3,-1,27,62,92,0.2,1022,4,10,205,17,Estonia
2020-12-21,3,-3,0.0,1.5,1,41,12:56 PM,11:50 PM,09:18 AM,03:21 PM,1,-2,2,-2,31,87,90,1.0,1021,3,8,200,21,Estonia
2020-12-22,4,-2,0.2,1.5,1,49,01:02 PM,No moonset,09:19 AM,03:22 PM,2,-1,3,-1,30,95,90,1.6,1015,4,9,180,20,Estonia
2020-12-23,4,-0,3.7,1.5,1,56,01:07 PM,01:07 AM,09:19 AM,03:22 PM,0,-3,2,-3,25,94,92,5.0,1003,4,5,185,16,Estonia
2020-12-24,3,2,0.1,1.5,1,63,01:13 PM,02:24 AM,09:19 AM,03:23 PM,1,-0,2,-0,16,92,89,0.4,1004,3,10,249,10,Estonia
2020-12-25,0,-5,2.2,1.5,1,70,01:20 PM,03:42 AM,09:20 AM,03:24 PM,-1,-5,-1,-5,22,95,91,2.6,1004,0,5,52,15,Estonia
2020-12-26,-2,-4,4.8,1.5,1,78,01:29 PM,05:01 AM,09:20 AM,03:25 PM,-4,-6,-2,-6,19,98,91,5.7,1008,-2,3,23,13,Estonia
2020-12-27,1,-6,0.0,1.5,1,85,01:42 PM,06:21 AM,09:20 AM,03:26 PM,-3,-6,-1,-6,27,94,86,0.1,1009,1,10,174,18,Estonia
2020-12-28,-0,-5,0.0,1.5,1,92,02:01 PM,07:42 AM,09:20 AM,03:27 PM,-4,-7,-2,-7,37,73,81,0.0,1010,-0,10,144,25,Estonia
2020-12-29,3,-4,0.1,1.5,1,100,02:32 PM,08:56 AM,09:19 AM,03:28 PM,1,-3,2,-3,39,100,88,0.8,1004,3,9,130,26,Estonia
2020-12-30,3,-4,1.3,1.5,1,100,03:21 PM,09:59 AM,09:19 AM,03:29 PM,1,-3,2,-3,32,97,88,2.7,1003,3,8,163,21,Estonia
2020-12-31,3,1,2.1,1.5,1,89,04:29 PM,10:44 AM,09:19 AM,03:30 PM,1,-1,2,-1,16,95,96,5.7,1007,3,5,170,10,Estonia
2021-01-01,1,-5,0.0,1.5,1,79,05:52 PM,11:13 AM,09:18 AM,03:32 PM,-1,-3,-0,-3,16,75,95,0.0,1013,1,5,154,9,Estonia
2021-01-02,1,-7,1.8,1.5,1,71,07:22 PM,11:32 AM,09:18 AM,03:33 PM,-1,-3,-0,-3,16,95,92,2.1,1015,1,6,169,10,Estonia
2021-01-03,-0,-6,3.1,1.5,1,64,08:53 PM,11:45 AM,09:17 AM,03:35 PM,-2,-5,-1,-5,15,100,92,3.7,1020,-0,5,289,10,Estonia
2021-01-04,-0,-9,0.8,3.7,1,57,10:24 PM,11:54 AM,09:17 AM,03:36 PM,-2,-6,-2,-6,17,88,91,0.9,1026,-0,8,51,10,Estonia
2021-01-05,-3,-6,0.0,5.8,1,50,11:56 PM,12:02 PM,09:16 AM,03:38 PM,-5,-8,-3,-8,23,50,90,0.0,1029,-3,10,80,14,Estonia
2021-01-06,-2,-9,0.0,1.6,1,42,No moonrise,12:08 PM,09:15 AM,03:40 PM,-5,-8,-4,-8,21,86,88,0.0,1024,-2,10,89,14,Estonia
2021-01-07,-4,-8,0.6,1.6,1,35,01:29 AM,12:16 PM,09:14 AM,03:42 PM,-6,-10,-5,-10,22,97,90,0.7,1017,-4,7,94,15,Estonia
2021-01-08,-5,-7,0.0,1.6,1,28,03:04 AM,12:25 PM,09:13 AM,03:43 PM,-7,-11,-6,-11,20,66,91,0.1,1017,-5,10,88,13,Estonia
2021-01-09,-6,-9,0.2,1.6,1,20,04:42 AM,12:38 PM,09:12 AM,03:45 PM,-8,-11,-7,-11,15,60,91,0.2,1022,-6,10,96,9,Estonia
2021-01-10,-7,-11,0.0,5.8,1,13,06:21 AM,12:58 PM,09:11 AM,03:47 PM,-9,-13,-8,-13,20,53,91,0.1,1019,-7,10,177,12,Estonia
2021-01-11,-2,-11,0.3,3.7,1,6,07:53 AM,01:30 PM,09:10 AM,03:49 PM,-5,-8,-4,-8,27,82,89,0.5,1011,-2,8,180,17,Estonia
2021-01-12,-1,-5,2.8,1.6,1,0,09:08 AM,02:23 PM,09:09 AM,03:51 PM,-2,-8,-1,-8,38,100,91,4.9,1003,-1,2,154,26,Estonia
2021-01-13,-3,-10,3.1,1.6,1,0,09:58 AM,03:39 PM,09:07 AM,03:53 PM,-7,-12,-5,-12,32,100,90,3.9,1010,-3,4,108,23,Estonia
2021-01-14,-7,-10,1.1,1.6,1,1,10:27 AM,05:06 PM,09:06 AM,03:55 PM,-10,-16,-9,-16,27,97,91,1.3,1020,-7,5,59,18,Estonia
2021-01-15,-9,-14,1.4,1.6,1,8,10:45 AM,06:36 PM,09:04 AM,03:57 PM,-11,-16,-10,-16,23,100,90,1.6,1019,-9,5,20,16,Estonia
2021-01-16,-9,-15,0.8,1.7,1,16,10:56 AM,08:04 PM,09:03 AM,04:00 PM,-11,-14,-10,-14,15,75,89,1.0,1020,-9,7,89,9,Estonia
2021-01-17,-4,-16,0.6,1.8,1,23,11:05 AM,09:28 PM,09:01 AM,04:02 PM,-8,-11,-8,-11,12,81,92,0.7,1019,-4,7,276,7,Estonia
2021-01-18,-3,-10,1.5,2.6,1,30,11:11 AM,10:47 PM,09:00 AM,04:04 PM,-5,-10,-5,-10,23,81,93,1.9,1016,-3,6,214,15,Estonia
2021-01-19,-6,-10,0.0,4.8,1,38,11:17 AM,No moonset,08:58 AM,04:06 PM,-8,-13,-7,-13,24,62,93,0.0,1013,-6,10,181,14,Estonia
2021-01-20,-8,-12,1.6,4.8,1,45,11:22 AM,12:05 AM,08:56 AM,04:09 PM,-11,-17,-10,-17,31,61,87,1.9,1007,-8,9,153,21,Estonia
2021-01-21,3,-12,3.1,2.8,1,52,11:28 AM,01:23 AM,08:54 AM,04:11 PM,-2,-7,-2,-7,29,100,96,13.5,998,3,5,171,19,Estonia
2021-01-22,2,-2,0.0,2.9,1,59,11:36 AM,02:41 AM,08:52 AM,04:13 PM,1,-3,1,-3,31,98,93,2.6,995,2,8,182,20,Estonia
2021-01-23,2,-4,0.3,2.9,1,67,11:47 AM,04:01 AM,08:50 AM,04:16 PM,0,-3,1,-3,27,96,94,0.8,998,2,9,187,18,Estonia
2021-01-24,3,-0,0.2,2.9,1,74,12:03 PM,05:21 AM,08:49 AM,04:18 PM,1,-2,2,-2,21,99,96,3.9,996,3,6,150,13,Estonia
2021-01-25,2,-2,0.7,2.9,1,81,12:28 PM,06:39 AM,08:47 AM,04:21 PM,1,-2,1,-2,22,100,95,5.7,996,2,8,163,14,Estonia
2021-01-26,2,-5,0.3,2.9,1,88,01:10 PM,07:47 AM,08:44 AM,04:23 PM,0,-3,0,-3,20,96,96,6.6,998,2,7,89,12,Estonia
2021-01-27,1,-2,4.9,2.9,1,96,02:11 PM,08:39 AM,08:42 AM,04:26 PM,1,-1,1,-1,11,100,98,5.8,998,1,3,133,7,Estonia
2021-01-28,-2,-5,1.1,3.0,1,100,03:30 PM,09:15 AM,08:40 AM,04:28 PM,-4,-5,-2,-5,14,100,85,1.5,1003,-2,8,225,9,Estonia
2021-01-29,-2,-3,4.2,3.0,1,90,05:00 PM,09:38 AM,08:38 AM,04:31 PM,-4,-7,-3,-7,19,100,92,4.9,994,-2,4,89,14,Estonia
2021-01-30,-4,-9,7.9,3.0,1,82,06:34 PM,09:52 AM,08:36 AM,04:33 PM,-5,-9,-4,-9,17,100,94,9.3,985,-4,2,291,12,Estonia
2021-01-31,-5,-6,2.6,3.0,1,79,08:08 PM,10:02 AM,08:34 AM,04:36 PM,-6,-10,-6,-10,15,100,93,3.1,990,-5,3,298,10,Estonia
2021-02-01,-3,-8,2.4,3.0,1,63,09:42 PM,10:10 AM,08:31 AM,04:38 PM,-6,-9,-5,-9,18,90,90,3.2,999,-3,5,238,11,Estonia
2021-02-02,-1,-7,1.9,3.0,1,55,11:15 PM,10:17 AM,08:29 AM,04:41 PM,-5,-8,-3,-8,25,94,89,3.1,1006,-1,7,178,16,Estonia
2021-02-03,-4,-6,3.3,3.1,1,48,No moonrise,10:25 AM,08:27 AM,04:44 PM,-6,-10,-5,-10,16,98,92,3.9,1005,-4,4,81,11,Estonia
2021-02-04,-7,-9,1.1,3.1,1,40,12:49 AM,10:33 AM,08:24 AM,04:46 PM,-9,-14,-8,-14,25,97,88,1.4,1011,-7,5,176,17,Estonia
2021-02-05,-9,-11,0.3,3.1,1,33,02:25 AM,10:44 AM,08:22 AM,04:49 PM,-11,-17,-10,-17,25,100,87,0.6,1018,-9,8,207,16,Estonia
2021-02-06,-8,-13,0.9,3.1,1,25,04:02 AM,11:01 AM,08:20 AM,04:51 PM,-11,-16,-10,-16,24,99,88,1.2,1023,-8,6,95,15,Estonia
2021-02-07,-7,-14,0.4,5.0,1,18,05:36 AM,11:27 AM,08:17 AM,04:54 PM,-9,-13,-9,-13,19,82,88,0.7,1022,-7,8,284,12,Estonia
