date_time,Iran_maxtempC,Iran_mintempC,Iran_totalSnow_cm,Iran_sunHour,Iran_uvIndex,Iran_moon_illumination,Iran_moonrise,Iran_moonset,Iran_sunrise,Iran_sunset,Iran_DewPointC,Iran_FeelsLikeC,Iran_HeatIndexC,Iran_WindChillC,Iran_WindGustKmph,Iran_cloudcover,Iran_humidity,Iran_precipMM,Iran_pressure,Iran_tempC,Iran_visibility,Iran_winddirDegree,Iran_windspeedKmph,Iran_location
2020-01-01,10,3,0.0,8.7,2,37,11:20 AM,10:54 PM,07:15 AM,05:02 PM,-4,5,6,5,10,26,48,0.5,1014,10,10,307,7,Iran
2020-01-02,12,3,0.0,8.7,3,44,11:47 AM,11:50 PM,07:15 AM,05:02 PM,-6,5,7,5,12,22,40,0.2,1018,12,10,270,9,Iran
2020-01-03,9,2,0.0,5.4,2,51,12:14 PM,No moonset,07:15 AM,05:03 PM,-10,5,6,5,7,56,31,0.0,1022,9,10,132,5,Iran
2020-01-04,7,4,0.0,8.7,2,59,12:41 PM,12:45 AM,07:15 AM,05:04 PM,-1,4,6,4,8,49,64,1.1,1018,7,10,103,7,Iran
2020-01-05,7,1,0.0,8.7,3,66,01:10 PM,01:41 AM,07:15 AM,05:05 PM,-1,3,5,3,12,35,66,2.6,1012,7,10,255,10,Iran
2020-01-06,10,2,0.0,8.7,3,73,01:42 PM,02:39 AM,07:15 AM,05:06 PM,-8,4,5,4,9,3,36,0.0,1021,10,10,281,7,Iran
2020-01-07,11,2,0.0,8.7,3,80,02:17 PM,03:39 AM,07:15 AM,05:07 PM,-8,5,6,5,7,2,34,0.0,1023,11,10,69,5,Iran
2020-01-08,11,3,0.0,8.7,3,88,03:00 PM,04:41 AM,07:15 AM,05:07 PM,-8,6,7,6,7,6,36,0.0,1018,11,10,107,5,Iran
2020-01-09,6,3,1.4,7.0,1,95,03:50 PM,05:44 AM,07:15 AM,05:08 PM,-4,3,4,3,7,53,57,3.4,1015,6,8,213,5,Iran
2020-01-10,8,3,0.0,8.7,3,100,04:47 PM,06:45 AM,07:15 AM,05:09 PM,-7,4,5,4,6,35,40,0.0,1016,8,10,168,5,Iran
2020-01-11,7,2,0.2,8.7,2,100,05:52 PM,07:43 AM,07:15 AM,05:10 PM,-7,2,4,2,11,35,47,0.2,1018,7,10,292,10,Iran
2020-01-12,10,2,0.0,8.7,2,83,07:01 PM,08:34 AM,07:15 AM,05:11 PM,-10,3,5,3,9,21,33,0.0,1020,10,10,269,8,Iran
2020-01-13,6,-0,0.0,3.7,1,76,08:11 PM,09:20 AM,07:15 AM,05:12 PM,-9,3,3,3,4,68,40,0.1,1019,6,10,213,3,Iran
2020-01-14,7,0,0.0,8.7,2,69,09:22 PM,10:00 AM,07:15 AM,05:13 PM,-6,3,4,3,7,41,49,0.0,1026,7,10,236,5,Iran
2020-01-15,8,3,0.0,8.7,3,61,10:30 PM,10:36 AM,07:14 AM,05:14 PM,-6,5,5,5,4,17,44,0.0,1028,8,10,161,3,Iran
2020-01-16,8,1,0.0,8.7,3,54,11:38 PM,11:10 AM,07:14 AM,05:15 PM,-8,4,4,4,5,7,41,0.0,1031,8,10,168,4,Iran
2020-01-17,5,1,0.0,7.1,1,47,No moonrise,11:43 AM,07:14 AM,05:16 PM,-6,1,3,1,9,38,52,0.7,1028,5,9,98,6,Iran
2020-01-18,8,1,0.0,3.8,1,40,12:45 AM,12:16 PM,07:13 AM,05:17 PM,-1,3,4,3,6,80,68,2.5,1019,8,9,180,4,Iran
2020-01-19,4,3,2.0,3.8,1,32,01:51 AM,12:51 PM,07:13 AM,05:18 PM,2,2,4,2,6,95,89,8.3,1020,4,8,198,6,Iran
2020-01-20,6,2,0.0,8.7,2,25,02:57 AM,01:31 PM,07:13 AM,05:19 PM,-4,1,3,1,9,33,61,0.5,1025,6,10,306,7,Iran
2020-01-21,4,-1,0.3,8.7,1,18,04:01 AM,02:14 PM,07:12 AM,05:20 PM,-5,0,2,0,6,34,60,0.3,1024,4,9,229,5,Iran
2020-01-22,5,-1,1.3,7.1,1,11,05:03 AM,03:03 PM,07:12 AM,05:21 PM,-3,-0,2,-0,9,75,72,1.5,1023,5,8,111,7,Iran
2020-01-23,5,0,1.4,5.4,1,3,06:00 AM,03:57 PM,07:11 AM,05:22 PM,-3,-0,2,-0,11,75,74,1.8,1015,5,7,237,8,Iran
2020-01-24,6,-1,0.0,8.7,2,0,06:51 AM,04:53 PM,07:11 AM,05:23 PM,-8,-1,2,-1,14,29,47,0.0,1018,6,10,315,9,Iran
2020-01-25,6,-1,0.0,7.1,1,0,07:37 AM,05:52 PM,07:10 AM,05:24 PM,-8,-0,2,-0,12,58,46,0.0,1025,6,10,327,7,Iran
2020-01-26,7,-1,0.0,8.7,2,4,08:15 AM,06:50 PM,07:10 AM,05:25 PM,-9,2,3,2,7,4,39,0.0,1023,7,10,270,5,Iran
2020-01-27,8,1,0.0,8.7,3,11,08:49 AM,07:48 PM,07:09 AM,05:26 PM,-10,4,5,4,6,7,34,0.0,1026,8,10,194,4,Iran
2020-01-28,8,1,0.0,8.7,3,18,09:20 AM,08:44 PM,07:08 AM,05:27 PM,-9,4,5,4,5,5,39,0.0,1024,8,10,83,4,Iran
2020-01-29,7,0,0.0,5.5,1,26,09:48 AM,09:40 PM,07:08 AM,05:28 PM,-8,3,4,3,4,35,42,0.0,1018,7,10,136,3,Iran
2020-01-30,8,1,0.0,8.7,3,33,10:15 AM,10:34 PM,07:07 AM,05:29 PM,-6,2,4,2,18,16,46,0.0,1017,8,10,310,13,Iran
2020-01-31,10,4,0.0,8.7,3,37,10:41 AM,11:30 PM,07:06 AM,05:31 PM,-7,6,7,6,7,8,37,0.0,1015,10,10,266,5,Iran
2020-02-01,9,2,1.4,7.1,2,49,11:09 AM,No moonset,07:05 AM,05:32 PM,-8,3,5,3,17,40,38,4.2,1011,9,8,153,13,Iran
2020-02-02,7,-3,0.0,8.7,2,57,11:39 AM,12:26 AM,07:05 AM,05:33 PM,-8,-1,2,-1,19,16,48,0.0,1019,7,10,316,13,Iran
2020-02-03,10,1,0.0,8.7,3,64,12:12 PM,01:24 AM,07:04 AM,05:34 PM,-8,4,5,4,7,1,38,0.0,1021,10,10,226,6,Iran
2020-02-04,9,0,0.0,8.7,3,72,12:50 PM,02:24 AM,07:03 AM,05:35 PM,-9,2,4,2,17,17,37,0.0,1013,9,10,229,10,Iran
2020-02-05,10,1,0.0,8.7,3,79,01:36 PM,03:26 AM,07:02 AM,05:36 PM,-4,2,5,2,24,11,51,0.0,1017,10,10,311,15,Iran
2020-02-06,16,5,0.0,8.7,4,87,02:28 PM,04:27 AM,07:01 AM,05:37 PM,-5,9,10,9,10,1,35,0.0,1018,16,10,309,7,Iran
2020-02-07,15,7,0.0,8.7,4,95,03:30 PM,05:26 AM,07:00 AM,05:38 PM,-5,11,11,11,9,5,31,0.0,1014,15,10,239,6,Iran
2020-02-08,14,6,0.0,7.1,3,100,04:37 PM,06:21 AM,07:00 AM,05:39 PM,-2,8,10,8,19,35,43,2.4,1008,14,10,140,14,Iran
2020-02-09,8,2,0.0,4.1,2,100,05:49 PM,07:10 AM,06:59 AM,05:40 PM,-5,3,5,3,14,80,46,1.7,1013,8,10,216,10,Iran
2020-02-10,6,1,0.2,5.6,1,83,07:02 PM,07:54 AM,06:58 AM,05:41 PM,-9,1,3,1,11,56,42,0.8,1019,6,10,301,9,Iran
2020-02-11,-2,-5,9.5,4.1,1,75,08:14 PM,08:32 AM,06:57 AM,05:42 PM,-7,-8,-3,-8,21,88,73,12.2,1017,-2,3,262,18,Iran
2020-02-12,0,-7,0.0,8.7,2,68,09:25 PM,09:08 AM,06:56 AM,05:43 PM,-17,-6,-2,-6,17,8,28,0.0,1021,0,10,302,15,Iran
2020-02-13,8,-2,0.0,8.7,1,60,10:34 PM,09:43 AM,06:55 AM,05:44 PM,-9,1,3,1,9,44,42,1.0,1023,8,10,218,6,Iran
2020-02-14,9,-1,0.0,8.7,3,53,11:43 PM,10:16 AM,06:53 AM,05:45 PM,-6,1,4,1,25,27,47,0.3,1023,9,10,316,16,Iran
2020-02-15,5,-3,0.0,7.2,1,45,No moonrise,10:52 AM,06:52 AM,05:46 PM,-14,-2,1,-2,16,52,32,0.0,1032,5,10,202,10,Iran
2020-02-16,8,-1,0.0,8.7,1,38,12:50 AM,11:31 AM,06:51 AM,05:47 PM,-11,2,3,2,7,41,36,0.0,1027,8,10,161,5,Iran
2020-02-17,9,2,0.0,4.1,2,30,01:56 AM,12:13 PM,06:50 AM,05:48 PM,-5,5,5,5,6,71,47,1.0,1027,9,9,203,4,Iran
2020-02-18,13,3,0.0,8.7,3,22,02:58 AM,01:00 PM,06:49 AM,05:49 PM,-2,7,8,7,7,12,53,0.0,1028,13,10,200,5,Iran
2020-02-19,11,5,0.0,8.7,3,15,03:56 AM,01:51 PM,06:48 AM,05:50 PM,-1,7,8,7,9,26,52,0.0,1022,11,10,121,7,Iran
2020-02-20,11,7,0.0,4.1,2,7,04:48 AM,02:46 PM,06:47 AM,05:51 PM,3,7,9,7,13,66,69,18.8,1013,11,8,145,10,Iran
2020-02-21,14,4,0.0,8.7,3,0,05:34 AM,03:44 PM,06:46 AM,05:52 PM,-1,6,8,6,20,23,51,0.2,1015,14,10,269,13,Iran
2020-02-22,15,6,0.0,8.7,4,0,06:14 AM,04:42 PM,06:44 AM,05:53 PM,-1,10,10,10,7,6,45,0.0,1019,15,10,146,5,Iran
2020-02-23,14,6,0.0,8.7,4,0,06:50 AM,05:40 PM,06:43 AM,05:54 PM,-3,9,10,9,19,17,40,0.1,1019,14,10,323,12,Iran
2020-02-24,16,7,0.0,8.7,4,0,07:22 AM,06:36 PM,06:42 AM,05:55 PM,-1,11,12,11,13,23,41,0.0,1016,16,10,134,8,Iran
2020-02-25,10,7,0.0,4.2,2,8,07:50 AM,07:32 PM,06:41 AM,05:55 PM,6,8,9,8,10,74,83,60.7,1010,10,6,67,7,Iran
2020-02-26,8,1,8.6,4.2,1,15,08:17 AM,08:27 PM,06:39 AM,05:56 PM,0,1,5,1,19,70,75,46.7,1015,8,7,238,15,Iran
2020-02-27,13,3,0.0,8.7,3,23,08:43 AM,09:22 PM,06:38 AM,05:57 PM,-2,7,8,7,6,0,48,0.0,1022,13,10,255,5,Iran
2020-02-28,12,6,0.0,7.2,2,30,09:11 AM,10:18 PM,06:37 AM,05:58 PM,-6,9,9,9,5,36,36,0.0,1016,12,10,250,3,Iran
2020-02-29,18,8,0.0,8.7,4,38,09:39 AM,11:15 PM,06:35 AM,05:59 PM,-3,13,13,13,6,1,33,0.0,1013,18,10,218,4,Iran
2020-03-01,19,8,0.0,11.6,4,44,10:10 AM,No moonset,06:34 AM,06:00 PM,-2,13,13,13,8,19,34,0.2,1011,19,10,96,6,Iran
2020-03-02,8,4,0.0,8.7,2,51,10:45 AM,12:12 AM,06:33 AM,06:01 PM,-1,4,7,4,18,76,60,17.1,1015,8,9,264,13,Iran
2020-03-03,10,1,0.0,11.6,3,58,11:26 AM,01:12 AM,06:32 AM,06:02 PM,-6,3,5,3,16,24,45,0.0,1021,10,10,298,11,Iran
2020-03-04,15,5,0.0,11.6,4,65,12:13 PM,02:11 AM,06:30 AM,06:03 PM,-4,10,10,10,8,0,35,0.0,1022,15,10,294,7,Iran
2020-03-05,18,8,0.0,11.6,4,73,01:10 PM,03:10 AM,06:29 AM,06:04 PM,-5,12,12,12,5,3,29,0.0,1019,18,10,276,4,Iran
2020-03-06,16,8,0.0,10.2,3,80,02:13 PM,04:06 AM,06:27 AM,06:04 PM,-6,12,12,12,5,25,29,0.0,1017,16,10,163,4,Iran
2020-03-07,15,7,0.0,8.7,3,87,03:22 PM,04:57 AM,06:26 AM,06:05 PM,-3,11,12,11,9,55,36,0.1,1018,15,10,144,7,Iran
2020-03-08,15,7,0.0,8.8,3,95,04:35 PM,05:43 AM,06:25 AM,06:06 PM,-0,10,11,10,10,52,46,0.5,1021,15,8,276,8,Iran
2020-03-09,16,9,0.0,11.6,4,100,05:49 PM,06:24 AM,06:23 AM,06:07 PM,-5,13,14,13,7,0,27,0.0,1023,16,10,222,6,Iran
2020-03-10,17,10,0.0,11.6,4,100,07:02 PM,07:01 AM,06:22 AM,06:08 PM,-12,13,13,13,6,7,16,0.0,1020,17,10,266,5,Iran
2020-03-11,21,11,0.0,11.6,5,84,08:14 PM,07:37 AM,06:21 AM,06:09 PM,-11,16,17,16,5,6,17,0.0,1018,21,10,138,4,Iran
2020-03-12,21,11,0.0,11.6,5,76,09:26 PM,08:12 AM,06:19 AM,06:10 PM,-6,16,16,16,5,9,21,0.0,1017,21,10,246,4,Iran
2020-03-13,20,10,0.0,11.6,4,69,10:37 PM,08:48 AM,06:18 AM,06:11 PM,-6,15,15,15,7,44,22,0.0,1019,20,10,118,5,Iran
2020-03-14,17,7,0.0,10.2,3,62,11:46 PM,09:27 AM,06:16 AM,06:11 PM,-2,14,15,14,10,43,30,0.2,1013,17,10,96,7,Iran
2020-03-15,19,14,0.0,10.2,4,55,No moonrise,10:09 AM,06:15 AM,06:12 PM,0,16,17,16,7,29,34,0.0,1011,19,10,212,6,Iran
2020-03-16,19,12,0.0,11.6,5,47,12:51 AM,10:56 AM,06:14 AM,06:13 PM,3,15,15,15,8,17,44,0.0,1014,19,10,200,6,Iran
2020-03-17,19,13,0.0,7.4,4,40,01:52 AM,11:47 AM,06:12 AM,06:14 PM,3,16,16,16,10,62,41,1.4,1018,19,10,88,7,Iran
2020-03-18,19,12,0.0,7.4,4,33,02:46 AM,12:41 PM,06:11 AM,06:15 PM,4,15,16,15,17,76,46,5.7,1015,19,10,133,13,Iran
2020-03-19,18,13,0.0,7.4,4,25,03:34 AM,01:38 PM,06:09 AM,06:16 PM,2,15,15,15,14,55,43,2.2,1011,18,10,260,11,Iran
2020-03-20,17,9,0.0,10.2,3,18,04:16 AM,02:36 PM,06:08 AM,06:16 PM,-6,13,14,13,16,23,26,0.0,1012,17,10,298,12,Iran
2020-03-21,18,10,0.0,7.4,4,11,04:52 AM,03:34 PM,06:07 AM,06:17 PM,-6,14,14,14,13,64,25,0.1,1011,18,10,101,10,Iran
2020-03-22,15,9,0.0,7.4,3,4,05:24 AM,04:30 PM,06:05 AM,06:18 PM,1,11,12,11,17,70,49,6.9,1010,15,10,88,12,Iran
2020-03-23,13,7,0.0,11.6,3,0,05:53 AM,05:27 PM,06:04 AM,06:19 PM,-2,7,9,7,17,49,47,13.7,1011,13,9,321,14,Iran
2020-03-24,14,8,0.0,11.6,4,0,06:20 AM,06:21 PM,06:02 AM,06:20 PM,-0,10,11,10,11,21,46,0.0,1015,14,10,282,10,Iran
2020-03-25,14,7,0.0,10.2,3,3,06:47 AM,07:17 PM,06:01 AM,06:21 PM,2,11,11,11,7,49,53,0.4,1017,14,9,232,6,Iran
2020-03-26,14,7,0.0,10.5,3,11,07:14 AM,08:12 PM,05:59 AM,06:21 PM,3,10,11,10,7,66,61,7.8,1019,14,9,122,5,Iran
2020-03-27,15,6,0.0,12.6,4,18,07:41 AM,09:09 PM,05:58 AM,06:22 PM,2,10,11,10,9,50,51,0.6,1020,15,9,139,6,Iran
2020-03-28,17,9,0.0,12.7,4,25,08:11 AM,10:06 PM,05:57 AM,06:23 PM,2,13,13,13,6,35,48,0.0,1015,17,10,141,5,Iran
2020-03-29,14,3,0.0,9.2,3,32,08:44 AM,11:04 PM,05:55 AM,06:24 PM,5,10,12,10,13,69,61,5.2,1007,14,8,136,11,Iran
2020-03-30,16,9,0.0,12.7,3,40,09:22 AM,No moonset,05:54 AM,06:25 PM,1,11,12,11,16,30,48,3.8,1004,16,10,289,13,Iran
2020-03-31,15,5,0.0,12.7,4,44,10:06 AM,12:03 AM,05:52 AM,06:26 PM,-3,7,10,7,33,25,40,0.8,1011,15,10,300,24,Iran
2020-04-01,18,8,0.0,12.8,3,56,10:57 AM,01:01 AM,05:51 AM,06:26 PM,-1,12,13,12,15,33,39,1.1,1014,18,9,242,10,Iran
2020-04-02,20,11,0.0,8.0,4,64,11:56 AM,01:56 AM,05:50 AM,06:27 PM,3,14,15,14,14,78,48,11.0,1010,20,9,181,10,Iran
2020-04-03,20,13,0.0,12.8,4,71,01:00 PM,02:47 AM,05:48 AM,06:28 PM,-0,15,16,15,15,41,35,0.8,1012,20,10,299,11,Iran
2020-04-04,19,11,0.0,12.8,4,79,02:10 PM,03:34 AM,05:47 AM,06:29 PM,-3,14,16,14,26,24,31,0.9,1015,19,10,298,18,Iran
2020-04-05,18,8,0.0,12.8,4,87,03:22 PM,04:15 AM,05:46 AM,06:30 PM,-3,12,13,12,26,21,32,0.2,1020,18,10,299,18,Iran
2020-04-06,22,11,0.0,12.9,5,94,04:34 PM,04:54 AM,05:44 AM,06:30 PM,-3,16,16,16,10,12,28,0.0,1018,22,10,202,7,Iran
2020-04-07,17,11,0.0,12.9,3,100,05:47 PM,05:30 AM,05:43 AM,06:31 PM,4,13,13,13,14,44,53,8.2,1020,17,9,204,10,Iran
2020-04-08,13,4,0.0,10.6,3,100,07:00 PM,06:05 AM,05:41 AM,06:32 PM,2,8,10,8,15,64,61,1.1,1024,13,9,242,11,Iran
2020-04-09,9,3,0.0,11.9,2,83,08:13 PM,06:41 AM,05:40 AM,06:33 PM,2,4,6,4,12,66,77,19.7,1022,9,8,159,9,Iran
2020-04-10,15,7,0.0,10.7,3,76,09:26 PM,07:19 AM,05:39 AM,06:34 PM,6,10,11,10,10,68,74,6.0,1014,15,10,152,8,Iran
2020-04-11,18,9,0.0,9.4,4,68,10:36 PM,08:01 AM,05:37 AM,06:35 PM,7,14,14,14,12,62,64,14.3,1010,18,9,195,8,Iran
2020-04-12,18,11,0.0,13.0,5,61,11:42 PM,08:47 AM,05:36 AM,06:35 PM,-1,15,15,15,15,22,36,3.5,1013,18,10,307,12,Iran
2020-04-13,17,12,0.0,9.4,4,53,No moonrise,09:38 AM,05:35 AM,06:36 PM,-1,14,15,14,15,57,38,1.1,1018,17,10,291,12,Iran
2020-04-14,15,7,0.0,9.4,3,46,12:40 AM,10:33 AM,05:33 AM,06:37 PM,2,11,11,11,6,59,54,2.2,1020,15,8,213,5,Iran
2020-04-15,18,10,0.0,13.1,5,38,01:32 AM,11:31 AM,05:32 AM,06:38 PM,2,14,14,14,9,10,43,0.0,1018,18,10,151,8,Iran
2020-04-16,21,14,0.0,13.1,5,30,02:16 AM,12:29 PM,05:31 AM,06:39 PM,3,17,17,17,8,4,37,0.0,1012,21,10,155,7,Iran
2020-04-17,21,14,0.0,12.0,4,23,02:54 AM,01:28 PM,05:29 AM,06:40 PM,2,18,18,18,12,35,35,0.5,1014,21,10,126,10,Iran
2020-04-18,21,13,0.0,13.1,5,15,03:28 AM,02:24 PM,05:28 AM,06:41 PM,2,18,18,18,12,26,36,2.8,1014,21,10,107,10,Iran
2020-04-19,23,16,0.0,13.1,5,8,03:57 AM,03:21 PM,05:27 AM,06:41 PM,3,19,20,19,8,21,34,0.1,1013,23,10,137,6,Iran
2020-04-20,24,15,0.0,13.2,6,0,04:25 AM,04:16 PM,05:26 AM,06:42 PM,3,20,20,20,10,21,33,0.1,1013,24,10,124,8,Iran
2020-04-21,23,15,0.0,12.0,5,0,04:51 AM,05:11 PM,05:24 AM,06:43 PM,5,19,21,19,16,46,37,3.4,1012,23,10,230,12,Iran
2020-04-22,25,19,0.0,13.2,6,0,05:17 AM,06:07 PM,05:23 AM,06:44 PM,2,22,22,22,22,3,28,0.0,1011,25,10,295,18,Iran
2020-04-23,25,18,0.0,9.5,5,0,05:44 AM,07:03 PM,05:22 AM,06:45 PM,6,22,22,22,16,53,38,7.8,1010,25,9,209,13,Iran
2020-04-24,23,15,0.0,8.3,5,7,06:13 AM,08:01 PM,05:21 AM,06:46 PM,5,19,19,19,12,81,43,12.4,1011,23,9,277,9,Iran
2020-04-25,24,16,0.0,8.3,5,15,06:45 AM,08:59 PM,05:19 AM,06:46 PM,5,20,21,20,16,77,41,15.8,1009,24,9,99,12,Iran
2020-04-26,20,15,0.0,9.5,4,22,07:22 AM,09:58 PM,05:18 AM,06:47 PM,7,17,17,17,15,73,51,13.6,1005,20,9,145,11,Iran
2020-04-27,21,13,0.0,13.3,5,30,08:04 AM,10:56 PM,05:17 AM,06:48 PM,-0,16,16,16,26,22,33,0.8,1008,21,10,286,20,Iran
2020-04-28,20,14,0.0,13.3,5,37,08:52 AM,11:52 PM,05:16 AM,06:49 PM,-1,16,17,16,26,14,31,0.0,1012,20,10,284,19,Iran
2020-04-29,20,14,0.0,13.3,4,45,09:47 AM,No moonset,05:15 AM,06:50 PM,2,17,17,17,13,23,35,0.1,1016,20,10,230,10,Iran
2020-04-30,18,9,0.0,10.8,3,52,10:48 AM,12:43 AM,05:14 AM,06:51 PM,8,13,14,13,8,60,64,8.0,1015,18,9,164,7,Iran
2020-05-01,23,15,0.0,13.4,6,58,11:54 AM,01:30 AM,05:13 AM,06:52 PM,2,20,20,20,14,4,34,0.0,1011,23,10,288,11,Iran
2020-05-02,24,16,0.0,12.1,5,65,01:02 PM,02:12 AM,05:12 AM,06:52 PM,1,20,20,20,16,28,29,0.9,1010,24,10,288,13,Iran
2020-05-03,24,15,0.0,9.6,5,72,02:12 PM,02:50 AM,05:10 AM,06:53 PM,2,19,19,19,24,59,34,8.9,1009,24,10,250,16,Iran
2020-05-04,25,15,0.0,13.5,6,80,03:23 PM,03:25 AM,05:09 AM,06:54 PM,-2,19,19,19,27,2,23,0.0,1013,25,10,296,19,Iran
2020-05-05,28,19,0.0,13.5,7,87,04:34 PM,03:59 AM,05:08 AM,06:55 PM,-0,23,23,24,11,15,21,0.0,1013,28,10,157,8,Iran
2020-05-06,27,20,0.0,10.9,5,94,05:47 PM,04:34 AM,05:07 AM,06:56 PM,2,23,23,23,21,56,26,3.3,1007,27,10,126,15,Iran
2020-05-07,21,15,0.0,13.5,5,100,07:00 PM,05:10 AM,05:06 AM,06:57 PM,1,17,18,17,33,35,32,0.2,1008,21,10,287,25,Iran
2020-05-08,25,13,0.0,13.5,6,100,08:12 PM,05:50 AM,05:05 AM,06:57 PM,-1,18,19,18,31,1,28,0.0,1011,25,10,296,22,Iran
2020-05-09,28,21,0.0,13.5,7,84,09:22 PM,06:34 AM,05:05 AM,06:58 PM,2,25,25,24,9,1,23,0.0,1012,28,10,178,7,Iran
2020-05-10,29,21,0.0,10.9,6,77,10:26 PM,07:24 AM,05:04 AM,06:59 PM,0,25,25,25,20,37,20,0.5,1009,29,10,224,16,Iran
2020-05-11,25,19,0.0,14.0,6,70,11:24 PM,08:19 AM,05:03 AM,07:00 PM,-3,21,21,21,26,0,20,0.0,1013,25,10,294,20,Iran
2020-05-12,22,14,0.0,14.0,5,62,No moonrise,09:18 AM,05:02 AM,07:01 PM,-0,18,19,18,29,5,29,0.0,1014,22,10,298,22,Iran
2020-05-13,26,17,0.0,14.0,6,55,12:12 AM,10:18 AM,05:01 AM,07:02 PM,-6,21,21,21,10,0,16,0.0,1014,26,10,211,9,Iran
2020-05-14,26,16,0.0,14.0,6,48,12:54 AM,11:18 AM,05:00 AM,07:02 PM,-1,21,21,22,13,8,23,0.0,1016,26,10,213,10,Iran
2020-05-15,26,16,0.0,14.4,6,40,01:30 AM,12:16 PM,04:59 AM,07:03 PM,2,21,21,21,10,3,29,0.0,1017,26,10,195,9,Iran
2020-05-16,28,20,0.0,14.5,6,33,02:00 AM,01:13 PM,04:59 AM,07:04 PM,1,24,24,24,9,4,22,0.0,1015,28,10,201,7,Iran
2020-05-17,30,22,0.0,14.5,7,26,02:28 AM,02:09 PM,04:58 AM,07:05 PM,3,26,26,26,13,5,23,0.0,1012,30,10,216,10,Iran
2020-05-18,27,19,0.0,14.5,6,19,02:55 AM,03:04 PM,04:57 AM,07:06 PM,8,23,23,22,10,36,39,1.2,1015,27,10,164,9,Iran
2020-05-19,28,20,0.0,10.2,6,11,03:21 AM,04:00 PM,04:56 AM,07:06 PM,8,24,24,24,9,67,39,9.9,1015,28,9,152,7,Iran
2020-05-20,25,17,0.0,14.5,6,4,03:48 AM,04:56 PM,04:56 AM,07:07 PM,8,21,21,20,10,49,43,5.1,1015,25,10,132,8,Iran
2020-05-21,28,19,0.0,14.5,6,0,04:15 AM,05:53 PM,04:55 AM,07:08 PM,7,23,23,23,7,21,35,0.2,1015,28,10,175,6,Iran
2020-05-22,33,24,0.0,14.5,8,0,04:46 AM,06:52 PM,04:55 AM,07:09 PM,5,28,28,29,8,0,22,0.0,1012,33,10,176,7,Iran
2020-05-23,33,27,0.0,14.5,8,3,05:22 AM,07:52 PM,04:54 AM,07:09 PM,0,28,28,30,13,0,16,0.0,1010,33,10,264,11,Iran
2020-05-24,34,24,0.0,14.5,8,10,06:02 AM,08:51 PM,04:53 AM,07:10 PM,-0,28,28,29,16,14,15,0.0,1013,34,10,239,12,Iran
2020-05-25,34,24,0.0,14.5,8,17,06:49 AM,09:49 PM,04:53 AM,07:11 PM,1,28,28,29,16,7,16,0.0,1014,34,10,140,12,Iran
2020-05-26,38,28,0.0,14.5,8,25,07:42 AM,10:42 PM,04:52 AM,07:12 PM,1,30,30,32,13,16,15,0.0,1015,38,10,198,11,Iran
2020-05-27,36,26,0.0,14.5,8,32,08:42 AM,11:30 PM,04:52 AM,07:12 PM,4,29,29,30,13,13,20,0.0,1017,36,10,215,10,Iran
2020-05-28,36,26,0.0,14.5,8,39,09:46 AM,No moonset,04:51 AM,07:13 PM,4,30,30,31,9,3,18,0.0,1014,36,10,142,8,Iran
2020-05-29,37,27,0.0,14.5,8,47,10:52 AM,12:12 AM,04:51 AM,07:14 PM,1,30,30,32,10,8,15,0.0,1011,37,10,162,8,Iran
2020-05-30,36,27,0.0,14.5,8,54,12:00 PM,12:50 AM,04:51 AM,07:14 PM,-0,29,29,31,12,14,13,0.0,1009,36,10,152,10,Iran
2020-05-31,37,27,0.0,14.5,8,58,01:08 PM,01:26 AM,04:50 AM,07:15 PM,-3,30,30,32,16,5,11,0.0,1011,37,10,286,12,Iran
2020-06-01,35,26,0.0,14.5,8,71,02:16 PM,01:59 AM,04:50 AM,07:16 PM,-4,29,29,30,16,0,11,0.0,1009,35,10,293,12,Iran
2020-06-02,35,27,0.0,13.4,7,79,03:27 PM,02:31 AM,04:50 AM,07:16 PM,-2,29,29,31,16,29,13,0.2,1008,35,10,153,13,Iran
2020-06-03,37,26,0.0,14.5,8,86,04:37 PM,03:05 AM,04:49 AM,07:17 PM,-1,31,31,32,23,6,14,0.0,1007,37,10,197,18,Iran
2020-06-04,37,28,0.0,14.5,8,94,05:49 PM,03:42 AM,04:49 AM,07:17 PM,-5,30,30,32,23,0,10,0.0,1009,37,10,295,18,Iran
2020-06-05,36,29,0.0,14.5,8,100,07:00 PM,04:23 AM,04:49 AM,07:18 PM,-4,31,31,32,15,0,10,0.0,1011,36,10,259,13,Iran
2020-06-06,34,26,0.0,14.5,8,100,08:08 PM,05:11 AM,04:49 AM,07:19 PM,1,29,29,30,20,4,17,0.0,1014,34,10,292,15,Iran
2020-06-07,32,21,0.0,14.5,7,84,09:09 PM,06:03 AM,04:48 AM,07:19 PM,6,26,26,26,19,2,28,0.0,1013,32,10,290,14,Iran
2020-06-08,33,22,0.0,14.5,7,76,10:03 PM,07:01 AM,04:48 AM,07:20 PM,4,27,27,27,12,3,24,0.0,1012,33,10,178,9,Iran
2020-06-09,32,25,0.0,13.4,6,69,10:49 PM,08:02 AM,04:48 AM,07:20 PM,2,27,27,28,11,13,18,0.1,1012,32,10,146,9,Iran
2020-06-10,33,24,0.0,14.5,8,61,11:28 PM,09:04 AM,04:48 AM,07:21 PM,1,27,27,29,17,10,17,0.0,1012,33,10,153,13,Iran
2020-06-11,37,24,0.0,14.5,8,54,No moonrise,10:04 AM,04:48 AM,07:21 PM,-2,29,29,30,9,18,13,0.0,1009,37,10,167,7,Iran
2020-06-12,36,24,0.0,14.5,8,46,12:01 AM,11:03 AM,04:48 AM,07:21 PM,-2,29,29,30,17,13,13,0.0,1004,36,10,154,12,Iran
2020-06-13,35,26,0.0,14.5,8,38,12:30 AM,12:00 PM,04:48 AM,07:22 PM,-3,29,29,31,13,1,12,0.0,1003,35,10,269,11,Iran
2020-06-14,38,29,0.0,14.5,8,31,12:58 AM,12:55 PM,04:48 AM,07:22 PM,-4,32,32,34,13,0,10,0.0,1005,38,10,254,10,Iran
2020-06-15,35,24,0.0,14.5,8,23,01:24 AM,01:51 PM,04:48 AM,07:23 PM,-3,28,28,30,27,0,12,0.0,1008,35,10,292,19,Iran
2020-06-16,36,26,0.0,14.5,8,16,01:50 AM,02:46 PM,04:48 AM,07:23 PM,2,29,29,31,15,2,16,0.0,1007,36,10,257,12,Iran
2020-06-17,39,28,0.0,14.5,8,8,02:17 AM,03:43 PM,04:48 AM,07:23 PM,2,31,31,33,9,2,14,0.0,1006,39,10,110,7,Iran
2020-06-18,37,27,0.0,14.5,8,1,02:46 AM,04:41 PM,04:48 AM,07:24 PM,-1,31,31,32,15,7,13,0.0,1004,37,10,152,12,Iran
2020-06-19,38,29,0.0,14.5,8,0,03:20 AM,05:42 PM,04:49 AM,07:24 PM,-1,32,32,33,11,0,11,0.0,1002,38,10,190,10,Iran
2020-06-20,41,29,0.0,14.5,9,0,03:58 AM,06:42 PM,04:49 AM,07:24 PM,-0,34,34,35,15,2,12,0.0,1000,41,10,226,10,Iran
2020-06-21,34,24,0.0,14.5,8,0,04:43 AM,07:41 PM,04:49 AM,07:24 PM,-5,27,27,29,30,1,11,0.0,1001,34,10,285,21,Iran
2020-06-22,33,23,0.0,14.5,7,7,05:35 AM,08:37 PM,04:49 AM,07:24 PM,4,26,26,27,25,0,22,0.0,1005,33,10,288,19,Iran
2020-06-23,36,26,0.0,14.5,8,14,06:34 AM,09:28 PM,04:49 AM,07:25 PM,5,29,29,30,9,1,22,0.0,1010,36,10,136,8,Iran
2020-06-24,37,27,0.0,14.5,8,22,07:38 AM,10:12 PM,04:50 AM,07:25 PM,4,30,30,32,9,0,18,0.0,1010,37,10,179,8,Iran
2020-06-25,41,30,0.0,14.5,9,29,08:44 AM,10:52 PM,04:50 AM,07:25 PM,2,35,35,35,10,0,13,0.0,1007,41,10,139,8,Iran
2020-06-26,38,29,0.0,14.5,8,37,09:52 AM,11:28 PM,04:50 AM,07:25 PM,7,32,32,33,13,0,22,0.0,1010,38,10,269,11,Iran
2020-06-27,33,24,0.0,14.5,7,44,11:00 AM,No moonset,04:51 AM,07:25 PM,9,28,28,28,10,3,30,0.0,1012,33,10,235,9,Iran
2020-06-28,33,22,0.0,14.5,7,52,12:07 PM,12:01 AM,04:51 AM,07:25 PM,7,27,27,27,14,4,30,0.0,1010,33,10,190,11,Iran
2020-06-29,33,24,0.0,14.5,7,59,01:15 PM,12:33 AM,04:52 AM,07:25 PM,6,28,28,28,17,2,26,0.0,1005,33,10,273,14,Iran
2020-06-30,36,24,0.0,14.5,8,67,02:23 PM,01:06 AM,04:52 AM,07:25 PM,6,29,29,29,7,8,24,0.0,1004,36,10,182,6,Iran
2020-07-01,37,27,0.0,14.5,8,72,03:33 PM,01:40 AM,04:52 AM,07:25 PM,5,30,30,31,12,3,21,0.0,1006,37,10,233,10,Iran
2020-07-02,36,24,0.0,14.5,8,79,04:42 PM,02:18 AM,04:53 AM,07:25 PM,5,29,29,29,13,12,23,0.0,1010,36,10,247,9,Iran
2020-07-03,37,27,0.0,14.5,8,86,05:50 PM,03:01 AM,04:53 AM,07:25 PM,7,30,30,31,10,1,22,0.0,1010,37,10,269,9,Iran
2020-07-04,37,28,0.0,14.5,8,94,06:54 PM,03:51 AM,04:54 AM,07:25 PM,7,30,30,31,9,3,22,0.0,1009,37,10,239,7,Iran
2020-07-05,34,24,0.0,14.5,7,100,07:52 PM,04:46 AM,04:54 AM,07:24 PM,5,27,27,28,15,30,24,0.0,1007,34,10,182,12,Iran
2020-07-06,33,25,0.0,10.2,6,100,08:41 PM,05:46 AM,04:55 AM,07:24 PM,6,27,27,28,11,67,24,1.8,1006,33,10,165,8,Iran
2020-07-07,34,24,0.0,14.5,8,85,09:23 PM,06:48 AM,04:55 AM,07:24 PM,5,28,28,29,11,9,22,0.0,1006,34,10,176,8,Iran
2020-07-08,37,26,0.0,14.5,8,77,09:59 PM,07:50 AM,04:56 AM,07:24 PM,4,30,30,31,9,4,19,0.0,1006,37,10,165,7,Iran
2020-07-09,38,27,0.0,14.5,9,70,10:30 PM,08:50 AM,04:57 AM,07:23 PM,2,32,32,33,11,20,15,0.0,1005,38,10,134,8,Iran
2020-07-10,36,26,0.0,14.5,8,63,10:59 PM,09:48 AM,04:57 AM,07:23 PM,5,30,30,31,14,21,20,0.0,1009,36,10,195,10,Iran
2020-07-11,36,26,0.0,14.5,8,55,11:25 PM,10:45 AM,04:58 AM,07:23 PM,5,29,29,31,19,26,20,0.0,1009,36,10,163,14,Iran
2020-07-12,34,24,0.0,9.2,6,48,11:51 PM,11:41 AM,04:58 AM,07:22 PM,9,27,27,28,21,61,32,2.8,1007,34,9,124,16,Iran
2020-07-13,35,26,0.0,14.5,8,41,No moonrise,12:36 PM,04:59 AM,07:22 PM,7,29,29,30,12,29,24,0.1,1002,35,10,184,9,Iran
2020-07-14,35,26,0.0,14.2,8,34,12:18 AM,01:32 PM,05:00 AM,07:21 PM,5,29,29,30,18,18,21,0.0,1004,35,10,179,13,Iran
2020-07-15,39,25,0.0,14.2,8,26,12:46 AM,02:29 PM,05:00 AM,07:21 PM,8,30,30,31,9,15,25,0.0,1008,39,10,191,6,Iran
2020-07-16,36,25,0.0,10.0,7,19,01:18 AM,03:29 PM,05:01 AM,07:20 PM,10,30,30,30,10,66,30,1.3,1008,36,10,227,8,Iran
2020-07-17,34,22,0.0,12.2,7,12,01:54 AM,04:28 PM,05:02 AM,07:20 PM,10,29,29,29,12,41,31,2.5,1007,34,10,138,9,Iran
2020-07-18,37,26,0.0,14.2,8,5,02:35 AM,05:29 PM,05:02 AM,07:19 PM,7,31,31,32,12,10,22,0.0,1008,37,10,135,9,Iran
2020-07-19,39,27,0.0,14.2,8,0,03:25 AM,06:26 PM,05:03 AM,07:19 PM,5,31,31,33,8,7,18,0.0,1010,39,10,183,6,Iran
2020-07-20,39,27,0.0,14.1,9,0,04:21 AM,07:20 PM,05:04 AM,07:18 PM,4,33,33,34,10,2,17,0.0,1010,39,10,194,8,Iran
2020-07-21,39,29,0.0,14.1,8,2,05:25 AM,08:08 PM,05:05 AM,07:18 PM,3,32,32,34,10,0,15,0.0,1007,39,10,160,9,Iran
2020-07-22,38,31,0.0,14.1,9,10,06:32 AM,08:51 PM,05:05 AM,07:17 PM,-2,32,32,34,12,3,10,0.0,1006,38,10,141,9,Iran
2020-07-23,38,28,0.0,14.1,8,17,07:42 AM,09:29 PM,05:06 AM,07:16 PM,4,32,32,33,8,18,18,0.0,1007,38,10,210,6,Iran
2020-07-24,38,28,0.0,14.1,8,24,08:51 AM,10:03 PM,05:07 AM,07:16 PM,6,32,32,33,6,29,21,0.0,1008,38,10,213,5,Iran
2020-07-25,42,29,0.0,14.1,9,32,09:59 AM,10:36 PM,05:08 AM,07:15 PM,5,34,34,35,10,20,17,0.0,1008,42,10,133,7,Iran
2020-07-26,39,29,0.0,14.1,9,39,11:08 AM,11:08 PM,05:08 AM,07:14 PM,5,33,33,34,12,26,16,0.1,1009,39,10,169,9,Iran
2020-07-27,40,31,0.0,14.0,9,46,12:15 PM,11:42 PM,05:09 AM,07:13 PM,4,33,33,35,14,9,15,0.0,1009,40,10,168,10,Iran
2020-07-28,39,30,0.0,14.0,9,53,01:24 PM,No moonset,05:10 AM,07:12 PM,5,33,33,35,9,10,16,0.0,1009,39,10,114,7,Iran
2020-07-29,39,29,0.0,14.0,8,61,02:32 PM,12:18 AM,05:11 AM,07:12 PM,3,31,31,33,12,15,15,0.0,1009,39,10,147,8,Iran
2020-07-30,41,30,0.0,14.0,9,68,03:39 PM,12:58 AM,05:11 AM,07:11 PM,4,33,33,34,12,27,16,0.0,1009,41,10,194,8,Iran
2020-07-31,34,23,0.0,9.9,6,72,04:43 PM,01:45 AM,05:12 AM,07:10 PM,11,29,29,29,12,69,34,4.2,1010,34,9,203,9,Iran
2020-08-01,35,25,0.0,12.2,7,82,05:42 PM,02:36 AM,05:13 AM,07:09 PM,10,28,28,29,15,42,31,1.7,1005,35,10,154,12,Iran
2020-08-02,39,28,0.0,13.9,9,90,06:34 PM,03:34 AM,05:14 AM,07:08 PM,4,33,33,33,9,2,17,0.0,1004,39,10,149,7,Iran
2020-08-03,38,29,0.0,13.9,9,97,07:19 PM,04:34 AM,05:14 AM,07:07 PM,3,33,33,34,11,2,16,0.0,1005,38,10,229,9,Iran
2020-08-04,34,26,0.0,13.9,8,100,07:57 PM,05:37 AM,05:15 AM,07:06 PM,9,28,28,29,13,8,29,0.0,1008,34,10,202,10,Iran
2020-08-05,34,23,0.0,13.9,7,88,08:29 PM,06:37 AM,05:16 AM,07:05 PM,9,28,28,29,17,10,31,0.0,1005,34,10,181,14,Iran
2020-08-06,33,25,0.0,13.9,8,81,08:59 PM,07:37 AM,05:17 AM,07:04 PM,9,28,28,29,14,4,31,0.0,1007,33,10,282,11,Iran
2020-08-07,33,24,0.0,13.9,7,74,09:26 PM,08:34 AM,05:18 AM,07:03 PM,10,28,28,28,12,4,33,0.0,1010,33,10,275,10,Iran
2020-08-08,33,23,0.0,13.8,7,67,09:52 PM,09:31 AM,05:18 AM,07:02 PM,10,28,28,28,11,7,32,0.0,1008,33,10,227,9,Iran
2020-08-09,36,25,0.0,13.8,8,59,10:18 PM,10:26 AM,05:19 AM,07:01 PM,8,30,30,30,11,4,26,0.0,1005,36,10,169,9,Iran
2020-08-10,39,29,0.0,13.8,9,52,10:46 PM,11:22 AM,05:20 AM,07:00 PM,7,32,32,34,9,0,19,0.0,1005,39,10,177,7,Iran
2020-08-11,37,29,0.0,13.4,8,45,11:16 PM,12:18 PM,05:21 AM,06:59 PM,6,32,32,33,16,1,19,0.0,1006,37,10,167,12,Iran
2020-08-12,39,31,0.0,13.4,9,38,11:49 PM,01:16 PM,05:22 AM,06:57 PM,5,33,33,34,12,1,16,0.0,1005,39,10,181,10,Iran
2020-08-13,39,29,0.0,13.3,8,30,No moonrise,02:14 PM,05:22 AM,06:56 PM,6,32,32,33,13,1,19,0.0,1005,39,10,206,10,Iran
2020-08-14,38,29,0.0,13.3,8,23,12:27 AM,03:14 PM,05:23 AM,06:55 PM,5,31,31,33,14,4,18,0.0,1003,38,10,226,10,Iran
2020-08-15,38,25,0.0,13.3,8,16,01:13 AM,04:12 PM,05:24 AM,06:54 PM,6,32,32,32,12,18,22,0.0,1003,38,10,261,8,Iran
2020-08-16,37,24,0.0,13.3,8,8,02:06 AM,05:08 PM,05:25 AM,06:53 PM,9,29,29,30,13,9,29,0.0,1007,37,10,260,9,Iran
2020-08-17,36,26,0.0,13.3,8,1,03:06 AM,05:59 PM,05:26 AM,06:51 PM,10,30,30,30,10,1,29,0.0,1007,36,10,250,9,Iran
2020-08-18,33,22,0.0,13.2,7,0,04:13 AM,06:44 PM,05:26 AM,06:50 PM,10,27,27,28,10,6,34,0.0,1009,33,10,183,8,Iran
2020-08-19,36,25,0.0,13.2,8,0,05:23 AM,07:25 PM,05:27 AM,06:49 PM,7,29,29,30,15,2,25,0.0,1006,36,10,160,11,Iran
2020-08-20,39,29,0.0,13.2,8,6,06:34 AM,08:01 PM,05:28 AM,06:48 PM,6,32,32,33,10,0,18,0.0,1005,39,10,186,8,Iran
2020-08-21,37,29,0.0,13.2,8,13,07:45 AM,08:35 PM,05:29 AM,06:46 PM,3,31,31,33,15,1,15,0.0,1003,37,10,152,12,Iran
2020-08-22,38,31,0.0,13.2,8,20,08:56 AM,09:09 PM,05:29 AM,06:45 PM,2,33,33,34,12,0,14,0.0,1001,38,10,187,10,Iran
2020-08-23,36,23,0.0,13.1,8,28,10:06 AM,09:42 PM,05:30 AM,06:44 PM,4,29,29,29,29,0,22,0.0,1002,36,10,285,19,Iran
2020-08-24,31,22,0.0,13.1,7,35,11:16 AM,10:18 PM,05:31 AM,06:42 PM,6,27,27,26,18,0,30,0.0,1008,31,10,294,14,Iran
2020-08-25,29,20,0.0,13.1,7,42,12:25 PM,10:58 PM,05:32 AM,06:41 PM,7,24,24,24,10,7,34,0.0,1014,29,10,255,8,Iran
2020-08-26,31,18,0.0,13.1,7,50,01:33 PM,11:42 PM,05:33 AM,06:40 PM,7,24,24,24,10,9,35,0.0,1013,31,10,182,8,Iran
2020-08-27,33,21,0.0,13.1,7,57,02:37 PM,No moonset,05:33 AM,06:38 PM,-1,25,25,26,13,1,17,0.0,1011,33,10,153,10,Iran
2020-08-28,35,24,0.0,13.0,8,64,03:37 PM,12:32 AM,05:34 AM,06:37 PM,-0,27,27,29,11,1,16,0.0,1009,35,10,159,8,Iran
2020-08-29,36,27,0.0,13.0,8,71,04:30 PM,01:27 AM,05:35 AM,06:36 PM,0,29,29,31,7,1,15,0.0,1012,36,10,244,6,Iran
2020-08-30,32,24,0.0,13.0,7,79,05:16 PM,02:26 AM,05:36 AM,06:34 PM,6,27,27,28,9,1,25,0.0,1017,32,10,237,8,Iran
2020-08-31,30,21,0.0,13.0,7,82,05:56 PM,03:27 AM,05:36 AM,06:33 PM,6,26,26,26,9,2,30,0.0,1015,30,10,205,7,Iran
2020-09-01,31,19,0.0,13.0,7,97,06:30 PM,04:27 AM,05:37 AM,06:32 PM,4,24,24,25,11,3,26,0.0,1015,31,10,193,8,Iran
2020-09-02,34,23,0.0,12.9,7,100,07:00 PM,05:27 AM,05:38 AM,06:30 PM,2,26,26,28,7,0,20,0.0,1016,34,10,181,6,Iran
2020-09-03,33,25,0.0,12.9,7,88,07:28 PM,06:25 AM,05:39 AM,06:29 PM,-0,27,27,29,7,2,16,0.0,1017,33,10,160,6,Iran
2020-09-04,33,24,0.0,12.9,7,81,07:54 PM,07:22 AM,05:39 AM,06:27 PM,-3,26,26,28,10,5,13,0.0,1016,33,10,176,8,Iran
2020-09-05,34,22,0.0,12.9,7,73,08:20 PM,08:18 AM,05:40 AM,06:26 PM,-4,26,26,28,9,18,12,0.0,1012,34,10,158,7,Iran
2020-09-06,35,26,0.0,12.8,8,66,08:47 PM,09:13 AM,05:41 AM,06:24 PM,-2,28,28,30,7,0,13,0.0,1012,35,10,195,6,Iran
2020-09-07,36,27,0.0,12.8,8,58,09:15 PM,10:09 AM,05:42 AM,06:23 PM,0,31,31,31,8,6,14,0.0,1012,36,10,149,6,Iran
2020-09-08,37,25,0.0,12.8,8,50,09:47 PM,11:06 AM,05:42 AM,06:22 PM,1,29,29,30,9,13,16,0.0,1012,37,10,259,6,Iran
2020-09-09,35,23,0.0,12.8,8,43,10:22 PM,12:04 PM,05:43 AM,06:20 PM,5,29,29,29,8,11,24,0.0,1014,35,10,234,6,Iran
2020-09-10,32,23,0.0,12.8,7,35,11:04 PM,01:02 PM,05:44 AM,06:19 PM,6,27,27,28,8,3,24,0.0,1014,32,10,242,7,Iran
2020-09-11,33,22,0.0,12.7,7,28,11:52 PM,02:00 PM,05:45 AM,06:17 PM,6,26,26,27,10,21,28,0.2,1015,33,10,183,8,Iran
2020-09-12,33,23,0.0,12.7,7,20,No moonrise,02:55 PM,05:45 AM,06:16 PM,2,26,26,27,10,9,21,0.0,1016,33,10,157,7,Iran
2020-09-13,32,25,0.0,12.7,7,13,12:48 AM,03:48 PM,05:46 AM,06:14 PM,5,28,28,29,5,1,23,0.0,1017,32,10,216,5,Iran
2020-09-14,30,20,0.0,12.7,7,5,01:51 AM,04:35 PM,05:47 AM,06:13 PM,6,25,25,26,9,2,29,0.0,1017,30,10,199,7,Iran
2020-09-15,32,23,0.0,12.6,7,0,02:59 AM,05:17 PM,05:48 AM,06:11 PM,4,26,26,27,8,2,23,0.0,1016,32,10,206,7,Iran
2020-09-16,32,21,0.0,12.6,7,0,04:10 AM,05:56 PM,05:48 AM,06:10 PM,5,26,26,26,7,0,27,0.0,1016,32,10,179,6,Iran
2020-09-17,32,22,0.0,12.6,7,0,05:22 AM,06:31 PM,05:49 AM,06:08 PM,2,26,26,27,7,0,20,0.0,1018,32,10,169,7,Iran
2020-09-18,32,21,0.0,12.6,7,2,06:34 AM,07:05 PM,05:50 AM,06:07 PM,4,25,25,26,9,1,25,0.0,1015,32,10,165,8,Iran
2020-09-19,35,24,0.0,12.6,7,10,07:47 AM,07:39 PM,05:51 AM,06:06 PM,4,27,27,29,6,0,21,0.0,1010,35,10,143,5,Iran
2020-09-20,33,24,0.0,12.5,7,17,09:00 AM,08:15 PM,05:51 AM,06:04 PM,4,27,27,29,10,0,21,0.0,1013,33,10,206,8,Iran
2020-09-21,33,23,0.0,12.5,7,25,10:12 AM,08:54 PM,05:52 AM,06:03 PM,7,27,27,28,7,0,26,0.0,1016,33,10,228,6,Iran
2020-09-22,32,21,0.0,12.5,7,32,11:23 AM,09:38 PM,05:53 AM,06:01 PM,8,26,26,26,7,2,31,0.0,1018,32,10,212,6,Iran
2020-09-23,32,21,0.0,12.5,7,40,12:31 PM,10:27 PM,05:54 AM,06:00 PM,6,25,25,26,9,2,28,0.0,1016,32,10,163,8,Iran
2020-09-24,33,22,0.0,11.6,7,47,01:34 PM,11:22 PM,05:54 AM,05:58 PM,4,26,26,27,11,1,24,0.0,1014,33,10,133,10,Iran
2020-09-25,33,25,0.0,11.6,7,55,02:28 PM,No moonset,05:55 AM,05:57 PM,1,27,27,28,7,0,18,0.0,1012,33,10,148,6,Iran
2020-09-26,34,25,0.0,11.6,7,62,03:17 PM,12:20 AM,05:56 AM,05:55 PM,0,27,27,29,6,1,16,0.0,1009,34,10,199,5,Iran
2020-09-27,33,24,0.0,11.6,7,70,03:57 PM,01:20 AM,05:57 AM,05:54 PM,1,26,26,28,9,0,19,0.0,1012,33,10,291,7,Iran
2020-09-28,27,19,0.0,11.6,6,78,04:32 PM,02:20 AM,05:57 AM,05:53 PM,6,23,23,22,12,9,36,0.0,1019,27,10,268,9,Iran
2020-09-29,22,14,0.0,11.6,5,85,05:03 PM,03:20 AM,05:58 AM,05:51 PM,5,18,18,18,10,33,43,0.0,1020,22,10,204,7,Iran
2020-09-30,23,13,0.0,11.6,5,93,05:32 PM,04:18 AM,05:59 AM,05:50 PM,-1,17,18,17,12,22,30,0.1,1015,23,10,168,9,Iran
2020-10-01,28,16,0.0,11.5,6,97,05:58 PM,05:15 AM,06:00 AM,05:48 PM,-3,21,21,21,7,4,20,0.0,1015,28,10,208,6,Iran
2020-10-02,29,20,0.0,8.7,7,100,06:23 PM,06:11 AM,06:01 AM,05:47 PM,1,24,24,25,8,1,21,0.0,1016,29,10,229,7,Iran
2020-10-03,30,21,0.0,8.7,7,89,06:49 PM,07:07 AM,06:01 AM,05:46 PM,2,25,25,25,7,3,23,0.0,1016,30,10,241,5,Iran
2020-10-04,29,19,0.0,8.7,6,82,07:17 PM,08:03 AM,06:02 AM,05:44 PM,2,25,25,24,12,27,26,0.3,1018,29,10,131,9,Iran
2020-10-05,25,18,0.0,5.8,5,74,07:47 PM,08:59 AM,06:03 AM,05:43 PM,5,21,21,21,10,26,34,0.3,1018,25,10,232,8,Iran
2020-10-06,22,14,0.0,4.3,4,67,08:20 PM,09:56 AM,06:04 AM,05:41 PM,6,18,18,18,11,80,47,6.7,1020,22,9,211,8,Iran
2020-10-07,21,14,0.0,4.3,4,60,08:59 PM,10:54 AM,06:05 AM,05:40 PM,7,16,17,16,12,78,54,16.3,1022,21,9,81,9,Iran
2020-10-08,21,15,0.0,4.3,4,53,09:44 PM,11:52 AM,06:05 AM,05:39 PM,5,18,18,18,10,73,44,4.9,1022,21,10,281,7,Iran
2020-10-09,19,13,0.0,4.2,4,45,10:35 PM,12:47 PM,06:06 AM,05:37 PM,4,15,15,15,14,78,49,11.2,1025,19,9,226,10,Iran
2020-10-10,19,12,0.0,7.2,4,38,11:34 PM,01:39 PM,06:07 AM,05:36 PM,4,15,15,15,9,25,48,0.1,1025,19,10,226,7,Iran
2020-10-11,23,13,0.0,8.7,5,31,No moonrise,02:27 PM,06:08 AM,05:34 PM,4,18,18,18,8,4,40,0.0,1023,23,10,191,6,Iran
2020-10-12,20,12,0.0,7.2,4,23,12:38 AM,03:10 PM,06:09 AM,05:33 PM,-3,17,17,17,8,30,27,0.0,1022,20,10,181,6,Iran
2020-10-13,24,14,0.0,8.7,6,16,01:46 AM,03:49 PM,06:10 AM,05:32 PM,-5,19,19,19,7,7,19,0.0,1020,24,10,202,5,Iran
2020-10-14,25,16,0.0,8.7,6,9,02:56 AM,04:24 PM,06:10 AM,05:30 PM,-6,21,21,21,5,0,16,0.0,1019,25,10,211,4,Iran
2020-10-15,26,17,0.0,8.7,6,2,04:08 AM,04:59 PM,06:11 AM,05:29 PM,-9,21,21,21,5,0,12,0.0,1019,26,10,216,4,Iran
2020-10-16,24,16,0.0,8.7,6,0,05:21 AM,05:33 PM,06:12 AM,05:28 PM,-8,20,20,20,5,4,15,0.0,1019,24,10,165,4,Iran
2020-10-17,25,17,0.0,8.7,6,0,06:34 AM,06:08 PM,06:13 AM,05:27 PM,-8,21,21,21,5,0,13,0.0,1019,25,10,146,4,Iran
2020-10-18,25,17,0.0,8.7,6,5,07:49 AM,06:46 PM,06:14 AM,05:25 PM,-9,21,21,21,5,0,13,0.0,1019,25,10,157,4,Iran
2020-10-19,26,17,0.0,8.7,6,13,09:03 AM,07:30 PM,06:15 AM,05:24 PM,-10,21,21,22,5,0,11,0.0,1018,26,10,236,4,Iran
2020-10-20,29,18,0.0,8.7,6,20,10:15 AM,08:18 PM,06:16 AM,05:23 PM,-9,22,22,23,3,0,11,0.0,1017,29,10,184,3,Iran
2020-10-21,27,18,0.0,8.7,6,27,11:23 AM,09:12 PM,06:16 AM,05:22 PM,-5,22,22,22,6,0,17,0.0,1021,27,10,167,5,Iran
2020-10-22,23,17,0.0,8.7,6,35,12:23 PM,10:11 PM,06:17 AM,05:20 PM,3,20,20,20,7,0,33,0.0,1022,23,10,248,6,Iran
2020-10-23,22,15,0.0,8.7,5,42,01:15 PM,11:12 PM,06:18 AM,05:19 PM,3,18,18,18,6,4,36,0.0,1022,22,10,180,5,Iran
2020-10-24,24,14,0.0,8.7,5,49,01:59 PM,No moonset,06:19 AM,05:18 PM,2,18,18,18,7,4,35,0.0,1021,24,10,176,5,Iran
2020-10-25,25,16,0.0,8.7,6,56,02:35 PM,12:14 AM,06:20 AM,05:17 PM,3,21,21,21,4,1,32,0.0,1020,25,10,170,4,Iran
2020-10-26,26,16,0.0,8.7,6,64,03:07 PM,01:14 AM,06:21 AM,05:16 PM,-0,21,21,20,5,24,27,0.0,1018,26,10,197,4,Iran
2020-10-27,27,17,0.0,8.7,6,71,03:36 PM,02:12 AM,06:22 AM,05:15 PM,1,21,21,22,4,3,26,0.0,1019,27,10,224,3,Iran
2020-10-28,25,18,0.0,8.7,6,78,04:02 PM,03:10 AM,06:23 AM,05:13 PM,1,21,22,21,6,15,28,0.0,1023,25,10,140,5,Iran
2020-10-29,24,14,0.0,8.7,6,85,04:27 PM,04:05 AM,06:24 AM,05:12 PM,-1,19,19,19,6,16,25,0.0,1022,24,10,173,5,Iran
2020-10-30,26,14,0.0,8.7,6,93,04:53 PM,05:01 AM,06:25 AM,05:11 PM,-1,21,21,21,4,2,24,0.0,1019,26,10,206,3,Iran
2020-10-31,26,15,0.0,8.7,6,97,05:20 PM,05:57 AM,06:26 AM,05:10 PM,-2,21,21,21,4,3,21,0.0,1018,26,10,154,3,Iran
2020-11-01,24,14,0.0,7.2,5,89,05:49 PM,06:53 AM,06:27 AM,05:09 PM,-4,21,21,21,5,16,20,0.0,1018,24,10,207,4,Iran
2020-11-02,26,18,0.0,8.7,6,81,06:21 PM,07:51 AM,06:28 AM,05:08 PM,-6,21,21,21,4,6,16,0.0,1020,26,10,250,3,Iran
2020-11-03,23,16,0.0,8.7,6,74,06:58 PM,08:48 AM,06:29 AM,05:07 PM,-6,19,19,19,5,15,18,0.0,1021,23,10,126,4,Iran
2020-11-04,25,15,0.0,8.7,6,66,07:41 PM,09:46 AM,06:30 AM,05:06 PM,-7,19,19,19,5,12,17,0.0,1020,25,10,197,4,Iran
2020-11-05,23,14,0.0,8.7,5,58,08:29 PM,10:42 AM,06:31 AM,05:05 PM,-6,19,19,19,7,10,18,0.0,1017,23,10,107,5,Iran
2020-11-06,22,14,0.0,5.6,4,51,09:25 PM,11:35 AM,06:32 AM,05:04 PM,-7,17,17,17,7,68,18,0.0,1016,22,10,110,5,Iran
2020-11-07,22,14,0.0,8.7,5,43,10:25 PM,12:23 PM,06:33 AM,05:04 PM,-6,18,18,18,9,36,19,0.0,1016,22,10,208,6,Iran
2020-11-08,20,13,0.0,7.1,4,36,11:30 PM,01:07 PM,06:34 AM,05:03 PM,2,15,16,15,24,49,41,0.6,1022,20,10,307,17,Iran
2020-11-09,18,9,0.0,8.7,4,28,No moonrise,01:46 PM,06:35 AM,05:02 PM,2,13,13,13,9,16,47,0.0,1025,18,10,195,7,Iran
2020-11-10,17,11,0.0,4.0,3,21,12:37 AM,02:21 PM,06:36 AM,05:01 PM,3,14,14,14,8,50,49,1.0,1019,17,10,210,6,Iran
2020-11-11,18,11,0.0,5.6,4,13,01:46 AM,02:54 PM,06:37 AM,05:00 PM,4,15,15,15,13,68,51,2.7,1018,18,10,274,10,Iran
2020-11-12,13,9,0.0,5.6,3,6,02:55 AM,03:27 PM,06:38 AM,05:00 PM,5,10,10,10,7,60,68,7.9,1024,13,9,167,5,Iran
2020-11-13,10,6,0.0,3.8,2,0,04:06 AM,04:01 PM,06:39 AM,04:59 PM,5,8,9,8,8,80,79,28.2,1025,10,8,181,7,Iran
2020-11-14,12,3,0.0,3.8,2,0,05:20 AM,04:36 PM,06:40 AM,04:58 PM,2,8,9,8,5,63,62,1.5,1025,12,10,152,4,Iran
2020-11-15,12,7,0.0,8.7,4,0,06:34 AM,05:17 PM,06:41 AM,04:57 PM,0,9,10,9,6,14,51,0.0,1022,12,10,110,5,Iran
2020-11-16,13,7,0.0,8.7,4,2,07:50 AM,06:03 PM,06:42 AM,04:57 PM,-2,10,10,10,5,26,44,0.0,1022,13,10,168,4,Iran
2020-11-17,14,7,0.0,8.7,4,9,09:02 AM,06:56 PM,06:43 AM,04:56 PM,-1,11,11,11,6,22,45,0.0,1021,14,10,241,5,Iran
2020-11-18,13,7,0.0,7.1,3,17,10:09 AM,07:56 PM,06:44 AM,04:56 PM,1,9,10,9,8,48,51,0.6,1024,13,10,244,6,Iran
2020-11-19,10,5,0.0,3.8,2,24,11:07 AM,08:58 PM,06:45 AM,04:55 PM,1,7,8,7,8,69,60,1.4,1026,10,9,142,6,Iran
2020-11-20,11,5,0.0,8.7,3,32,11:55 AM,10:02 PM,06:46 AM,04:55 PM,-1,7,8,7,8,26,53,0.0,1023,11,10,163,6,Iran
2020-11-21,8,4,0.0,3.8,2,39,12:35 PM,11:04 PM,06:47 AM,04:54 PM,5,6,6,6,7,94,88,64.4,1018,8,6,114,6,Iran
2020-11-22,13,6,0.0,8.7,3,47,01:10 PM,No moonset,06:48 AM,04:54 PM,4,9,9,9,6,52,69,1.4,1020,13,9,259,5,Iran
2020-11-23,12,6,0.0,3.8,2,54,01:40 PM,12:05 AM,06:49 AM,04:53 PM,3,9,9,9,7,61,67,1.1,1021,12,10,229,6,Iran
2020-11-24,9,5,0.0,8.7,3,62,02:06 PM,01:03 AM,06:50 AM,04:53 PM,-0,6,7,6,7,41,60,0.1,1023,9,10,234,6,Iran
2020-11-25,12,4,0.0,8.7,3,70,02:32 PM,01:59 AM,06:51 AM,04:53 PM,1,7,7,7,6,19,65,0.0,1019,12,10,166,5,Iran
2020-11-26,11,6,0.0,3.8,2,77,02:57 PM,02:54 AM,06:52 AM,04:52 PM,2,8,8,8,8,51,63,7.3,1018,11,9,127,6,Iran
2020-11-27,13,6,0.0,3.8,3,85,03:23 PM,03:50 AM,06:52 AM,04:52 PM,2,9,10,9,9,55,60,1.7,1023,13,9,229,7,Iran
2020-11-28,9,6,0.0,5.4,2,92,03:51 PM,04:46 AM,06:53 AM,04:52 PM,2,7,8,7,6,62,67,7.2,1029,9,9,137,5,Iran
2020-11-29,8,-1,0.0,3.7,2,100,04:22 PM,05:44 AM,06:54 AM,04:51 PM,6,5,7,5,6,90,89,20.6,1024,8,8,142,5,Iran
2020-11-30,13,6,0.0,7.0,2,100,04:58 PM,06:42 AM,06:55 AM,04:51 PM,5,9,9,9,5,50,75,1.9,1021,13,9,209,4,Iran
2020-12-01,14,6,0.0,8.7,4,89,05:39 PM,07:41 AM,06:56 AM,04:51 PM,1,10,10,10,5,6,52,0.0,1021,14,10,165,4,Iran
2020-12-02,13,8,0.0,8.7,3,82,06:26 PM,08:38 AM,06:57 AM,04:51 PM,-1,10,10,10,6,33,46,0.3,1023,13,9,208,5,Iran
2020-12-03,12,7,0.0,3.7,2,75,07:20 PM,09:32 AM,06:58 AM,04:51 PM,3,8,9,8,8,68,68,5.8,1024,12,8,234,5,Iran
2020-12-04,11,6,0.0,7.0,2,67,08:19 PM,10:22 AM,06:59 AM,04:51 PM,2,9,9,9,7,43,63,0.3,1024,11,10,179,5,Iran
2020-12-05,9,3,0.0,3.6,2,60,09:22 PM,11:07 AM,07:00 AM,04:51 PM,3,6,7,6,6,66,73,3.9,1022,9,8,124,5,Iran
2020-12-06,6,4,0.0,3.6,2,53,10:26 PM,11:47 AM,07:01 AM,04:51 PM,4,4,6,4,9,97,89,9.9,1021,6,7,195,7,Iran
2020-12-07,6,3,0.0,5.3,1,46,11:33 PM,12:22 PM,07:01 AM,04:51 PM,1,4,5,4,6,79,80,8.6,1026,6,7,262,5,Iran
2020-12-08,7,2,0.0,8.7,2,38,No moonrise,12:54 PM,07:02 AM,04:51 PM,-2,4,4,4,5,22,65,0.0,1027,7,10,238,4,Iran
2020-12-09,8,2,0.0,8.7,3,31,12:39 AM,01:26 PM,07:03 AM,04:51 PM,-3,5,5,5,4,17,58,0.0,1024,8,10,210,3,Iran
2020-12-10,8,2,0.0,8.7,3,24,01:47 AM,01:57 PM,07:04 AM,04:51 PM,-4,4,5,4,7,32,54,0.0,1025,8,10,249,5,Iran
2020-12-11,8,2,0.0,8.7,3,17,02:57 AM,02:30 PM,07:05 AM,04:51 PM,-5,4,5,4,7,16,51,0.0,1025,8,10,293,5,Iran
2020-12-12,9,2,0.0,8.7,3,9,04:08 AM,03:08 PM,07:05 AM,04:52 PM,-6,4,5,4,6,5,46,0.0,1024,9,10,291,5,Iran
2020-12-13,7,2,0.0,8.7,2,2,05:22 AM,03:50 PM,07:06 AM,04:52 PM,-4,3,4,3,6,10,57,0.0,1025,7,10,189,5,Iran
2020-12-14,7,1,0.0,8.7,2,0,06:36 AM,04:39 PM,07:07 AM,04:52 PM,-5,3,4,3,5,13,53,0.0,1024,7,10,176,4,Iran
2020-12-15,8,1,0.0,8.7,3,0,07:46 AM,05:36 PM,07:07 AM,04:52 PM,-5,3,4,3,6,22,53,0.0,1023,8,10,180,5,Iran
2020-12-16,8,2,0.0,3.5,2,5,08:50 AM,06:38 PM,07:08 AM,04:53 PM,-3,5,5,5,5,75,57,3.2,1022,8,10,137,4,Iran
2020-12-17,9,-1,0.0,5.3,2,12,09:45 AM,07:43 PM,07:09 AM,04:53 PM,3,4,6,4,5,64,79,9.6,1021,9,9,233,4,Iran
2020-12-18,10,6,0.0,8.7,2,20,10:30 AM,08:48 PM,07:09 AM,04:54 PM,2,8,8,8,4,44,69,0.5,1021,10,10,127,3,Iran
2020-12-19,6,-3,0.0,7.0,1,27,11:08 AM,09:52 PM,07:10 AM,04:54 PM,2,3,5,3,6,61,79,8.8,1026,6,7,287,5,Iran
2020-12-20,8,2,0.0,8.7,3,34,11:40 AM,10:52 PM,07:10 AM,04:55 PM,-1,5,5,5,5,21,63,0.0,1026,8,10,82,4,Iran
2020-12-21,9,2,0.0,8.7,3,41,12:08 PM,11:50 PM,07:11 AM,04:55 PM,-4,5,5,5,5,8,52,0.0,1026,9,10,108,4,Iran
2020-12-22,8,2,0.0,8.7,3,49,12:34 PM,No moonset,07:11 AM,04:56 PM,-4,4,5,4,5,24,53,0.0,1025,8,10,103,4,Iran
2020-12-23,7,2,0.0,7.0,1,56,01:00 PM,12:46 AM,07:12 AM,04:56 PM,-3,3,4,3,6,70,58,0.5,1019,7,9,117,4,Iran
2020-12-24,10,1,0.0,7.0,2,63,01:26 PM,01:42 AM,07:12 AM,04:57 PM,-0,5,5,5,6,57,68,6.3,1014,10,9,250,5,Iran
2020-12-25,5,1,0.8,3.5,1,70,01:53 PM,02:37 AM,07:13 AM,04:57 PM,-7,-1,3,-1,18,69,49,2.3,1021,5,9,310,15,Iran
2020-12-26,9,-1,0.0,8.7,3,78,02:22 PM,03:34 AM,07:13 AM,04:58 PM,-15,2,4,2,9,0,24,0.0,1030,9,10,233,7,Iran
2020-12-27,10,3,0.0,8.7,3,85,02:56 PM,04:32 AM,07:13 AM,04:59 PM,-14,6,6,6,4,0,23,0.0,1030,10,10,192,3,Iran
2020-12-28,12,4,0.0,8.7,3,92,03:35 PM,05:31 AM,07:14 AM,04:59 PM,-10,8,8,8,3,0,28,0.0,1026,12,10,254,3,Iran
2020-12-29,8,2,0.0,5.4,2,100,04:20 PM,06:29 AM,07:14 AM,05:00 PM,-11,5,5,5,3,51,31,0.0,1025,8,10,208,2,Iran
2020-12-30,10,1,0.0,8.7,3,100,05:13 PM,07:26 AM,07:14 AM,05:01 PM,-10,5,5,5,3,26,33,0.0,1027,10,10,252,2,Iran
2020-12-31,13,5,0.0,8.7,3,89,06:11 PM,08:18 AM,07:15 AM,05:01 PM,-8,9,9,9,4,0,29,0.0,1026,13,10,255,3,Iran
2021-01-01,12,4,0.0,8.7,3,79,07:14 PM,09:06 AM,07:15 AM,05:02 PM,-6,8,8,8,2,0,37,0.0,1024,12,10,199,2,Iran
2021-01-02,13,5,0.0,8.7,3,71,08:19 PM,09:47 AM,07:15 AM,05:03 PM,-7,9,9,9,3,0,32,0.0,1025,13,10,272,3,Iran
2021-01-03,11,2,0.0,8.7,3,64,09:26 PM,10:24 AM,07:15 AM,05:04 PM,-12,6,7,6,6,10,24,0.0,1026,11,10,298,4,Iran
2021-01-04,9,1,0.0,8.7,3,57,10:31 PM,10:57 AM,07:15 AM,05:05 PM,-10,3,5,3,11,12,35,0.0,1029,9,10,304,7,Iran
2021-01-05,7,1,0.0,8.7,2,50,11:38 PM,11:29 AM,07:15 AM,05:05 PM,-8,3,4,3,7,6,42,0.0,1030,7,10,287,5,Iran
2021-01-06,9,1,0.0,8.7,3,42,No moonrise,11:59 AM,07:15 AM,05:06 PM,-11,4,5,4,5,2,30,0.0,1030,9,10,169,4,Iran
2021-01-07,8,2,0.0,7.0,2,35,12:45 AM,12:30 PM,07:15 AM,05:07 PM,-9,4,5,4,4,28,37,0.0,1030,8,10,195,3,Iran
2021-01-08,10,-0,0.0,8.7,3,28,01:53 AM,01:04 PM,07:15 AM,05:08 PM,-10,4,4,4,3,9,35,0.0,1027,10,10,193,3,Iran
2021-01-09,10,3,0.0,8.7,3,20,03:03 AM,01:43 PM,07:15 AM,05:09 PM,-8,6,6,6,3,0,36,0.0,1025,10,10,190,2,Iran
2021-01-10,11,3,0.0,8.7,3,13,04:15 AM,02:27 PM,07:15 AM,05:10 PM,-8,7,7,7,2,0,32,0.0,1023,11,10,240,2,Iran
2021-01-11,13,3,0.0,8.7,3,6,05:25 AM,03:19 PM,07:15 AM,05:11 PM,-11,8,8,8,4,1,25,0.0,1022,13,10,256,3,Iran
2021-01-12,14,5,0.0,8.7,4,0,06:31 AM,04:18 PM,07:15 AM,05:12 PM,-8,9,10,9,3,2,31,0.0,1023,14,10,166,2,Iran
2021-01-13,15,6,0.0,8.7,4,0,07:30 AM,05:22 PM,07:15 AM,05:13 PM,-4,10,10,10,2,0,38,0.0,1021,15,10,175,2,Iran
2021-01-14,12,3,0.0,8.7,2,1,08:20 AM,06:28 PM,07:14 AM,05:14 PM,-6,8,8,8,4,39,37,0.1,1014,12,10,127,3,Iran
2021-01-15,10,5,0.0,3.8,2,8,09:02 AM,07:34 PM,07:14 AM,05:15 PM,-6,6,7,6,10,69,40,0.9,1012,10,9,155,7,Iran
2021-01-16,16,6,0.0,8.7,4,16,09:37 AM,08:36 PM,07:14 AM,05:16 PM,-6,9,11,9,9,4,35,0.0,1016,16,10,243,6,Iran
2021-01-17,10,4,0.0,3.8,2,23,10:07 AM,09:37 PM,07:13 AM,05:17 PM,-5,5,7,5,13,32,44,2.7,1010,10,9,178,9,Iran
2021-01-18,11,5,0.0,8.7,3,30,10:35 AM,10:34 PM,07:13 AM,05:18 PM,-5,5,8,5,18,7,40,0.0,1011,11,10,310,14,Iran
2021-01-19,14,4,0.0,8.7,4,38,11:01 AM,11:31 PM,07:13 AM,05:19 PM,-6,7,9,7,14,3,37,0.0,1016,14,10,232,9,Iran
2021-01-20,15,6,0.0,8.7,4,45,11:27 AM,No moonset,07:12 AM,05:20 PM,-9,10,11,10,8,10,26,0.2,1014,15,10,75,6,Iran
2021-01-21,3,-3,3.3,7.1,1,52,11:53 AM,12:27 AM,07:12 AM,05:21 PM,-9,-4,1,-4,24,43,48,7.0,1021,3,7,252,18,Iran
2021-01-22,5,-2,0.0,8.7,2,59,12:21 PM,01:23 AM,07:11 AM,05:22 PM,-13,-0,1,-0,6,1,33,0.0,1035,5,10,239,6,Iran
2021-01-23,4,-1,0.0,8.7,2,67,12:53 PM,02:20 AM,07:11 AM,05:23 PM,-13,0,1,0,4,14,34,0.0,1032,4,10,118,4,Iran
2021-01-24,9,-2,0.0,8.7,2,74,01:30 PM,03:19 AM,07:10 AM,05:24 PM,-12,3,3,3,5,5,32,0.0,1027,9,10,252,4,Iran
2021-01-25,10,3,0.0,7.1,3,81,02:12 PM,04:17 AM,07:10 AM,05:25 PM,-11,5,5,5,3,13,30,0.0,1023,10,10,254,3,Iran
2021-01-26,9,0,0.0,5.4,2,88,03:02 PM,05:15 AM,07:09 AM,05:26 PM,-11,4,5,4,5,34,30,0.0,1021,9,10,263,4,Iran
2021-01-27,14,5,0.0,8.7,3,96,03:59 PM,06:09 AM,07:08 AM,05:27 PM,-12,8,8,8,3,7,23,0.0,1021,14,10,149,3,Iran
2021-01-28,13,3,0.0,8.7,3,100,05:01 PM,06:59 AM,07:08 AM,05:28 PM,-10,8,8,8,5,20,28,0.1,1016,13,10,168,3,Iran
2021-01-29,11,5,0.0,5.5,2,90,06:07 PM,07:44 AM,07:07 AM,05:29 PM,-2,7,8,7,10,52,52,3.3,1014,11,10,200,7,Iran
2021-01-30,11,4,0.0,3.8,2,82,07:15 PM,08:23 AM,07:06 AM,05:30 PM,-0,4,7,4,19,81,62,17.1,1011,11,9,199,14,Iran
2021-01-31,10,3,0.0,5.5,2,79,08:23 PM,08:58 AM,07:06 AM,05:31 PM,-11,3,6,3,25,28,29,0.0,1014,10,10,305,18,Iran
2021-02-01,16,4,0.0,8.7,4,63,09:30 PM,09:31 AM,07:05 AM,05:32 PM,-7,8,10,8,14,3,31,0.0,1022,16,10,251,9,Iran
2021-02-02,16,7,0.0,8.7,4,55,10:37 PM,10:02 AM,07:04 AM,05:33 PM,-6,11,11,11,5,0,28,0.0,1023,16,10,84,4,Iran
2021-02-03,14,6,0.0,8.7,4,48,11:46 PM,10:33 AM,07:03 AM,05:34 PM,-7,10,11,10,5,10,29,0.0,1020,14,10,212,3,Iran
2021-02-04,15,6,0.0,8.7,4,40,No moonrise,11:06 AM,07:02 AM,05:35 PM,-7,10,10,10,6,29,29,0.0,1019,15,10,230,4,Iran
2021-02-05,15,6,0.0,8.7,3,33,12:54 AM,11:42 AM,07:02 AM,05:37 PM,-3,10,11,10,11,40,40,0.6,1016,15,9,229,7,Iran
2021-02-06,12,7,0.0,3.9,3,25,02:04 AM,12:23 PM,07:01 AM,05:38 PM,4,9,10,9,12,89,68,8.2,1015,12,8,49,8,Iran
2021-02-07,12,6,0.0,5.5,2,18,03:13 AM,01:11 PM,07:00 AM,05:39 PM,4,8,9,8,11,74,71,7.5,1014,12,9,135,8,Iran
