date_time,Laos_maxtempC,Laos_mintempC,Laos_totalSnow_cm,Laos_sunHour,Laos_uvIndex,Laos_moon_illumination,Laos_moonrise,Laos_moonset,Laos_sunrise,Laos_sunset,Laos_DewPointC,Laos_FeelsLikeC,Laos_HeatIndexC,Laos_WindChillC,Laos_WindGustKmph,Laos_cloudcover,Laos_humidity,Laos_precipMM,Laos_pressure,Laos_tempC,Laos_visibility,Laos_winddirDegree,Laos_windspeedKmph,Laos_location
2020-01-01,30,21,0.0,6.2,6,37,09:59 AM,10:28 PM,05:08 AM,05:44 PM,22,28,28,25,6,77,85,60.1,1010,30,6,234,3,Laos
2020-01-02,27,21,0.0,6.2,5,44,10:43 AM,11:07 PM,05:09 AM,05:44 PM,21,24,24,23,5,73,91,12.7,1011,27,9,109,3,Laos
2020-01-03,31,21,0.0,8.9,6,51,11:27 AM,11:45 PM,05:09 AM,05:45 PM,22,28,28,25,4,68,84,22.7,1009,31,9,157,2,Laos
2020-01-04,29,22,0.0,6.2,6,59,12:11 PM,No moonset,05:10 AM,05:45 PM,22,28,28,25,9,71,82,13.2,1006,29,9,246,5,Laos
2020-01-05,30,21,0.0,8.9,6,66,12:56 PM,12:23 AM,05:10 AM,05:46 PM,21,29,29,26,11,56,79,11.1,1007,30,9,222,6,Laos
2020-01-06,30,21,0.0,6.2,6,73,01:44 PM,01:04 AM,05:11 AM,05:46 PM,21,28,28,25,10,73,83,17.7,1008,30,9,203,6,Laos
2020-01-07,29,21,0.0,6.2,6,80,02:34 PM,01:48 AM,05:11 AM,05:46 PM,22,27,27,24,7,80,87,29.0,1007,29,8,202,4,Laos
2020-01-08,29,20,0.0,10.2,6,88,03:28 PM,02:35 AM,05:12 AM,05:47 PM,21,28,28,25,8,57,85,21.6,1008,29,8,203,4,Laos
2020-01-09,28,21,0.0,7.5,6,95,04:25 PM,03:28 AM,05:12 AM,05:47 PM,22,27,27,24,12,67,87,30.6,1008,28,8,201,6,Laos
2020-01-10,30,20,0.0,10.2,6,100,05:24 PM,04:24 AM,05:13 AM,05:47 PM,21,28,28,25,6,51,80,9.7,1007,30,9,190,3,Laos
2020-01-11,28,20,0.0,6.2,6,100,06:23 PM,05:24 AM,05:13 AM,05:48 PM,21,26,26,24,14,72,87,50.0,1007,28,8,211,7,Laos
2020-01-12,31,21,0.0,7.5,6,83,07:21 PM,06:24 AM,05:14 AM,05:48 PM,20,28,28,25,11,62,75,2.7,1007,31,9,218,6,Laos
2020-01-13,32,20,0.0,8.9,6,76,08:15 PM,07:25 AM,05:14 AM,05:48 PM,19,29,29,26,4,59,71,2.2,1006,32,10,177,2,Laos
2020-01-14,32,21,0.0,10.2,6,69,09:06 PM,08:23 AM,05:15 AM,05:48 PM,21,28,28,26,5,42,78,3.2,1008,32,10,174,3,Laos
2020-01-15,31,21,0.0,10.2,6,61,09:55 PM,09:20 AM,05:15 AM,05:49 PM,21,28,28,25,5,46,80,3.7,1009,31,10,201,3,Laos
2020-01-16,31,21,0.0,10.2,6,54,10:41 PM,10:14 AM,05:16 AM,05:49 PM,21,28,28,26,11,47,80,3.7,1010,31,10,201,7,Laos
2020-01-17,31,21,0.0,10.2,6,47,11:28 PM,11:08 AM,05:16 AM,05:49 PM,20,29,29,26,12,30,75,1.1,1010,31,10,206,8,Laos
2020-01-18,31,21,0.0,10.2,6,40,No moonrise,12:01 PM,05:17 AM,05:49 PM,20,28,28,26,10,37,76,1.3,1010,31,10,208,7,Laos
2020-01-19,31,21,0.0,8.9,6,32,12:14 AM,12:54 PM,05:17 AM,05:49 PM,20,28,28,25,9,35,75,1.6,1010,31,10,205,6,Laos
2020-01-20,30,22,0.0,10.2,6,25,01:03 AM,01:49 PM,05:18 AM,05:50 PM,21,29,29,26,5,48,77,6.9,1010,30,10,209,3,Laos
2020-01-21,30,21,0.0,7.5,6,18,01:53 AM,02:44 PM,05:18 AM,05:50 PM,21,28,28,25,5,67,79,18.3,1011,30,8,147,3,Laos
2020-01-22,31,21,0.0,6.2,6,11,02:45 AM,03:40 PM,05:19 AM,05:50 PM,22,28,28,25,4,80,82,27.3,1011,31,7,173,2,Laos
2020-01-23,30,21,0.0,8.9,6,3,03:39 AM,04:34 PM,05:19 AM,05:50 PM,22,28,28,25,4,64,84,15.9,1009,30,9,166,2,Laos
2020-01-24,31,22,0.0,6.2,6,0,04:33 AM,05:27 PM,05:20 AM,05:50 PM,22,29,29,26,5,72,81,10.4,1009,31,8,177,3,Laos
2020-01-25,31,21,0.0,8.9,6,0,05:26 AM,06:16 PM,05:20 AM,05:50 PM,21,29,29,26,5,64,81,3.3,1010,31,10,169,3,Laos
2020-01-26,32,21,0.0,10.2,6,4,06:17 AM,07:02 PM,05:20 AM,05:50 PM,21,29,29,26,7,56,77,4.6,1009,32,10,212,4,Laos
2020-01-27,32,21,0.0,6.1,6,11,07:06 AM,07:45 PM,05:21 AM,05:50 PM,21,30,30,27,5,73,78,7.4,1009,32,10,131,3,Laos
2020-01-28,30,22,0.0,7.5,6,18,07:53 AM,08:25 PM,05:21 AM,05:50 PM,22,29,29,25,6,65,84,21.0,1009,30,8,211,4,Laos
2020-01-29,32,21,0.0,8.9,6,26,08:37 AM,09:04 PM,05:22 AM,05:50 PM,22,30,30,26,5,57,83,20.3,1009,32,8,217,3,Laos
2020-01-30,28,22,0.0,6.1,6,33,09:22 AM,09:42 PM,05:22 AM,05:50 PM,22,28,28,24,9,76,88,47.0,1009,28,6,231,5,Laos
2020-01-31,29,22,0.0,7.5,6,37,10:05 AM,10:19 PM,05:22 AM,05:50 PM,22,28,28,25,4,67,85,13.3,1009,29,8,188,3,Laos
2020-02-01,30,21,0.0,8.9,6,49,10:49 AM,10:59 PM,05:23 AM,05:50 PM,21,27,27,25,4,61,81,9.0,1010,30,9,233,2,Laos
2020-02-02,31,21,0.0,10.2,6,57,11:35 AM,11:40 PM,05:23 AM,05:50 PM,22,29,29,25,5,65,82,4.5,1010,31,10,175,3,Laos
2020-02-03,32,20,0.0,10.2,6,64,12:22 PM,No moonset,05:23 AM,05:50 PM,21,29,29,26,4,54,80,2.2,1010,32,10,195,2,Laos
2020-02-04,31,20,0.0,10.2,6,72,01:14 PM,12:24 AM,05:24 AM,05:50 PM,21,29,29,26,4,48,78,1.5,1009,31,10,186,3,Laos
2020-02-05,31,20,0.0,11.6,6,79,02:08 PM,01:14 AM,05:24 AM,05:50 PM,20,27,27,25,7,28,74,1.1,1009,31,10,216,4,Laos
2020-02-06,32,21,0.0,8.9,6,87,03:06 PM,02:07 AM,05:24 AM,05:50 PM,21,29,29,26,4,39,77,7.7,1008,32,9,217,2,Laos
2020-02-07,31,21,0.0,6.1,6,95,04:05 PM,03:04 AM,05:24 AM,05:50 PM,21,28,28,25,6,79,83,29.3,1009,31,8,174,3,Laos
2020-02-08,28,21,0.0,6.1,6,100,05:04 PM,04:05 AM,05:25 AM,05:49 PM,22,26,26,24,7,78,88,20.9,1010,28,8,125,4,Laos
2020-02-09,29,21,0.0,6.1,6,100,06:01 PM,05:07 AM,05:25 AM,05:49 PM,21,28,28,25,9,73,83,20.1,1010,29,9,227,5,Laos
2020-02-10,30,20,0.0,8.9,6,83,06:55 PM,06:08 AM,05:25 AM,05:49 PM,20,27,27,25,5,50,79,8.5,1010,30,9,173,3,Laos
2020-02-11,30,20,0.0,7.5,6,75,07:46 PM,07:08 AM,05:25 AM,05:49 PM,21,27,27,25,6,68,82,19.0,1011,30,9,215,3,Laos
2020-02-12,30,20,0.0,8.9,6,68,08:35 PM,08:05 AM,05:26 AM,05:49 PM,21,27,27,24,4,59,84,28.5,1011,30,8,211,2,Laos
2020-02-13,30,20,0.0,8.9,6,60,09:24 PM,09:01 AM,05:26 AM,05:48 PM,22,28,28,25,4,61,85,21.0,1011,30,8,153,2,Laos
2020-02-14,30,21,0.0,6.1,6,53,10:11 PM,09:56 AM,05:26 AM,05:48 PM,22,28,28,25,4,76,87,26.6,1010,30,8,225,2,Laos
2020-02-15,29,21,0.0,6.1,6,45,11:00 PM,10:50 AM,05:26 AM,05:48 PM,22,28,28,25,5,67,89,22.2,1010,29,8,190,3,Laos
2020-02-16,29,21,0.0,6.1,6,38,11:51 PM,11:45 AM,05:26 AM,05:48 PM,22,28,28,25,6,77,87,49.2,1010,29,7,215,3,Laos
2020-02-17,29,21,0.0,6.1,6,30,No moonrise,12:40 PM,05:26 AM,05:47 PM,21,26,26,24,5,71,85,40.8,1010,29,8,245,3,Laos
2020-02-18,30,21,0.0,7.5,6,22,12:42 AM,01:36 PM,05:27 AM,05:47 PM,21,28,28,25,6,70,84,18.6,1010,30,9,131,3,Laos
2020-02-19,29,21,0.0,6.1,6,15,01:35 AM,02:30 PM,05:27 AM,05:47 PM,21,27,27,24,6,75,86,24.3,1009,29,8,172,3,Laos
2020-02-20,28,20,0.0,6.1,6,7,02:28 AM,03:22 PM,05:27 AM,05:47 PM,21,25,25,23,7,70,87,44.9,1009,28,8,160,3,Laos
2020-02-21,29,20,0.0,7.5,6,0,03:21 AM,04:12 PM,05:27 AM,05:46 PM,21,26,26,24,5,74,87,31.5,1010,29,8,115,2,Laos
2020-02-22,29,21,0.0,6.1,6,0,04:12 AM,04:58 PM,05:27 AM,05:46 PM,22,27,27,24,4,73,86,28.8,1011,29,8,205,2,Laos
2020-02-23,30,20,0.0,7.5,6,0,05:01 AM,05:42 PM,05:27 AM,05:46 PM,21,28,28,25,4,68,84,16.8,1010,30,9,192,2,Laos
2020-02-24,31,20,0.0,10.2,6,0,05:49 AM,06:22 PM,05:27 AM,05:45 PM,21,28,28,25,4,51,82,14.8,1009,31,8,223,3,Laos
2020-02-25,31,21,0.0,7.5,6,8,06:34 AM,07:02 PM,05:27 AM,05:45 PM,23,29,29,26,5,64,84,21.5,1009,31,8,209,3,Laos
2020-02-26,30,24,0.0,7.5,6,15,07:18 AM,07:40 PM,05:27 AM,05:44 PM,24,31,31,27,3,61,83,19.9,1008,30,8,256,2,Laos
2020-02-27,31,23,0.0,7.5,6,23,08:01 AM,08:17 PM,05:27 AM,05:44 PM,23,30,30,26,3,68,82,19.0,1008,31,8,235,2,Laos
2020-02-28,30,22,0.0,7.5,6,30,08:45 AM,08:56 PM,05:28 AM,05:44 PM,22,29,29,25,3,63,85,18.6,1007,30,8,220,1,Laos
2020-02-29,31,21,0.0,8.8,6,38,09:30 AM,09:36 PM,05:28 AM,05:43 PM,22,29,29,25,5,63,83,23.5,1007,31,8,203,3,Laos
2020-03-01,29,21,0.0,6.1,6,44,10:16 AM,10:18 PM,05:28 AM,05:43 PM,22,27,27,24,4,73,88,28.0,1007,29,7,260,2,Laos
2020-03-02,30,21,0.0,7.5,6,51,11:05 AM,11:04 PM,05:28 AM,05:42 PM,22,28,28,25,5,71,85,17.1,1008,30,7,239,3,Laos
2020-03-03,31,22,0.0,7.5,6,58,11:56 AM,11:54 PM,05:28 AM,05:42 PM,23,29,29,26,5,71,84,20.1,1008,31,8,237,3,Laos
2020-03-04,30,23,0.0,6.1,6,65,12:51 PM,No moonset,05:28 AM,05:42 PM,23,30,30,26,8,78,85,15.8,1008,30,9,217,5,Laos
2020-03-05,30,23,0.0,10.2,6,73,01:48 PM,12:48 AM,05:28 AM,05:41 PM,22,29,29,26,5,48,82,16.6,1008,30,9,240,3,Laos
2020-03-06,29,20,0.0,6.1,6,80,02:45 PM,01:46 AM,05:28 AM,05:41 PM,22,27,27,24,4,75,88,14.0,1009,29,9,215,2,Laos
2020-03-07,29,21,0.0,8.8,6,87,03:43 PM,02:46 AM,05:28 AM,05:40 PM,22,28,28,24,11,60,86,15.0,1010,29,9,147,6,Laos
2020-03-08,30,20,0.0,6.1,6,95,04:38 PM,03:47 AM,05:28 AM,05:40 PM,21,27,27,24,4,75,84,13.8,1009,30,9,190,2,Laos
2020-03-09,31,21,0.0,11.6,6,100,05:31 PM,04:48 AM,05:28 AM,05:39 PM,21,29,29,25,5,48,80,8.4,1008,31,9,206,3,Laos
2020-03-10,29,20,0.0,8.8,6,100,06:22 PM,05:47 AM,05:28 AM,05:39 PM,21,26,26,24,8,60,87,29.7,1008,29,9,160,5,Laos
2020-03-11,30,21,0.0,7.4,6,84,07:13 PM,06:45 AM,05:28 AM,05:38 PM,22,28,28,25,10,69,86,30.1,1009,30,7,146,5,Laos
2020-03-12,29,21,0.0,6.1,6,76,08:02 PM,07:42 AM,05:28 AM,05:38 PM,22,28,28,25,6,74,88,28.9,1011,29,7,149,3,Laos
2020-03-13,30,21,0.0,6.1,6,69,08:52 PM,08:39 AM,05:27 AM,05:37 PM,22,29,29,25,6,74,83,20.3,1012,30,8,235,3,Laos
2020-03-14,31,21,0.0,6.1,6,62,09:44 PM,09:37 AM,05:27 AM,05:37 PM,22,29,29,26,6,76,80,8.1,1011,31,9,207,4,Laos
2020-03-15,31,22,0.0,7.4,6,55,10:37 PM,10:33 AM,05:27 AM,05:36 PM,22,29,29,26,6,67,79,4.2,1010,31,9,212,4,Laos
2020-03-16,31,21,0.0,8.8,6,47,11:31 PM,11:31 AM,05:27 AM,05:36 PM,21,28,28,25,8,52,80,3.8,1011,31,10,204,5,Laos
2020-03-17,29,21,0.0,6.0,6,40,No moonrise,12:26 PM,05:27 AM,05:35 PM,22,27,27,24,6,73,86,13.4,1011,29,8,165,4,Laos
2020-03-18,29,20,0.0,6.0,6,33,12:24 AM,01:20 PM,05:27 AM,05:35 PM,21,27,27,24,12,75,83,8.4,1010,29,9,120,7,Laos
2020-03-19,31,21,0.0,8.8,6,25,01:18 AM,02:10 PM,05:27 AM,05:34 PM,20,29,29,26,12,56,77,5.5,1010,31,9,117,7,Laos
2020-03-20,30,21,0.0,6.0,6,18,02:09 AM,02:57 PM,05:27 AM,05:34 PM,21,29,29,25,11,77,81,8.7,1010,30,9,32,6,Laos
2020-03-21,31,21,0.0,10.2,6,11,02:59 AM,03:41 PM,05:27 AM,05:33 PM,20,27,27,25,7,41,78,7.9,1011,31,9,188,4,Laos
2020-03-22,32,20,0.0,10.2,6,4,03:46 AM,04:22 PM,05:27 AM,05:33 PM,20,28,28,26,6,46,74,1.3,1011,32,10,203,4,Laos
2020-03-23,31,22,0.0,10.2,6,0,04:31 AM,05:02 PM,05:27 AM,05:32 PM,22,29,29,26,5,43,78,11.1,1009,31,9,230,3,Laos
2020-03-24,30,21,0.0,7.4,6,0,05:16 AM,05:40 PM,05:27 AM,05:32 PM,22,28,28,25,5,70,83,26.3,1009,30,8,238,3,Laos
2020-03-25,30,20,0.0,6.0,6,3,05:59 AM,06:17 PM,05:27 AM,05:31 PM,22,28,28,25,6,75,85,10.2,1008,30,9,169,3,Laos
2020-03-26,32,21,0.0,6.0,6,11,06:43 AM,06:55 PM,05:27 AM,05:31 PM,21,29,29,26,6,78,81,1.5,1009,32,8,186,4,Laos
2020-03-27,30,21,0.0,8.8,6,18,07:27 AM,07:35 PM,05:27 AM,05:30 PM,22,28,28,25,5,59,85,14.9,1009,30,9,205,3,Laos
2020-03-28,28,21,0.0,6.0,6,25,08:13 AM,08:16 PM,05:26 AM,05:29 PM,22,27,27,24,6,68,89,28.1,1009,28,8,235,3,Laos
2020-03-29,30,20,0.0,6.0,6,32,09:00 AM,09:00 PM,05:26 AM,05:29 PM,21,27,27,25,6,77,83,15.0,1008,30,9,242,4,Laos
2020-03-30,30,21,0.0,6.0,6,40,09:50 AM,09:48 PM,05:26 AM,05:28 PM,22,28,28,25,6,77,85,15.3,1009,30,8,218,4,Laos
2020-03-31,31,20,0.0,6.0,6,44,10:43 AM,10:39 PM,05:26 AM,05:28 PM,21,28,28,25,5,77,80,7.1,1009,31,9,194,3,Laos
2020-04-01,30,21,0.0,7.4,6,56,11:37 AM,11:34 PM,05:26 AM,05:27 PM,21,29,29,26,6,58,81,8.0,1009,30,9,236,4,Laos
2020-04-02,30,21,0.0,7.4,6,64,12:32 PM,No moonset,05:26 AM,05:27 PM,21,29,29,25,7,67,82,8.0,1009,30,9,105,4,Laos
2020-04-03,30,21,0.0,6.0,6,71,01:28 PM,12:31 AM,05:26 AM,05:26 PM,22,28,28,25,10,72,84,8.7,1009,30,9,116,5,Laos
2020-04-04,29,21,0.0,6.0,6,79,02:22 PM,01:30 AM,05:26 AM,05:26 PM,22,29,29,25,11,80,85,14.3,1009,29,8,96,6,Laos
2020-04-05,30,21,0.0,7.4,6,87,03:16 PM,02:29 AM,05:26 AM,05:25 PM,22,28,28,25,6,73,86,24.9,1009,30,8,188,3,Laos
2020-04-06,29,21,0.0,6.0,6,94,04:07 PM,03:28 AM,05:26 AM,05:25 PM,22,28,28,25,8,81,89,15.5,1009,29,8,214,4,Laos
2020-04-07,28,20,0.0,7.4,6,100,04:57 PM,04:25 AM,05:26 AM,05:24 PM,21,26,26,24,9,75,89,38.6,1009,28,7,222,5,Laos
2020-04-08,30,20,0.0,6.0,6,100,05:48 PM,05:24 AM,05:26 AM,05:24 PM,21,27,27,24,7,77,84,16.5,1010,30,9,225,4,Laos
2020-04-09,31,20,0.0,6.0,6,83,06:38 PM,06:21 AM,05:26 AM,05:23 PM,21,28,28,25,8,79,83,12.2,1011,31,9,214,4,Laos
2020-04-10,31,21,0.0,8.8,6,76,07:31 PM,07:20 AM,05:26 AM,05:23 PM,21,28,28,25,7,47,82,2.7,1011,31,10,194,4,Laos
2020-04-11,30,21,0.0,10.2,6,68,08:25 PM,08:19 AM,05:26 AM,05:22 PM,21,27,27,25,8,51,81,9.5,1010,30,9,224,5,Laos
2020-04-12,29,20,0.0,10.2,6,61,09:21 PM,09:19 AM,05:25 AM,05:22 PM,21,26,26,24,6,48,85,9.6,1010,29,9,219,3,Laos
2020-04-13,28,20,0.0,6.0,6,53,10:16 PM,10:17 AM,05:25 AM,05:21 PM,21,26,26,24,6,74,87,11.8,1010,28,9,212,3,Laos
2020-04-14,29,19,0.0,8.8,6,46,11:12 PM,11:13 AM,05:25 AM,05:21 PM,21,27,27,24,7,59,83,8.6,1011,29,9,150,4,Laos
2020-04-15,30,21,0.0,7.4,6,38,No moonrise,12:06 PM,05:25 AM,05:21 PM,22,28,28,25,6,61,82,10.0,1011,30,9,164,3,Laos
2020-04-16,32,21,0.0,10.2,6,30,12:05 AM,12:55 PM,05:25 AM,05:20 PM,23,29,29,26,4,47,84,7.4,1010,32,9,192,3,Laos
2020-04-17,30,23,0.0,10.2,6,23,12:55 AM,01:40 PM,05:25 AM,05:20 PM,23,30,30,26,6,46,82,13.3,1010,30,9,168,4,Laos
2020-04-18,30,22,0.0,10.2,6,15,01:44 AM,02:22 PM,05:25 AM,05:19 PM,23,30,30,26,8,44,84,8.0,1010,30,9,150,5,Laos
2020-04-19,30,23,0.0,8.8,6,8,02:30 AM,03:02 PM,05:25 AM,05:19 PM,24,31,31,26,5,62,86,13.5,1010,30,9,241,3,Laos
2020-04-20,30,23,0.0,8.8,6,0,03:14 AM,03:40 PM,05:25 AM,05:18 PM,23,30,30,27,9,55,83,6.0,1010,30,10,153,6,Laos
2020-04-21,30,21,0.0,11.6,6,0,03:58 AM,04:17 PM,05:25 AM,05:18 PM,23,29,29,26,4,33,84,1.3,1010,30,10,177,3,Laos
2020-04-22,32,24,0.0,11.6,6,0,04:41 AM,04:55 PM,05:25 AM,05:18 PM,23,30,30,27,5,34,81,0.5,1010,32,9,179,4,Laos
2020-04-23,31,24,0.0,8.8,6,0,05:25 AM,05:35 PM,05:25 AM,05:17 PM,24,31,31,27,6,48,83,1.3,1009,31,9,179,5,Laos
2020-04-24,31,23,0.0,11.6,7,7,06:10 AM,06:15 PM,05:25 AM,05:17 PM,22,29,29,26,7,12,79,0.0,1009,31,10,210,5,Laos
2020-04-25,30,22,0.0,8.8,6,15,06:58 AM,06:58 PM,05:25 AM,05:16 PM,22,28,28,25,9,52,84,5.1,1009,30,9,195,6,Laos
2020-04-26,30,22,0.0,10.2,6,22,07:47 AM,07:45 PM,05:25 AM,05:16 PM,22,29,29,25,6,46,81,3.9,1010,30,10,178,4,Laos
2020-04-27,29,21,0.0,8.8,6,30,08:39 AM,08:35 PM,05:25 AM,05:16 PM,22,27,27,25,8,68,86,10.0,1010,29,8,206,5,Laos
2020-04-28,28,22,0.0,10.2,6,37,09:33 AM,09:28 PM,05:25 AM,05:15 PM,23,28,28,25,7,59,88,7.6,1010,28,9,184,5,Laos
2020-04-29,30,22,0.0,11.6,6,45,10:27 AM,10:23 PM,05:25 AM,05:15 PM,21,28,28,25,6,44,80,6.3,1010,30,9,216,4,Laos
2020-04-30,29,21,0.0,7.4,6,52,11:21 AM,11:21 PM,05:25 AM,05:15 PM,22,27,27,25,8,64,86,6.1,1010,29,10,169,6,Laos
2020-05-01,29,21,0.0,7.4,6,58,12:14 PM,No moonset,05:26 AM,05:14 PM,21,26,26,24,8,60,85,3.6,1010,29,10,165,5,Laos
2020-05-02,30,20,0.0,5.9,6,65,01:06 PM,12:17 AM,05:26 AM,05:14 PM,22,27,27,25,7,78,86,6.2,1008,30,10,170,4,Laos
2020-05-03,30,20,0.0,8.8,6,72,01:56 PM,01:14 AM,05:26 AM,05:14 PM,22,27,27,25,8,66,86,5.6,1009,30,9,195,5,Laos
2020-05-04,30,22,0.0,10.2,6,80,02:45 PM,02:10 AM,05:26 AM,05:14 PM,22,28,28,25,6,37,85,1.9,1010,30,8,158,4,Laos
2020-05-05,30,21,0.0,10.2,6,87,03:34 PM,03:06 AM,05:26 AM,05:13 PM,23,29,29,25,8,60,88,2.8,1010,30,9,154,5,Laos
2020-05-06,30,23,0.0,10.2,6,94,04:23 PM,04:03 AM,05:26 AM,05:13 PM,23,29,29,26,9,61,87,2.5,1010,30,8,165,6,Laos
2020-05-07,31,21,0.0,10.2,6,100,05:15 PM,05:01 AM,05:26 AM,05:13 PM,22,29,29,26,9,50,84,2.1,1010,31,8,193,6,Laos
2020-05-08,30,21,0.0,8.8,6,100,06:08 PM,06:00 AM,05:26 AM,05:13 PM,23,29,29,25,8,62,89,11.2,1009,30,8,181,5,Laos
2020-05-09,29,22,0.0,5.9,6,84,07:05 PM,07:00 AM,05:26 AM,05:12 PM,22,28,28,25,10,73,88,8.1,1009,29,9,169,6,Laos
2020-05-10,29,21,0.0,5.9,6,77,08:02 PM,08:01 AM,05:26 AM,05:12 PM,22,26,26,24,10,79,87,4.9,1011,29,10,172,6,Laos
2020-05-11,29,21,0.0,7.3,6,70,09:00 PM,09:00 AM,05:27 AM,05:12 PM,22,27,27,24,8,65,87,7.4,1010,29,9,165,5,Laos
2020-05-12,29,21,0.0,10.2,6,62,09:56 PM,09:56 AM,05:27 AM,05:12 PM,22,26,26,24,10,64,84,2.1,1011,29,9,173,7,Laos
2020-05-13,27,21,0.0,8.8,6,55,10:49 PM,10:48 AM,05:27 AM,05:12 PM,22,26,26,24,12,65,89,13.7,1010,27,9,154,7,Laos
2020-05-14,28,22,0.0,5.9,6,48,11:39 PM,11:36 AM,05:27 AM,05:12 PM,22,27,27,25,12,80,88,10.0,1010,28,10,159,8,Laos
2020-05-15,28,21,0.0,8.8,6,40,No moonrise,12:20 PM,05:27 AM,05:11 PM,22,28,28,24,13,71,87,5.8,1009,28,10,157,8,Laos
2020-05-16,28,22,0.0,10.2,6,33,12:26 AM,01:01 PM,05:27 AM,05:11 PM,23,28,28,25,12,60,90,5.0,1008,28,10,173,8,Laos
2020-05-17,28,22,0.0,8.8,6,26,01:12 AM,01:40 PM,05:27 AM,05:11 PM,24,29,29,26,9,66,91,5.7,1007,28,9,167,6,Laos
2020-05-18,28,22,0.0,8.8,6,19,01:55 AM,02:17 PM,05:28 AM,05:11 PM,23,28,28,25,10,66,92,27.8,1008,28,7,186,6,Laos
2020-05-19,28,21,0.0,5.9,6,11,02:38 AM,02:55 PM,05:28 AM,05:11 PM,23,27,27,24,9,71,92,27.5,1008,28,8,198,5,Laos
2020-05-20,27,22,0.0,7.3,6,4,03:23 AM,03:33 PM,05:28 AM,05:11 PM,23,28,28,25,9,62,92,15.5,1009,27,9,189,6,Laos
2020-05-21,28,23,0.0,5.9,6,0,04:07 AM,04:13 PM,05:28 AM,05:11 PM,24,28,28,25,4,67,92,15.3,1009,28,9,204,2,Laos
2020-05-22,31,23,0.0,10.2,6,0,04:54 AM,04:56 PM,05:28 AM,05:11 PM,23,29,29,26,4,52,81,1.8,1009,31,10,241,3,Laos
2020-05-23,29,22,0.0,7.3,6,3,05:43 AM,05:42 PM,05:29 AM,05:11 PM,22,28,28,25,10,68,87,4.7,1010,29,9,208,7,Laos
2020-05-24,29,23,0.0,11.6,6,10,06:34 AM,06:31 PM,05:29 AM,05:11 PM,22,29,29,26,6,41,80,0.3,1011,29,10,209,4,Laos
2020-05-25,31,23,0.0,10.2,6,17,07:29 AM,07:24 PM,05:29 AM,05:11 PM,23,30,30,27,3,24,79,1.5,1012,31,10,206,2,Laos
2020-05-26,30,23,0.0,8.8,6,25,08:23 AM,08:19 PM,05:29 AM,05:11 PM,24,30,30,26,5,55,86,3.7,1011,30,9,217,4,Laos
2020-05-27,30,24,0.0,11.6,6,32,09:18 AM,09:16 PM,05:29 AM,05:11 PM,24,30,30,27,3,51,85,7.2,1011,30,9,206,2,Laos
2020-05-28,29,22,0.0,8.8,6,39,10:11 AM,10:12 PM,05:30 AM,05:11 PM,23,29,29,25,6,56,90,43.3,1012,29,8,212,4,Laos
2020-05-29,25,21,0.0,5.9,5,47,11:03 AM,11:08 PM,05:30 AM,05:11 PM,22,25,25,23,8,68,94,25.8,1012,25,7,204,4,Laos
2020-05-30,29,21,0.0,10.2,6,54,11:52 AM,No moonset,05:30 AM,05:11 PM,23,29,29,26,5,48,86,4.5,1012,29,10,194,4,Laos
2020-05-31,30,23,0.0,10.2,6,58,12:39 PM,12:03 AM,05:30 AM,05:11 PM,24,30,30,26,5,63,87,2.8,1012,30,8,146,4,Laos
2020-06-01,28,23,0.0,8.8,6,71,01:26 PM,12:57 AM,05:31 AM,05:11 PM,23,28,28,25,10,65,91,7.6,1012,28,8,170,7,Laos
2020-06-02,30,22,0.0,10.2,6,79,02:13 PM,01:51 AM,05:31 AM,05:11 PM,22,28,28,25,7,52,84,1.1,1011,30,10,173,5,Laos
2020-06-03,30,22,0.0,10.2,6,86,03:02 PM,02:46 AM,05:31 AM,05:11 PM,22,29,29,25,6,48,85,1.3,1012,30,9,168,4,Laos
2020-06-04,29,22,0.0,10.2,6,94,03:54 PM,03:44 AM,05:31 AM,05:11 PM,22,27,27,25,9,61,84,1.3,1011,29,9,189,6,Laos
2020-06-05,27,22,0.0,5.9,6,100,04:48 PM,04:42 AM,05:32 AM,05:11 PM,23,27,27,24,9,74,90,13.2,1011,27,9,153,6,Laos
2020-06-06,27,22,0.0,8.7,6,100,05:46 PM,05:43 AM,05:32 AM,05:11 PM,23,27,27,24,11,62,90,3.7,1011,27,10,178,8,Laos
2020-06-07,27,21,0.0,5.9,6,84,06:44 PM,06:43 AM,05:32 AM,05:12 PM,22,26,26,24,10,67,90,4.8,1010,27,9,177,7,Laos
2020-06-08,27,20,0.0,7.3,5,76,07:42 PM,07:42 AM,05:32 AM,05:12 PM,21,25,25,23,11,71,88,2.9,1011,27,9,160,7,Laos
2020-06-09,29,19,0.0,11.6,6,69,08:37 PM,08:37 AM,05:33 AM,05:12 PM,20,25,25,23,8,33,81,0.2,1012,29,10,175,6,Laos
2020-06-10,29,19,0.0,11.6,7,61,09:30 PM,09:28 AM,05:33 AM,05:12 PM,19,26,26,24,7,3,77,0.0,1011,29,10,203,5,Laos
2020-06-11,30,21,0.0,11.6,7,54,10:19 PM,10:14 AM,05:33 AM,05:12 PM,20,26,26,24,6,4,77,0.0,1010,30,10,202,5,Laos
2020-06-12,29,20,0.0,11.6,6,46,11:06 PM,10:57 AM,05:33 AM,05:12 PM,21,27,27,24,8,51,84,0.7,1010,29,10,182,5,Laos
2020-06-13,29,22,0.0,5.9,6,38,11:51 PM,11:37 AM,05:34 AM,05:13 PM,22,28,28,25,9,66,87,2.2,1010,29,9,180,6,Laos
2020-06-14,29,21,0.0,8.7,6,31,No moonrise,12:15 PM,05:34 AM,05:13 PM,22,28,28,25,6,69,87,5.3,1010,29,10,182,4,Laos
2020-06-15,29,22,0.0,10.2,6,23,12:34 AM,12:53 PM,05:34 AM,05:13 PM,23,28,28,25,9,61,89,5.3,1011,29,10,178,6,Laos
2020-06-16,29,22,0.0,11.6,6,16,01:18 AM,01:31 PM,05:34 AM,05:13 PM,22,28,28,25,9,52,85,0.9,1010,29,9,162,7,Laos
2020-06-17,28,19,0.0,11.6,6,8,02:02 AM,02:10 PM,05:35 AM,05:13 PM,23,27,27,24,10,52,87,1.9,1011,28,9,171,7,Laos
2020-06-18,28,24,0.0,10.2,6,1,02:48 AM,02:52 PM,05:35 AM,05:14 PM,23,28,28,25,9,60,87,3.1,1011,28,10,161,7,Laos
2020-06-19,27,21,0.0,8.7,6,0,03:37 AM,03:37 PM,05:35 AM,05:14 PM,22,27,27,24,12,59,87,2.9,1011,27,10,158,9,Laos
2020-06-20,28,22,0.0,10.2,6,0,04:27 AM,04:25 PM,05:35 AM,05:14 PM,22,27,27,25,11,61,88,2.9,1010,28,9,162,8,Laos
2020-06-21,27,21,0.0,8.7,6,0,05:21 AM,05:17 PM,05:35 AM,05:14 PM,22,26,26,24,11,58,89,3.0,1009,27,10,167,7,Laos
2020-06-22,29,22,0.0,11.6,6,7,06:16 AM,06:13 PM,05:36 AM,05:14 PM,22,27,27,25,10,47,85,1.3,1009,29,10,161,7,Laos
2020-06-23,28,21,0.0,10.2,6,14,07:13 AM,07:10 PM,05:36 AM,05:15 PM,22,27,27,24,11,56,86,2.0,1010,28,10,169,7,Laos
2020-06-24,27,21,0.0,10.2,5,22,08:07 AM,08:07 PM,05:36 AM,05:15 PM,21,25,25,23,12,51,88,2.6,1010,27,10,169,8,Laos
2020-06-25,28,21,0.0,10.2,6,29,09:00 AM,09:04 PM,05:36 AM,05:15 PM,22,27,27,24,9,58,87,2.0,1010,28,9,176,7,Laos
2020-06-26,28,21,0.0,10.2,6,37,09:50 AM,09:59 PM,05:36 AM,05:15 PM,23,27,27,25,9,61,88,2.3,1010,28,9,169,7,Laos
2020-06-27,28,23,0.0,10.2,6,44,10:37 AM,10:53 PM,05:37 AM,05:16 PM,23,27,27,25,8,53,88,1.7,1011,28,8,166,6,Laos
2020-06-28,27,22,0.0,7.3,6,52,11:24 AM,11:46 PM,05:37 AM,05:16 PM,23,27,27,24,9,61,91,8.2,1012,27,9,174,6,Laos
2020-06-29,27,21,0.0,10.2,6,59,12:10 PM,No moonset,05:37 AM,05:16 PM,22,27,27,24,11,59,89,2.7,1011,27,9,162,8,Laos
2020-06-30,28,20,0.0,8.7,6,67,12:57 PM,12:39 AM,05:37 AM,05:16 PM,21,25,25,23,11,58,86,1.1,1011,28,9,161,7,Laos
2020-07-01,28,20,0.0,10.2,6,72,01:46 PM,01:34 AM,05:37 AM,05:17 PM,21,26,26,24,10,56,87,1.7,1010,28,10,154,7,Laos
2020-07-02,28,20,0.0,10.2,6,79,02:37 PM,02:30 AM,05:37 AM,05:17 PM,21,25,25,24,10,53,85,0.9,1010,28,10,161,7,Laos
2020-07-03,27,20,0.0,10.2,6,86,03:32 PM,03:29 AM,05:38 AM,05:17 PM,21,25,25,24,10,52,84,0.8,1012,27,9,191,7,Laos
2020-07-04,29,20,0.0,11.6,6,94,04:29 PM,04:28 AM,05:38 AM,05:17 PM,20,25,25,24,8,44,79,1.1,1011,29,10,174,5,Laos
2020-07-05,29,20,0.0,10.2,6,100,05:27 PM,05:28 AM,05:38 AM,05:17 PM,20,25,25,24,7,29,78,1.6,1010,29,10,195,5,Laos
2020-07-06,26,20,0.0,5.9,5,100,06:24 PM,06:24 AM,05:38 AM,05:18 PM,22,26,26,23,6,63,92,16.1,1010,26,7,195,4,Laos
2020-07-07,27,21,0.0,7.3,6,85,07:19 PM,07:18 AM,05:38 AM,05:18 PM,22,26,26,24,11,65,88,2.4,1011,27,10,165,7,Laos
2020-07-08,27,21,0.0,10.2,6,77,08:10 PM,08:06 AM,05:38 AM,05:18 PM,22,26,26,24,10,57,89,4.8,1010,27,10,169,7,Laos
2020-07-09,27,20,0.0,7.3,6,70,08:59 PM,08:51 AM,05:38 AM,05:18 PM,22,26,26,24,10,62,89,2.8,1009,27,10,177,7,Laos
2020-07-10,27,23,0.0,8.8,6,63,09:45 PM,09:33 AM,05:38 AM,05:19 PM,23,28,28,25,9,58,88,1.9,1010,27,10,170,7,Laos
2020-07-11,28,19,0.0,10.2,6,55,10:29 PM,10:12 AM,05:38 AM,05:19 PM,22,27,27,24,11,48,85,1.1,1010,28,10,165,8,Laos
2020-07-12,29,23,0.0,8.8,6,48,11:13 PM,10:50 AM,05:38 AM,05:19 PM,22,28,28,25,9,56,85,1.4,1010,29,9,179,7,Laos
2020-07-13,29,22,0.0,11.6,6,41,11:56 PM,11:28 AM,05:38 AM,05:19 PM,21,27,27,25,6,35,83,0.4,1011,29,10,186,5,Laos
2020-07-14,29,21,0.0,10.2,6,34,No moonrise,12:06 PM,05:38 AM,05:19 PM,22,27,27,24,9,54,85,1.7,1010,29,9,166,6,Laos
2020-07-15,28,21,0.0,10.2,6,26,12:41 AM,12:46 PM,05:38 AM,05:20 PM,22,27,27,24,9,54,85,0.7,1010,28,9,184,7,Laos
2020-07-16,28,20,0.0,8.8,6,19,01:28 AM,01:30 PM,05:38 AM,05:20 PM,21,26,26,24,10,54,85,1.0,1010,28,10,165,7,Laos
2020-07-17,29,19,0.0,11.6,7,12,02:17 AM,02:16 PM,05:38 AM,05:20 PM,20,25,25,24,7,28,81,0.1,1010,29,10,164,5,Laos
2020-07-18,28,21,0.0,10.2,6,5,03:10 AM,03:07 PM,05:38 AM,05:20 PM,20,25,25,23,12,50,84,0.7,1010,28,9,179,8,Laos
2020-07-19,28,21,0.0,10.2,6,0,04:05 AM,04:01 PM,05:38 AM,05:20 PM,22,27,27,24,11,58,87,1.7,1009,28,10,182,8,Laos
2020-07-20,26,23,0.0,8.8,6,0,05:02 AM,04:59 PM,05:38 AM,05:21 PM,23,27,27,24,10,69,90,3.6,1010,26,8,163,8,Laos
2020-07-21,28,23,0.0,8.8,6,2,05:58 AM,05:58 PM,05:38 AM,05:21 PM,23,28,28,25,8,65,91,2.7,1010,28,8,145,6,Laos
2020-07-22,28,23,0.0,8.8,6,10,06:53 AM,06:56 PM,05:38 AM,05:21 PM,22,27,27,25,9,53,84,1.0,1010,28,10,162,7,Laos
2020-07-23,28,21,0.0,10.2,6,17,07:45 AM,07:53 PM,05:38 AM,05:21 PM,21,26,26,24,12,57,84,0.8,1010,28,10,169,9,Laos
2020-07-24,27,20,0.0,10.2,5,24,08:34 AM,08:48 PM,05:38 AM,05:21 PM,20,25,25,23,14,44,81,1.3,1011,27,10,164,11,Laos
2020-07-25,26,19,0.0,10.2,5,32,09:22 AM,09:43 PM,05:38 AM,05:21 PM,19,24,24,22,13,47,81,0.3,1011,26,10,171,9,Laos
2020-07-26,27,19,0.0,11.6,5,39,10:09 AM,10:36 PM,05:38 AM,05:22 PM,19,24,24,22,12,40,81,0.2,1011,27,10,170,8,Laos
2020-07-27,27,19,0.0,11.6,5,46,10:55 AM,11:30 PM,05:37 AM,05:22 PM,20,24,24,23,12,49,84,0.4,1011,27,10,171,8,Laos
2020-07-28,28,20,0.0,10.2,5,53,11:43 AM,No moonset,05:37 AM,05:22 PM,20,24,24,23,14,36,82,0.5,1010,28,10,177,10,Laos
2020-07-29,27,21,0.0,11.6,5,61,12:32 PM,12:25 AM,05:37 AM,05:22 PM,19,25,25,23,10,24,77,0.2,1011,27,10,173,8,Laos
2020-07-30,28,21,0.0,11.6,6,68,01:25 PM,01:22 AM,05:37 AM,05:22 PM,19,25,25,24,7,26,77,0.4,1011,28,10,191,6,Laos
2020-07-31,27,22,0.0,10.2,5,72,02:20 PM,02:19 AM,05:37 AM,05:22 PM,20,26,26,24,11,47,82,0.6,1011,27,10,177,9,Laos
2020-08-01,28,19,0.0,10.2,5,82,03:17 PM,03:18 AM,05:37 AM,05:22 PM,19,24,24,23,13,34,79,0.2,1011,28,10,197,9,Laos
2020-08-02,28,18,0.0,11.6,7,90,04:13 PM,04:14 AM,05:36 AM,05:22 PM,18,24,24,23,8,19,77,0.0,1011,28,10,180,6,Laos
2020-08-03,29,19,0.0,11.6,7,97,05:09 PM,05:09 AM,05:36 AM,05:22 PM,19,25,25,23,7,27,79,0.0,1010,29,10,173,5,Laos
2020-08-04,28,19,0.0,8.8,5,100,06:01 PM,05:59 AM,05:36 AM,05:22 PM,20,25,25,23,10,69,83,1.5,1010,28,9,157,6,Laos
2020-08-05,26,19,0.0,10.2,5,88,06:51 PM,06:45 AM,05:36 AM,05:23 PM,19,24,24,23,12,53,83,0.2,1010,26,10,184,8,Laos
2020-08-06,27,19,0.0,8.8,5,81,07:38 PM,07:28 AM,05:35 AM,05:23 PM,19,23,23,22,14,45,81,0.5,1011,27,10,184,9,Laos
2020-08-07,27,20,0.0,5.9,5,74,08:23 PM,08:08 AM,05:35 AM,05:23 PM,20,25,25,23,9,68,84,1.4,1010,27,10,174,7,Laos
2020-08-08,28,20,0.0,8.8,6,67,09:07 PM,08:46 AM,05:35 AM,05:23 PM,20,25,25,23,7,62,84,0.6,1010,28,9,137,5,Laos
2020-08-09,31,20,0.0,11.6,7,59,09:51 PM,09:25 AM,05:34 AM,05:23 PM,20,26,26,25,5,19,79,0.0,1010,31,9,142,4,Laos
2020-08-10,28,19,0.0,11.6,6,52,10:35 PM,10:02 AM,05:34 AM,05:23 PM,21,27,27,24,8,41,85,1.6,1012,28,9,184,6,Laos
2020-08-11,28,21,0.0,10.2,6,45,11:21 PM,10:41 AM,05:34 AM,05:23 PM,22,26,26,24,9,58,88,2.5,1012,28,10,167,6,Laos
2020-08-12,27,21,0.0,8.8,6,38,No moonrise,11:23 AM,05:33 AM,05:23 PM,23,28,28,24,9,60,91,5.6,1013,27,7,171,6,Laos
2020-08-13,28,22,0.0,7.4,6,30,12:08 AM,12:07 PM,05:33 AM,05:23 PM,22,27,27,24,11,61,88,5.0,1011,28,8,178,7,Laos
2020-08-14,29,21,0.0,8.8,6,23,12:59 AM,12:55 PM,05:33 AM,05:23 PM,22,28,28,25,9,63,85,4.6,1010,29,10,169,6,Laos
2020-08-15,29,23,0.0,10.2,6,16,01:52 AM,01:48 PM,05:32 AM,05:23 PM,23,28,28,25,8,58,87,1.6,1011,29,8,162,6,Laos
2020-08-16,28,21,0.0,6.0,6,8,02:47 AM,02:44 PM,05:32 AM,05:23 PM,22,27,27,24,11,72,88,2.4,1011,28,9,160,8,Laos
2020-08-17,29,21,0.0,10.2,6,1,03:44 AM,03:43 PM,05:31 AM,05:23 PM,20,26,26,24,12,52,82,0.3,1011,29,10,175,8,Laos
2020-08-18,27,20,0.0,10.2,6,0,04:40 AM,04:42 PM,05:31 AM,05:23 PM,20,25,25,23,14,57,85,1.4,1010,27,10,169,9,Laos
2020-08-19,28,21,0.0,7.4,6,0,05:34 AM,05:41 PM,05:31 AM,05:23 PM,21,26,26,24,11,65,84,1.9,1010,28,10,167,8,Laos
2020-08-20,28,19,0.0,7.4,6,6,06:26 AM,06:38 PM,05:30 AM,05:23 PM,20,25,25,23,10,57,81,1.2,1011,28,10,161,7,Laos
2020-08-21,30,21,0.0,11.6,7,13,07:16 AM,07:34 PM,05:30 AM,05:23 PM,19,26,26,25,5,9,70,0.0,1012,30,10,160,4,Laos
2020-08-22,30,21,0.0,11.6,7,20,08:04 AM,08:29 PM,05:29 AM,05:22 PM,19,27,27,25,8,13,71,0.0,1013,30,10,200,6,Laos
2020-08-23,31,22,0.0,11.6,7,28,08:51 AM,09:25 PM,05:29 AM,05:22 PM,21,28,28,25,9,24,79,0.2,1012,31,10,175,6,Laos
2020-08-24,30,20,0.0,11.6,7,35,09:40 AM,10:20 PM,05:28 AM,05:22 PM,19,26,26,25,7,19,77,0.1,1011,30,10,174,5,Laos
2020-08-25,30,21,0.0,8.8,6,42,10:30 AM,11:17 PM,05:28 AM,05:22 PM,20,26,26,25,11,57,79,1.1,1013,30,9,167,8,Laos
2020-08-26,29,20,0.0,8.8,6,50,11:22 AM,No moonset,05:27 AM,05:22 PM,19,25,25,23,15,59,77,0.7,1012,29,10,166,10,Laos
2020-08-27,29,20,0.0,10.2,6,57,12:16 PM,12:14 AM,05:27 AM,05:22 PM,19,25,25,24,10,45,77,0.6,1010,29,10,157,7,Laos
2020-08-28,29,21,0.0,10.2,6,64,01:11 PM,01:12 AM,05:26 AM,05:22 PM,20,26,26,24,11,38,80,1.2,1010,29,10,184,7,Laos
2020-08-29,29,20,0.0,11.6,6,71,02:07 PM,02:09 AM,05:26 AM,05:22 PM,20,26,26,24,14,46,80,0.7,1010,29,10,167,9,Laos
2020-08-30,28,20,0.0,10.2,6,79,03:02 PM,03:03 AM,05:25 AM,05:22 PM,19,25,25,23,11,25,77,0.2,1009,28,10,177,8,Laos
2020-08-31,29,19,0.0,11.6,7,82,03:55 PM,03:54 AM,05:25 AM,05:22 PM,19,26,26,24,11,13,76,0.1,1010,29,10,173,7,Laos
2020-09-01,29,20,0.0,10.2,6,97,04:45 PM,04:41 AM,05:24 AM,05:22 PM,21,26,26,24,13,45,82,0.5,1010,29,10,176,9,Laos
2020-09-02,30,20,0.0,10.2,6,100,05:33 PM,05:25 AM,05:24 AM,05:21 PM,20,26,26,24,13,41,81,2.3,1010,30,10,204,8,Laos
2020-09-03,29,21,0.0,7.4,6,88,06:18 PM,06:05 AM,05:23 AM,05:21 PM,22,27,27,25,12,64,84,2.7,1011,29,9,184,8,Laos
2020-09-04,30,21,0.0,10.2,6,81,07:03 PM,06:44 AM,05:23 AM,05:21 PM,21,27,27,25,12,53,83,2.9,1010,30,10,168,8,Laos
2020-09-05,30,21,0.0,11.6,6,73,07:47 PM,07:22 AM,05:22 AM,05:21 PM,20,27,27,25,12,44,80,0.6,1009,30,10,179,8,Laos
2020-09-06,30,22,0.0,11.6,6,66,08:30 PM,08:00 AM,05:22 AM,05:21 PM,21,28,28,25,12,34,79,0.5,1010,30,10,190,8,Laos
2020-09-07,30,21,0.0,11.6,6,58,09:15 PM,08:38 AM,05:21 AM,05:21 PM,21,27,27,25,10,56,82,1.0,1011,30,10,174,7,Laos
2020-09-08,30,21,0.0,11.6,6,50,10:01 PM,09:18 AM,05:21 AM,05:21 PM,21,27,27,25,9,43,81,0.5,1012,30,10,164,6,Laos
2020-09-09,30,22,0.0,10.2,6,43,10:50 PM,10:01 AM,05:20 AM,05:21 PM,21,28,28,25,11,57,82,0.7,1011,30,10,166,7,Laos
2020-09-10,29,20,0.0,10.2,6,35,11:41 PM,10:47 AM,05:19 AM,05:20 PM,20,26,26,24,11,53,81,0.4,1009,29,10,175,8,Laos
2020-09-11,29,21,0.0,10.2,6,28,No moonrise,11:37 AM,05:19 AM,05:20 PM,21,26,26,24,12,58,81,1.1,1010,29,10,174,8,Laos
2020-09-12,29,21,0.0,10.2,6,20,12:34 AM,12:29 PM,05:18 AM,05:20 PM,20,26,26,24,13,56,80,0.9,1012,29,10,186,9,Laos
2020-09-13,29,20,0.0,10.2,6,13,01:30 AM,01:26 PM,05:18 AM,05:20 PM,20,26,26,24,12,55,79,0.6,1011,29,10,188,8,Laos
2020-09-14,30,21,0.0,10.2,6,5,02:25 AM,02:24 PM,05:17 AM,05:20 PM,20,27,27,25,11,39,77,0.5,1011,30,10,185,8,Laos
2020-09-15,30,20,0.0,11.6,7,0,03:20 AM,03:23 PM,05:16 AM,05:20 PM,19,26,26,24,11,25,75,0.1,1011,30,10,188,8,Laos
2020-09-16,30,20,0.0,11.6,6,0,04:12 AM,04:21 PM,05:16 AM,05:20 PM,19,25,25,24,10,39,76,0.4,1011,30,10,196,7,Laos
2020-09-17,29,19,0.0,11.6,6,0,05:03 AM,05:19 PM,05:15 AM,05:20 PM,19,25,25,23,7,29,79,0.7,1011,29,10,186,5,Laos
2020-09-18,30,20,0.0,11.6,7,2,05:53 AM,06:16 PM,05:15 AM,05:19 PM,20,27,27,25,8,19,78,0.0,1010,30,10,177,6,Laos
2020-09-19,31,20,0.0,11.6,7,10,06:42 AM,07:13 PM,05:14 AM,05:19 PM,20,28,28,26,8,21,74,0.0,1010,31,10,163,5,Laos
2020-09-20,30,21,0.0,6.0,6,17,07:32 AM,08:10 PM,05:14 AM,05:19 PM,21,27,27,25,12,66,80,2.1,1010,30,9,170,7,Laos
2020-09-21,31,20,0.0,10.2,6,25,08:22 AM,09:09 PM,05:13 AM,05:19 PM,20,27,27,25,13,38,79,1.1,1010,31,10,195,8,Laos
2020-09-22,29,20,0.0,8.8,6,32,09:16 AM,10:08 PM,05:12 AM,05:19 PM,22,27,27,25,11,57,84,1.4,1010,29,10,188,8,Laos
2020-09-23,31,24,0.0,11.6,6,40,10:10 AM,11:07 PM,05:12 AM,05:19 PM,22,29,29,26,10,25,77,0.3,1011,31,10,194,8,Laos
2020-09-24,31,23,0.0,11.6,7,47,11:07 AM,No moonset,05:11 AM,05:19 PM,21,28,28,26,10,11,75,0.0,1012,31,10,195,8,Laos
2020-09-25,31,22,0.0,11.6,6,55,12:03 PM,12:05 AM,05:11 AM,05:18 PM,20,29,29,26,12,29,75,0.1,1011,31,10,197,8,Laos
2020-09-26,31,23,0.0,11.6,6,62,12:58 PM,01:00 AM,05:10 AM,05:18 PM,20,29,29,26,11,27,74,0.3,1011,31,10,199,8,Laos
2020-09-27,31,22,0.0,11.6,6,70,01:52 PM,01:52 AM,05:10 AM,05:18 PM,21,29,29,26,11,44,77,0.6,1011,31,10,196,8,Laos
2020-09-28,30,22,0.0,6.0,6,78,02:42 PM,02:39 AM,05:09 AM,05:18 PM,21,28,28,25,14,70,79,3.2,1012,30,9,198,9,Laos
2020-09-29,30,21,0.0,8.8,6,85,03:30 PM,03:24 AM,05:08 AM,05:18 PM,20,26,26,25,13,68,80,3.8,1010,30,9,196,9,Laos
2020-09-30,31,20,0.0,8.8,6,93,04:16 PM,04:04 AM,05:08 AM,05:18 PM,20,27,27,25,11,63,78,1.3,1009,31,10,182,7,Laos
2020-10-01,32,21,0.0,8.8,6,97,05:00 PM,04:43 AM,05:07 AM,05:18 PM,21,28,28,26,12,64,79,1.6,1009,32,10,174,8,Laos
2020-10-02,31,22,0.0,8.8,6,100,05:44 PM,05:22 AM,05:07 AM,05:18 PM,22,30,30,26,11,67,81,1.9,1009,31,10,168,8,Laos
2020-10-03,31,22,0.0,11.6,6,89,06:27 PM,05:59 AM,05:06 AM,05:18 PM,22,29,29,26,11,46,81,2.7,1011,31,10,187,8,Laos
2020-10-04,29,21,0.0,10.2,6,82,07:12 PM,06:37 AM,05:06 AM,05:18 PM,20,25,25,24,14,59,82,3.8,1011,29,10,201,9,Laos
2020-10-05,29,20,0.0,10.2,6,74,07:57 PM,07:17 AM,05:05 AM,05:17 PM,20,25,25,24,15,56,80,4.3,1010,29,10,201,9,Laos
2020-10-06,27,20,0.0,8.8,5,67,08:45 PM,07:58 AM,05:05 AM,05:17 PM,20,25,25,23,16,59,85,1.9,1010,27,10,193,10,Laos
2020-10-07,28,19,0.0,11.6,6,60,09:35 PM,08:42 AM,05:04 AM,05:17 PM,20,26,26,24,12,46,80,0.7,1009,28,10,182,8,Laos
2020-10-08,29,21,0.0,7.4,6,53,10:26 PM,09:30 AM,05:04 AM,05:17 PM,20,26,26,24,14,68,81,1.6,1009,29,9,179,9,Laos
2020-10-09,30,20,0.0,8.8,6,45,11:20 PM,10:20 AM,05:03 AM,05:17 PM,19,26,26,24,13,52,78,1.0,1009,30,10,190,8,Laos
2020-10-10,26,20,0.0,7.5,5,38,No moonrise,11:14 AM,05:03 AM,05:17 PM,21,25,25,23,10,70,90,10.5,1009,26,10,204,6,Laos
2020-10-11,31,20,0.0,10.2,6,31,12:13 AM,12:10 PM,05:02 AM,05:17 PM,20,27,27,25,11,50,79,10.0,1008,31,9,189,7,Laos
2020-10-12,30,21,0.0,6.1,6,23,01:07 AM,01:07 PM,05:02 AM,05:17 PM,21,26,26,25,11,73,83,11.7,1008,30,9,170,7,Laos
2020-10-13,31,20,0.0,11.6,7,16,01:59 AM,02:04 PM,05:01 AM,05:17 PM,20,27,27,25,8,34,76,1.6,1009,31,10,162,5,Laos
2020-10-14,30,21,0.0,6.1,6,9,02:49 AM,03:01 PM,05:01 AM,05:17 PM,21,27,27,25,11,72,82,2.1,1010,30,10,176,7,Laos
2020-10-15,31,20,0.0,7.5,6,2,03:39 AM,03:58 PM,05:00 AM,05:17 PM,20,27,27,25,12,74,79,2.5,1009,31,10,192,8,Laos
2020-10-16,30,20,0.0,8.8,6,0,04:28 AM,04:54 PM,05:00 AM,05:17 PM,20,26,26,24,11,67,78,3.8,1009,30,10,195,7,Laos
2020-10-17,30,19,0.0,10.3,6,0,05:18 AM,05:53 PM,04:59 AM,05:17 PM,18,26,26,24,14,32,75,0.6,1009,30,10,196,9,Laos
2020-10-18,30,20,0.0,10.3,6,5,06:08 AM,06:52 PM,04:59 AM,05:17 PM,19,26,26,24,13,48,76,2.6,1009,30,10,188,8,Laos
2020-10-19,30,20,0.0,6.3,6,13,07:02 AM,07:53 PM,04:58 AM,05:17 PM,20,26,26,24,10,77,79,4.5,1010,30,9,165,6,Laos
2020-10-20,30,20,0.0,8.9,6,20,07:58 AM,08:55 PM,04:58 AM,05:17 PM,21,27,27,25,9,74,82,10.1,1010,30,9,175,5,Laos
2020-10-21,29,21,0.0,6.3,6,27,08:56 AM,09:56 PM,04:58 AM,05:17 PM,21,27,27,25,10,79,83,14.8,1009,29,8,190,6,Laos
2020-10-22,30,21,0.0,6.3,6,35,09:55 AM,10:54 PM,04:57 AM,05:17 PM,21,27,27,25,10,71,81,3.1,1009,30,9,171,7,Laos
2020-10-23,29,18,0.0,6.3,6,42,10:53 AM,11:48 PM,04:57 AM,05:17 PM,22,27,27,24,9,72,85,5.0,1009,29,10,179,6,Laos
2020-10-24,29,23,0.0,7.6,6,49,11:48 AM,No moonset,04:57 AM,05:18 PM,23,29,29,26,7,62,84,3.5,1010,29,10,181,5,Laos
2020-10-25,30,22,0.0,7.6,6,56,12:39 PM,12:37 AM,04:56 AM,05:18 PM,22,29,29,26,10,63,83,8.5,1011,30,9,190,6,Laos
2020-10-26,30,22,0.0,11.6,6,64,01:28 PM,01:23 AM,04:56 AM,05:18 PM,21,28,28,25,12,55,83,1.4,1009,30,9,194,8,Laos
2020-10-27,30,21,0.0,6.3,6,71,02:14 PM,02:05 AM,04:56 AM,05:18 PM,21,28,28,25,13,75,82,6.0,1010,30,9,202,8,Laos
2020-10-28,31,20,0.0,9.0,6,78,02:59 PM,02:44 AM,04:55 AM,05:18 PM,20,26,26,24,11,68,80,1.5,1011,31,10,190,7,Laos
2020-10-29,31,20,0.0,10.3,6,85,03:42 PM,03:22 AM,04:55 AM,05:18 PM,20,28,28,26,8,51,77,2.2,1011,31,10,166,5,Laos
2020-10-30,33,21,0.0,9.0,6,93,04:25 PM,03:59 AM,04:55 AM,05:18 PM,20,29,29,26,7,58,75,7.7,1010,33,9,156,4,Laos
2020-10-31,28,21,0.0,7.6,6,97,05:10 PM,04:37 AM,04:55 AM,05:18 PM,21,27,27,24,8,71,84,17.4,1010,28,9,183,4,Laos
2020-11-01,31,20,0.0,7.6,6,89,05:55 PM,05:16 AM,04:54 AM,05:19 PM,20,27,27,24,8,53,76,8.6,1010,31,9,183,4,Laos
2020-11-02,29,21,0.0,6.3,6,81,06:42 PM,05:57 AM,04:54 AM,05:19 PM,21,27,27,25,9,80,83,12.3,1011,29,8,187,5,Laos
2020-11-03,32,21,0.0,11.6,6,74,07:31 PM,06:40 AM,04:54 AM,05:19 PM,20,28,28,26,7,39,74,0.8,1011,32,10,198,4,Laos
2020-11-04,32,21,0.0,11.6,6,66,08:22 PM,07:27 AM,04:54 AM,05:19 PM,20,28,28,26,9,31,75,0.7,1011,32,10,179,6,Laos
2020-11-05,31,22,0.0,10.3,6,58,09:15 PM,08:16 AM,04:53 AM,05:19 PM,22,29,29,25,10,63,84,11.1,1011,31,10,174,6,Laos
2020-11-06,32,21,0.0,9.0,6,51,10:07 PM,09:08 AM,04:53 AM,05:20 PM,21,28,28,26,9,72,79,3.9,1012,32,10,177,6,Laos
2020-11-07,32,20,0.0,10.3,6,43,11:00 PM,10:02 AM,04:53 AM,05:20 PM,20,28,28,26,11,35,73,0.6,1011,32,10,193,7,Laos
2020-11-08,32,20,0.0,10.3,6,36,11:51 PM,10:57 AM,04:53 AM,05:20 PM,20,28,28,25,11,35,75,1.1,1010,32,10,191,7,Laos
2020-11-09,31,20,0.0,10.3,6,28,No moonrise,11:53 AM,04:53 AM,05:20 PM,20,27,27,25,14,45,76,1.0,1010,31,10,197,9,Laos
2020-11-10,31,21,0.0,10.3,6,21,12:39 AM,12:47 PM,04:53 AM,05:21 PM,20,27,27,25,15,58,74,0.6,1010,31,10,196,9,Laos
2020-11-11,32,21,0.0,6.3,6,13,01:28 AM,01:42 PM,04:53 AM,05:21 PM,20,28,28,26,9,75,74,4.7,1010,32,10,165,5,Laos
2020-11-12,33,21,0.0,11.6,6,6,02:15 AM,02:37 PM,04:53 AM,05:21 PM,21,30,30,26,7,43,74,0.6,1010,33,10,172,5,Laos
2020-11-13,33,22,0.0,9.0,6,0,03:03 AM,03:33 PM,04:53 AM,05:22 PM,22,30,30,27,8,72,77,4.0,1009,33,10,176,5,Laos
2020-11-14,32,22,0.0,6.3,6,0,03:52 AM,04:31 PM,04:53 AM,05:22 PM,21,29,29,26,9,72,78,4.0,1009,32,10,159,6,Laos
2020-11-15,32,21,0.0,10.3,6,0,04:44 AM,05:32 PM,04:53 AM,05:22 PM,21,29,29,26,10,56,78,1.9,1010,32,10,164,7,Laos
2020-11-16,32,21,0.0,7.7,6,2,05:40 AM,06:35 PM,04:53 AM,05:23 PM,21,30,30,26,12,60,78,2.7,1009,32,10,177,7,Laos
2020-11-17,32,21,0.0,9.0,6,9,06:38 AM,07:38 PM,04:53 AM,05:23 PM,21,29,29,26,12,66,80,7.7,1008,32,9,179,7,Laos
2020-11-18,33,21,0.0,9.0,6,17,07:39 AM,08:40 PM,04:53 AM,05:23 PM,21,29,29,26,9,54,76,2.8,1008,33,10,178,6,Laos
2020-11-19,32,21,0.0,7.7,6,24,08:39 AM,09:38 PM,04:53 AM,05:24 PM,21,30,30,26,8,66,79,5.1,1008,32,9,175,5,Laos
2020-11-20,31,21,0.0,7.7,6,32,09:38 AM,10:31 PM,04:53 AM,05:24 PM,22,29,29,26,8,70,80,13.2,1008,31,9,194,5,Laos
2020-11-21,31,22,0.0,10.3,6,39,10:32 AM,11:20 PM,04:53 AM,05:25 PM,21,29,29,26,9,57,81,8.6,1008,31,9,186,5,Laos
2020-11-22,31,22,0.0,6.4,6,47,11:24 AM,No moonset,04:53 AM,05:25 PM,22,29,29,26,7,76,81,15.1,1008,31,8,177,4,Laos
2020-11-23,31,21,0.0,6.4,6,54,12:11 PM,12:03 AM,04:53 AM,05:25 PM,21,29,29,26,7,81,80,19.8,1009,31,8,203,4,Laos
2020-11-24,30,21,0.0,10.3,6,62,12:56 PM,12:44 AM,04:53 AM,05:26 PM,21,28,28,25,13,41,80,8.2,1008,30,9,214,7,Laos
2020-11-25,29,21,0.0,9.0,6,70,01:40 PM,01:22 AM,04:54 AM,05:26 PM,21,27,27,24,17,60,84,10.6,1007,29,9,212,9,Laos
2020-11-26,29,21,0.0,6.4,6,77,02:23 PM,01:59 AM,04:54 AM,05:27 PM,21,26,26,24,15,79,84,17.4,1008,29,9,204,8,Laos
2020-11-27,29,21,0.0,7.7,6,85,03:07 PM,02:36 AM,04:54 AM,05:27 PM,21,26,26,24,11,64,85,26.2,1008,29,7,204,6,Laos
2020-11-28,30,20,0.0,7.7,6,92,03:52 PM,03:15 AM,04:54 AM,05:28 PM,21,27,27,24,9,62,81,10.4,1008,30,9,196,5,Laos
2020-11-29,29,20,0.0,6.4,6,100,04:38 PM,03:55 AM,04:54 AM,05:28 PM,21,27,27,24,5,69,85,17.4,1008,29,9,199,3,Laos
2020-11-30,28,20,0.0,6.4,5,100,05:27 PM,04:37 AM,04:55 AM,05:29 PM,21,25,25,23,11,78,88,27.5,1009,28,7,201,5,Laos
2020-12-01,28,20,0.0,6.4,6,89,06:18 PM,05:24 AM,04:55 AM,05:29 PM,21,26,26,24,7,74,87,18.9,1009,28,8,217,4,Laos
2020-12-02,31,20,0.0,10.3,6,82,07:11 PM,06:12 AM,04:55 AM,05:30 PM,21,27,27,25,5,64,82,16.9,1008,31,9,202,3,Laos
2020-12-03,31,21,0.0,6.4,6,75,08:04 PM,07:05 AM,04:55 AM,05:30 PM,21,28,28,25,8,70,81,11.0,1008,31,9,191,4,Laos
2020-12-04,30,21,0.0,9.0,6,67,08:56 PM,07:58 AM,04:56 AM,05:31 PM,21,27,27,25,11,56,83,21.3,1007,30,8,210,6,Laos
2020-12-05,28,21,0.0,6.4,6,60,09:48 PM,08:53 AM,04:56 AM,05:31 PM,21,27,27,24,6,73,84,44.4,1007,28,8,195,3,Laos
2020-12-06,28,21,0.0,6.4,6,53,10:36 PM,09:48 AM,04:56 AM,05:32 PM,22,27,27,24,6,70,86,17.6,1007,28,9,136,3,Laos
2020-12-07,30,21,0.0,9.0,6,46,11:23 PM,10:41 AM,04:57 AM,05:32 PM,21,27,27,24,5,59,86,48.4,1008,30,8,206,3,Laos
2020-12-08,30,21,0.0,6.4,6,38,No moonrise,11:34 AM,04:57 AM,05:33 PM,22,28,28,25,7,74,86,16.1,1008,30,9,118,3,Laos
2020-12-09,32,21,0.0,10.3,6,31,12:09 AM,12:26 PM,04:57 AM,05:33 PM,21,29,29,26,8,60,78,3.4,1006,32,10,291,5,Laos
2020-12-10,30,21,0.0,6.4,6,24,12:54 AM,01:20 PM,04:58 AM,05:34 PM,22,28,28,25,7,75,83,26.0,1007,30,8,207,4,Laos
2020-12-11,30,21,0.0,7.7,6,17,01:41 AM,02:14 PM,04:58 AM,05:34 PM,22,28,28,25,6,67,84,30.3,1008,30,8,220,3,Laos
2020-12-12,28,21,0.0,6.4,6,9,02:30 AM,03:13 PM,04:59 AM,05:35 PM,21,26,26,24,5,69,87,28.1,1008,28,7,182,3,Laos
2020-12-13,28,20,0.0,6.4,5,2,03:22 AM,04:13 PM,04:59 AM,05:35 PM,21,25,25,23,6,66,88,42.3,1008,28,7,242,3,Laos
2020-12-14,26,20,0.0,6.2,5,0,04:18 AM,05:16 PM,05:00 AM,05:36 PM,21,24,24,23,14,81,91,23.7,1009,26,8,199,7,Laos
2020-12-15,26,20,0.0,6.2,5,0,05:19 AM,06:19 PM,05:00 AM,05:36 PM,21,24,24,22,11,66,90,10.2,1009,26,9,195,6,Laos
2020-12-16,28,20,0.0,6.2,6,5,06:20 AM,07:21 PM,05:00 AM,05:37 PM,21,26,26,24,12,71,88,35.0,1008,28,7,207,6,Laos
2020-12-17,28,20,0.0,8.9,6,12,07:21 AM,08:18 PM,05:01 AM,05:37 PM,21,26,26,24,13,58,85,18.1,1007,28,9,204,7,Laos
2020-12-18,26,20,0.0,6.2,5,20,08:19 AM,09:10 PM,05:01 AM,05:38 PM,21,25,25,23,9,74,90,20.4,1007,26,8,213,5,Laos
2020-12-19,28,20,0.0,7.5,6,27,09:14 AM,09:57 PM,05:02 AM,05:38 PM,20,26,26,24,15,53,82,12.9,1007,28,9,214,8,Laos
2020-12-20,31,20,0.0,7.5,6,34,10:04 AM,10:40 PM,05:02 AM,05:39 PM,20,27,27,25,15,63,77,2.9,1007,31,9,212,9,Laos
2020-12-21,31,20,0.0,11.6,6,41,10:51 AM,11:20 PM,05:03 AM,05:39 PM,19,27,27,25,11,29,73,0.5,1007,31,10,212,7,Laos
2020-12-22,31,20,0.0,8.9,6,49,11:36 AM,11:58 PM,05:03 AM,05:40 PM,20,27,27,25,15,40,76,1.8,1008,31,10,197,9,Laos
2020-12-23,30,20,0.0,10.2,6,56,12:19 PM,No moonset,05:04 AM,05:40 PM,20,26,26,24,17,57,77,1.2,1007,30,10,202,10,Laos
2020-12-24,30,20,0.0,10.2,6,63,01:03 PM,12:35 AM,05:04 AM,05:41 PM,20,26,26,24,13,37,79,9.1,1008,30,9,204,7,Laos
2020-12-25,29,20,0.0,8.9,6,70,01:47 PM,01:13 AM,05:05 AM,05:41 PM,20,26,26,24,9,66,81,11.5,1008,29,9,213,6,Laos
2020-12-26,29,20,0.0,7.5,6,78,02:33 PM,01:52 AM,05:05 AM,05:42 PM,20,25,25,23,7,62,84,26.0,1009,29,9,228,4,Laos
2020-12-27,29,20,0.0,6.2,6,85,03:21 PM,02:33 AM,05:06 AM,05:42 PM,21,25,25,24,7,82,87,34.9,1008,29,7,215,4,Laos
2020-12-28,29,20,0.0,8.9,6,92,04:11 PM,03:18 AM,05:06 AM,05:43 PM,21,27,27,24,10,59,85,21.4,1008,29,8,196,5,Laos
2020-12-29,29,21,0.0,6.2,6,100,05:04 PM,04:06 AM,05:07 AM,05:43 PM,21,27,27,24,10,77,86,26.0,1007,29,8,190,5,Laos
2020-12-30,28,20,0.0,6.2,5,100,05:58 PM,04:58 AM,05:08 AM,05:43 PM,21,25,25,23,11,79,89,31.6,1007,28,8,198,6,Laos
2020-12-31,28,19,0.0,6.2,5,89,06:52 PM,05:52 AM,05:08 AM,05:44 PM,20,24,24,23,10,76,85,34.3,1008,28,8,220,5,Laos
2021-01-01,29,20,0.0,6.2,6,79,07:44 PM,06:48 AM,05:09 AM,05:44 PM,21,27,27,24,4,77,84,42.7,1008,29,8,209,2,Laos
2021-01-02,29,20,0.0,8.9,6,71,08:34 PM,07:43 AM,05:09 AM,05:45 PM,21,27,27,24,9,69,85,22.3,1008,29,8,205,5,Laos
2021-01-03,29,21,0.0,6.2,6,64,09:22 PM,08:37 AM,05:10 AM,05:45 PM,21,27,27,24,7,73,86,40.0,1007,29,7,200,4,Laos
2021-01-04,28,21,0.0,6.2,6,57,10:08 PM,09:31 AM,05:10 AM,05:45 PM,21,26,26,24,8,73,88,59.2,1007,28,7,229,4,Laos
2021-01-05,28,21,0.0,6.2,5,50,10:52 PM,10:22 AM,05:11 AM,05:46 PM,21,26,26,23,7,70,88,30.7,1007,28,8,216,4,Laos
2021-01-06,29,21,0.0,7.5,6,42,11:37 PM,11:15 AM,05:11 AM,05:46 PM,21,26,26,24,5,67,86,23.6,1007,29,8,220,3,Laos
2021-01-07,30,20,0.0,6.2,6,35,No moonrise,12:07 PM,05:12 AM,05:47 PM,21,27,27,25,7,68,80,13.6,1007,30,9,251,4,Laos
2021-01-08,29,21,0.0,7.5,6,28,12:23 AM,01:02 PM,05:12 AM,05:47 PM,20,26,26,24,14,72,81,6.9,1007,29,10,216,8,Laos
2021-01-09,28,20,0.0,6.2,5,20,01:13 AM,01:59 PM,05:13 AM,05:47 PM,21,24,24,23,9,70,87,15.3,1007,28,9,215,5,Laos
2021-01-10,30,21,0.0,7.5,6,13,02:05 AM,02:59 PM,05:13 AM,05:47 PM,22,28,28,25,5,63,84,15.7,1006,30,8,186,3,Laos
2021-01-11,32,21,0.0,7.5,6,6,03:02 AM,04:01 PM,05:14 AM,05:48 PM,22,29,29,26,7,51,80,7.2,1007,32,9,115,4,Laos
2021-01-12,30,21,0.0,7.5,6,0,04:01 AM,05:03 PM,05:14 AM,05:48 PM,22,29,29,25,8,73,83,20.8,1007,30,8,204,4,Laos
2021-01-13,30,21,0.0,7.5,6,0,05:02 AM,06:02 PM,05:15 AM,05:48 PM,21,29,29,25,12,73,83,18.1,1007,30,9,216,6,Laos
2021-01-14,30,21,0.0,6.2,6,1,06:02 AM,06:57 PM,05:15 AM,05:48 PM,21,28,28,25,15,79,83,9.7,1008,30,9,205,9,Laos
2021-01-15,31,21,0.0,8.9,6,8,06:59 AM,07:47 PM,05:16 AM,05:49 PM,21,28,28,25,13,56,80,8.2,1007,31,9,210,8,Laos
2021-01-16,25,20,0.0,6.2,5,16,07:52 AM,08:32 PM,05:16 AM,05:49 PM,20,24,24,23,5,64,86,5.7,1007,25,9,199,3,Laos
2021-01-17,30,20,0.0,8.9,6,23,08:42 AM,09:14 PM,05:17 AM,05:49 PM,20,26,26,24,5,65,80,6.6,1007,30,9,240,3,Laos
2021-01-18,28,20,0.0,7.5,6,30,09:29 AM,09:54 PM,05:17 AM,05:49 PM,20,25,25,23,7,63,83,6.4,1008,28,10,213,4,Laos
2021-01-19,25,20,0.0,8.9,5,38,10:13 AM,10:31 PM,05:18 AM,05:49 PM,20,23,23,22,4,76,90,15.3,1008,25,9,219,2,Laos
2021-01-20,27,18,0.0,11.6,6,45,10:57 AM,11:09 PM,05:18 AM,05:50 PM,22,26,26,24,7,59,86,6.0,1008,27,10,209,5,Laos
2021-01-21,28,22,0.0,8.9,6,52,11:41 AM,11:48 PM,05:19 AM,05:50 PM,21,27,27,25,6,64,81,1.2,1008,28,10,221,4,Laos
2021-01-22,31,21,0.0,7.5,6,59,12:26 PM,No moonset,05:19 AM,05:50 PM,20,29,29,26,7,58,75,6.6,1008,31,10,224,4,Laos
2021-01-23,30,20,0.0,10.2,6,67,01:13 PM,12:28 AM,05:19 AM,05:50 PM,19,27,27,24,4,66,77,11.7,1008,30,9,168,3,Laos
2021-01-24,28,20,0.0,8.9,6,74,02:02 PM,01:11 AM,05:20 AM,05:50 PM,20,26,26,24,5,58,80,11.9,1009,28,9,252,3,Laos
2021-01-25,29,21,0.0,7.5,6,81,02:54 PM,01:58 AM,05:20 AM,05:50 PM,20,27,27,25,7,62,77,13.2,1009,29,9,226,4,Laos
2021-01-26,30,20,0.0,6.1,6,88,03:47 PM,02:48 AM,05:21 AM,05:50 PM,20,26,26,24,5,68,77,7.7,1008,30,9,243,3,Laos
2021-01-27,28,20,0.0,6.1,6,96,04:41 PM,03:42 AM,05:21 AM,05:50 PM,20,26,26,24,4,77,83,9.5,1006,28,9,256,2,Laos
2021-01-28,28,20,0.0,7.5,5,100,05:36 PM,04:37 AM,05:21 AM,05:50 PM,21,25,25,23,6,65,87,31.9,1007,28,8,223,3,Laos
2021-01-29,27,20,0.0,7.5,5,90,06:27 PM,05:34 AM,05:22 AM,05:50 PM,21,24,24,22,6,66,91,21.1,1007,27,8,256,3,Laos
2021-01-30,27,20,0.0,8.9,5,82,07:18 PM,06:30 AM,05:22 AM,05:50 PM,21,24,24,23,3,65,91,64.2,1008,27,7,238,2,Laos
2021-01-31,29,20,0.0,7.5,6,79,08:05 PM,07:25 AM,05:22 AM,05:50 PM,21,26,26,24,5,72,85,17.2,1009,29,9,257,3,Laos
2021-02-01,30,20,0.0,8.9,6,63,08:51 PM,08:18 AM,05:23 AM,05:50 PM,20,27,27,24,5,70,83,10.9,1009,30,9,213,3,Laos
2021-02-02,31,20,0.0,6.1,6,55,09:36 PM,09:11 AM,05:23 AM,05:50 PM,21,27,27,24,5,72,84,23.8,1008,31,8,171,3,Laos
2021-02-03,28,20,0.0,6.1,5,48,10:22 PM,10:04 AM,05:23 AM,05:50 PM,21,25,25,23,5,76,92,61.8,1008,28,7,107,3,Laos
2021-02-04,29,20,0.0,6.1,6,40,11:10 PM,10:58 AM,05:24 AM,05:50 PM,21,25,25,23,5,73,90,54.4,1008,29,6,92,3,Laos
2021-02-05,29,20,0.0,6.1,6,33,12:00 AM,11:53 AM,05:24 AM,05:50 PM,22,26,26,24,4,73,89,34.9,1008,29,7,217,2,Laos
2021-02-06,29,20,0.0,6.1,6,25,No moonrise,12:51 PM,05:24 AM,05:50 PM,22,27,27,24,4,70,89,31.1,1007,29,8,164,2,Laos
2021-02-07,30,20,0.0,6.1,6,18,12:54 AM,01:50 PM,05:25 AM,05:49 PM,22,28,28,25,4,69,86,27.9,1007,30,8,225,2,Laos
