date_time,Lebanon_maxtempC,Lebanon_mintempC,Lebanon_totalSnow_cm,Lebanon_sunHour,Lebanon_uvIndex,Lebanon_moon_illumination,Lebanon_moonrise,Lebanon_moonset,Lebanon_sunrise,Lebanon_sunset,Lebanon_DewPointC,Lebanon_FeelsLikeC,Lebanon_HeatIndexC,Lebanon_WindChillC,Lebanon_WindGustKmph,Lebanon_cloudcover,Lebanon_humidity,Lebanon_precipMM,Lebanon_pressure,Lebanon_tempC,Lebanon_visibility,Lebanon_winddirDegree,Lebanon_windspeedKmph,Lebanon_location
2020-01-01,15,12,0.0,3.7,3,37,10:52 AM,10:31 PM,06:43 AM,04:39 PM,7,12,13,12,22,77,67,8.9,1017,15,9,179,15,Lebanon
2020-01-02,16,13,0.0,3.7,3,44,11:21 AM,11:26 PM,06:43 AM,04:40 PM,7,13,14,13,14,81,64,8.6,1015,16,10,228,10,Lebanon
2020-01-03,14,9,0.0,3.7,3,51,11:49 AM,No moonset,06:43 AM,04:41 PM,6,10,12,10,33,79,65,25.1,1015,14,8,165,24,Lebanon
2020-01-04,13,9,0.0,3.7,3,59,12:16 PM,12:20 AM,06:43 AM,04:42 PM,7,9,12,9,30,82,71,24.2,1013,13,8,180,21,Lebanon
2020-01-05,14,8,0.0,3.8,3,66,12:46 PM,01:15 AM,06:43 AM,04:43 PM,8,11,13,11,27,77,75,28.9,1013,14,8,196,16,Lebanon
2020-01-06,17,9,0.0,8.7,3,73,01:19 PM,02:12 AM,06:44 AM,04:43 PM,5,13,14,13,26,42,54,6.6,1015,17,10,177,17,Lebanon
2020-01-07,15,9,0.0,5.4,3,80,01:57 PM,03:12 AM,06:44 AM,04:44 PM,4,11,13,11,39,51,56,6.5,1013,15,10,173,27,Lebanon
2020-01-08,13,11,0.0,3.8,3,88,02:40 PM,04:13 AM,06:44 AM,04:45 PM,8,9,12,9,47,91,75,32.0,1009,13,8,191,31,Lebanon
2020-01-09,13,11,0.0,3.8,3,95,03:31 PM,05:15 AM,06:44 AM,04:46 PM,8,10,12,10,27,76,76,19.8,1010,13,9,180,17,Lebanon
2020-01-10,14,6,0.0,3.8,3,100,04:28 PM,06:16 AM,06:44 AM,04:47 PM,6,11,12,11,13,74,63,9.4,1016,14,9,203,9,Lebanon
2020-01-11,14,11,0.0,8.7,3,100,05:33 PM,07:14 AM,06:44 AM,04:48 PM,5,12,13,12,11,41,60,0.2,1022,14,10,120,7,Lebanon
2020-01-12,15,7,0.0,3.8,3,83,06:41 PM,08:05 AM,06:43 AM,04:49 PM,7,12,13,12,21,84,68,4.5,1022,15,10,191,14,Lebanon
2020-01-13,15,11,0.0,3.8,3,76,07:51 PM,08:52 AM,06:43 AM,04:50 PM,9,14,14,14,11,73,73,7.4,1021,15,10,216,7,Lebanon
2020-01-14,16,9,0.0,8.7,5,69,09:00 PM,09:33 AM,06:43 AM,04:50 PM,6,13,14,13,11,4,58,0.0,1024,16,10,127,8,Lebanon
2020-01-15,18,10,0.0,8.7,4,61,10:07 PM,10:09 AM,06:43 AM,04:51 PM,6,15,16,15,13,47,53,0.1,1021,18,10,117,8,Lebanon
2020-01-16,19,11,0.0,7.1,4,54,11:14 PM,10:44 AM,06:43 AM,04:52 PM,7,16,16,16,16,37,52,0.2,1016,19,10,140,10,Lebanon
2020-01-17,16,13,0.0,3.8,4,47,No moonrise,11:18 AM,06:42 AM,04:53 PM,5,15,15,15,10,70,52,1.8,1014,16,10,217,7,Lebanon
2020-01-18,13,8,0.0,3.8,3,40,12:19 AM,11:53 AM,06:42 AM,04:54 PM,8,12,12,12,8,72,74,8.0,1015,13,10,213,6,Lebanon
2020-01-19,15,6,0.0,3.8,3,32,01:25 AM,12:29 PM,06:42 AM,04:55 PM,8,11,13,11,27,84,71,18.0,1017,15,9,194,18,Lebanon
2020-01-20,14,10,0.0,3.8,3,25,02:29 AM,01:10 PM,06:41 AM,04:56 PM,8,10,12,10,35,83,77,37.6,1020,14,7,215,19,Lebanon
2020-01-21,11,6,0.0,3.8,3,18,03:33 AM,01:54 PM,06:41 AM,04:57 PM,4,9,10,9,20,74,65,11.3,1019,11,9,157,13,Lebanon
2020-01-22,14,4,0.0,8.7,4,11,04:34 AM,02:44 PM,06:41 AM,04:58 PM,4,9,11,9,18,21,60,0.6,1021,14,10,105,12,Lebanon
2020-01-23,13,4,0.0,3.8,3,3,05:31 AM,03:38 PM,06:40 AM,04:59 PM,5,9,11,9,23,66,63,4.0,1019,13,10,180,16,Lebanon
2020-01-24,11,4,0.0,4.0,3,0,06:22 AM,04:34 PM,06:40 AM,05:00 PM,3,7,10,7,47,67,59,18.4,1018,11,8,199,33,Lebanon
2020-01-25,14,3,0.0,8.7,4,0,07:07 AM,05:32 PM,06:39 AM,05:01 PM,1,10,11,10,11,0,46,0.0,1028,14,10,197,8,Lebanon
2020-01-26,13,7,0.0,8.7,4,4,07:47 AM,06:29 PM,06:39 AM,05:02 PM,3,12,12,12,8,14,54,0.0,1028,13,10,150,6,Lebanon
2020-01-27,14,7,0.0,8.7,3,11,08:21 AM,07:26 PM,06:38 AM,05:03 PM,6,12,12,12,7,35,65,0.0,1025,14,10,178,5,Lebanon
2020-01-28,15,11,0.0,8.7,3,18,08:52 AM,08:21 PM,06:38 AM,05:04 PM,8,13,13,13,9,42,69,0.2,1019,15,10,175,6,Lebanon
2020-01-29,15,12,0.0,4.0,3,26,09:22 AM,09:16 PM,06:37 AM,05:05 PM,9,13,14,13,18,79,74,11.9,1019,15,9,195,13,Lebanon
2020-01-30,15,9,0.0,4.0,3,33,09:49 AM,10:10 PM,06:36 AM,05:06 PM,9,11,13,11,26,73,72,4.4,1021,15,10,184,18,Lebanon
2020-01-31,15,8,0.0,4.0,3,37,10:17 AM,11:04 PM,06:36 AM,05:07 PM,6,10,13,10,47,83,64,20.2,1014,15,8,266,29,Lebanon
2020-02-01,14,11,0.0,4.0,3,49,10:45 AM,12:00 AM,06:35 AM,05:08 PM,4,11,13,11,19,55,57,2.1,1018,14,10,258,13,Lebanon
2020-02-02,16,9,0.0,8.7,5,57,11:16 AM,No moonset,06:34 AM,05:09 PM,8,14,15,14,6,18,65,1.2,1021,16,10,240,4,Lebanon
2020-02-03,15,13,0.0,4.0,3,64,11:50 AM,12:57 AM,06:34 AM,05:10 PM,8,14,14,14,8,63,69,0.0,1021,15,10,107,6,Lebanon
2020-02-04,15,10,0.0,5.6,3,72,12:29 PM,01:56 AM,06:33 AM,05:11 PM,8,13,13,13,15,42,69,0.0,1018,15,10,230,10,Lebanon
2020-02-05,17,8,0.0,8.7,4,79,01:16 PM,02:57 AM,06:32 AM,05:12 PM,9,14,14,14,29,37,67,0.8,1014,17,10,198,19,Lebanon
2020-02-06,19,9,0.0,8.7,4,87,02:09 PM,03:58 AM,06:31 AM,05:13 PM,8,15,16,15,37,23,57,1.1,1013,19,10,178,24,Lebanon
2020-02-07,13,5,0.0,4.1,3,95,03:11 PM,04:57 AM,06:30 AM,05:14 PM,8,9,12,9,52,88,75,38.3,1013,13,7,213,32,Lebanon
2020-02-08,12,6,0.0,4.1,3,100,04:18 PM,05:52 AM,06:30 AM,05:15 PM,4,7,11,7,67,76,65,30.7,1014,12,8,265,39,Lebanon
2020-02-09,8,7,0.0,4.1,2,100,05:30 PM,06:41 AM,06:29 AM,05:16 PM,1,5,7,5,16,90,65,4.1,1025,8,7,282,13,Lebanon
2020-02-10,7,5,0.0,4.1,2,83,06:41 PM,07:26 AM,06:28 AM,05:17 PM,-1,3,6,3,18,85,63,3.3,1026,7,9,114,13,Lebanon
2020-02-11,10,2,0.0,5.6,2,75,07:52 PM,08:05 AM,06:27 AM,05:18 PM,1,7,9,7,13,66,57,0.6,1025,10,10,144,9,Lebanon
2020-02-12,14,8,0.0,4.1,3,68,09:02 PM,08:42 AM,06:26 AM,05:19 PM,9,10,12,10,27,85,78,5.4,1022,14,9,174,18,Lebanon
2020-02-13,16,12,0.0,8.7,5,60,10:10 PM,09:18 AM,06:25 AM,05:20 PM,8,14,14,14,15,34,65,0.0,1022,16,10,181,10,Lebanon
2020-02-14,16,13,0.0,7.2,4,53,11:17 PM,09:53 AM,06:24 AM,05:21 PM,8,14,15,14,13,58,66,0.2,1023,16,10,107,8,Lebanon
2020-02-15,17,14,0.0,8.7,5,45,No moonrise,10:30 AM,06:23 AM,05:22 PM,7,15,16,15,13,29,58,0.0,1017,17,10,171,8,Lebanon
2020-02-16,15,9,0.0,5.7,3,38,12:23 AM,11:09 AM,06:22 AM,05:23 PM,9,14,14,14,10,77,69,6.7,1015,15,10,201,7,Lebanon
2020-02-17,15,13,0.0,8.7,4,30,01:27 AM,11:53 AM,06:21 AM,05:23 PM,9,14,14,14,6,41,73,0.6,1018,15,10,173,5,Lebanon
2020-02-18,17,14,0.0,8.7,4,22,02:29 AM,12:40 PM,06:20 AM,05:24 PM,7,15,15,15,15,37,58,0.2,1017,17,10,186,10,Lebanon
2020-02-19,15,13,0.0,4.1,3,15,03:26 AM,01:32 PM,06:19 AM,05:25 PM,9,13,14,13,17,70,71,4.5,1014,15,10,143,11,Lebanon
2020-02-20,15,7,0.0,4.2,3,7,04:18 AM,02:27 PM,06:18 AM,05:26 PM,9,12,14,12,20,78,73,3.7,1016,15,9,185,14,Lebanon
2020-02-21,17,13,0.0,8.7,4,0,05:05 AM,03:24 PM,06:17 AM,05:27 PM,8,14,14,14,32,50,65,9.7,1014,17,9,182,24,Lebanon
2020-02-22,15,12,0.0,4.2,3,0,05:46 AM,04:21 PM,06:16 AM,05:28 PM,8,12,13,12,33,80,71,16.1,1014,15,9,188,23,Lebanon
2020-02-23,15,12,0.0,4.2,3,0,06:21 AM,05:18 PM,06:14 AM,05:29 PM,7,12,13,12,19,76,67,2.9,1018,15,9,186,13,Lebanon
2020-02-24,16,12,0.0,7.2,3,0,06:53 AM,06:14 PM,06:13 AM,05:30 PM,8,14,14,14,13,47,68,1.1,1015,16,10,132,9,Lebanon
2020-02-25,17,10,0.0,5.7,4,8,07:23 AM,07:09 PM,06:12 AM,05:31 PM,10,14,15,14,9,33,68,0.4,1012,17,10,207,7,Lebanon
2020-02-26,16,9,0.0,8.7,4,15,07:51 AM,08:03 PM,06:11 AM,05:32 PM,10,14,14,14,17,20,74,0.1,1017,16,10,237,12,Lebanon
2020-02-27,17,13,0.0,7.2,4,23,08:18 AM,08:57 PM,06:10 AM,05:32 PM,9,14,15,14,9,39,68,0.0,1019,17,10,226,6,Lebanon
2020-02-28,18,12,0.0,7.2,4,30,08:46 AM,09:52 PM,06:09 AM,05:33 PM,8,14,15,14,21,36,62,4.5,1014,18,10,207,15,Lebanon
2020-02-29,15,12,0.0,4.2,3,38,09:16 AM,10:47 PM,06:07 AM,05:34 PM,8,12,14,12,43,67,68,14.2,1011,15,10,214,28,Lebanon
2020-03-01,14,8,0.0,5.7,3,44,09:48 AM,11:45 PM,06:06 AM,05:35 PM,6,11,13,11,28,60,66,24.1,1013,14,8,275,17,Lebanon
2020-03-02,15,11,0.0,5.7,3,51,10:24 AM,No moonset,06:05 AM,05:36 PM,8,12,13,12,21,49,69,0.6,1019,15,10,196,15,Lebanon
2020-03-03,16,12,0.0,8.7,4,58,11:06 AM,12:43 AM,06:04 AM,05:37 PM,9,14,14,14,15,3,71,0.0,1020,16,10,139,10,Lebanon
2020-03-04,21,12,0.0,7.2,4,65,11:54 AM,01:43 AM,06:02 AM,05:37 PM,9,18,19,18,12,20,52,0.0,1015,21,10,169,7,Lebanon
2020-03-05,22,14,0.0,8.7,5,73,12:50 PM,02:41 AM,06:01 AM,05:38 PM,8,20,21,20,9,24,45,0.0,1011,22,10,140,5,Lebanon
2020-03-06,17,6,0.0,8.6,3,80,01:54 PM,03:37 AM,06:00 AM,05:39 PM,9,13,14,13,20,62,67,15.1,1009,17,9,136,15,Lebanon
2020-03-07,17,8,0.0,8.8,4,87,03:03 PM,04:28 AM,05:59 AM,05:40 PM,11,14,15,14,7,37,73,3.3,1017,17,10,276,5,Lebanon
2020-03-08,18,10,0.0,11.6,4,95,04:14 PM,05:15 AM,05:57 AM,05:41 PM,12,16,16,16,15,12,72,0.0,1020,18,10,127,9,Lebanon
2020-03-09,23,12,0.0,7.3,5,100,05:27 PM,05:57 AM,05:56 AM,05:41 PM,10,20,20,20,15,50,52,0.0,1014,23,10,136,8,Lebanon
2020-03-10,17,14,0.0,8.8,4,100,06:39 PM,06:35 AM,05:55 AM,05:42 PM,11,17,17,17,17,35,71,0.0,1015,17,10,159,12,Lebanon
2020-03-11,18,13,0.0,10.2,4,84,07:50 PM,07:12 AM,05:54 AM,05:43 PM,12,16,16,16,27,44,73,0.0,1014,18,10,13,18,Lebanon
2020-03-12,25,12,0.0,11.6,6,76,09:01 PM,07:48 AM,05:52 AM,05:44 PM,10,22,22,21,35,47,48,0.3,1007,25,10,43,17,Lebanon
2020-03-13,19,8,0.0,6.0,4,69,10:10 PM,08:26 AM,05:51 AM,05:45 PM,10,16,16,16,47,82,65,9.0,1001,19,9,115,34,Lebanon
2020-03-14,17,8,0.0,6.0,4,62,11:18 PM,09:06 AM,05:50 AM,05:45 PM,12,15,15,15,12,77,79,4.6,1007,17,9,249,9,Lebanon
2020-03-15,17,10,0.0,11.6,5,55,No moonrise,09:49 AM,05:48 AM,05:46 PM,13,15,16,15,11,11,81,0.0,1015,17,10,230,8,Lebanon
2020-03-16,18,12,0.0,11.6,5,47,12:22 AM,10:36 AM,05:47 AM,05:47 PM,13,16,17,16,12,12,77,0.0,1013,18,10,227,9,Lebanon
2020-03-17,17,12,0.0,8.8,3,40,01:23 AM,11:28 AM,05:46 AM,05:48 PM,10,14,15,14,31,42,73,11.9,1009,17,9,208,22,Lebanon
2020-03-18,13,9,0.0,6.0,3,33,02:16 AM,12:22 PM,05:44 AM,05:48 PM,7,10,12,10,32,85,73,20.9,1008,13,8,245,22,Lebanon
2020-03-19,15,12,0.0,7.4,3,25,03:05 AM,01:19 PM,05:43 AM,05:49 PM,7,11,13,11,38,80,66,11.0,1012,15,9,205,28,Lebanon
2020-03-20,12,4,0.0,6.0,3,18,03:47 AM,02:16 PM,05:42 AM,05:50 PM,5,8,10,8,13,73,66,11.7,1013,12,9,198,11,Lebanon
2020-03-21,13,6,0.0,11.6,3,11,04:23 AM,03:13 PM,05:40 AM,05:51 PM,4,10,12,10,13,38,57,0.3,1012,13,10,136,10,Lebanon
2020-03-22,17,12,0.0,11.6,5,4,04:56 AM,04:08 PM,05:39 AM,05:52 PM,6,14,15,14,8,15,57,0.1,1016,17,10,153,7,Lebanon
2020-03-23,17,13,0.0,11.6,5,0,05:26 AM,05:03 PM,05:38 AM,05:52 PM,7,15,15,15,11,10,58,0.0,1014,17,10,206,8,Lebanon
2020-03-24,20,14,0.0,11.6,5,0,05:54 AM,05:58 PM,05:36 AM,05:53 PM,10,17,18,17,22,21,60,0.2,1007,20,10,164,14,Lebanon
2020-03-25,17,13,0.0,11.6,5,3,06:21 AM,06:52 PM,05:35 AM,05:54 PM,11,16,16,16,15,13,75,0.1,1011,17,10,214,12,Lebanon
2020-03-26,19,12,0.0,11.6,5,11,06:49 AM,07:47 PM,05:34 AM,05:54 PM,10,16,16,16,13,22,65,0.0,1009,19,10,223,9,Lebanon
2020-03-27,18,11,0.0,10.2,4,18,07:18 AM,08:42 PM,05:32 AM,05:55 PM,11,16,16,16,15,40,70,1.3,1009,18,8,249,10,Lebanon
2020-03-28,17,14,0.0,6.1,4,25,07:49 AM,09:39 PM,05:31 AM,05:56 PM,12,15,16,15,17,60,78,2.2,1013,17,9,232,13,Lebanon
2020-03-29,16,13,0.0,7.5,3,32,08:22 AM,10:36 PM,05:29 AM,05:57 PM,10,13,14,13,37,71,75,9.4,1012,16,10,210,26,Lebanon
2020-03-30,18,11,0.0,6.1,4,40,09:02 AM,11:34 PM,05:28 AM,05:57 PM,10,15,16,15,29,79,68,6.5,1012,18,10,202,19,Lebanon
2020-03-31,23,12,0.0,10.2,5,44,09:47 AM,No moonset,05:27 AM,05:58 PM,9,19,20,19,38,50,53,0.1,1008,23,10,146,21,Lebanon
2020-04-01,17,15,0.0,8.9,4,56,10:38 AM,12:31 AM,05:25 AM,05:59 PM,12,16,16,16,33,70,78,6.7,1009,17,10,205,24,Lebanon
2020-04-02,17,11,0.0,12.8,5,64,11:37 AM,01:27 AM,05:24 AM,06:00 PM,11,14,15,14,22,33,74,2.6,1014,17,10,210,17,Lebanon
2020-04-03,18,12,0.0,12.8,5,71,12:41 PM,02:18 AM,05:23 AM,06:00 PM,9,15,16,15,24,12,63,0.0,1015,18,10,206,18,Lebanon
2020-04-04,19,13,0.0,12.8,5,79,01:50 PM,03:05 AM,05:21 AM,06:01 PM,11,17,18,17,16,17,64,0.0,1017,19,10,176,11,Lebanon
2020-04-05,27,16,0.0,10.6,5,87,03:00 PM,03:48 AM,05:20 AM,06:02 PM,10,22,22,21,36,52,50,0.0,1012,27,10,147,20,Lebanon
2020-04-06,18,16,0.0,12.8,5,94,04:12 PM,04:27 AM,05:19 AM,06:03 PM,13,17,17,17,16,39,80,0.1,1015,18,10,221,13,Lebanon
2020-04-07,17,12,0.0,12.9,4,100,05:24 PM,05:04 AM,05:17 AM,06:03 PM,10,15,16,15,10,32,66,0.1,1014,17,10,240,8,Lebanon
2020-04-08,17,15,0.0,12.9,5,100,06:35 PM,05:41 AM,05:16 AM,06:04 PM,9,16,16,16,10,14,65,0.0,1015,17,10,242,8,Lebanon
2020-04-09,17,13,0.0,10.6,4,83,07:48 PM,06:17 AM,05:15 AM,06:05 PM,11,15,16,15,15,47,72,0.9,1013,17,10,213,12,Lebanon
2020-04-10,16,11,0.0,8.1,3,76,08:58 PM,06:57 AM,05:13 AM,06:06 PM,10,13,14,13,29,79,75,18.0,1011,16,8,201,19,Lebanon
2020-04-11,16,11,0.0,8.1,4,68,10:07 PM,07:40 AM,05:12 AM,06:06 PM,11,14,15,14,27,73,78,13.8,1013,16,9,201,18,Lebanon
2020-04-12,20,15,0.0,13.0,5,61,11:12 PM,08:27 AM,05:11 AM,06:07 PM,13,17,18,17,10,1,75,0.0,1017,20,10,219,9,Lebanon
2020-04-13,20,14,0.0,13.0,5,53,No moonrise,09:19 AM,05:10 AM,06:08 PM,10,18,18,18,9,3,59,0.0,1017,20,10,179,7,Lebanon
2020-04-14,19,16,0.0,13.0,5,46,12:11 AM,10:14 AM,05:08 AM,06:09 PM,11,18,18,18,21,0,66,0.0,1016,19,10,96,14,Lebanon
2020-04-15,20,16,0.0,13.0,4,38,01:02 AM,11:12 AM,05:07 AM,06:09 PM,12,18,18,18,12,24,67,0.0,1017,20,10,218,8,Lebanon
2020-04-16,22,18,0.0,13.0,5,30,01:47 AM,12:09 PM,05:06 AM,06:10 PM,11,20,21,20,12,49,57,2.1,1011,22,10,123,8,Lebanon
2020-04-17,19,16,0.0,12.0,4,23,02:25 AM,01:07 PM,05:05 AM,06:11 PM,13,17,18,17,25,55,75,2.7,1010,19,10,210,17,Lebanon
2020-04-18,21,12,0.0,13.1,6,15,02:59 AM,02:03 PM,05:03 AM,06:12 PM,14,19,19,19,9,11,73,0.0,1013,21,10,208,6,Lebanon
2020-04-19,21,18,0.0,13.1,6,8,03:30 AM,02:58 PM,05:02 AM,06:12 PM,14,19,20,19,25,8,69,0.0,1012,21,10,52,15,Lebanon
2020-04-20,21,18,0.0,13.1,6,0,03:58 AM,03:53 PM,05:01 AM,06:13 PM,13,20,20,20,27,9,67,0.0,1010,21,10,95,16,Lebanon
2020-04-21,22,19,0.0,13.1,6,0,04:25 AM,04:46 PM,05:00 AM,06:14 PM,13,21,22,21,12,10,60,0.0,1011,22,10,168,7,Lebanon
2020-04-22,26,20,0.0,13.6,6,0,04:52 AM,05:41 PM,04:59 AM,06:15 PM,12,25,25,23,11,5,52,0.0,1007,26,10,269,7,Lebanon
2020-04-23,20,17,0.0,13.6,5,0,05:21 AM,06:36 PM,04:57 AM,06:15 PM,14,19,19,19,30,7,74,0.0,1009,20,10,208,25,Lebanon
2020-04-24,20,13,0.0,12.1,4,7,05:51 AM,07:33 PM,04:56 AM,06:16 PM,13,18,18,18,25,34,71,0.1,1006,20,10,185,20,Lebanon
2020-04-25,17,11,0.0,8.5,4,15,06:23 AM,08:31 PM,04:55 AM,06:17 PM,13,15,16,15,33,76,79,20.9,1006,17,8,217,21,Lebanon
2020-04-26,18,12,0.0,10.9,4,22,07:01 AM,09:30 PM,04:54 AM,06:18 PM,11,16,16,16,25,59,69,5.9,1011,18,10,211,19,Lebanon
2020-04-27,18,13,0.0,13.7,5,30,07:44 AM,10:27 PM,04:53 AM,06:18 PM,11,17,17,17,8,12,64,0.0,1012,18,10,230,7,Lebanon
2020-04-28,19,17,0.0,13.7,5,37,08:33 AM,11:22 PM,04:52 AM,06:19 PM,12,17,17,17,18,2,71,0.0,1011,19,10,123,14,Lebanon
2020-04-29,20,17,0.0,13.7,5,45,09:29 AM,No moonset,04:51 AM,06:20 PM,13,18,18,18,11,10,72,0.0,1012,20,10,221,9,Lebanon
2020-04-30,19,18,0.0,13.7,5,52,10:29 AM,12:14 AM,04:50 AM,06:21 PM,13,18,18,18,12,12,72,0.0,1014,19,10,209,10,Lebanon
2020-05-01,20,13,0.0,13.7,5,58,11:34 AM,01:01 AM,04:49 AM,06:22 PM,13,18,19,18,17,15,69,0.0,1012,20,10,230,14,Lebanon
2020-05-02,20,18,0.0,12.1,4,65,12:41 PM,01:44 AM,04:48 AM,06:22 PM,13,18,18,18,14,35,71,0.0,1011,20,10,220,11,Lebanon
2020-05-03,20,15,0.0,13.8,5,72,01:51 PM,02:22 AM,04:47 AM,06:23 PM,12,18,18,18,17,18,68,0.0,1011,20,10,225,13,Lebanon
2020-05-04,20,15,0.0,13.8,4,80,03:00 PM,02:59 AM,04:46 AM,06:24 PM,13,18,19,18,13,21,68,0.0,1010,20,10,244,10,Lebanon
2020-05-05,19,15,0.0,9.8,4,87,04:10 PM,03:34 AM,04:45 AM,06:25 PM,12,17,17,17,15,60,71,15.8,1009,19,9,249,11,Lebanon
2020-05-06,19,16,0.0,8.6,4,94,05:22 PM,04:10 AM,04:44 AM,06:25 PM,13,17,17,17,30,73,75,7.1,1010,19,10,194,21,Lebanon
2020-05-07,20,16,0.0,13.8,5,100,06:33 PM,04:47 AM,04:43 AM,06:26 PM,13,18,18,18,24,9,72,0.1,1013,20,10,209,18,Lebanon
2020-05-08,23,17,0.0,13.9,6,100,07:45 PM,05:29 AM,04:42 AM,06:27 PM,13,23,23,22,9,6,58,0.0,1011,23,10,281,6,Lebanon
2020-05-09,21,17,0.0,13.3,4,84,08:53 PM,06:14 AM,04:41 AM,06:28 PM,13,19,20,19,23,39,66,0.7,1008,21,10,193,16,Lebanon
2020-05-10,20,15,0.0,13.9,5,77,09:57 PM,07:05 AM,04:40 AM,06:28 PM,14,19,19,19,18,3,71,0.0,1014,20,10,218,14,Lebanon
2020-05-11,22,15,0.0,13.9,6,70,10:54 PM,08:00 AM,04:40 AM,06:29 PM,15,20,22,20,7,0,67,0.0,1017,22,10,242,6,Lebanon
2020-05-12,25,20,0.0,13.9,6,62,11:43 PM,08:59 AM,04:39 AM,06:30 PM,13,23,23,22,21,0,55,0.0,1017,25,10,98,12,Lebanon
2020-05-13,26,22,0.0,13.9,7,55,No moonrise,09:58 AM,04:38 AM,06:31 PM,12,25,25,24,27,0,48,0.0,1014,26,10,55,14,Lebanon
2020-05-14,26,23,0.0,13.9,7,48,12:24 AM,10:57 AM,04:37 AM,06:31 PM,13,26,26,25,26,0,49,0.0,1011,26,10,98,14,Lebanon
2020-05-15,29,22,0.0,14.0,7,40,01:01 AM,11:55 AM,04:36 AM,06:32 PM,13,26,26,25,23,0,47,0.0,1011,29,10,140,12,Lebanon
2020-05-16,32,22,0.0,14.0,8,33,01:33 AM,12:51 PM,04:36 AM,06:33 PM,13,28,28,28,16,0,38,0.0,1011,32,10,135,9,Lebanon
2020-05-17,32,24,0.0,14.0,8,26,02:01 AM,01:46 PM,04:35 AM,06:34 PM,13,29,29,29,30,0,37,0.0,1012,32,10,21,15,Lebanon
2020-05-18,32,25,0.0,14.0,8,19,02:29 AM,02:40 PM,04:34 AM,06:34 PM,13,29,29,29,30,0,36,0.0,1012,32,10,37,15,Lebanon
2020-05-19,33,25,0.0,14.0,8,11,02:56 AM,03:35 PM,04:34 AM,06:35 PM,13,30,30,30,22,2,36,0.0,1011,33,10,105,11,Lebanon
2020-05-20,33,27,0.0,14.0,8,4,03:23 AM,04:29 PM,04:33 AM,06:36 PM,14,30,30,30,16,0,38,0.0,1010,33,10,140,9,Lebanon
2020-05-21,33,27,0.0,14.0,8,0,03:53 AM,05:26 PM,04:33 AM,06:37 PM,14,30,30,30,13,0,39,0.0,1008,33,10,187,7,Lebanon
2020-05-22,26,21,0.0,13.4,5,0,04:24 AM,06:24 PM,04:32 AM,06:37 PM,17,26,26,25,19,17,64,0.0,1010,26,10,212,14,Lebanon
2020-05-23,23,19,0.0,8.8,5,3,05:00 AM,07:23 PM,04:31 AM,06:38 PM,17,21,23,21,34,62,76,3.0,1012,23,10,207,26,Lebanon
2020-05-24,20,17,0.0,9.9,4,10,05:42 AM,08:22 PM,04:31 AM,06:39 PM,11,19,20,19,25,66,59,12.8,1009,20,9,226,17,Lebanon
2020-05-25,23,17,0.0,14.1,6,17,06:29 AM,09:19 PM,04:30 AM,06:39 PM,11,23,23,21,19,4,51,0.0,1013,23,10,244,16,Lebanon
2020-05-26,23,18,0.0,11.1,5,25,07:24 AM,10:12 PM,04:30 AM,06:40 PM,14,23,23,21,15,50,60,0.0,1015,23,10,154,10,Lebanon
2020-05-27,24,18,0.0,14.1,6,32,08:23 AM,11:00 PM,04:30 AM,06:41 PM,17,24,24,22,9,0,67,0.0,1013,24,10,283,7,Lebanon
2020-05-28,21,19,0.0,14.1,6,39,09:26 AM,11:44 PM,04:29 AM,06:41 PM,15,21,22,21,14,17,70,0.0,1014,21,10,241,12,Lebanon
2020-05-29,20,13,0.0,14.1,4,47,10:32 AM,No moonset,04:29 AM,06:42 PM,12,18,19,18,16,23,63,0.1,1015,20,10,227,14,Lebanon
2020-05-30,22,16,0.0,14.2,6,54,11:39 AM,12:22 AM,04:28 AM,06:43 PM,13,21,23,21,8,3,61,0.0,1017,22,10,295,7,Lebanon
2020-05-31,22,17,0.0,14.2,6,58,12:45 PM,12:59 AM,04:28 AM,06:43 PM,14,20,21,20,13,0,64,0.0,1015,22,10,224,11,Lebanon
2020-06-01,23,20,0.0,14.2,6,71,01:53 PM,01:33 AM,04:28 AM,06:44 PM,13,23,23,22,11,6,58,0.0,1012,23,10,224,8,Lebanon
2020-06-02,26,16,0.0,14.2,6,79,03:01 PM,02:07 AM,04:28 AM,06:44 PM,15,24,24,23,26,14,60,0.0,1007,26,10,171,18,Lebanon
2020-06-03,22,15,0.0,14.2,6,86,04:11 PM,02:42 AM,04:27 AM,06:45 PM,14,20,21,20,17,18,66,0.6,1011,22,10,228,14,Lebanon
2020-06-04,24,18,0.0,14.2,6,94,05:22 PM,03:20 AM,04:27 AM,06:46 PM,14,21,23,21,12,6,63,0.0,1013,24,10,276,9,Lebanon
2020-06-05,23,20,0.0,14.2,6,100,06:31 PM,04:03 AM,04:27 AM,06:46 PM,15,23,23,22,24,0,69,0.0,1014,23,10,95,17,Lebanon
2020-06-06,26,20,0.0,14.2,6,100,07:39 PM,04:51 AM,04:27 AM,06:47 PM,15,25,25,24,20,0,59,0.0,1012,26,10,179,13,Lebanon
2020-06-07,27,21,0.0,14.2,7,84,08:40 PM,05:45 AM,04:27 AM,06:47 PM,17,26,26,25,10,8,59,0.0,1009,27,10,329,7,Lebanon
2020-06-08,25,20,0.0,14.2,6,76,09:34 PM,06:42 AM,04:26 AM,06:48 PM,17,25,25,24,13,17,64,0.1,1007,25,10,211,10,Lebanon
2020-06-09,24,22,0.0,14.2,6,69,10:19 PM,07:43 AM,04:26 AM,06:48 PM,18,25,25,23,12,0,72,0.0,1009,24,10,237,10,Lebanon
2020-06-10,23,21,0.0,14.2,6,61,10:59 PM,08:44 AM,04:26 AM,06:49 PM,17,24,24,22,18,9,73,0.0,1010,23,10,215,13,Lebanon
2020-06-11,24,21,0.0,14.2,6,54,11:33 PM,09:44 AM,04:26 AM,06:49 PM,17,24,24,22,29,0,72,0.0,1010,24,10,209,21,Lebanon
2020-06-12,25,19,0.0,14.2,6,46,No moonrise,10:41 AM,04:26 AM,06:49 PM,14,24,24,22,24,7,57,0.0,1010,25,10,203,18,Lebanon
2020-06-13,26,19,0.0,14.2,6,38,12:03 AM,11:37 AM,04:26 AM,06:50 PM,14,25,25,23,15,2,55,0.0,1008,26,10,234,11,Lebanon
2020-06-14,24,17,0.0,14.2,6,31,12:31 AM,12:31 PM,04:26 AM,06:50 PM,16,24,24,22,10,4,65,0.0,1008,24,10,239,8,Lebanon
2020-06-15,26,20,0.0,14.2,6,23,12:58 AM,01:26 PM,04:26 AM,06:50 PM,18,26,26,24,7,0,68,0.0,1010,26,10,263,6,Lebanon
2020-06-16,25,21,0.0,14.3,6,16,01:25 AM,02:20 PM,04:26 AM,06:51 PM,18,26,26,24,8,0,68,0.0,1010,25,10,209,7,Lebanon
2020-06-17,30,19,0.0,14.2,7,8,01:54 AM,03:17 PM,04:27 AM,06:51 PM,19,28,28,26,6,0,60,0.0,1009,30,10,291,5,Lebanon
2020-06-18,25,19,0.0,14.2,6,1,02:24 AM,04:14 PM,04:27 AM,06:51 PM,18,26,26,24,22,5,70,0.0,1008,25,10,226,17,Lebanon
2020-06-19,24,17,0.0,11.1,5,0,02:59 AM,05:13 PM,04:27 AM,06:52 PM,18,24,24,22,29,49,75,0.4,1007,24,10,205,23,Lebanon
2020-06-20,25,19,0.0,14.3,5,0,03:38 AM,06:13 PM,04:27 AM,06:52 PM,19,25,25,23,30,18,75,0.2,1006,25,10,204,23,Lebanon
2020-06-21,26,20,0.0,14.3,6,0,04:23 AM,07:12 PM,04:27 AM,06:52 PM,18,26,26,24,28,2,68,0.0,1007,26,10,212,20,Lebanon
2020-06-22,25,21,0.0,14.2,6,7,05:16 AM,08:07 PM,04:28 AM,06:52 PM,19,26,26,24,23,1,72,0.0,1008,25,10,219,17,Lebanon
2020-06-23,25,20,0.0,14.2,6,14,06:15 AM,08:58 PM,04:28 AM,06:52 PM,18,25,25,23,14,1,72,0.0,1012,25,10,243,11,Lebanon
2020-06-24,25,24,0.0,14.3,6,22,07:19 AM,09:44 PM,04:28 AM,06:53 PM,18,26,26,24,9,0,70,0.0,1013,25,10,263,8,Lebanon
2020-06-25,25,20,0.0,14.3,6,29,08:24 AM,10:24 PM,04:28 AM,06:53 PM,19,25,25,23,9,2,73,0.0,1011,25,10,234,8,Lebanon
2020-06-26,25,22,0.0,14.2,6,37,09:31 AM,11:01 PM,04:29 AM,06:53 PM,20,26,26,24,13,1,77,0.0,1008,25,10,224,11,Lebanon
2020-06-27,27,23,0.0,14.2,7,44,10:37 AM,11:35 PM,04:29 AM,06:53 PM,21,27,27,25,13,0,72,0.0,1007,27,10,207,10,Lebanon
2020-06-28,26,22,0.0,14.2,7,52,11:44 AM,No moonset,04:29 AM,06:53 PM,20,27,27,25,19,0,73,0.0,1007,26,10,223,14,Lebanon
2020-06-29,26,23,0.0,14.2,7,59,12:50 PM,12:08 AM,04:30 AM,06:53 PM,20,27,27,25,28,2,78,0.0,1005,26,10,214,20,Lebanon
2020-06-30,26,23,0.0,14.2,6,67,01:58 PM,12:42 AM,04:30 AM,06:53 PM,20,26,26,24,28,7,76,0.0,1004,26,10,215,21,Lebanon
2020-07-01,26,19,0.0,14.2,7,72,03:06 PM,01:18 AM,04:31 AM,06:53 PM,20,26,26,24,18,2,73,0.0,1004,26,10,232,14,Lebanon
2020-07-02,29,22,0.0,14.2,7,79,04:14 PM,01:57 AM,04:31 AM,06:53 PM,21,30,30,27,5,0,64,0.0,1004,29,10,275,5,Lebanon
2020-07-03,30,23,0.0,14.2,7,86,05:22 PM,02:41 AM,04:31 AM,06:53 PM,20,29,29,27,9,0,64,0.0,1004,30,10,235,7,Lebanon
2020-07-04,29,27,0.0,14.2,7,94,06:25 PM,03:32 AM,04:32 AM,06:53 PM,21,31,31,28,8,0,65,0.0,1005,29,10,223,6,Lebanon
2020-07-05,27,24,0.0,14.2,7,100,07:22 PM,04:27 AM,04:32 AM,06:52 PM,21,28,28,26,19,4,74,0.0,1002,27,10,216,14,Lebanon
2020-07-06,27,21,0.0,14.2,7,100,08:11 PM,05:27 AM,04:33 AM,06:52 PM,21,27,27,25,22,4,79,0.0,1000,27,10,218,16,Lebanon
2020-07-07,27,24,0.0,14.2,7,85,08:54 PM,06:28 AM,04:33 AM,06:52 PM,21,28,28,26,23,4,77,0.0,1003,27,10,216,18,Lebanon
2020-07-08,27,22,0.0,14.2,7,77,09:31 PM,07:30 AM,04:34 AM,06:52 PM,20,28,28,26,10,1,70,0.0,1007,27,10,255,8,Lebanon
2020-07-09,27,24,0.0,14.2,7,70,10:03 PM,08:28 AM,04:35 AM,06:51 PM,20,27,27,25,8,10,73,0.0,1007,27,10,288,6,Lebanon
2020-07-10,27,23,0.0,14.2,7,63,10:32 PM,09:26 AM,04:35 AM,06:51 PM,20,28,28,26,13,2,72,0.0,1006,27,10,243,9,Lebanon
2020-07-11,27,22,0.0,14.2,7,55,10:59 PM,10:21 AM,04:36 AM,06:51 PM,22,28,28,26,10,0,73,0.0,1007,27,10,212,8,Lebanon
2020-07-12,27,24,0.0,14.2,7,48,11:26 PM,11:16 AM,04:36 AM,06:51 PM,22,28,28,26,23,7,78,0.0,1005,27,10,218,17,Lebanon
2020-07-13,28,24,0.0,14.1,7,41,11:54 PM,12:10 PM,04:37 AM,06:50 PM,21,28,28,26,24,11,76,0.0,1002,28,10,218,18,Lebanon
2020-07-14,29,21,0.0,14.1,7,34,No moonrise,01:06 PM,04:37 AM,06:50 PM,22,30,30,27,11,1,76,0.0,1005,29,10,239,9,Lebanon
2020-07-15,29,26,0.0,14.1,7,26,12:23 AM,02:02 PM,04:38 AM,06:49 PM,22,31,31,28,8,0,68,0.0,1007,29,10,232,7,Lebanon
2020-07-16,28,24,0.0,14.1,7,19,12:56 AM,03:00 PM,04:39 AM,06:49 PM,22,30,30,27,13,1,75,0.0,1006,28,10,241,11,Lebanon
2020-07-17,27,22,0.0,14.1,7,12,01:33 AM,04:00 PM,04:39 AM,06:48 PM,20,27,27,25,17,4,70,0.0,1004,27,10,227,14,Lebanon
2020-07-18,27,19,0.0,14.1,7,5,02:15 AM,04:59 PM,04:40 AM,06:48 PM,20,27,27,25,12,0,68,0.0,1005,27,10,243,10,Lebanon
2020-07-19,29,23,0.0,14.1,7,0,03:06 AM,05:57 PM,04:41 AM,06:47 PM,21,29,29,27,15,0,68,0.0,1006,29,10,242,11,Lebanon
2020-07-20,29,25,0.0,14.1,7,0,04:03 AM,06:50 PM,04:41 AM,06:47 PM,22,31,31,28,16,0,74,0.0,1006,29,10,171,11,Lebanon
2020-07-21,28,22,0.0,14.0,7,2,05:06 AM,07:39 PM,04:42 AM,06:46 PM,22,30,30,27,13,0,71,0.0,1006,28,10,258,10,Lebanon
2020-07-22,28,22,0.0,14.0,7,10,06:12 AM,08:22 PM,04:43 AM,06:46 PM,20,28,28,26,14,0,67,0.0,1003,28,10,230,11,Lebanon
2020-07-23,30,28,0.0,14.0,7,17,07:21 AM,09:01 PM,04:43 AM,06:45 PM,22,32,32,29,7,0,69,0.0,1002,30,10,228,6,Lebanon
2020-07-24,29,24,0.0,14.0,7,24,08:29 AM,09:37 PM,04:44 AM,06:44 PM,23,31,31,28,11,0,72,0.0,1003,29,10,231,9,Lebanon
2020-07-25,28,25,0.0,14.0,7,32,09:37 AM,10:10 PM,04:45 AM,06:44 PM,21,29,29,26,20,1,72,0.0,1004,28,10,222,15,Lebanon
2020-07-26,29,24,0.0,14.0,7,39,10:43 AM,10:44 PM,04:45 AM,06:43 PM,21,30,30,28,11,1,67,0.0,1006,29,10,269,8,Lebanon
2020-07-27,30,26,0.0,14.0,7,46,11:50 AM,11:19 PM,04:46 AM,06:42 PM,21,30,30,28,13,21,68,0.0,1005,30,10,260,9,Lebanon
2020-07-28,29,27,0.0,13.9,7,53,12:57 PM,11:56 PM,04:47 AM,06:41 PM,21,31,31,28,9,16,68,0.0,1005,29,10,266,7,Lebanon
2020-07-29,30,27,0.0,13.9,7,61,02:04 PM,No moonset,04:48 AM,06:41 PM,22,33,33,29,8,1,68,0.0,1007,30,10,259,7,Lebanon
2020-07-30,30,29,0.0,13.9,7,68,03:11 PM,12:38 AM,04:48 AM,06:40 PM,23,33,33,29,7,0,67,0.0,1007,30,10,276,6,Lebanon
2020-07-31,28,26,0.0,13.9,7,72,04:14 PM,01:25 AM,04:49 AM,06:39 PM,20,29,29,27,20,0,67,0.0,1006,28,10,219,14,Lebanon
2020-08-01,28,26,0.0,13.9,7,82,05:13 PM,02:17 AM,04:50 AM,06:38 PM,22,30,30,27,28,0,71,0.0,1003,28,10,215,20,Lebanon
2020-08-02,29,25,0.0,13.9,7,90,06:04 PM,03:15 AM,04:50 AM,06:37 PM,21,29,29,27,18,0,70,0.0,1003,29,10,221,14,Lebanon
2020-08-03,28,26,0.0,13.9,7,97,06:49 PM,04:15 AM,04:51 AM,06:36 PM,21,30,30,28,11,0,67,0.0,1005,28,10,233,9,Lebanon
2020-08-04,28,25,0.0,13.8,7,100,07:28 PM,05:17 AM,04:52 AM,06:35 PM,21,29,29,27,22,2,72,0.0,1004,28,10,217,16,Lebanon
2020-08-05,28,26,0.0,13.8,7,88,08:02 PM,06:16 AM,04:53 AM,06:34 PM,21,30,30,27,25,0,71,0.0,1003,28,10,211,20,Lebanon
2020-08-06,28,23,0.0,13.8,7,81,08:32 PM,07:15 AM,04:53 AM,06:34 PM,22,29,29,26,25,4,75,0.0,1005,28,10,214,18,Lebanon
2020-08-07,29,26,0.0,13.8,7,74,09:00 PM,08:11 AM,04:54 AM,06:33 PM,22,30,30,27,22,0,73,0.0,1007,29,10,214,15,Lebanon
2020-08-08,29,21,0.0,13.8,7,67,09:27 PM,09:07 AM,04:55 AM,06:32 PM,22,29,29,27,28,0,72,0.0,1006,29,10,215,20,Lebanon
2020-08-09,28,24,0.0,13.8,7,59,09:54 PM,10:01 AM,04:56 AM,06:31 PM,20,28,28,26,22,26,71,0.0,1005,28,10,210,17,Lebanon
2020-08-10,28,24,0.0,13.7,7,52,10:22 PM,10:56 AM,04:56 AM,06:30 PM,20,28,28,26,18,30,68,0.1,1006,28,10,213,14,Lebanon
2020-08-11,27,25,0.0,13.3,6,45,10:53 PM,11:51 AM,04:57 AM,06:28 PM,20,28,28,26,12,51,69,0.2,1008,27,10,225,9,Lebanon
2020-08-12,28,25,0.0,13.7,7,38,11:28 PM,12:48 PM,04:58 AM,06:27 PM,21,28,28,26,12,18,71,0.0,1007,28,10,219,9,Lebanon
2020-08-13,28,22,0.0,13.7,7,30,No moonrise,01:46 PM,04:58 AM,06:26 PM,22,29,29,26,17,4,76,0.0,1005,28,10,218,13,Lebanon
2020-08-14,29,26,0.0,13.7,7,23,12:07 AM,02:45 PM,04:59 AM,06:25 PM,23,31,31,28,16,0,73,0.0,1004,29,10,215,14,Lebanon
2020-08-15,31,23,0.0,13.2,7,16,12:53 AM,03:43 PM,05:00 AM,06:24 PM,23,32,32,28,12,0,68,0.0,1003,31,10,233,10,Lebanon
2020-08-16,29,26,0.0,13.2,7,8,01:47 AM,04:38 PM,05:01 AM,06:23 PM,22,31,31,28,16,0,67,0.0,1003,29,10,216,13,Lebanon
2020-08-17,29,26,0.0,13.2,7,1,02:47 AM,05:30 PM,05:01 AM,06:22 PM,20,30,30,27,18,0,65,0.0,1004,29,10,219,14,Lebanon
2020-08-18,28,23,0.0,13.2,7,0,03:54 AM,06:15 PM,05:02 AM,06:21 PM,21,29,29,26,17,0,69,0.0,1004,28,10,217,13,Lebanon
2020-08-19,28,25,0.0,13.2,7,0,05:03 AM,06:57 PM,05:03 AM,06:20 PM,21,29,29,27,15,2,72,0.0,1004,28,10,226,12,Lebanon
2020-08-20,28,26,0.0,13.1,7,6,06:13 AM,07:35 PM,05:04 AM,06:18 PM,21,29,29,27,12,0,69,0.0,1004,28,10,231,10,Lebanon
2020-08-21,27,24,0.0,13.1,7,13,07:23 AM,08:10 PM,05:04 AM,06:17 PM,19,28,28,26,23,0,67,0.0,1004,27,10,206,17,Lebanon
2020-08-22,27,23,0.0,13.1,7,20,08:32 AM,08:44 PM,05:05 AM,06:16 PM,21,28,28,26,19,7,73,0.0,1003,27,10,220,15,Lebanon
2020-08-23,29,22,0.0,13.1,7,28,09:41 AM,09:19 PM,05:06 AM,06:15 PM,19,29,29,27,18,0,60,0.0,1003,29,10,173,13,Lebanon
2020-08-24,31,25,0.0,13.1,7,35,10:49 AM,09:56 PM,05:06 AM,06:13 PM,20,31,31,28,10,0,59,0.0,1005,31,10,198,8,Lebanon
2020-08-25,29,28,0.0,13.1,7,42,11:57 AM,10:37 PM,05:07 AM,06:12 PM,21,31,31,29,8,0,62,0.0,1007,29,10,228,7,Lebanon
2020-08-26,28,26,0.0,13.0,7,50,01:04 PM,11:22 PM,05:08 AM,06:11 PM,21,30,30,27,11,3,70,0.0,1007,28,10,229,9,Lebanon
2020-08-27,28,26,0.0,13.0,7,57,02:08 PM,No moonset,05:08 AM,06:10 PM,20,29,29,27,12,6,68,0.0,1007,28,10,230,10,Lebanon
2020-08-28,29,26,0.0,13.0,7,64,03:08 PM,12:13 AM,05:09 AM,06:08 PM,21,30,30,28,8,0,64,0.0,1006,29,10,218,6,Lebanon
2020-08-29,30,25,0.0,13.0,7,71,04:00 PM,01:08 AM,05:10 AM,06:07 PM,21,31,31,28,20,0,65,0.0,1006,30,10,137,12,Lebanon
2020-08-30,33,25,0.0,13.0,8,79,04:47 PM,02:07 AM,05:11 AM,06:06 PM,20,33,33,30,24,0,53,0.0,1007,33,10,140,14,Lebanon
2020-08-31,33,30,0.0,12.9,8,82,05:27 PM,03:07 AM,05:11 AM,06:05 PM,21,35,35,32,10,0,53,0.0,1004,33,10,250,7,Lebanon
2020-09-01,30,28,0.0,12.9,7,97,06:02 PM,04:07 AM,05:12 AM,06:03 PM,22,33,33,29,14,0,68,0.0,1004,30,10,240,11,Lebanon
2020-09-02,29,26,0.0,12.9,7,100,06:33 PM,05:06 AM,05:13 AM,06:02 PM,23,32,32,28,10,7,76,0.0,1008,29,10,257,8,Lebanon
2020-09-03,31,27,0.0,12.9,7,88,07:01 PM,06:03 AM,05:13 AM,06:01 PM,23,33,33,29,14,7,69,0.0,1010,31,10,285,9,Lebanon
2020-09-04,36,28,0.0,11.6,8,81,07:29 PM,06:58 AM,05:14 AM,05:59 PM,19,36,36,33,15,1,41,0.0,1009,36,10,116,9,Lebanon
2020-09-05,34,28,0.0,11.6,8,73,07:56 PM,07:53 AM,05:15 AM,05:58 PM,19,36,36,33,11,0,43,0.0,1006,34,10,189,7,Lebanon
2020-09-06,31,26,0.0,11.6,7,66,08:23 PM,08:47 AM,05:15 AM,05:57 PM,22,32,32,29,14,0,65,0.0,1007,31,10,217,9,Lebanon
2020-09-07,31,27,0.0,11.6,7,58,08:52 PM,09:43 AM,05:16 AM,05:55 PM,21,32,32,29,18,0,64,0.0,1009,31,10,243,11,Lebanon
2020-09-08,31,24,0.0,11.6,7,50,09:25 PM,10:38 AM,05:17 AM,05:54 PM,22,32,32,28,13,0,69,0.0,1010,31,10,273,9,Lebanon
2020-09-09,30,25,0.0,11.6,7,43,10:02 PM,11:36 AM,05:18 AM,05:53 PM,23,32,32,28,12,0,71,0.0,1008,30,10,220,8,Lebanon
2020-09-10,32,24,0.0,11.6,8,35,10:44 PM,12:33 PM,05:18 AM,05:51 PM,19,31,31,29,18,4,51,0.0,1004,32,10,137,11,Lebanon
2020-09-11,29,25,0.0,11.6,7,28,11:33 PM,01:30 PM,05:19 AM,05:50 PM,22,30,30,28,19,17,71,0.0,1005,29,10,226,13,Lebanon
2020-09-12,31,24,0.0,11.6,8,20,No moonrise,02:25 PM,05:20 AM,05:49 PM,23,33,33,29,7,1,66,0.0,1010,31,10,238,6,Lebanon
2020-09-13,29,28,0.0,11.6,7,13,12:29 AM,03:18 PM,05:20 AM,05:47 PM,22,31,31,28,7,0,67,0.0,1012,29,10,303,6,Lebanon
2020-09-14,29,25,0.0,11.6,7,5,01:32 AM,04:06 PM,05:21 AM,05:46 PM,20,29,29,27,16,0,65,0.0,1012,29,10,136,12,Lebanon
2020-09-15,29,25,0.0,11.6,7,0,02:39 AM,04:49 PM,05:22 AM,05:44 PM,21,29,29,27,20,0,71,0.0,1011,29,10,198,14,Lebanon
2020-09-16,30,23,0.0,11.6,7,0,03:50 AM,05:28 PM,05:22 AM,05:43 PM,23,31,31,28,9,0,70,0.0,1010,30,10,216,7,Lebanon
2020-09-17,30,23,0.0,11.6,7,0,05:00 AM,06:05 PM,05:23 AM,05:42 PM,23,32,32,28,6,0,70,0.0,1011,30,10,272,5,Lebanon
2020-09-18,30,23,0.0,11.6,7,2,06:11 AM,06:40 PM,05:24 AM,05:40 PM,23,31,31,28,9,0,70,0.0,1011,30,10,250,8,Lebanon
2020-09-19,33,26,0.0,11.6,8,10,07:23 AM,07:16 PM,05:24 AM,05:39 PM,21,34,34,31,6,0,56,0.0,1010,33,10,273,5,Lebanon
2020-09-20,29,26,0.0,11.6,7,17,08:34 AM,07:53 PM,05:25 AM,05:37 PM,20,30,30,28,9,4,63,0.0,1009,29,10,316,8,Lebanon
2020-09-21,29,23,0.0,11.6,7,25,09:45 AM,08:33 PM,05:26 AM,05:36 PM,21,30,30,28,8,0,64,0.0,1010,29,10,292,7,Lebanon
2020-09-22,28,23,0.0,11.6,7,32,10:55 AM,09:18 PM,05:26 AM,05:35 PM,20,29,29,27,8,5,65,0.0,1012,28,10,260,6,Lebanon
2020-09-23,28,21,0.0,11.6,7,40,12:02 PM,10:08 PM,05:27 AM,05:33 PM,20,27,27,25,8,9,66,0.0,1012,28,10,248,7,Lebanon
2020-09-24,27,20,0.0,11.6,7,47,01:04 PM,11:03 PM,05:28 AM,05:32 PM,19,26,26,24,11,13,67,0.0,1012,27,10,223,9,Lebanon
2020-09-25,26,20,0.0,11.6,7,55,01:59 PM,No moonset,05:29 AM,05:30 PM,19,27,27,25,14,2,68,0.0,1010,26,10,209,11,Lebanon
2020-09-26,27,21,0.0,11.6,7,62,02:47 PM,12:01 AM,05:29 AM,05:29 PM,19,27,27,25,10,21,64,0.1,1010,27,10,250,8,Lebanon
2020-09-27,28,24,0.0,11.6,7,70,03:28 PM,01:01 AM,05:30 AM,05:28 PM,19,28,28,26,19,0,65,0.0,1013,28,10,140,13,Lebanon
2020-09-28,31,22,0.0,11.6,7,78,04:04 PM,02:00 AM,05:31 AM,05:26 PM,18,29,29,27,30,0,56,0.0,1014,31,10,11,18,Lebanon
2020-09-29,31,23,0.0,11.6,7,85,04:35 PM,02:59 AM,05:31 AM,05:25 PM,20,31,31,28,13,0,58,0.0,1012,31,10,155,9,Lebanon
2020-09-30,29,25,0.0,11.6,7,93,05:04 PM,03:56 AM,05:32 AM,05:24 PM,20,30,30,27,20,2,64,0.0,1008,29,10,206,14,Lebanon
2020-10-01,27,24,0.0,11.6,7,97,05:32 PM,04:52 AM,05:33 AM,05:22 PM,18,27,27,25,25,1,65,0.0,1009,27,10,218,18,Lebanon
2020-10-02,27,22,0.0,11.6,7,100,05:58 PM,05:47 AM,05:34 AM,05:21 PM,18,27,27,25,9,1,62,0.0,1013,27,10,248,7,Lebanon
2020-10-03,26,19,0.0,11.6,7,89,06:25 PM,06:41 AM,05:34 AM,05:19 PM,17,26,26,24,18,2,64,0.0,1014,26,10,137,13,Lebanon
2020-10-04,27,23,0.0,11.6,7,82,06:54 PM,07:36 AM,05:35 AM,05:18 PM,17,27,27,26,10,0,60,0.0,1014,27,10,161,8,Lebanon
2020-10-05,28,24,0.0,11.6,7,74,07:25 PM,08:32 AM,05:36 AM,05:17 PM,17,27,27,25,14,0,59,0.0,1014,28,10,133,10,Lebanon
2020-10-06,29,22,0.0,11.6,7,67,08:00 PM,09:28 AM,05:36 AM,05:15 PM,16,27,27,26,18,0,53,0.0,1013,29,10,139,12,Lebanon
2020-10-07,32,25,0.0,11.6,8,60,08:39 PM,10:25 AM,05:37 AM,05:14 PM,16,30,30,29,14,0,46,0.0,1013,32,10,102,9,Lebanon
2020-10-08,32,27,0.0,11.6,8,53,09:25 PM,11:22 AM,05:38 AM,05:13 PM,16,30,30,30,12,10,42,0.0,1013,32,10,93,8,Lebanon
2020-10-09,32,25,0.0,11.6,8,45,10:17 PM,12:17 PM,05:39 AM,05:11 PM,16,30,30,30,12,1,42,0.0,1014,32,10,180,8,Lebanon
2020-10-10,29,23,0.0,11.6,7,38,11:15 PM,01:09 PM,05:40 AM,05:10 PM,17,29,29,28,7,3,53,0.0,1014,29,10,296,5,Lebanon
2020-10-11,26,19,0.0,11.6,6,31,No moonrise,01:57 PM,05:40 AM,05:09 PM,19,26,26,24,8,16,70,0.0,1014,26,10,269,7,Lebanon
2020-10-12,26,23,0.0,11.6,6,23,12:19 AM,02:41 PM,05:41 AM,05:08 PM,18,26,26,24,8,7,69,0.0,1014,26,10,313,6,Lebanon
2020-10-13,25,20,0.0,10.2,5,16,01:26 AM,03:21 PM,05:42 AM,05:06 PM,19,25,25,23,8,37,73,0.0,1014,25,10,320,7,Lebanon
2020-10-14,26,19,0.0,11.6,6,9,02:35 AM,03:58 PM,05:43 AM,05:05 PM,16,25,25,23,9,6,62,0.0,1016,26,10,141,7,Lebanon
2020-10-15,27,19,0.0,11.6,7,2,03:46 AM,04:33 PM,05:43 AM,05:04 PM,19,26,26,24,9,11,69,0.0,1016,27,10,251,7,Lebanon
2020-10-16,25,19,0.0,11.6,6,0,04:57 AM,05:08 PM,05:44 AM,05:03 PM,18,25,25,23,7,29,69,0.0,1015,25,10,310,6,Lebanon
2020-10-17,25,22,0.0,11.6,6,0,06:09 AM,05:45 PM,05:45 AM,05:01 PM,17,26,26,24,11,8,66,0.0,1014,25,10,179,8,Lebanon
2020-10-18,26,20,0.0,11.5,5,5,07:23 AM,06:24 PM,05:46 AM,05:00 PM,16,25,25,23,23,18,62,0.0,1014,26,10,53,16,Lebanon
2020-10-19,29,24,0.0,11.1,7,13,08:35 AM,07:09 PM,05:47 AM,04:59 PM,15,27,27,26,26,14,52,0.0,1016,29,10,16,17,Lebanon
2020-10-20,29,19,0.0,11.1,6,20,09:47 AM,07:59 PM,05:47 AM,04:58 PM,16,26,26,25,21,39,55,0.0,1016,29,10,154,14,Lebanon
2020-10-21,26,21,0.0,11.1,6,27,10:54 AM,08:54 PM,05:48 AM,04:57 PM,17,26,26,24,24,3,66,0.0,1017,26,10,142,17,Lebanon
2020-10-22,26,23,0.0,11.1,6,35,11:54 AM,09:53 PM,05:49 AM,04:55 PM,17,26,26,24,34,0,63,0.0,1018,26,10,57,22,Lebanon
2020-10-23,26,22,0.0,11.0,7,42,12:45 PM,10:53 PM,05:50 AM,04:54 PM,16,26,26,24,29,0,59,0.0,1016,26,10,14,18,Lebanon
2020-10-24,30,22,0.0,11.0,6,49,01:29 PM,11:54 PM,05:51 AM,04:53 PM,14,27,27,26,14,26,45,0.0,1013,30,10,158,9,Lebanon
2020-10-25,30,20,0.0,10.1,7,56,02:07 PM,No moonset,05:52 AM,04:52 PM,12,27,27,26,16,38,40,0.0,1012,30,10,73,9,Lebanon
2020-10-26,29,23,0.0,11.0,7,64,02:39 PM,12:53 AM,05:52 AM,04:51 PM,13,28,28,28,16,1,40,0.0,1013,29,10,115,10,Lebanon
2020-10-27,27,19,0.0,11.0,7,71,03:09 PM,01:51 AM,05:53 AM,04:50 PM,16,26,26,24,14,2,56,0.0,1013,27,10,248,9,Lebanon
2020-10-28,26,22,0.0,11.0,6,78,03:36 PM,02:46 AM,05:54 AM,04:49 PM,17,26,26,24,10,8,65,0.0,1015,26,10,280,7,Lebanon
2020-10-29,25,23,0.0,10.9,6,85,04:02 PM,03:42 AM,05:55 AM,04:48 PM,19,26,26,24,17,10,73,0.0,1016,25,10,254,12,Lebanon
2020-10-30,25,19,0.0,8.5,5,93,04:29 PM,04:36 AM,05:56 AM,04:47 PM,17,25,25,22,26,38,70,0.0,1015,25,10,53,18,Lebanon
2020-10-31,24,18,0.0,10.9,6,97,04:57 PM,05:31 AM,05:57 AM,04:46 PM,17,24,24,22,14,23,70,0.0,1014,24,10,208,10,Lebanon
2020-11-01,24,19,0.0,10.9,5,89,05:27 PM,06:26 AM,05:58 AM,04:45 PM,17,24,24,22,11,45,71,0.0,1014,24,10,308,8,Lebanon
2020-11-02,23,16,0.0,5.4,5,81,06:00 PM,07:23 AM,05:58 AM,04:44 PM,16,24,24,21,8,54,67,1.2,1016,23,10,260,6,Lebanon
2020-11-03,23,20,0.0,10.1,5,74,06:38 PM,08:20 AM,05:59 AM,04:43 PM,15,23,23,22,17,48,66,1.1,1017,23,10,202,13,Lebanon
2020-11-04,21,18,0.0,5.2,5,66,07:21 PM,09:17 AM,06:00 AM,04:42 PM,14,20,21,20,39,78,69,28.9,1013,21,8,205,24,Lebanon
2020-11-05,20,15,0.0,3.9,4,58,08:11 PM,10:12 AM,06:01 AM,04:41 PM,13,19,19,19,24,79,68,44.7,1008,20,6,196,13,Lebanon
2020-11-06,22,19,0.0,8.7,5,51,09:06 PM,11:05 AM,06:02 AM,04:41 PM,13,20,22,20,9,40,60,3.3,1012,22,10,138,7,Lebanon
2020-11-07,22,16,0.0,5.5,5,43,10:06 PM,11:54 AM,06:03 AM,04:40 PM,13,21,23,21,12,58,59,7.7,1014,22,9,162,9,Lebanon
2020-11-08,24,16,0.0,8.7,6,36,11:10 PM,12:37 PM,06:04 AM,04:39 PM,12,24,24,22,16,29,50,0.0,1015,24,10,81,11,Lebanon
2020-11-09,24,20,0.0,7.1,5,28,No moonrise,01:17 PM,06:05 AM,04:38 PM,13,24,24,22,22,66,55,5.9,1017,24,9,169,15,Lebanon
2020-11-10,24,20,0.0,7.1,5,21,12:16 AM,01:54 PM,06:06 AM,04:38 PM,13,25,25,23,6,34,56,1.1,1016,24,10,209,5,Lebanon
2020-11-11,22,18,0.0,3.9,5,13,01:24 AM,02:28 PM,06:07 AM,04:37 PM,15,21,24,21,15,81,64,26.7,1016,22,8,215,9,Lebanon
2020-11-12,23,17,0.0,3.9,5,6,02:32 AM,03:02 PM,06:08 AM,04:36 PM,14,24,24,21,8,78,61,1.3,1019,23,10,199,6,Lebanon
2020-11-13,24,15,0.0,8.7,6,0,03:42 AM,03:37 PM,06:08 AM,04:35 PM,12,22,22,21,18,5,54,0.0,1020,24,10,105,12,Lebanon
2020-11-14,23,15,0.0,8.7,5,0,04:54 AM,04:14 PM,06:09 AM,04:35 PM,12,21,23,21,20,34,53,0.6,1016,23,10,68,13,Lebanon
2020-11-15,21,14,0.0,3.8,4,0,06:08 AM,04:56 PM,06:10 AM,04:34 PM,12,19,19,19,27,78,64,36.6,1014,21,7,218,14,Lebanon
2020-11-16,21,12,0.0,7.1,4,2,07:22 AM,05:44 PM,06:11 AM,04:34 PM,11,18,19,18,13,43,58,5.6,1018,21,9,178,10,Lebanon
2020-11-17,21,17,0.0,8.7,5,9,08:33 AM,06:37 PM,06:12 AM,04:33 PM,10,20,20,20,11,25,54,0.4,1020,21,10,125,8,Lebanon
2020-11-18,22,15,0.0,8.7,6,17,09:39 AM,07:37 PM,06:13 AM,04:33 PM,9,19,21,19,14,5,50,0.0,1018,22,10,125,9,Lebanon
2020-11-19,23,14,0.0,8.7,6,24,10:37 AM,08:39 PM,06:14 AM,04:32 PM,9,20,21,20,10,11,46,0.0,1013,23,10,140,7,Lebanon
2020-11-20,21,15,0.0,3.8,4,32,11:26 AM,09:43 PM,06:15 AM,04:32 PM,12,19,19,19,33,77,61,17.2,1010,21,9,202,21,Lebanon
2020-11-21,19,14,0.0,3.8,4,39,12:06 PM,10:44 PM,06:16 AM,04:31 PM,12,17,17,17,28,81,68,24.0,1014,19,8,187,17,Lebanon
2020-11-22,20,14,0.0,8.7,5,47,12:41 PM,11:43 PM,06:17 AM,04:31 PM,12,18,18,18,19,16,64,0.1,1020,20,10,198,14,Lebanon
2020-11-23,20,12,0.0,8.7,4,54,01:12 PM,No moonset,06:18 AM,04:31 PM,12,18,18,18,12,31,63,0.5,1020,20,10,112,9,Lebanon
2020-11-24,20,12,0.0,8.7,5,62,01:40 PM,12:40 AM,06:19 AM,04:30 PM,12,18,18,18,19,21,65,0.0,1016,20,10,101,13,Lebanon
2020-11-25,20,15,0.0,7.1,4,70,02:06 PM,01:36 AM,06:20 AM,04:30 PM,12,18,18,18,12,45,64,10.9,1011,20,9,273,8,Lebanon
2020-11-26,18,11,0.0,3.8,4,77,02:32 PM,02:30 AM,06:20 AM,04:30 PM,11,16,16,16,9,76,70,26.3,1011,18,8,252,6,Lebanon
2020-11-27,19,12,0.0,3.8,4,85,03:00 PM,03:25 AM,06:21 AM,04:29 PM,10,17,17,17,13,66,62,13.4,1017,19,9,210,9,Lebanon
2020-11-28,20,13,0.0,7.1,4,92,03:29 PM,04:19 AM,06:22 AM,04:29 PM,9,18,19,18,8,39,52,1.3,1018,20,10,130,6,Lebanon
2020-11-29,21,13,0.0,7.1,4,100,04:01 PM,05:16 AM,06:23 AM,04:29 PM,9,19,19,19,6,18,51,0.1,1019,21,10,186,5,Lebanon
2020-11-30,20,14,0.0,8.7,5,100,04:37 PM,06:13 AM,06:24 AM,04:29 PM,10,18,19,18,7,12,56,0.0,1016,20,10,177,5,Lebanon
2020-12-01,20,17,0.0,7.1,4,89,05:19 PM,07:11 AM,06:25 AM,04:29 PM,9,18,18,18,9,56,56,1.6,1014,20,10,115,6,Lebanon
2020-12-02,20,15,0.0,8.7,5,82,06:07 PM,08:08 AM,06:26 AM,04:29 PM,9,18,19,18,10,5,53,0.0,1017,20,10,140,7,Lebanon
2020-12-03,20,18,0.0,8.7,5,75,07:01 PM,09:02 AM,06:27 AM,04:29 PM,9,19,19,19,11,7,53,0.0,1018,20,10,154,8,Lebanon
2020-12-04,21,13,0.0,7.1,4,67,08:00 PM,09:52 AM,06:27 AM,04:29 PM,9,18,19,18,13,45,51,0.6,1017,21,10,178,9,Lebanon
2020-12-05,19,17,0.0,3.8,4,60,09:02 PM,10:37 AM,06:28 AM,04:29 PM,9,18,18,18,11,74,55,12.8,1015,19,9,161,7,Lebanon
2020-12-06,19,11,0.0,5.4,4,53,10:06 PM,11:18 AM,06:29 AM,04:29 PM,9,16,17,16,11,63,58,3.4,1016,19,9,189,8,Lebanon
2020-12-07,20,12,0.0,7.0,4,46,11:11 PM,11:54 AM,06:30 AM,04:29 PM,10,17,18,17,15,42,58,0.4,1018,20,10,171,11,Lebanon
2020-12-08,22,13,0.0,8.7,5,38,No moonrise,12:27 PM,06:31 AM,04:29 PM,9,19,19,19,26,27,53,4.8,1017,22,10,158,17,Lebanon
2020-12-09,18,16,0.0,3.7,4,31,12:16 AM,01:00 PM,06:31 AM,04:29 PM,11,17,17,17,12,74,70,20.2,1021,18,8,195,8,Lebanon
2020-12-10,20,13,0.0,8.7,5,24,01:23 AM,01:33 PM,06:32 AM,04:29 PM,9,17,18,17,10,2,54,0.0,1021,20,10,111,7,Lebanon
2020-12-11,20,15,0.0,8.7,5,17,02:31 AM,02:07 PM,06:33 AM,04:29 PM,8,18,19,18,9,3,47,0.0,1017,20,10,159,7,Lebanon
2020-12-12,22,13,0.0,8.7,6,9,03:42 AM,02:46 PM,06:34 AM,04:30 PM,6,19,20,19,19,8,39,0.0,1015,22,10,149,12,Lebanon
2020-12-13,22,16,0.0,7.0,5,2,04:55 AM,03:30 PM,06:34 AM,04:30 PM,10,20,21,20,12,67,50,0.0,1013,22,10,121,7,Lebanon
2020-12-14,23,11,0.0,3.7,5,0,06:07 AM,04:19 PM,06:35 AM,04:30 PM,10,19,20,19,36,76,54,12.4,1008,23,9,169,22,Lebanon
2020-12-15,18,11,0.0,3.7,4,0,07:17 AM,05:17 PM,06:36 AM,04:30 PM,9,16,16,16,28,83,59,7.7,1008,18,9,171,20,Lebanon
2020-12-16,17,11,0.0,3.7,4,5,08:20 AM,06:19 PM,06:36 AM,04:31 PM,13,14,16,14,56,98,80,61.9,1011,17,7,205,36,Lebanon
2020-12-17,17,10,0.0,5.4,4,12,09:15 AM,07:24 PM,06:37 AM,04:31 PM,12,15,15,15,18,66,76,31.7,1016,17,8,177,11,Lebanon
2020-12-18,18,10,0.0,8.7,5,20,10:00 AM,08:28 PM,06:37 AM,04:32 PM,11,15,16,15,11,11,68,0.0,1020,18,10,100,7,Lebanon
2020-12-19,19,14,0.0,8.7,5,27,10:39 AM,09:31 PM,06:38 AM,04:32 PM,11,17,17,17,12,7,68,0.0,1022,19,10,105,9,Lebanon
2020-12-20,19,13,0.0,8.7,5,34,11:12 AM,10:29 PM,06:39 AM,04:32 PM,8,17,17,17,14,3,55,0.0,1021,19,10,106,10,Lebanon
2020-12-21,21,14,0.0,8.7,5,41,11:42 AM,11:27 PM,06:39 AM,04:33 PM,9,18,18,18,10,3,52,0.0,1020,21,10,127,7,Lebanon
2020-12-22,19,15,0.0,8.7,4,49,12:08 PM,No moonset,06:40 AM,04:33 PM,10,17,17,17,11,39,66,1.4,1018,19,10,292,7,Lebanon
2020-12-23,17,9,0.0,3.7,4,56,12:35 PM,12:21 AM,06:40 AM,04:34 PM,10,15,15,15,10,74,68,8.8,1016,17,9,177,7,Lebanon
2020-12-24,16,10,0.0,5.4,4,63,01:02 PM,01:16 AM,06:40 AM,04:35 PM,7,14,15,14,9,55,60,2.0,1018,16,10,114,6,Lebanon
2020-12-25,17,10,0.0,8.7,5,70,01:30 PM,02:11 AM,06:41 AM,04:35 PM,7,15,15,15,9,1,55,0.0,1022,17,10,97,7,Lebanon
2020-12-26,19,11,0.0,8.7,5,78,02:01 PM,03:07 AM,06:41 AM,04:36 PM,7,17,17,17,7,1,48,0.0,1022,19,10,159,6,Lebanon
2020-12-27,19,17,0.0,8.7,5,85,02:35 PM,04:04 AM,06:42 AM,04:36 PM,5,18,18,18,9,7,43,0.0,1021,19,10,191,7,Lebanon
2020-12-28,19,11,0.0,8.7,5,92,03:15 PM,05:02 AM,06:42 AM,04:37 PM,9,16,17,16,9,8,56,0.0,1020,19,10,232,7,Lebanon
2020-12-29,20,11,0.0,8.7,5,100,04:01 PM,06:00 AM,06:42 AM,04:38 PM,10,17,18,17,6,1,58,0.0,1020,20,10,144,5,Lebanon
2020-12-30,21,14,0.0,8.7,5,100,04:54 PM,06:56 AM,06:43 AM,04:39 PM,8,18,19,18,7,0,49,0.0,1019,21,10,149,6,Lebanon
2020-12-31,19,11,0.0,8.7,5,89,05:53 PM,07:48 AM,06:43 AM,04:39 PM,7,16,17,16,9,7,48,0.0,1018,19,10,178,7,Lebanon
2021-01-01,19,15,0.0,8.7,5,79,06:55 PM,08:36 AM,06:43 AM,04:40 PM,9,18,18,18,8,21,54,0.0,1018,19,10,126,5,Lebanon
2021-01-02,20,14,0.0,8.7,5,71,07:59 PM,09:18 AM,06:43 AM,04:41 PM,9,18,19,18,12,12,55,0.0,1019,20,10,102,8,Lebanon
2021-01-03,20,12,0.0,5.4,4,64,09:04 PM,09:56 AM,06:43 AM,04:42 PM,9,17,18,17,11,45,53,0.0,1018,20,10,182,7,Lebanon
2021-01-04,20,13,0.0,8.7,5,57,10:09 PM,10:30 AM,06:43 AM,04:42 PM,10,18,18,18,10,20,57,0.0,1018,20,10,150,7,Lebanon
2021-01-05,20,13,0.0,8.7,5,50,11:14 PM,11:02 AM,06:44 AM,04:43 PM,10,18,18,18,11,8,55,0.0,1019,20,10,132,7,Lebanon
2021-01-06,21,15,0.0,8.7,5,42,No moonrise,11:34 AM,06:44 AM,04:44 PM,11,19,20,19,7,15,58,0.0,1022,21,10,160,5,Lebanon
2021-01-07,21,18,0.0,8.7,5,35,12:20 AM,12:07 PM,06:44 AM,04:45 PM,11,19,20,19,8,33,59,0.0,1020,21,10,120,5,Lebanon
2021-01-08,20,15,0.0,5.4,4,28,01:27 AM,12:42 PM,06:44 AM,04:46 PM,9,19,19,19,7,28,50,0.0,1020,20,10,120,5,Lebanon
2021-01-09,20,14,0.0,8.7,5,20,02:36 AM,01:22 PM,06:44 AM,04:47 PM,8,18,19,18,5,8,47,0.0,1020,20,10,166,4,Lebanon
2021-01-10,20,12,0.0,8.7,5,13,03:47 AM,02:07 PM,06:44 AM,04:48 PM,7,17,17,17,8,11,48,0.0,1021,20,10,97,6,Lebanon
2021-01-11,21,14,0.0,8.7,5,6,04:56 AM,03:00 PM,06:43 AM,04:48 PM,9,18,19,18,11,6,51,0.0,1023,21,10,101,8,Lebanon
2021-01-12,22,16,0.0,8.7,6,0,06:01 AM,04:00 PM,06:43 AM,04:49 PM,10,19,21,19,9,10,51,0.0,1021,22,10,131,6,Lebanon
2021-01-13,23,15,0.0,8.7,5,0,07:00 AM,05:04 PM,06:43 AM,04:50 PM,8,20,20,20,35,28,46,3.3,1012,23,10,163,20,Lebanon
2021-01-14,15,11,0.0,3.8,3,1,07:50 AM,06:09 PM,06:43 AM,04:51 PM,10,13,14,13,39,80,74,39.9,1008,15,7,212,22,Lebanon
2021-01-15,16,13,0.0,3.8,4,8,08:32 AM,07:13 PM,06:43 AM,04:52 PM,8,13,15,13,32,71,63,11.9,1013,16,9,220,21,Lebanon
2021-01-16,16,13,0.0,8.7,3,16,09:09 AM,08:15 PM,06:43 AM,04:53 PM,7,13,14,13,32,38,63,4.6,1012,16,10,178,23,Lebanon
2021-01-17,16,13,0.0,3.8,4,23,09:40 AM,09:14 PM,06:42 AM,04:54 PM,11,14,15,14,61,94,79,73.5,1009,16,5,224,35,Lebanon
2021-01-18,14,9,0.0,3.8,3,30,10:09 AM,10:10 PM,06:42 AM,04:55 PM,7,10,13,10,37,78,66,22.2,1015,14,9,232,23,Lebanon
2021-01-19,13,9,0.0,3.8,3,38,10:35 AM,11:06 PM,06:42 AM,04:56 PM,9,10,12,10,29,89,79,53.5,1014,13,7,211,20,Lebanon
2021-01-20,12,7,0.0,3.8,3,45,11:02 AM,No moonset,06:41 AM,04:57 PM,4,7,10,7,41,86,63,28.8,1018,12,7,300,23,Lebanon
2021-01-21,13,5,0.0,8.7,4,52,11:30 AM,12:01 AM,06:41 AM,04:58 PM,1,10,11,10,12,10,49,0.0,1029,13,10,178,8,Lebanon
2021-01-22,15,6,0.0,8.7,3,59,11:59 AM,12:56 AM,06:40 AM,04:59 PM,3,11,12,11,11,18,50,0.0,1027,15,10,105,8,Lebanon
2021-01-23,16,6,0.0,8.7,4,67,12:32 PM,01:53 AM,06:40 AM,05:00 PM,1,14,14,14,5,30,41,0.0,1022,16,10,133,4,Lebanon
2021-01-24,17,10,0.0,8.7,5,74,01:10 PM,02:50 AM,06:39 AM,05:01 PM,2,15,15,15,7,6,42,0.0,1021,17,10,195,5,Lebanon
2021-01-25,16,10,0.0,5.6,4,81,01:53 PM,03:48 AM,06:39 AM,05:02 PM,6,14,15,14,6,25,55,0.0,1021,16,10,180,5,Lebanon
2021-01-26,16,8,0.0,4.0,3,88,02:43 PM,04:45 AM,06:38 AM,05:03 PM,5,13,14,13,9,77,53,0.0,1021,16,10,143,6,Lebanon
2021-01-27,18,12,0.0,8.7,5,96,03:40 PM,05:39 AM,06:38 AM,05:04 PM,4,16,16,16,13,30,43,0.0,1013,18,10,150,8,Lebanon
2021-01-28,14,12,0.0,4.0,3,100,04:42 PM,06:29 AM,06:37 AM,05:05 PM,8,12,14,12,28,82,67,18.1,1014,14,9,223,18,Lebanon
2021-01-29,12,7,0.0,4.0,3,90,05:48 PM,07:15 AM,06:37 AM,05:06 PM,7,9,11,9,35,86,74,39.2,1013,12,6,240,23,Lebanon
2021-01-30,15,8,0.0,4.0,3,82,06:54 PM,07:55 AM,06:36 AM,05:07 PM,7,11,13,11,37,89,66,4.1,1016,15,10,212,26,Lebanon
2021-01-31,16,10,0.0,4.0,3,79,08:01 PM,08:31 AM,06:35 AM,05:08 PM,9,13,14,13,35,76,71,14.6,1016,16,9,184,23,Lebanon
2021-02-01,19,12,0.0,8.7,5,63,09:07 PM,09:04 AM,06:35 AM,05:09 PM,8,16,17,16,16,0,57,0.0,1020,19,10,61,10,Lebanon
2021-02-02,22,10,0.0,8.7,5,55,10:13 PM,09:37 AM,06:34 AM,05:10 PM,8,18,19,18,18,3,50,0.0,1018,22,10,78,10,Lebanon
2021-02-03,21,13,0.0,8.7,5,48,11:20 PM,10:09 AM,06:33 AM,05:11 PM,9,18,19,18,11,20,53,0.0,1015,21,10,154,6,Lebanon
2021-02-04,20,13,0.0,5.6,4,40,No moonrise,10:43 AM,06:32 AM,05:12 PM,10,18,18,18,16,59,57,0.3,1013,20,10,116,9,Lebanon
2021-02-05,18,12,0.0,8.7,5,33,12:27 AM,11:20 AM,06:31 AM,05:13 PM,12,16,16,16,10,26,73,0.1,1014,18,10,192,7,Lebanon
2021-02-06,18,12,0.0,8.7,5,25,01:36 AM,12:03 PM,06:31 AM,05:14 PM,11,16,16,16,12,4,73,0.0,1019,18,10,153,9,Lebanon
2021-02-07,18,15,0.0,8.7,5,18,02:44 AM,12:51 PM,06:30 AM,05:15 PM,11,16,16,16,9,8,73,0.0,1021,18,10,209,7,Lebanon
