date_time,Liberia_maxtempC,Liberia_mintempC,Liberia_totalSnow_cm,Liberia_sunHour,Liberia_uvIndex,Liberia_moon_illumination,Liberia_moonrise,Liberia_moonset,Liberia_sunrise,Liberia_sunset,Liberia_DewPointC,Liberia_FeelsLikeC,Liberia_HeatIndexC,Liberia_WindChillC,Liberia_WindGustKmph,Liberia_cloudcover,Liberia_humidity,Liberia_precipMM,Liberia_pressure,Liberia_tempC,Liberia_visibility,Liberia_winddirDegree,Liberia_windspeedKmph,Liberia_location
2020-01-01,30,26,0.0,7.3,6,37,11:43 AM,11:57 PM,06:54 AM,06:39 PM,23,31,31,28,14,54,76,1.8,1011,30,10,268,10,Liberia
2020-01-02,30,25,0.0,5.9,6,44,12:22 PM,No moonset,06:54 AM,06:40 PM,23,30,30,27,15,56,78,1.2,1012,30,10,243,11,Liberia
2020-01-03,31,24,0.0,11.6,7,51,01:01 PM,12:39 AM,06:54 AM,06:40 PM,22,30,30,27,14,19,75,0.0,1012,31,10,205,10,Liberia
2020-01-04,31,23,0.0,11.6,7,59,01:40 PM,01:23 AM,06:55 AM,06:41 PM,17,28,28,26,15,4,60,0.0,1012,31,10,106,10,Liberia
2020-01-05,30,23,0.0,11.6,7,66,02:21 PM,02:07 AM,06:55 AM,06:41 PM,20,28,28,26,15,0,69,0.0,1012,30,10,168,10,Liberia
2020-01-06,29,23,0.0,11.6,7,73,03:05 PM,02:54 AM,06:56 AM,06:42 PM,21,28,28,26,16,3,73,0.0,1011,29,10,201,11,Liberia
2020-01-07,29,24,0.0,11.6,7,80,03:53 PM,03:43 AM,06:56 AM,06:42 PM,21,29,29,26,18,4,73,0.0,1011,29,10,242,12,Liberia
2020-01-08,29,25,0.0,11.6,7,88,04:44 PM,04:36 AM,06:56 AM,06:43 PM,22,30,30,27,20,10,75,0.0,1011,29,10,237,14,Liberia
2020-01-09,29,25,0.0,11.6,7,95,05:40 PM,05:32 AM,06:57 AM,06:43 PM,22,30,30,27,18,15,76,0.0,1011,29,10,236,13,Liberia
2020-01-10,30,26,0.0,10.2,6,100,06:39 PM,06:31 AM,06:57 AM,06:44 PM,23,31,31,28,19,33,78,0.0,1012,30,10,266,14,Liberia
2020-01-11,30,27,0.0,7.4,6,100,07:40 PM,07:30 AM,06:57 AM,06:44 PM,23,31,31,28,15,64,75,4.1,1012,30,10,205,11,Liberia
2020-01-12,29,26,0.0,5.9,6,83,08:40 PM,08:28 AM,06:58 AM,06:45 PM,23,31,31,28,16,62,78,5.4,1012,29,10,252,11,Liberia
2020-01-13,30,26,0.0,7.4,6,76,09:39 PM,09:24 AM,06:58 AM,06:45 PM,24,31,31,27,19,49,81,1.7,1010,30,10,275,13,Liberia
2020-01-14,31,26,0.0,10.2,6,69,10:34 PM,10:16 AM,06:58 AM,06:46 PM,24,31,31,27,16,35,80,0.1,1010,31,10,242,12,Liberia
2020-01-15,30,25,0.0,7.4,6,61,11:29 PM,11:06 AM,06:59 AM,06:46 PM,23,31,31,27,18,47,80,2.1,1011,30,10,284,13,Liberia
2020-01-16,31,26,0.0,11.6,7,54,No moonrise,11:54 AM,06:59 AM,06:47 PM,24,32,32,28,16,20,78,0.0,1011,31,10,193,12,Liberia
2020-01-17,29,27,0.0,8.8,6,47,12:21 AM,12:41 PM,06:59 AM,06:47 PM,23,31,31,28,18,36,77,0.2,1012,29,10,270,13,Liberia
2020-01-18,29,25,0.0,11.6,7,40,01:13 AM,01:28 PM,06:59 AM,06:48 PM,23,31,31,27,18,18,80,0.0,1012,29,10,240,13,Liberia
2020-01-19,29,25,0.0,7.2,6,32,02:06 AM,02:17 PM,07:00 AM,06:48 PM,23,30,30,27,18,49,80,0.6,1011,29,10,279,13,Liberia
2020-01-20,29,26,0.0,5.7,6,25,03:00 AM,03:07 PM,07:00 AM,06:48 PM,23,31,31,27,15,70,78,2.1,1010,29,9,270,11,Liberia
2020-01-21,30,26,0.0,5.7,6,18,03:55 AM,04:00 PM,07:00 AM,06:49 PM,23,31,31,28,14,66,76,4.9,1011,30,9,196,10,Liberia
2020-01-22,30,26,0.0,8.7,6,11,04:50 AM,04:54 PM,07:00 AM,06:49 PM,24,32,32,28,13,46,78,3.2,1011,30,10,256,9,Liberia
2020-01-23,30,26,0.0,10.1,6,3,05:45 AM,05:48 PM,07:00 AM,06:50 PM,24,32,32,28,16,59,81,6.5,1011,30,9,265,11,Liberia
2020-01-24,30,27,0.0,5.8,6,0,06:37 AM,06:40 PM,07:00 AM,06:50 PM,25,33,33,28,17,56,82,1.0,1011,30,10,257,12,Liberia
2020-01-25,31,27,0.0,5.7,6,0,07:28 AM,07:32 PM,07:01 AM,06:50 PM,24,32,32,28,16,63,80,1.8,1012,31,10,256,11,Liberia
2020-01-26,30,25,0.0,10.1,6,4,08:14 AM,08:20 PM,07:01 AM,06:51 PM,23,31,31,27,16,28,81,0.2,1012,30,10,288,12,Liberia
2020-01-27,30,26,0.0,11.5,6,11,08:58 AM,09:07 PM,07:01 AM,06:51 PM,23,31,31,27,14,28,78,0.2,1012,30,10,261,10,Liberia
2020-01-28,30,26,0.0,5.8,6,18,09:40 AM,09:51 PM,07:01 AM,06:51 PM,23,31,31,28,15,67,77,2.7,1012,30,10,192,10,Liberia
2020-01-29,30,26,0.0,5.8,6,26,10:19 AM,10:34 PM,07:01 AM,06:52 PM,24,31,31,28,15,54,79,0.6,1012,30,10,221,11,Liberia
2020-01-30,30,27,0.0,8.7,6,33,10:57 AM,11:18 PM,07:01 AM,06:52 PM,24,32,32,28,15,35,80,0.1,1012,30,10,272,11,Liberia
2020-01-31,30,26,0.0,5.8,6,37,11:36 AM,No moonset,07:01 AM,06:52 PM,24,31,31,27,12,62,81,0.8,1012,30,10,273,9,Liberia
2020-02-01,29,25,0.0,8.7,6,49,12:15 PM,12:01 AM,07:01 AM,06:52 PM,23,30,30,27,14,31,81,0.2,1012,29,10,195,10,Liberia
2020-02-02,29,25,0.0,7.2,6,57,12:57 PM,12:45 AM,07:01 AM,06:53 PM,24,30,30,27,18,55,82,5.0,1013,29,10,280,13,Liberia
2020-02-03,29,25,0.0,5.8,6,64,01:42 PM,01:33 AM,07:01 AM,06:53 PM,23,30,30,27,20,60,80,0.7,1013,29,10,287,14,Liberia
2020-02-04,30,26,0.0,8.7,6,72,02:30 PM,02:22 AM,07:01 AM,06:53 PM,24,31,31,27,20,46,81,0.3,1012,30,10,276,14,Liberia
2020-02-05,29,26,0.0,7.2,6,79,03:24 PM,03:16 AM,07:01 AM,06:53 PM,23,30,30,27,18,52,79,1.5,1012,29,10,277,13,Liberia
2020-02-06,30,24,0.0,10.1,6,87,04:20 PM,04:13 AM,07:01 AM,06:54 PM,23,30,30,27,16,25,79,0.1,1011,30,10,197,12,Liberia
2020-02-07,29,25,0.0,8.7,6,95,05:21 PM,05:12 AM,07:01 AM,06:54 PM,23,31,31,27,14,34,80,0.9,1012,29,10,192,10,Liberia
2020-02-08,30,25,0.0,10.1,6,100,06:22 PM,06:11 AM,07:01 AM,06:54 PM,23,30,30,27,15,29,80,0.1,1012,30,10,237,11,Liberia
2020-02-09,30,26,0.0,10.1,6,100,07:23 PM,07:09 AM,07:01 AM,06:54 PM,24,31,31,28,16,23,79,0.2,1012,30,10,275,12,Liberia
2020-02-10,30,26,0.0,8.7,6,83,08:22 PM,08:04 AM,07:01 AM,06:54 PM,23,31,31,28,17,43,79,2.6,1012,30,10,265,12,Liberia
2020-02-11,32,25,0.0,10.1,6,75,09:19 PM,08:57 AM,07:00 AM,06:55 PM,23,31,31,28,12,46,75,2.9,1012,32,10,196,9,Liberia
2020-02-12,30,27,0.0,10.1,6,68,10:13 PM,09:47 AM,07:00 AM,06:55 PM,24,32,32,28,17,34,79,0.1,1011,30,10,265,12,Liberia
2020-02-13,31,27,0.0,7.2,6,60,11:08 PM,10:36 AM,07:00 AM,06:55 PM,24,32,32,28,15,52,77,0.9,1011,31,10,261,10,Liberia
2020-02-14,29,23,0.0,11.6,7,53,No moonrise,11:25 AM,07:00 AM,06:55 PM,22,29,29,26,16,4,76,0.0,1010,29,10,235,12,Liberia
2020-02-15,29,24,0.0,11.6,7,45,12:02 AM,12:14 PM,07:00 AM,06:55 PM,22,29,29,26,15,15,78,0.0,1010,29,10,192,11,Liberia
2020-02-16,29,24,0.0,11.6,6,38,12:56 AM,01:05 PM,07:00 AM,06:55 PM,23,30,30,27,16,17,78,0.0,1010,29,10,235,12,Liberia
2020-02-17,30,26,0.0,11.6,7,30,01:51 AM,01:57 PM,06:59 AM,06:55 PM,23,31,31,28,17,19,78,0.1,1011,30,10,260,12,Liberia
2020-02-18,30,26,0.0,11.6,7,22,02:46 AM,02:49 PM,06:59 AM,06:55 PM,23,31,31,28,13,18,78,0.0,1011,30,10,188,9,Liberia
2020-02-19,31,26,0.0,10.2,6,15,03:40 AM,03:43 PM,06:59 AM,06:55 PM,24,32,32,28,14,41,78,0.3,1010,31,10,239,10,Liberia
2020-02-20,30,27,0.0,8.8,6,7,04:32 AM,04:35 PM,06:59 AM,06:55 PM,24,32,32,28,16,41,79,1.0,1009,30,10,259,12,Liberia
2020-02-21,30,26,0.0,7.4,6,0,05:23 AM,05:27 PM,06:58 AM,06:56 PM,24,32,32,28,17,61,81,4.3,1010,30,10,268,12,Liberia
2020-02-22,30,27,0.0,8.8,6,0,06:10 AM,06:15 PM,06:58 AM,06:56 PM,25,33,33,28,16,60,81,9.0,1010,30,9,261,11,Liberia
2020-02-23,30,27,0.0,6.0,6,0,06:55 AM,07:03 PM,06:58 AM,06:56 PM,25,33,33,28,18,72,81,6.4,1011,30,9,267,13,Liberia
2020-02-24,30,27,0.0,10.2,6,0,07:37 AM,07:48 PM,06:57 AM,06:56 PM,25,34,34,29,20,45,82,0.6,1011,30,10,273,15,Liberia
2020-02-25,30,27,0.0,6.0,6,8,08:16 AM,08:31 PM,06:57 AM,06:56 PM,25,33,33,28,17,58,81,2.0,1010,30,9,262,12,Liberia
2020-02-26,31,27,0.0,6.0,6,15,08:55 AM,09:14 PM,06:57 AM,06:56 PM,25,34,34,29,13,66,80,3.4,1009,31,10,235,9,Liberia
2020-02-27,30,27,0.0,6.0,6,23,09:34 AM,09:57 PM,06:56 AM,06:56 PM,24,33,33,28,15,65,79,2.7,1010,30,10,236,11,Liberia
2020-02-28,30,27,0.0,11.6,6,30,10:13 AM,10:40 PM,06:56 AM,06:56 PM,24,32,32,28,13,30,77,3.6,1011,30,10,233,10,Liberia
2020-02-29,30,27,0.0,7.4,6,38,10:53 AM,11:26 PM,06:56 AM,06:56 PM,25,33,33,28,19,53,83,0.6,1011,30,10,272,14,Liberia
2020-03-01,30,27,0.0,7.4,6,44,11:36 AM,No moonset,06:55 AM,06:56 PM,25,33,33,28,17,62,84,1.3,1010,30,10,270,12,Liberia
2020-03-02,30,27,0.0,7.4,6,51,12:21 PM,12:14 AM,06:55 AM,06:56 PM,25,33,33,28,14,46,81,1.2,1011,30,10,254,10,Liberia
2020-03-03,31,27,0.0,7.4,6,58,01:11 PM,01:04 AM,06:55 AM,06:55 PM,24,33,33,28,13,53,80,1.7,1012,31,10,226,9,Liberia
2020-03-04,30,27,0.0,8.8,6,65,02:05 PM,01:58 AM,06:54 AM,06:55 PM,24,33,33,28,11,35,79,0.5,1012,30,10,227,8,Liberia
2020-03-05,30,27,0.0,8.8,6,73,03:02 PM,02:54 AM,06:54 AM,06:55 PM,25,33,33,28,13,43,80,0.9,1011,30,10,266,9,Liberia
2020-03-06,30,27,0.0,11.6,6,80,04:02 PM,03:53 AM,06:53 AM,06:55 PM,24,32,32,28,13,33,80,1.0,1011,30,10,244,10,Liberia
2020-03-07,30,27,0.0,6.0,6,87,05:02 PM,04:50 AM,06:53 AM,06:55 PM,24,32,32,28,15,69,81,4.4,1010,30,9,261,10,Liberia
2020-03-08,30,27,0.0,6.0,6,95,06:02 PM,05:47 AM,06:53 AM,06:55 PM,24,32,32,28,12,55,80,3.5,1010,30,10,265,9,Liberia
2020-03-09,29,27,0.0,10.2,6,100,07:01 PM,06:41 AM,06:52 AM,06:55 PM,24,32,32,28,14,36,80,0.2,1011,29,10,253,10,Liberia
2020-03-10,30,27,0.0,6.0,6,100,07:58 PM,07:34 AM,06:52 AM,06:55 PM,24,33,33,28,12,52,81,3.0,1010,30,10,252,9,Liberia
2020-03-11,29,27,0.0,7.4,6,84,08:55 PM,08:24 AM,06:51 AM,06:55 PM,25,32,32,28,15,59,83,10.7,1009,29,9,248,10,Liberia
2020-03-12,30,27,0.0,8.8,6,76,09:51 PM,09:15 AM,06:51 AM,06:55 PM,24,32,32,28,12,61,80,3.8,1009,30,10,242,9,Liberia
2020-03-13,30,27,0.0,7.4,6,69,10:47 PM,10:06 AM,06:50 AM,06:55 PM,25,33,33,28,17,67,80,5.5,1009,30,10,262,11,Liberia
2020-03-14,29,27,0.0,6.0,6,62,11:44 PM,10:58 AM,06:50 AM,06:55 PM,25,32,32,28,16,53,82,1.7,1010,29,10,255,11,Liberia
2020-03-15,30,27,0.0,6.0,6,55,No moonrise,11:51 AM,06:49 AM,06:54 PM,25,32,32,28,18,59,83,3.4,1011,30,10,266,13,Liberia
2020-03-16,30,27,0.0,7.4,6,47,12:40 AM,12:45 PM,06:49 AM,06:54 PM,25,33,33,28,19,53,82,2.5,1009,30,10,262,14,Liberia
2020-03-17,30,27,0.0,7.4,6,40,01:36 AM,01:39 PM,06:49 AM,06:54 PM,25,33,33,28,18,54,82,3.0,1010,30,10,249,13,Liberia
2020-03-18,30,27,0.0,6.0,6,33,02:30 AM,02:32 PM,06:48 AM,06:54 PM,24,32,32,28,23,74,80,5.4,1011,30,9,258,16,Liberia
2020-03-19,29,26,0.0,10.2,6,25,03:21 AM,03:24 PM,06:48 AM,06:54 PM,24,31,31,27,20,49,81,5.2,1011,29,9,283,14,Liberia
2020-03-20,29,26,0.0,10.2,6,18,04:09 AM,04:13 PM,06:47 AM,06:54 PM,24,32,32,28,15,38,83,0.3,1010,29,10,268,11,Liberia
2020-03-21,29,26,0.0,7.4,6,11,04:54 AM,05:00 PM,06:47 AM,06:54 PM,25,32,32,28,17,54,84,0.7,1010,29,10,278,12,Liberia
2020-03-22,28,27,0.0,10.2,6,4,05:36 AM,05:46 PM,06:46 AM,06:54 PM,25,32,32,27,16,47,86,0.8,1011,28,10,273,11,Liberia
2020-03-23,29,26,0.0,10.2,6,0,06:16 AM,06:29 PM,06:46 AM,06:54 PM,24,31,31,27,20,38,81,12.4,1012,29,9,261,14,Liberia
2020-03-24,29,25,0.0,8.8,6,0,06:55 AM,07:12 PM,06:45 AM,06:53 PM,23,31,31,27,12,54,80,1.2,1012,29,10,195,9,Liberia
2020-03-25,25,15,0.0,8.8,5,3,07:34 AM,07:55 PM,06:45 AM,06:53 PM,23,26,26,23,17,63,86,35.4,1012,25,8,220,10,Liberia
2020-03-26,30,26,0.0,10.2,6,11,08:12 AM,08:38 PM,06:44 AM,06:53 PM,23,31,31,28,13,44,76,0.2,1010,30,10,233,10,Liberia
2020-03-27,31,25,0.0,8.8,6,18,08:52 AM,09:23 PM,06:44 AM,06:53 PM,23,31,31,27,16,58,78,6.3,1010,31,10,204,11,Liberia
2020-03-28,30,27,0.0,7.4,6,25,09:34 AM,10:10 PM,06:43 AM,06:53 PM,24,32,32,28,12,69,81,6.2,1011,30,10,218,8,Liberia
2020-03-29,30,27,0.0,8.8,6,32,10:17 AM,10:59 PM,06:43 AM,06:53 PM,24,33,33,28,14,42,78,3.4,1011,30,10,272,10,Liberia
2020-03-30,30,26,0.0,11.6,6,40,11:05 AM,11:51 PM,06:42 AM,06:53 PM,24,32,32,28,13,43,82,3.4,1009,30,10,281,9,Liberia
2020-03-31,30,27,0.0,7.4,6,44,11:56 AM,No moonset,06:42 AM,06:52 PM,25,34,34,28,18,59,85,1.4,1009,30,10,271,13,Liberia
2020-04-01,30,27,0.0,6.1,6,56,12:50 PM,12:44 AM,06:41 AM,06:52 PM,25,34,34,28,12,52,83,1.1,1010,30,10,239,8,Liberia
2020-04-02,29,27,0.0,6.1,6,64,01:47 PM,01:40 AM,06:41 AM,06:52 PM,25,33,33,28,16,77,84,5.0,1011,29,9,260,11,Liberia
2020-04-03,30,27,0.0,8.8,6,71,02:45 PM,02:36 AM,06:40 AM,06:52 PM,25,33,33,28,16,46,83,0.5,1010,30,10,268,11,Liberia
2020-04-04,30,27,0.0,6.1,6,79,03:44 PM,03:31 AM,06:40 AM,06:52 PM,25,33,33,28,17,55,83,1.8,1011,30,10,250,12,Liberia
2020-04-05,31,27,0.0,8.8,6,87,04:42 PM,04:25 AM,06:40 AM,06:52 PM,25,34,34,29,12,37,79,0.0,1011,31,10,230,8,Liberia
2020-04-06,30,27,0.0,7.4,6,94,05:39 PM,05:18 AM,06:39 AM,06:52 PM,25,33,33,28,15,46,84,7.4,1011,30,9,240,10,Liberia
2020-04-07,30,27,0.0,8.8,6,100,06:36 PM,06:08 AM,06:39 AM,06:52 PM,25,33,33,28,16,46,83,5.3,1011,30,10,226,11,Liberia
2020-04-08,30,27,0.0,8.8,6,100,07:33 PM,07:00 AM,06:38 AM,06:52 PM,25,33,33,28,14,48,81,0.8,1010,30,10,256,10,Liberia
2020-04-09,30,27,0.0,7.4,6,83,08:30 PM,07:51 AM,06:38 AM,06:51 PM,25,33,33,28,15,74,82,16.3,1010,30,9,233,9,Liberia
2020-04-10,30,27,0.0,7.5,6,76,09:29 PM,08:44 AM,06:37 AM,06:51 PM,25,33,33,28,17,51,81,1.5,1010,30,10,255,11,Liberia
2020-04-11,30,27,0.0,6.1,6,68,10:28 PM,09:39 AM,06:37 AM,06:51 PM,24,32,32,28,12,74,79,16.7,1011,30,9,218,8,Liberia
2020-04-12,30,27,0.0,8.8,6,61,11:27 PM,10:34 AM,06:36 AM,06:51 PM,24,32,32,28,12,54,77,2.9,1011,30,10,258,9,Liberia
2020-04-13,30,27,0.0,7.5,6,53,No moonrise,11:31 AM,06:36 AM,06:51 PM,24,32,32,28,15,62,78,8.7,1011,30,10,244,10,Liberia
2020-04-14,30,27,0.0,6.1,6,46,12:23 AM,12:26 PM,06:36 AM,06:51 PM,24,32,32,28,11,64,79,6.9,1010,30,10,212,8,Liberia
2020-04-15,30,27,0.0,6.1,6,38,01:17 AM,01:20 PM,06:35 AM,06:51 PM,24,32,32,28,13,78,79,13.7,1011,30,9,267,9,Liberia
2020-04-16,31,26,0.0,8.8,6,30,02:06 AM,02:10 PM,06:35 AM,06:51 PM,24,32,32,28,19,54,80,8.2,1011,31,10,289,13,Liberia
2020-04-17,30,27,0.0,8.8,6,23,02:52 AM,02:58 PM,06:34 AM,06:51 PM,25,33,33,28,23,61,82,3.9,1010,30,10,279,17,Liberia
2020-04-18,29,27,0.0,8.8,6,15,03:36 AM,03:44 PM,06:34 AM,06:51 PM,25,33,33,28,29,69,82,13.5,1011,29,9,256,19,Liberia
2020-04-19,30,27,0.0,8.8,6,8,04:16 AM,04:28 PM,06:34 AM,06:51 PM,24,32,32,28,16,62,78,4.4,1012,30,9,235,11,Liberia
2020-04-20,30,27,0.0,8.8,6,0,04:55 AM,05:11 PM,06:33 AM,06:51 PM,24,32,32,28,17,68,79,12.1,1013,30,9,235,11,Liberia
2020-04-21,30,27,0.0,7.5,6,0,05:34 AM,05:54 PM,06:33 AM,06:51 PM,24,33,33,28,18,55,80,12.4,1011,30,9,263,11,Liberia
2020-04-22,30,27,0.0,7.5,6,0,06:12 AM,06:37 PM,06:32 AM,06:51 PM,24,33,33,28,23,68,79,13.6,1010,30,9,225,15,Liberia
2020-04-23,30,27,0.0,11.6,6,0,06:51 AM,07:21 PM,06:32 AM,06:51 PM,24,32,32,28,16,51,79,7.2,1010,30,9,264,11,Liberia
2020-04-24,29,26,0.0,7.5,6,7,07:33 AM,08:07 PM,06:32 AM,06:51 PM,24,31,31,27,16,72,81,15.6,1011,29,9,216,11,Liberia
2020-04-25,29,27,0.0,7.5,6,15,08:16 AM,08:56 PM,06:31 AM,06:51 PM,24,32,32,28,18,64,78,1.8,1011,29,10,270,12,Liberia
2020-04-26,30,27,0.0,10.2,6,22,09:02 AM,09:47 PM,06:31 AM,06:51 PM,24,33,33,28,20,59,79,13.5,1011,30,9,266,13,Liberia
2020-04-27,30,26,0.0,6.1,6,30,09:52 AM,10:40 PM,06:31 AM,06:51 PM,24,32,32,28,22,78,82,19.8,1012,30,8,254,14,Liberia
2020-04-28,30,27,0.0,8.9,6,37,10:45 AM,11:35 PM,06:31 AM,06:51 PM,25,33,33,28,17,65,81,5.0,1012,30,9,255,12,Liberia
2020-04-29,30,27,0.0,8.9,6,45,11:40 AM,No moonset,06:30 AM,06:51 PM,24,33,33,28,13,61,79,1.4,1013,30,10,216,9,Liberia
2020-04-30,30,26,0.0,8.9,6,52,12:36 PM,12:29 AM,06:30 AM,06:51 PM,24,33,33,28,14,52,80,2.2,1013,30,10,187,10,Liberia
2020-05-01,30,27,0.0,8.9,6,58,01:33 PM,01:23 AM,06:30 AM,06:51 PM,24,33,33,29,10,56,78,0.2,1013,30,10,220,7,Liberia
2020-05-02,30,27,0.0,11.6,6,65,02:29 PM,02:15 AM,06:29 AM,06:51 PM,25,33,33,28,14,52,80,8.3,1012,30,9,257,10,Liberia
2020-05-03,30,27,0.0,8.9,6,72,03:25 PM,03:06 AM,06:29 AM,06:51 PM,24,33,33,28,18,67,80,9.8,1012,30,9,254,12,Liberia
2020-05-04,30,27,0.0,6.1,6,80,04:20 PM,03:56 AM,06:29 AM,06:51 PM,25,33,33,28,15,71,82,6.9,1011,30,9,234,10,Liberia
2020-05-05,30,27,0.0,8.9,6,87,05:15 PM,04:46 AM,06:29 AM,06:51 PM,24,33,33,28,14,55,79,5.4,1011,30,10,254,10,Liberia
2020-05-06,30,27,0.0,6.1,6,94,06:12 PM,05:36 AM,06:28 AM,06:51 PM,24,33,33,28,14,53,79,2.0,1011,30,10,270,10,Liberia
2020-05-07,30,27,0.0,8.9,6,100,07:10 PM,06:28 AM,06:28 AM,06:51 PM,25,33,33,28,18,49,80,3.3,1010,30,10,262,12,Liberia
2020-05-08,30,27,0.0,8.9,6,100,08:10 PM,07:22 AM,06:28 AM,06:51 PM,24,33,33,28,17,62,80,1.5,1011,30,10,242,12,Liberia
2020-05-09,30,27,0.0,8.9,6,84,09:10 PM,08:18 AM,06:28 AM,06:51 PM,24,33,33,28,18,66,81,2.9,1012,30,10,242,13,Liberia
2020-05-10,29,27,0.0,7.5,6,77,10:10 PM,09:16 AM,06:28 AM,06:51 PM,24,32,32,28,25,67,82,14.1,1013,29,9,263,17,Liberia
2020-05-11,30,27,0.0,7.5,6,70,11:06 PM,10:14 AM,06:28 AM,06:51 PM,24,32,32,28,18,66,79,7.6,1013,30,9,260,13,Liberia
2020-05-12,29,26,0.0,6.1,6,62,11:59 PM,11:10 AM,06:27 AM,06:51 PM,24,32,32,28,18,72,80,22.2,1013,29,8,260,12,Liberia
2020-05-13,30,27,0.0,6.1,6,55,No moonrise,12:03 PM,06:27 AM,06:52 PM,24,32,32,28,17,75,79,21.3,1012,30,8,223,11,Liberia
2020-05-14,29,27,0.0,7.5,6,48,12:48 AM,12:53 PM,06:27 AM,06:52 PM,24,32,32,28,13,64,79,2.5,1012,29,10,241,9,Liberia
2020-05-15,29,27,0.0,6.1,6,40,01:33 AM,01:41 PM,06:27 AM,06:52 PM,24,33,33,28,18,62,79,11.4,1012,29,9,266,11,Liberia
2020-05-16,30,27,0.0,8.9,6,33,02:15 AM,02:25 PM,06:27 AM,06:52 PM,24,33,33,28,18,63,79,13.7,1012,30,9,218,11,Liberia
2020-05-17,29,27,0.0,6.1,6,26,02:54 AM,03:09 PM,06:27 AM,06:52 PM,24,32,32,28,18,75,80,14.7,1012,29,9,209,12,Liberia
2020-05-18,27,26,0.0,6.1,6,19,03:33 AM,03:51 PM,06:27 AM,06:52 PM,24,31,31,27,22,79,86,19.5,1014,27,9,248,13,Liberia
2020-05-19,30,26,0.0,10.2,6,11,04:11 AM,04:34 PM,06:27 AM,06:52 PM,24,31,31,27,17,60,82,6.5,1014,30,10,273,12,Liberia
2020-05-20,29,27,0.0,8.9,6,4,04:50 AM,05:18 PM,06:27 AM,06:53 PM,24,32,32,28,19,73,82,8.6,1013,29,9,242,13,Liberia
2020-05-21,29,27,0.0,6.1,6,0,05:31 AM,06:04 PM,06:27 AM,06:53 PM,24,32,32,28,18,61,81,16.0,1013,29,9,242,11,Liberia
2020-05-22,28,26,0.0,7.5,6,0,06:13 AM,06:52 PM,06:27 AM,06:53 PM,24,31,31,27,18,78,85,16.7,1013,28,9,209,11,Liberia
2020-05-23,29,26,0.0,7.5,6,3,06:59 AM,07:43 PM,06:27 AM,06:53 PM,24,31,31,27,15,70,82,10.6,1013,29,9,199,11,Liberia
2020-05-24,29,26,0.0,11.6,6,10,07:49 AM,08:36 PM,06:27 AM,06:53 PM,23,31,31,27,13,51,78,12.3,1013,29,9,240,9,Liberia
2020-05-25,29,26,0.0,8.9,6,17,08:41 AM,09:31 PM,06:27 AM,06:54 PM,23,31,31,28,12,72,78,1.7,1013,29,10,246,9,Liberia
2020-05-26,27,18,0.0,6.1,5,25,09:36 AM,10:25 PM,06:27 AM,06:54 PM,23,28,28,24,21,77,85,30.0,1013,27,8,208,12,Liberia
2020-05-27,29,26,0.0,6.1,6,32,10:32 AM,11:20 PM,06:27 AM,06:54 PM,24,31,31,27,19,73,83,17.7,1013,29,8,172,12,Liberia
2020-05-28,28,27,0.0,7.5,6,39,11:28 AM,No moonset,06:27 AM,06:54 PM,24,31,31,27,18,77,84,48.3,1012,28,6,241,10,Liberia
2020-05-29,30,25,0.0,11.6,6,47,12:23 PM,12:11 AM,06:27 AM,06:54 PM,24,31,31,27,12,52,82,19.0,1011,30,9,192,8,Liberia
2020-05-30,28,24,0.0,8.9,6,54,01:18 PM,01:02 AM,06:27 AM,06:55 PM,23,29,29,26,11,72,84,15.3,1012,28,9,112,7,Liberia
2020-05-31,26,21,0.0,6.1,6,58,02:11 PM,01:50 AM,06:27 AM,06:55 PM,24,28,28,25,25,81,91,65.3,1013,26,5,219,13,Liberia
2020-06-01,29,26,0.0,6.1,6,71,03:04 PM,02:38 AM,06:27 AM,06:55 PM,24,30,30,27,17,80,82,25.8,1014,29,8,232,10,Liberia
2020-06-02,29,26,0.0,8.9,6,79,03:58 PM,03:26 AM,06:27 AM,06:55 PM,23,31,31,28,12,63,78,1.2,1014,29,10,212,8,Liberia
2020-06-03,29,27,0.0,7.5,6,86,04:54 PM,04:15 AM,06:27 AM,06:56 PM,24,32,32,28,18,70,80,3.3,1013,29,10,253,13,Liberia
2020-06-04,29,27,0.0,7.5,6,94,05:52 PM,05:07 AM,06:27 AM,06:56 PM,24,31,31,27,18,78,82,15.4,1013,29,9,224,11,Liberia
2020-06-05,29,27,0.0,6.1,6,100,06:52 PM,06:02 AM,06:27 AM,06:56 PM,24,32,32,28,20,70,82,8.5,1013,29,9,272,14,Liberia
2020-06-06,29,26,0.0,8.9,6,100,07:53 PM,06:59 AM,06:27 AM,06:56 PM,24,32,32,28,15,65,79,10.0,1014,29,10,236,10,Liberia
2020-06-07,29,25,0.0,6.1,6,84,08:51 PM,07:58 AM,06:28 AM,06:57 PM,23,30,30,27,15,72,81,17.2,1014,29,9,150,10,Liberia
2020-06-08,28,18,0.0,6.1,6,76,09:48 PM,08:56 AM,06:28 AM,06:57 PM,23,28,28,25,18,70,83,14.2,1013,28,9,251,11,Liberia
2020-06-09,28,25,0.0,8.9,6,69,10:39 PM,09:52 AM,06:28 AM,06:57 PM,23,30,30,27,16,69,81,16.8,1013,28,9,227,11,Liberia
2020-06-10,29,26,0.0,7.5,6,61,11:27 PM,10:44 AM,06:28 AM,06:57 PM,23,30,30,27,15,66,79,19.7,1013,29,9,228,10,Liberia
2020-06-11,29,25,0.0,7.5,6,54,No moonrise,11:34 AM,06:28 AM,06:58 PM,23,30,30,27,15,74,80,12.7,1013,29,9,161,10,Liberia
2020-06-12,28,24,0.0,7.5,6,46,12:10 AM,12:20 PM,06:28 AM,06:58 PM,23,29,29,26,12,69,85,6.8,1012,28,9,129,8,Liberia
2020-06-13,28,26,0.0,7.5,6,38,12:52 AM,01:04 PM,06:29 AM,06:58 PM,23,30,30,27,17,72,83,22.6,1012,28,8,223,11,Liberia
2020-06-14,28,25,0.0,8.9,6,31,01:31 AM,01:48 PM,06:29 AM,06:58 PM,23,29,29,26,26,75,85,54.8,1013,28,5,162,13,Liberia
2020-06-15,29,25,0.0,8.9,6,23,02:09 AM,02:30 PM,06:29 AM,06:59 PM,23,30,30,27,13,68,80,1.0,1014,29,9,208,9,Liberia
2020-06-16,29,26,0.0,10.2,6,16,02:47 AM,03:14 PM,06:29 AM,06:59 PM,24,30,30,27,20,67,83,7.3,1014,29,10,252,14,Liberia
2020-06-17,28,26,0.0,6.2,6,8,03:27 AM,03:59 PM,06:29 AM,06:59 PM,24,30,30,27,25,70,85,21.2,1013,28,9,228,16,Liberia
2020-06-18,26,18,0.0,6.1,6,1,04:09 AM,04:46 PM,06:30 AM,06:59 PM,24,27,27,24,30,90,88,39.4,1014,26,7,189,17,Liberia
2020-06-19,28,25,0.0,6.1,6,0,04:54 AM,05:36 PM,06:30 AM,06:59 PM,23,29,29,26,22,75,83,7.5,1015,28,10,189,15,Liberia
2020-06-20,28,25,0.0,6.4,6,0,05:42 AM,06:28 PM,06:30 AM,07:00 PM,23,29,29,26,16,73,81,9.9,1015,28,9,178,11,Liberia
2020-06-21,27,25,0.0,7.7,6,0,06:34 AM,07:24 PM,06:30 AM,07:00 PM,23,29,29,26,22,80,83,7.0,1014,27,10,210,15,Liberia
2020-06-22,27,25,0.0,6.4,6,7,07:30 AM,08:19 PM,06:30 AM,07:00 PM,23,29,29,26,20,80,86,20.2,1013,27,9,198,13,Liberia
2020-06-23,27,25,0.0,9.0,6,14,08:26 AM,09:15 PM,06:31 AM,07:00 PM,23,29,29,26,17,76,85,12.0,1012,27,10,170,11,Liberia
2020-06-24,27,25,0.0,6.4,6,22,09:24 AM,10:09 PM,06:31 AM,07:01 PM,23,29,29,26,18,79,85,13.3,1012,27,10,171,12,Liberia
2020-06-25,27,25,0.0,6.4,6,29,10:19 AM,11:00 PM,06:31 AM,07:01 PM,23,29,29,26,22,81,85,26.0,1013,27,8,176,13,Liberia
2020-06-26,27,25,0.0,7.7,6,37,11:14 AM,11:49 PM,06:31 AM,07:01 PM,23,29,29,26,24,75,85,18.9,1013,27,9,189,15,Liberia
2020-06-27,27,25,0.0,6.3,6,44,12:07 PM,No moonset,06:32 AM,07:01 PM,23,29,29,26,21,93,86,11.8,1012,27,10,197,14,Liberia
2020-06-28,27,25,0.0,6.3,6,52,01:00 PM,12:36 AM,06:32 AM,07:01 PM,23,28,28,26,23,86,85,23.5,1013,27,9,210,14,Liberia
2020-06-29,26,25,0.0,6.3,6,59,01:52 PM,01:23 AM,06:32 AM,07:01 PM,23,28,28,25,25,94,86,25.6,1013,26,8,197,15,Liberia
2020-06-30,26,24,0.0,7.7,6,67,02:45 PM,02:10 AM,06:32 AM,07:02 PM,23,28,28,26,25,76,84,13.5,1012,26,10,189,17,Liberia
2020-07-01,27,25,0.0,6.4,6,72,03:41 PM,02:59 AM,06:32 AM,07:02 PM,23,29,29,26,17,80,82,4.2,1012,27,10,181,12,Liberia
2020-07-02,26,25,0.0,6.3,6,79,04:38 PM,03:51 AM,06:33 AM,07:02 PM,23,28,28,26,28,79,85,6.1,1012,26,10,171,19,Liberia
2020-07-03,26,25,0.0,6.3,6,86,05:38 PM,04:46 AM,06:33 AM,07:02 PM,22,28,28,25,25,85,81,1.1,1013,26,10,198,17,Liberia
2020-07-04,26,25,0.0,6.3,6,94,06:37 PM,05:43 AM,06:33 AM,07:02 PM,22,28,28,25,30,96,84,15.2,1014,26,9,220,19,Liberia
2020-07-05,27,25,0.0,7.7,6,100,07:34 PM,06:41 AM,06:33 AM,07:02 PM,22,28,28,26,24,81,83,16.1,1013,27,9,206,16,Liberia
2020-07-06,27,25,0.0,6.3,6,100,08:28 PM,07:38 AM,06:34 AM,07:02 PM,22,28,28,25,21,83,82,0.9,1013,27,10,194,15,Liberia
2020-07-07,26,25,0.0,6.3,6,85,09:18 PM,08:33 AM,06:34 AM,07:02 PM,22,27,27,25,20,93,83,0.8,1012,26,10,196,15,Liberia
2020-07-08,26,25,0.0,6.3,6,77,10:04 PM,09:25 AM,06:34 AM,07:03 PM,23,28,28,25,21,98,87,17.8,1012,26,8,232,13,Liberia
2020-07-09,26,25,0.0,6.3,6,70,10:47 PM,10:12 AM,06:34 AM,07:03 PM,23,28,28,25,32,98,86,28.6,1013,26,8,195,18,Liberia
2020-07-10,26,25,0.0,6.3,6,63,11:27 PM,10:58 AM,06:34 AM,07:03 PM,23,28,28,25,34,76,84,34.2,1013,26,7,202,19,Liberia
2020-07-11,26,25,0.0,6.3,6,55,No moonrise,11:42 AM,06:35 AM,07:03 PM,22,28,28,25,29,80,84,9.3,1014,26,10,187,20,Liberia
2020-07-12,26,24,0.0,6.3,6,48,12:06 AM,12:25 PM,06:35 AM,07:03 PM,21,27,27,25,22,89,79,0.5,1014,26,10,191,16,Liberia
2020-07-13,27,24,0.0,9.0,6,41,12:44 AM,01:08 PM,06:35 AM,07:03 PM,20,27,27,25,16,75,75,0.0,1015,27,10,195,11,Liberia
2020-07-14,25,24,0.0,6.3,5,34,01:23 AM,01:52 PM,06:35 AM,07:03 PM,21,27,27,25,30,97,82,2.3,1014,25,10,203,21,Liberia
2020-07-15,26,24,0.0,10.3,6,26,02:03 AM,02:38 PM,06:35 AM,07:03 PM,21,27,27,25,26,74,79,0.7,1014,26,10,192,18,Liberia
2020-07-16,27,24,0.0,10.3,6,19,02:47 AM,03:27 PM,06:36 AM,07:03 PM,19,27,27,25,17,50,70,0.1,1015,27,10,214,12,Liberia
2020-07-17,27,24,0.0,7.7,6,12,03:34 AM,04:18 PM,06:36 AM,07:03 PM,20,27,27,25,13,57,72,0.0,1014,27,10,235,9,Liberia
2020-07-18,27,25,0.0,7.7,6,5,04:24 AM,05:13 PM,06:36 AM,07:03 PM,21,27,27,25,13,73,75,0.2,1014,27,10,232,9,Liberia
2020-07-19,27,25,0.0,6.3,6,0,05:18 AM,06:09 PM,06:36 AM,07:03 PM,22,28,28,26,18,61,78,2.4,1013,27,10,239,13,Liberia
2020-07-20,26,24,0.0,6.3,6,0,06:15 AM,07:05 PM,06:36 AM,07:03 PM,22,28,28,25,30,84,85,22.1,1012,26,9,229,18,Liberia
2020-07-21,25,16,0.0,6.3,5,2,07:14 AM,08:01 PM,06:36 AM,07:03 PM,22,26,26,23,28,89,87,24.0,1012,25,8,223,17,Liberia
2020-07-22,26,19,0.0,6.3,5,10,08:11 AM,08:54 PM,06:37 AM,07:03 PM,23,27,27,24,20,83,87,9.9,1013,26,9,197,13,Liberia
2020-07-23,26,24,0.0,6.3,6,17,09:08 AM,09:45 PM,06:37 AM,07:03 PM,23,28,28,25,34,92,88,39.7,1012,26,7,202,19,Liberia
2020-07-24,26,25,0.0,6.3,6,24,10:03 AM,10:33 PM,06:37 AM,07:02 PM,23,28,28,25,26,88,85,3.6,1012,26,10,215,19,Liberia
2020-07-25,26,24,0.0,6.3,6,32,10:56 AM,11:21 PM,06:37 AM,07:02 PM,22,28,28,25,27,79,83,4.4,1013,26,10,209,19,Liberia
2020-07-26,26,24,0.0,6.3,5,39,11:49 AM,No moonset,06:37 AM,07:02 PM,22,27,27,25,27,91,83,3.4,1014,26,10,207,19,Liberia
2020-07-27,27,24,0.0,6.3,6,46,12:42 PM,12:08 AM,06:37 AM,07:02 PM,21,27,27,25,22,78,79,1.1,1014,27,10,207,15,Liberia
2020-07-28,26,24,0.0,6.3,6,53,01:36 PM,12:56 AM,06:37 AM,07:02 PM,21,27,27,25,21,89,79,0.3,1014,26,10,216,15,Liberia
2020-07-29,26,24,0.0,6.3,6,61,02:31 PM,01:47 AM,06:37 AM,07:02 PM,21,27,27,25,25,90,81,1.6,1013,26,10,200,18,Liberia
2020-07-30,26,24,0.0,9.0,6,68,03:29 PM,02:39 AM,06:38 AM,07:02 PM,21,27,27,25,23,75,81,1.4,1014,26,10,177,16,Liberia
2020-07-31,27,25,0.0,6.3,6,72,04:27 PM,03:35 AM,06:38 AM,07:01 PM,22,28,28,26,15,76,83,11.4,1014,27,10,190,10,Liberia
2020-08-01,27,24,0.0,6.3,6,82,05:24 PM,04:31 AM,06:38 AM,07:01 PM,23,28,28,25,31,92,88,31.6,1014,27,8,190,18,Liberia
2020-08-02,26,24,0.0,7.6,6,90,06:19 PM,05:28 AM,06:38 AM,07:01 PM,22,27,27,25,36,92,86,33.2,1015,26,7,189,21,Liberia
2020-08-03,26,24,0.0,9.0,6,97,07:10 PM,06:23 AM,06:38 AM,07:01 PM,21,27,27,25,23,69,79,0.4,1017,26,10,191,17,Liberia
2020-08-04,26,24,0.0,7.6,5,100,07:58 PM,07:16 AM,06:38 AM,07:01 PM,19,26,26,24,17,64,73,0.2,1017,26,10,190,12,Liberia
2020-08-05,26,23,0.0,7.6,5,88,08:41 PM,08:05 AM,06:38 AM,07:00 PM,19,26,26,24,18,60,73,0.3,1017,26,10,205,12,Liberia
2020-08-06,26,23,0.0,10.3,6,81,09:23 PM,08:52 AM,06:38 AM,07:00 PM,18,26,26,25,16,46,67,0.0,1016,26,10,192,12,Liberia
2020-08-07,26,20,0.0,7.6,5,74,10:02 PM,09:37 AM,06:38 AM,07:00 PM,20,26,26,24,20,70,73,0.3,1017,26,10,205,14,Liberia
2020-08-08,25,20,0.0,6.1,5,67,10:40 PM,10:20 AM,06:38 AM,06:59 PM,21,26,26,24,28,100,81,3.5,1016,25,9,192,19,Liberia
2020-08-09,27,24,0.0,7.5,6,59,11:19 PM,11:03 AM,06:38 AM,06:59 PM,21,27,27,25,23,67,77,0.7,1015,27,10,181,16,Liberia
2020-08-10,27,24,0.0,7.5,6,52,11:59 PM,11:46 AM,06:38 AM,06:59 PM,21,27,27,25,17,68,76,0.3,1014,27,10,210,12,Liberia
2020-08-11,26,25,0.0,6.1,6,45,No moonrise,12:30 PM,06:38 AM,06:59 PM,22,27,27,25,26,87,83,4.1,1013,26,10,201,19,Liberia
2020-08-12,25,24,0.0,6.1,5,38,12:40 AM,01:18 PM,06:38 AM,06:58 PM,22,26,26,24,29,99,85,2.8,1014,25,9,174,20,Liberia
2020-08-13,26,24,0.0,6.1,6,30,01:25 AM,02:07 PM,06:38 AM,06:58 PM,20,26,26,25,22,74,75,0.1,1014,26,10,156,15,Liberia
2020-08-14,26,22,0.0,10.2,5,23,02:13 AM,03:00 PM,06:38 AM,06:58 PM,20,26,26,24,13,46,76,0.0,1014,26,10,172,9,Liberia
2020-08-15,26,24,0.0,6.1,5,16,03:05 AM,03:55 PM,06:38 AM,06:57 PM,21,27,27,25,22,96,82,3.4,1013,26,9,225,15,Liberia
2020-08-16,25,24,0.0,6.1,5,8,04:00 AM,04:51 PM,06:38 AM,06:57 PM,22,27,27,25,30,94,84,1.8,1012,25,10,183,21,Liberia
2020-08-17,26,24,0.0,11.6,6,1,04:58 AM,05:48 PM,06:38 AM,06:56 PM,19,26,26,25,18,62,72,0.1,1013,26,10,174,13,Liberia
2020-08-18,25,24,0.0,6.1,5,0,05:57 AM,06:43 PM,06:38 AM,06:56 PM,20,27,27,25,18,92,78,0.6,1013,25,9,210,13,Liberia
2020-08-19,26,24,0.0,6.1,6,0,06:56 AM,07:36 PM,06:37 AM,06:56 PM,22,27,27,25,29,93,85,2.0,1012,26,10,198,21,Liberia
2020-08-20,27,25,0.0,7.5,6,6,07:53 AM,08:26 PM,06:37 AM,06:55 PM,22,28,28,25,26,75,82,1.5,1011,27,10,200,19,Liberia
2020-08-21,27,25,0.0,6.1,6,13,08:48 AM,09:16 PM,06:37 AM,06:55 PM,22,28,28,26,23,78,80,1.3,1012,27,10,208,17,Liberia
2020-08-22,26,25,0.0,6.1,6,20,09:43 AM,10:04 PM,06:37 AM,06:54 PM,22,28,28,25,21,95,82,0.9,1013,26,10,211,15,Liberia
2020-08-23,25,18,0.0,6.1,5,28,10:37 AM,10:53 PM,06:37 AM,06:54 PM,23,26,26,24,32,99,89,38.4,1013,25,7,203,19,Liberia
2020-08-24,27,24,0.0,8.8,6,35,11:32 AM,11:44 PM,06:37 AM,06:54 PM,22,28,28,25,30,76,83,6.8,1013,27,10,185,21,Liberia
2020-08-25,26,24,0.0,8.8,6,42,12:27 PM,No moonset,06:37 AM,06:53 PM,21,27,27,25,24,62,78,0.6,1013,26,10,191,16,Liberia
2020-08-26,27,24,0.0,8.8,6,50,01:25 PM,12:36 AM,06:37 AM,06:53 PM,21,27,27,25,18,64,77,0.1,1013,27,10,193,13,Liberia
2020-08-27,27,24,0.0,6.1,6,57,02:22 PM,01:30 AM,06:37 AM,06:52 PM,21,27,27,25,17,72,77,0.1,1014,27,10,219,12,Liberia
2020-08-28,27,24,0.0,8.8,6,64,03:19 PM,02:25 AM,06:37 AM,06:52 PM,21,27,27,25,24,71,79,0.8,1014,27,10,230,17,Liberia
2020-08-29,26,25,0.0,10.2,6,71,04:13 PM,03:22 AM,06:36 AM,06:51 PM,22,28,28,25,27,66,84,14.7,1012,26,9,219,18,Liberia
2020-08-30,25,19,0.0,6.1,5,79,05:05 PM,04:16 AM,06:36 AM,06:51 PM,22,26,26,24,30,99,87,15.5,1012,25,9,200,20,Liberia
2020-08-31,26,24,0.0,6.1,6,82,05:53 PM,05:09 AM,06:36 AM,06:50 PM,22,27,27,25,30,93,86,12.2,1013,26,10,190,20,Liberia
2020-09-01,26,24,0.0,6.1,6,97,06:38 PM,05:59 AM,06:36 AM,06:50 PM,22,27,27,25,27,89,86,19.5,1013,26,9,194,17,Liberia
2020-09-02,26,24,0.0,6.1,6,100,07:20 PM,06:47 AM,06:36 AM,06:49 PM,22,28,28,25,19,75,82,0.6,1012,26,10,207,14,Liberia
2020-09-03,27,24,0.0,8.8,6,88,07:59 PM,07:32 AM,06:36 AM,06:49 PM,21,27,27,25,19,66,78,0.0,1013,27,10,226,13,Liberia
2020-09-04,26,23,0.0,6.1,5,81,08:38 PM,08:16 AM,06:35 AM,06:48 PM,21,27,27,25,19,78,81,7.0,1015,26,9,246,13,Liberia
2020-09-05,27,25,0.0,8.8,6,73,09:17 PM,08:59 AM,06:35 AM,06:48 PM,23,28,28,26,18,70,84,6.8,1014,27,10,211,13,Liberia
2020-09-06,26,25,0.0,6.1,6,66,09:55 PM,09:42 AM,06:35 AM,06:47 PM,23,28,28,25,28,86,87,17.9,1012,26,9,205,18,Liberia
2020-09-07,26,25,0.0,6.1,6,58,10:35 PM,10:25 AM,06:35 AM,06:47 PM,23,28,28,25,31,84,86,20.1,1011,26,9,209,19,Liberia
2020-09-08,25,24,0.0,6.1,5,50,11:19 PM,11:11 AM,06:35 AM,06:46 PM,23,27,27,25,32,99,89,46.2,1012,25,6,216,18,Liberia
2020-09-09,24,15,0.0,6.1,5,43,No moonrise,11:59 AM,06:35 AM,06:46 PM,23,25,25,23,30,100,90,26.8,1012,24,8,208,20,Liberia
2020-09-10,26,24,0.0,6.1,6,35,12:04 AM,12:49 PM,06:34 AM,06:45 PM,23,28,28,25,35,99,88,48.5,1012,26,6,211,18,Liberia
2020-09-11,26,25,0.0,6.1,6,28,12:54 AM,01:42 PM,06:34 AM,06:45 PM,23,28,28,25,33,91,86,19.4,1012,26,9,198,21,Liberia
2020-09-12,26,25,0.0,6.1,6,20,01:47 AM,02:37 PM,06:34 AM,06:44 PM,22,27,27,25,17,75,84,2.4,1013,26,10,212,12,Liberia
2020-09-13,27,25,0.0,7.4,6,13,02:42 AM,03:33 PM,06:34 AM,06:44 PM,23,28,28,25,29,79,88,36.1,1013,27,7,251,17,Liberia
2020-09-14,27,25,0.0,6.0,6,5,03:41 AM,04:27 PM,06:34 AM,06:43 PM,23,28,28,26,24,70,87,20.3,1013,27,9,193,14,Liberia
2020-09-15,26,25,0.0,6.0,6,0,04:38 AM,05:22 PM,06:34 AM,06:43 PM,23,28,28,25,35,99,89,64.4,1013,26,6,188,18,Liberia
2020-09-16,26,24,0.0,6.0,6,0,05:36 AM,06:13 PM,06:33 AM,06:42 PM,23,28,28,25,23,88,87,28.9,1013,26,8,207,15,Liberia
2020-09-17,26,24,0.0,6.0,6,0,06:33 AM,07:04 PM,06:33 AM,06:41 PM,23,28,28,25,24,92,87,43.1,1012,26,6,216,13,Liberia
2020-09-18,27,25,0.0,6.0,6,2,07:29 AM,07:54 PM,06:33 AM,06:41 PM,23,28,28,25,33,90,87,30.1,1013,27,8,182,19,Liberia
2020-09-19,27,25,0.0,8.8,6,10,08:25 AM,08:44 PM,06:33 AM,06:40 PM,23,28,28,26,23,70,85,6.3,1014,27,10,179,16,Liberia
2020-09-20,26,24,0.0,6.0,6,17,09:22 AM,09:36 PM,06:33 AM,06:40 PM,23,28,28,25,21,82,88,15.4,1014,26,9,219,14,Liberia
2020-09-21,28,24,0.0,8.8,6,25,10:19 AM,10:29 PM,06:32 AM,06:39 PM,23,29,29,26,18,66,83,11.9,1014,28,9,228,12,Liberia
2020-09-22,28,25,0.0,10.2,6,32,11:18 AM,11:25 PM,06:32 AM,06:39 PM,23,29,29,26,17,71,83,7.4,1014,28,10,253,12,Liberia
2020-09-23,27,25,0.0,8.8,6,40,12:16 PM,No moonset,06:32 AM,06:38 PM,23,29,29,26,30,63,86,34.7,1013,27,7,227,17,Liberia
2020-09-24,27,25,0.0,6.0,6,47,01:15 PM,12:21 AM,06:32 AM,06:38 PM,23,28,28,26,22,68,86,10.7,1014,27,9,233,14,Liberia
2020-09-25,27,25,0.0,6.0,6,55,02:10 PM,01:18 AM,06:32 AM,06:37 PM,23,29,29,26,19,66,85,38.8,1014,27,7,222,11,Liberia
2020-09-26,26,25,0.0,6.0,6,62,03:02 PM,02:13 AM,06:32 AM,06:37 PM,23,28,28,25,17,83,87,13.4,1013,26,9,254,12,Liberia
2020-09-27,27,24,0.0,6.0,6,70,03:51 PM,03:06 AM,06:31 AM,06:36 PM,23,28,28,25,17,76,87,31.8,1012,27,8,221,10,Liberia
2020-09-28,27,25,0.0,6.0,6,78,04:36 PM,03:56 AM,06:31 AM,06:36 PM,23,29,29,26,19,81,83,5.6,1012,27,10,247,13,Liberia
2020-09-29,28,25,0.0,7.4,6,85,05:19 PM,04:44 AM,06:31 AM,06:35 PM,23,30,30,26,17,60,84,3.9,1012,28,10,273,12,Liberia
2020-09-30,27,25,0.0,7.4,6,93,05:59 PM,05:30 AM,06:31 AM,06:35 PM,23,28,28,26,21,73,86,24.2,1012,27,8,218,13,Liberia
2020-10-01,27,25,0.0,6.0,6,97,06:37 PM,06:13 AM,06:31 AM,06:34 PM,23,29,29,26,17,72,86,9.3,1011,27,9,227,12,Liberia
2020-10-02,28,25,0.0,7.4,6,100,07:16 PM,06:56 AM,06:31 AM,06:34 PM,23,29,29,26,20,67,82,9.7,1011,28,10,259,13,Liberia
2020-10-03,27,25,0.0,8.8,6,89,07:54 PM,07:39 AM,06:30 AM,06:33 PM,23,29,29,26,26,71,86,47.0,1011,27,7,193,14,Liberia
2020-10-04,27,25,0.0,7.4,6,82,08:33 PM,08:22 AM,06:30 AM,06:33 PM,23,29,29,26,23,73,85,20.7,1012,27,9,183,15,Liberia
2020-10-05,28,25,0.0,6.0,6,74,09:16 PM,09:08 AM,06:30 AM,06:32 PM,23,29,29,26,19,71,81,6.6,1013,28,10,201,13,Liberia
2020-10-06,28,25,0.0,8.8,6,67,10:00 PM,09:54 AM,06:30 AM,06:32 PM,23,29,29,26,10,66,83,15.1,1013,28,9,227,7,Liberia
2020-10-07,28,25,0.0,7.4,6,60,10:47 PM,10:43 AM,06:30 AM,06:31 PM,23,29,29,26,16,69,84,15.7,1014,28,9,223,11,Liberia
2020-10-08,28,25,0.0,6.0,6,53,11:38 PM,11:34 AM,06:30 AM,06:31 PM,23,29,29,26,25,82,87,36.0,1013,28,7,219,14,Liberia
2020-10-09,28,25,0.0,10.2,6,45,No moonrise,12:27 PM,06:30 AM,06:30 PM,23,30,30,27,15,65,83,14.3,1012,28,9,199,10,Liberia
2020-10-10,27,25,0.0,7.4,6,38,12:31 AM,01:21 PM,06:30 AM,06:30 PM,23,29,29,26,20,74,82,27.5,1012,27,8,262,12,Liberia
2020-10-11,26,16,0.0,8.8,5,31,01:27 AM,02:14 PM,06:29 AM,06:30 PM,23,27,27,24,37,69,87,49.1,1012,26,6,258,20,Liberia
2020-10-12,25,20,0.0,6.0,5,23,02:23 AM,03:08 PM,06:29 AM,06:29 PM,23,26,26,24,26,76,91,70.6,1012,25,6,215,14,Liberia
2020-10-13,27,24,0.0,7.4,6,16,03:20 AM,03:59 PM,06:29 AM,06:29 PM,23,28,28,25,13,73,86,5.9,1012,27,9,167,9,Liberia
2020-10-14,29,25,0.0,10.2,6,9,04:15 AM,04:49 PM,06:29 AM,06:28 PM,23,29,29,26,10,65,80,0.5,1013,29,10,178,7,Liberia
2020-10-15,28,25,0.0,7.4,6,2,05:11 AM,05:40 PM,06:29 AM,06:28 PM,23,29,29,26,13,55,82,3.3,1013,28,10,216,9,Liberia
2020-10-16,28,25,0.0,8.8,6,0,06:07 AM,06:30 PM,06:29 AM,06:28 PM,23,30,30,27,11,56,82,2.1,1012,28,10,171,8,Liberia
2020-10-17,28,25,0.0,7.4,6,0,07:04 AM,07:22 PM,06:29 AM,06:27 PM,23,30,30,27,12,68,82,4.7,1011,28,10,252,8,Liberia
2020-10-18,28,26,0.0,10.2,6,5,08:03 AM,08:15 PM,06:29 AM,06:27 PM,24,30,30,27,16,64,85,4.8,1011,28,10,245,11,Liberia
2020-10-19,28,26,0.0,8.8,6,13,09:03 AM,09:12 PM,06:29 AM,06:27 PM,24,30,30,27,16,74,83,19.6,1011,28,8,215,10,Liberia
2020-10-20,28,24,0.0,6.0,6,20,10:04 AM,10:10 PM,06:29 AM,06:26 PM,23,29,29,26,13,79,84,4.5,1012,28,10,144,10,Liberia
2020-10-21,28,25,0.0,8.8,6,27,11:05 AM,11:09 PM,06:29 AM,06:26 PM,23,30,30,26,12,73,83,14.5,1012,28,9,237,8,Liberia
2020-10-22,29,26,0.0,8.8,6,35,12:04 PM,No moonset,06:29 AM,06:26 PM,24,30,30,27,16,67,82,9.3,1012,29,10,238,11,Liberia
2020-10-23,28,25,0.0,8.8,6,42,12:58 PM,12:07 AM,06:29 AM,06:25 PM,23,30,30,27,13,58,82,2.2,1012,28,10,204,9,Liberia
2020-10-24,28,26,0.0,10.2,6,49,01:49 PM,01:02 AM,06:29 AM,06:25 PM,23,30,30,27,14,69,79,3.3,1012,28,10,219,10,Liberia
2020-10-25,29,25,0.0,7.4,6,56,02:35 PM,01:54 AM,06:29 AM,06:25 PM,23,30,30,27,12,65,81,7.9,1011,29,9,220,9,Liberia
2020-10-26,29,26,0.0,7.4,6,64,03:19 PM,02:42 AM,06:29 AM,06:25 PM,23,30,30,27,15,67,81,2.9,1010,29,10,273,10,Liberia
2020-10-27,29,26,0.0,10.2,6,71,03:59 PM,03:28 AM,06:29 AM,06:24 PM,23,30,30,27,17,54,79,10.7,1010,29,9,240,12,Liberia
2020-10-28,29,26,0.0,7.4,6,78,04:37 PM,04:12 AM,06:29 AM,06:24 PM,23,30,30,27,19,79,81,26.2,1010,29,8,256,11,Liberia
2020-10-29,30,26,0.0,8.8,6,85,05:16 PM,04:55 AM,06:29 AM,06:24 PM,23,31,31,27,17,62,79,8.0,1011,30,9,212,11,Liberia
2020-10-30,30,26,0.0,10.2,6,93,05:54 PM,05:38 AM,06:29 AM,06:24 PM,23,31,31,27,15,67,77,10.6,1011,30,9,236,10,Liberia
2020-10-31,29,25,0.0,8.8,6,97,06:33 PM,06:20 AM,06:30 AM,06:24 PM,23,30,30,27,12,52,80,6.4,1011,29,10,190,8,Liberia
2020-11-01,29,26,0.0,7.4,6,89,07:14 PM,07:05 AM,06:30 AM,06:23 PM,23,30,30,27,15,68,80,9.5,1010,29,9,201,10,Liberia
2020-11-02,29,26,0.0,6.0,6,81,07:58 PM,07:52 AM,06:30 AM,06:23 PM,23,30,30,27,13,74,79,17.0,1011,29,9,214,8,Liberia
2020-11-03,29,25,0.0,8.8,6,74,08:44 PM,08:40 AM,06:30 AM,06:23 PM,23,30,30,27,11,64,81,9.8,1011,29,9,179,8,Liberia
2020-11-04,29,26,0.0,6.0,6,66,09:34 PM,09:30 AM,06:30 AM,06:23 PM,24,31,31,27,11,79,81,16.2,1011,29,9,178,7,Liberia
2020-11-05,29,25,0.0,6.0,6,58,10:25 PM,10:22 AM,06:30 AM,06:23 PM,23,31,31,27,14,75,79,20.8,1011,29,8,233,9,Liberia
2020-11-06,29,26,0.0,6.0,6,51,11:19 PM,11:15 AM,06:30 AM,06:23 PM,24,31,31,27,15,75,81,13.7,1012,29,9,218,10,Liberia
2020-11-07,29,26,0.0,7.4,6,43,No moonrise,12:07 PM,06:31 AM,06:23 PM,23,31,31,27,12,71,80,7.8,1013,29,9,177,8,Liberia
2020-11-08,29,26,0.0,11.6,7,36,12:14 AM,12:59 PM,06:31 AM,06:23 PM,23,31,31,27,12,39,78,0.6,1013,29,10,212,8,Liberia
2020-11-09,29,25,0.0,7.4,6,28,01:08 AM,01:49 PM,06:31 AM,06:23 PM,23,30,30,27,10,51,78,1.1,1013,29,10,190,7,Liberia
2020-11-10,28,25,0.0,8.8,6,21,02:02 AM,02:38 PM,06:31 AM,06:23 PM,23,30,30,27,10,63,80,4.8,1011,28,9,260,7,Liberia
2020-11-11,29,25,0.0,8.8,6,13,02:56 AM,03:27 PM,06:32 AM,06:23 PM,23,30,30,27,12,64,80,10.1,1011,29,9,179,8,Liberia
2020-11-12,30,25,0.0,7.4,6,6,03:50 AM,04:15 PM,06:32 AM,06:23 PM,23,30,30,27,13,65,81,9.5,1011,30,9,161,8,Liberia
2020-11-13,29,25,0.0,7.4,6,0,04:45 AM,05:05 PM,06:32 AM,06:23 PM,23,30,30,27,12,69,80,7.7,1011,29,9,183,8,Liberia
2020-11-14,30,25,0.0,10.2,6,0,05:43 AM,05:58 PM,06:32 AM,06:23 PM,23,30,30,27,14,33,81,0.3,1012,30,10,276,10,Liberia
2020-11-15,29,26,0.0,10.2,6,0,06:42 AM,06:53 PM,06:33 AM,06:23 PM,23,30,30,27,11,39,78,0.5,1011,29,10,263,8,Liberia
2020-11-16,29,26,0.0,10.2,6,2,07:44 AM,07:52 PM,06:33 AM,06:23 PM,23,30,30,27,11,46,78,0.2,1011,29,10,225,7,Liberia
2020-11-17,29,26,0.0,7.4,6,9,08:47 AM,08:53 PM,06:33 AM,06:23 PM,23,30,30,27,14,64,78,2.1,1011,29,10,236,10,Liberia
2020-11-18,29,26,0.0,7.4,6,17,09:49 AM,09:53 PM,06:34 AM,06:23 PM,23,30,30,27,11,69,80,8.7,1010,29,10,197,8,Liberia
2020-11-19,29,26,0.0,8.8,6,24,10:48 AM,10:52 PM,06:34 AM,06:23 PM,23,30,30,27,14,58,80,9.8,1010,29,9,243,9,Liberia
2020-11-20,29,26,0.0,7.4,6,32,11:42 AM,11:47 PM,06:34 AM,06:23 PM,23,30,30,27,12,71,78,4.1,1009,29,10,185,8,Liberia
2020-11-21,29,26,0.0,11.6,6,39,12:31 PM,No moonset,06:35 AM,06:23 PM,23,30,30,27,14,32,79,8.4,1011,29,9,221,9,Liberia
2020-11-22,29,25,0.0,5.9,6,47,01:17 PM,12:37 AM,06:35 AM,06:23 PM,23,30,30,27,10,70,79,7.6,1011,29,9,199,7,Liberia
2020-11-23,29,26,0.0,7.4,6,54,01:58 PM,01:25 AM,06:35 AM,06:24 PM,23,30,30,27,10,60,79,1.9,1011,29,10,208,7,Liberia
2020-11-24,30,26,0.0,7.4,6,62,02:37 PM,02:10 AM,06:36 AM,06:24 PM,23,31,31,27,14,65,78,15.0,1012,30,9,219,9,Liberia
2020-11-25,28,25,0.0,5.9,6,70,03:15 PM,02:53 AM,06:36 AM,06:24 PM,23,30,30,27,13,78,80,10.9,1011,28,9,229,9,Liberia
2020-11-26,28,26,0.0,7.4,6,77,03:53 PM,03:36 AM,06:37 AM,06:24 PM,23,30,30,27,17,74,81,6.6,1011,28,10,274,11,Liberia
2020-11-27,29,26,0.0,5.9,6,85,04:32 PM,04:18 AM,06:37 AM,06:25 PM,23,30,30,27,15,73,78,5.7,1011,29,10,232,10,Liberia
2020-11-28,29,25,0.0,7.4,6,92,05:12 PM,05:02 AM,06:37 AM,06:25 PM,23,30,30,27,11,66,79,3.9,1012,29,9,211,8,Liberia
2020-11-29,29,26,0.0,5.9,6,100,05:55 PM,05:48 AM,06:38 AM,06:25 PM,23,30,30,27,12,79,78,12.3,1011,29,9,239,8,Liberia
2020-11-30,29,25,0.0,5.9,6,100,06:41 PM,06:36 AM,06:38 AM,06:25 PM,23,30,30,27,11,73,80,5.6,1012,29,10,186,8,Liberia
2020-12-01,28,25,0.0,10.2,6,89,07:30 PM,07:26 AM,06:39 AM,06:26 PM,23,30,30,27,8,57,80,2.3,1012,28,10,213,6,Liberia
2020-12-02,28,26,0.0,7.4,6,82,08:22 PM,08:18 AM,06:39 AM,06:26 PM,23,30,30,27,12,67,79,2.4,1012,28,10,248,8,Liberia
2020-12-03,29,26,0.0,7.3,6,75,09:16 PM,09:12 AM,06:40 AM,06:26 PM,23,30,30,27,13,61,78,2.1,1012,29,10,262,9,Liberia
2020-12-04,29,26,0.0,8.8,6,67,10:10 PM,10:04 AM,06:40 AM,06:27 PM,23,30,30,27,16,58,80,0.7,1013,29,10,277,11,Liberia
2020-12-05,29,26,0.0,5.9,6,60,11:04 PM,10:56 AM,06:41 AM,06:27 PM,23,30,30,27,17,75,80,2.9,1012,29,10,248,12,Liberia
2020-12-06,29,26,0.0,5.9,6,53,11:57 PM,11:46 AM,06:41 AM,06:27 PM,23,30,30,27,16,74,80,3.9,1012,29,10,244,11,Liberia
2020-12-07,29,26,0.0,7.3,6,46,No moonrise,12:33 PM,06:42 AM,06:28 PM,23,30,30,27,14,73,77,7.0,1013,29,9,241,10,Liberia
2020-12-08,29,26,0.0,8.8,6,38,12:49 AM,01:20 PM,06:42 AM,06:28 PM,23,31,31,27,14,58,77,2.1,1013,29,10,250,10,Liberia
2020-12-09,28,26,0.0,7.3,6,31,01:41 AM,02:06 PM,06:43 AM,06:29 PM,23,30,30,27,18,68,80,18.2,1012,28,9,260,12,Liberia
2020-12-10,29,26,0.0,8.8,6,24,02:33 AM,02:54 PM,06:43 AM,06:29 PM,23,30,30,27,17,67,81,20.6,1012,29,9,236,10,Liberia
2020-12-11,29,26,0.0,10.2,6,17,03:27 AM,03:43 PM,06:44 AM,06:29 PM,23,30,30,27,11,62,77,9.5,1013,29,9,235,7,Liberia
2020-12-12,28,26,0.0,5.9,6,9,04:23 AM,04:35 PM,06:44 AM,06:30 PM,23,30,30,27,12,76,81,6.3,1012,28,10,227,8,Liberia
2020-12-13,28,26,0.0,7.3,6,2,05:23 AM,05:32 PM,06:45 AM,06:30 PM,23,30,30,27,16,66,80,8.0,1011,28,9,243,10,Liberia
2020-12-14,29,26,0.0,5.9,6,0,06:25 AM,06:32 PM,06:45 AM,06:31 PM,23,30,30,27,13,67,79,8.9,1011,29,9,263,8,Liberia
2020-12-15,29,26,0.0,8.8,6,0,07:28 AM,07:34 PM,06:46 AM,06:31 PM,23,30,30,27,14,54,76,4.3,1011,29,10,253,10,Liberia
2020-12-16,28,26,0.0,7.3,6,5,08:30 AM,08:34 PM,06:46 AM,06:32 PM,23,30,30,27,15,77,80,10.4,1011,28,9,218,10,Liberia
2020-12-17,27,19,0.0,8.8,6,12,09:28 AM,09:33 PM,06:47 AM,06:32 PM,23,28,28,25,12,53,83,4.5,1012,27,10,200,8,Liberia
2020-12-18,28,26,0.0,7.3,6,20,10:21 AM,10:27 PM,06:47 AM,06:33 PM,23,30,30,27,17,67,79,17.5,1011,28,9,251,11,Liberia
2020-12-19,29,25,0.0,10.2,6,27,11:10 AM,11:18 PM,06:48 AM,06:33 PM,22,30,30,27,8,47,78,4.8,1010,29,10,150,6,Liberia
2020-12-20,28,26,0.0,7.3,6,34,11:54 AM,No moonset,06:48 AM,06:34 PM,23,30,30,27,14,67,79,12.2,1011,28,9,215,9,Liberia
2020-12-21,29,26,0.0,7.3,6,41,12:34 PM,12:05 AM,06:49 AM,06:34 PM,23,30,30,27,10,67,79,12.1,1011,29,9,228,6,Liberia
2020-12-22,29,26,0.0,7.3,6,49,01:13 PM,12:49 AM,06:49 AM,06:35 PM,23,30,30,27,13,65,79,4.9,1011,29,10,235,9,Liberia
2020-12-23,29,26,0.0,7.3,6,56,01:51 PM,01:32 AM,06:50 AM,06:35 PM,23,31,31,27,14,46,78,0.7,1010,29,10,236,9,Liberia
2020-12-24,29,26,0.0,5.9,6,63,02:29 PM,02:14 AM,06:50 AM,06:36 PM,23,30,30,27,14,74,78,5.8,1010,29,9,218,9,Liberia
2020-12-25,29,25,0.0,7.3,6,70,03:09 PM,02:58 AM,06:51 AM,06:36 PM,23,30,30,27,10,73,79,3.5,1010,29,9,217,7,Liberia
2020-12-26,28,26,0.0,8.8,6,78,03:51 PM,03:43 AM,06:51 AM,06:37 PM,23,30,30,27,13,68,80,2.5,1010,28,10,238,9,Liberia
2020-12-27,29,26,0.0,5.9,6,85,04:36 PM,04:30 AM,06:52 AM,06:37 PM,23,30,30,27,17,64,79,3.3,1010,29,10,247,12,Liberia
2020-12-28,29,26,0.0,8.8,6,92,05:24 PM,05:20 AM,06:52 AM,06:38 PM,23,30,30,27,20,68,80,5.0,1010,29,10,262,14,Liberia
2020-12-29,29,26,0.0,5.9,6,100,06:15 PM,06:11 AM,06:53 AM,06:38 PM,23,30,30,27,19,71,80,4.0,1010,29,10,254,13,Liberia
2020-12-30,29,26,0.0,7.3,6,100,07:09 PM,07:05 AM,06:53 AM,06:39 PM,23,31,31,27,16,62,79,1.7,1010,29,10,233,11,Liberia
2020-12-31,29,26,0.0,5.9,6,89,08:04 PM,07:59 AM,06:53 AM,06:39 PM,23,31,31,27,16,74,78,4.6,1011,29,10,230,11,Liberia
2021-01-01,29,26,0.0,11.6,6,79,09:00 PM,08:52 AM,06:54 AM,06:40 PM,23,31,31,27,16,37,76,0.2,1011,29,10,259,12,Liberia
2021-01-02,29,26,0.0,5.9,6,71,09:54 PM,09:44 AM,06:54 AM,06:40 PM,23,31,31,27,19,62,78,0.6,1011,29,10,261,13,Liberia
2021-01-03,29,26,0.0,8.8,6,64,10:46 PM,10:32 AM,06:55 AM,06:41 PM,23,30,30,27,16,56,76,5.4,1011,29,10,236,11,Liberia
2021-01-04,29,26,0.0,8.8,6,57,11:37 PM,11:19 AM,06:55 AM,06:41 PM,23,30,30,27,14,61,76,1.4,1011,29,10,269,10,Liberia
2021-01-05,29,26,0.0,7.3,6,50,No moonrise,12:04 PM,06:56 AM,06:42 PM,23,31,31,27,17,72,79,5.2,1010,29,10,254,11,Liberia
2021-01-06,29,26,0.0,5.9,6,42,12:28 AM,12:50 PM,06:56 AM,06:42 PM,23,31,31,27,20,67,80,7.9,1011,29,10,238,13,Liberia
2021-01-07,29,26,0.0,5.9,6,35,01:20 AM,01:37 PM,06:56 AM,06:43 PM,23,31,31,27,17,75,79,8.0,1011,29,9,245,11,Liberia
2021-01-08,29,26,0.0,5.9,6,28,02:13 AM,02:26 PM,06:57 AM,06:43 PM,23,31,31,27,18,66,77,5.3,1011,29,9,251,12,Liberia
2021-01-09,29,26,0.0,7.4,6,20,03:09 AM,03:19 PM,06:57 AM,06:44 PM,23,31,31,27,18,62,79,3.5,1011,29,10,260,13,Liberia
2021-01-10,29,26,0.0,8.8,6,13,04:08 AM,04:15 PM,06:57 AM,06:44 PM,23,31,31,27,17,63,78,3.4,1011,29,9,262,12,Liberia
2021-01-11,28,26,0.0,5.9,6,6,05:10 AM,05:15 PM,06:58 AM,06:45 PM,23,30,30,27,23,69,81,22.5,1011,28,8,250,14,Liberia
2021-01-12,28,26,0.0,8.8,6,0,06:11 AM,06:16 PM,06:58 AM,06:45 PM,23,30,30,27,24,67,81,19.7,1012,28,8,248,15,Liberia
2021-01-13,28,26,0.0,7.4,6,0,07:11 AM,07:16 PM,06:58 AM,06:46 PM,23,30,30,27,15,76,80,9.9,1012,28,9,232,10,Liberia
2021-01-14,29,26,0.0,5.9,6,1,08:07 AM,08:13 PM,06:59 AM,06:46 PM,23,30,30,27,19,69,81,7.2,1012,29,9,248,12,Liberia
2021-01-15,28,26,0.0,7.4,6,8,08:59 AM,09:06 PM,06:59 AM,06:47 PM,23,30,30,27,19,62,80,7.6,1010,28,9,263,13,Liberia
2021-01-16,29,26,0.0,5.9,6,16,09:46 AM,09:56 PM,06:59 AM,06:47 PM,23,30,30,27,15,56,77,1.9,1010,29,10,245,10,Liberia
2021-01-17,28,26,0.0,7.4,6,23,10:28 AM,10:42 PM,06:59 AM,06:47 PM,22,30,30,27,14,58,76,1.1,1010,28,10,248,9,Liberia
2021-01-18,29,26,0.0,8.7,6,30,11:09 AM,11:26 PM,07:00 AM,06:48 PM,23,30,30,27,14,42,77,0.4,1010,29,10,256,10,Liberia
2021-01-19,29,25,0.0,7.2,6,38,11:48 AM,No moonset,07:00 AM,06:48 PM,23,30,30,27,14,55,79,0.9,1011,29,10,231,10,Liberia
2021-01-20,29,26,0.0,5.7,6,45,12:26 PM,12:09 AM,07:00 AM,06:49 PM,23,30,30,27,14,62,80,1.6,1011,29,10,229,9,Liberia
2021-01-21,28,25,0.0,5.7,6,52,01:05 PM,12:52 AM,07:00 AM,06:49 PM,23,30,30,27,13,71,80,4.7,1011,28,10,256,9,Liberia
2021-01-22,29,26,0.0,7.2,6,59,01:46 PM,01:37 AM,07:00 AM,06:49 PM,23,30,30,27,12,55,79,2.3,1012,29,10,255,9,Liberia
2021-01-23,29,25,0.0,7.2,6,67,02:29 PM,02:22 AM,07:00 AM,06:50 PM,23,30,30,27,15,72,81,2.7,1011,29,10,225,10,Liberia
2021-01-24,29,25,0.0,8.7,6,74,03:15 PM,03:11 AM,07:01 AM,06:50 PM,23,30,30,27,20,39,81,0.4,1010,29,10,279,14,Liberia
2021-01-25,29,25,0.0,10.1,6,81,04:05 PM,04:01 AM,07:01 AM,06:51 PM,23,29,29,27,15,31,80,0.1,1010,29,10,278,11,Liberia
2021-01-26,29,25,0.0,7.2,6,88,04:58 PM,04:54 AM,07:01 AM,06:51 PM,23,30,30,27,15,43,81,0.3,1011,29,10,271,11,Liberia
2021-01-27,28,25,0.0,5.8,6,96,05:54 PM,05:49 AM,07:01 AM,06:51 PM,23,30,30,27,17,58,81,1.3,1011,28,10,275,12,Liberia
2021-01-28,29,26,0.0,5.8,6,100,06:50 PM,06:43 AM,07:01 AM,06:51 PM,23,30,30,27,14,49,80,3.2,1010,29,10,250,9,Liberia
2021-01-29,29,26,0.0,5.8,6,90,07:46 PM,07:36 AM,07:01 AM,06:52 PM,23,30,30,27,15,49,79,1.9,1011,29,10,248,11,Liberia
2021-01-30,28,26,0.0,5.8,6,82,08:40 PM,08:27 AM,07:01 AM,06:52 PM,23,30,30,27,18,64,82,5.2,1012,28,10,255,12,Liberia
2021-01-31,28,26,0.0,7.2,6,79,09:33 PM,09:16 AM,07:01 AM,06:52 PM,23,30,30,27,20,48,81,0.8,1011,28,10,269,14,Liberia
2021-02-01,29,26,0.0,8.7,6,63,10:25 PM,10:03 AM,07:01 AM,06:53 PM,24,31,31,27,18,50,81,0.7,1011,29,10,269,13,Liberia
2021-02-02,29,26,0.0,5.8,6,55,11:17 PM,10:49 AM,07:01 AM,06:53 PM,24,31,31,27,17,72,81,3.5,1011,29,10,247,12,Liberia
2021-02-03,29,26,0.0,8.7,6,48,No moonrise,11:35 AM,07:01 AM,06:53 PM,23,30,30,27,15,38,80,2.5,1012,29,10,252,11,Liberia
2021-02-04,29,26,0.0,7.2,6,40,12:09 AM,12:23 PM,07:01 AM,06:53 PM,23,30,30,27,19,48,79,0.6,1012,29,10,256,13,Liberia
2021-02-05,29,26,0.0,7.2,6,33,01:04 AM,01:14 PM,07:01 AM,06:54 PM,24,31,31,27,18,60,81,3.1,1011,29,9,263,13,Liberia
2021-02-06,28,26,0.0,7.2,6,25,02:01 AM,02:07 PM,07:01 AM,06:54 PM,24,31,31,27,17,60,83,2.7,1012,28,10,267,12,Liberia
2021-02-07,29,26,0.0,8.7,6,18,02:59 AM,03:05 PM,07:01 AM,06:54 PM,24,31,31,28,15,48,82,1.1,1011,29,10,237,10,Liberia
