date_time,Nigeria_maxtempC,Nigeria_mintempC,Nigeria_totalSnow_cm,Nigeria_sunHour,Nigeria_uvIndex,Nigeria_moon_illumination,Nigeria_moonrise,Nigeria_moonset,Nigeria_sunrise,Nigeria_sunset,Nigeria_DewPointC,Nigeria_FeelsLikeC,Nigeria_HeatIndexC,Nigeria_WindChillC,Nigeria_WindGustKmph,Nigeria_cloudcover,Nigeria_humidity,Nigeria_precipMM,Nigeria_pressure,Nigeria_tempC,Nigeria_visibility,Nigeria_winddirDegree,Nigeria_windspeedKmph,Nigeria_location
2020-01-01,37,21,0.0,11.6,8,37,11:31 AM,11:42 PM,06:46 AM,06:22 PM,-1,28,28,28,19,1,16,0.0,1011,37,10,131,11,Nigeria
2020-01-02,35,18,0.0,11.6,7,44,12:09 PM,No moonset,06:47 AM,06:23 PM,-2,27,27,26,21,1,17,0.0,1013,35,10,120,14,Nigeria
2020-01-03,35,17,0.0,11.6,7,51,12:47 PM,12:25 AM,06:47 AM,06:23 PM,-3,26,26,26,16,0,16,0.0,1013,35,10,125,10,Nigeria
2020-01-04,36,18,0.0,11.6,7,59,01:25 PM,01:10 AM,06:48 AM,06:24 PM,1,28,28,27,18,0,21,0.0,1013,36,10,113,11,Nigeria
2020-01-05,36,19,0.0,11.6,7,66,02:05 PM,01:55 AM,06:48 AM,06:25 PM,2,28,28,28,15,1,22,0.0,1011,36,10,122,8,Nigeria
2020-01-06,36,20,0.0,11.6,8,73,02:47 PM,02:42 AM,06:48 AM,06:25 PM,5,29,29,29,13,5,24,0.0,1010,36,10,119,8,Nigeria
2020-01-07,37,21,0.0,11.6,8,80,03:34 PM,03:33 AM,06:49 AM,06:26 PM,5,30,30,29,14,3,23,0.0,1009,37,10,116,8,Nigeria
2020-01-08,39,24,0.0,11.6,8,88,04:25 PM,04:26 AM,06:49 AM,06:26 PM,5,32,32,31,16,5,21,0.0,1010,39,10,129,9,Nigeria
2020-01-09,39,25,0.0,11.6,8,95,05:20 PM,05:23 AM,06:49 AM,06:27 PM,5,32,32,32,16,3,20,0.0,1010,39,10,123,9,Nigeria
2020-01-10,37,24,0.0,11.6,8,100,06:19 PM,06:21 AM,06:50 AM,06:27 PM,9,31,31,30,12,4,29,0.0,1011,37,10,144,7,Nigeria
2020-01-11,37,23,0.0,11.6,8,100,07:20 PM,07:21 AM,06:50 AM,06:28 PM,10,31,31,30,10,8,31,0.0,1011,37,10,147,6,Nigeria
2020-01-12,39,24,0.0,11.6,8,83,08:21 PM,08:18 AM,06:50 AM,06:28 PM,9,32,32,32,10,6,28,0.0,1011,39,10,123,6,Nigeria
2020-01-13,40,24,0.0,11.6,8,76,09:21 PM,09:13 AM,06:51 AM,06:29 PM,5,32,32,32,11,3,20,0.0,1009,40,10,135,6,Nigeria
2020-01-14,38,22,0.0,11.6,8,69,10:18 PM,10:04 AM,06:51 AM,06:29 PM,6,31,31,31,9,3,22,0.0,1008,38,10,138,6,Nigeria
2020-01-15,38,24,0.0,11.6,8,61,11:13 PM,10:53 AM,06:51 AM,06:30 PM,4,31,31,31,17,2,19,0.0,1009,38,10,98,11,Nigeria
2020-01-16,39,22,0.0,11.6,8,54,No moonrise,11:40 AM,06:51 AM,06:30 PM,-1,31,31,31,18,0,15,0.0,1011,39,10,123,11,Nigeria
2020-01-17,38,22,0.0,11.6,8,47,12:07 AM,12:25 PM,06:52 AM,06:31 PM,-1,31,31,31,17,0,15,0.0,1012,38,10,119,9,Nigeria
2020-01-18,38,22,0.0,11.6,8,40,01:00 AM,01:12 PM,06:52 AM,06:31 PM,0,30,30,30,16,0,16,0.0,1012,38,10,131,9,Nigeria
2020-01-19,37,21,0.0,11.6,8,32,01:54 AM,01:59 PM,06:52 AM,06:32 PM,2,30,30,30,16,0,19,0.0,1011,37,10,112,9,Nigeria
2020-01-20,38,21,0.0,11.6,8,25,02:49 AM,02:49 PM,06:52 AM,06:32 PM,5,30,30,30,12,2,24,0.0,1010,38,10,103,7,Nigeria
2020-01-21,39,22,0.0,11.6,8,18,03:45 AM,03:41 PM,06:52 AM,06:32 PM,6,32,32,31,10,4,23,0.0,1011,39,10,142,6,Nigeria
2020-01-22,39,25,0.0,11.6,8,11,04:40 AM,04:34 PM,06:52 AM,06:33 PM,0,32,32,32,18,0,15,0.0,1011,39,10,107,11,Nigeria
2020-01-23,39,24,0.0,11.6,8,3,05:35 AM,05:28 PM,06:52 AM,06:33 PM,-4,31,31,31,20,0,11,0.0,1011,39,10,74,12,Nigeria
2020-01-24,39,24,0.0,11.6,8,0,06:28 AM,06:21 PM,06:53 AM,06:34 PM,-7,32,32,32,22,0,10,0.0,1012,39,10,66,14,Nigeria
2020-01-25,38,22,0.0,11.6,8,0,07:18 AM,07:13 PM,06:53 AM,06:34 PM,-9,30,30,30,20,0,9,0.0,1012,38,10,83,12,Nigeria
2020-01-26,38,20,0.0,11.6,8,4,08:04 AM,08:03 PM,06:53 AM,06:35 PM,-5,29,29,29,16,0,12,0.0,1012,38,10,122,9,Nigeria
2020-01-27,38,20,0.0,11.6,8,11,08:47 AM,08:50 PM,06:53 AM,06:35 PM,-4,30,30,30,15,0,13,0.0,1011,38,10,138,8,Nigeria
2020-01-28,38,22,0.0,11.6,8,18,09:28 AM,09:36 PM,06:53 AM,06:35 PM,-3,30,30,30,15,0,13,0.0,1011,38,10,140,9,Nigeria
2020-01-29,39,22,0.0,11.6,8,26,10:06 AM,10:20 PM,06:53 AM,06:36 PM,-8,31,31,31,17,0,9,0.0,1012,39,10,136,9,Nigeria
2020-01-30,39,24,0.0,11.6,8,33,10:43 AM,11:04 PM,06:53 AM,06:36 PM,-8,31,31,31,20,0,8,0.0,1012,39,10,105,11,Nigeria
2020-01-31,38,23,0.0,11.6,8,37,11:21 AM,11:48 PM,06:53 AM,06:36 PM,-8,31,31,31,18,0,9,0.0,1012,38,10,129,10,Nigeria
2020-02-01,38,22,0.0,11.6,8,49,12:00 PM,No moonset,06:53 AM,06:37 PM,-4,31,31,31,17,3,12,0.0,1012,38,10,129,10,Nigeria
2020-02-02,37,22,0.0,11.6,8,57,12:40 PM,12:33 AM,06:53 AM,06:37 PM,-4,30,30,30,18,0,12,0.0,1012,37,10,131,11,Nigeria
2020-02-03,37,21,0.0,11.6,8,64,01:24 PM,01:21 AM,06:53 AM,06:37 PM,-6,29,29,29,15,0,10,0.0,1012,37,10,155,9,Nigeria
2020-02-04,37,21,0.0,11.6,8,72,02:11 PM,02:12 AM,06:52 AM,06:38 PM,-3,29,29,30,15,0,13,0.0,1012,37,10,128,9,Nigeria
2020-02-05,37,22,0.0,11.6,8,79,03:04 PM,03:06 AM,06:52 AM,06:38 PM,-1,30,30,30,18,6,15,0.0,1011,37,10,106,11,Nigeria
2020-02-06,37,22,0.0,11.6,8,87,04:00 PM,04:03 AM,06:52 AM,06:38 PM,1,30,30,30,15,11,17,0.0,1011,37,10,100,8,Nigeria
2020-02-07,40,24,0.0,11.6,8,95,05:01 PM,05:02 AM,06:52 AM,06:39 PM,-2,32,32,31,21,2,12,0.0,1011,40,10,110,12,Nigeria
2020-02-08,39,25,0.0,11.6,8,100,06:03 PM,06:01 AM,06:52 AM,06:39 PM,-2,32,32,32,19,1,12,0.0,1010,39,10,93,12,Nigeria
2020-02-09,38,24,0.0,11.6,8,100,07:04 PM,06:58 AM,06:52 AM,06:39 PM,3,31,31,32,16,2,18,0.0,1011,38,10,99,10,Nigeria
2020-02-10,38,24,0.0,11.6,8,83,08:04 PM,07:53 AM,06:52 AM,06:39 PM,5,32,32,32,13,3,22,0.0,1012,38,10,99,8,Nigeria
2020-02-11,40,26,0.0,11.6,8,75,09:03 PM,08:44 AM,06:51 AM,06:40 PM,-2,33,33,33,26,2,12,0.0,1011,40,10,52,17,Nigeria
2020-02-12,37,22,0.0,11.6,8,68,09:59 PM,09:34 AM,06:51 AM,06:40 PM,-3,29,29,30,17,4,13,0.0,1012,37,10,123,11,Nigeria
2020-02-13,39,20,0.0,11.6,8,60,10:54 PM,10:21 AM,06:51 AM,06:40 PM,-1,30,30,30,14,0,15,0.0,1011,39,10,149,8,Nigeria
2020-02-14,40,22,0.0,11.6,8,53,11:50 PM,11:09 AM,06:51 AM,06:40 PM,-1,32,32,31,18,0,14,0.0,1010,40,10,117,10,Nigeria
2020-02-15,41,23,0.0,11.6,8,45,No moonrise,11:57 AM,06:50 AM,06:40 PM,-2,32,32,32,15,0,12,0.0,1009,41,10,128,8,Nigeria
2020-02-16,39,24,0.0,11.6,8,38,12:45 AM,12:46 PM,06:50 AM,06:41 PM,-4,32,32,32,17,0,10,0.0,1009,39,10,108,10,Nigeria
2020-02-17,39,24,0.0,11.6,8,30,01:41 AM,01:37 PM,06:50 AM,06:41 PM,-2,32,32,32,17,0,13,0.0,1010,39,10,110,10,Nigeria
2020-02-18,39,23,0.0,11.6,8,22,02:36 AM,02:29 PM,06:49 AM,06:41 PM,3,31,31,31,9,1,18,0.0,1010,39,10,154,6,Nigeria
2020-02-19,39,23,0.0,11.6,8,15,03:31 AM,03:23 PM,06:49 AM,06:41 PM,4,32,32,32,15,3,20,0.0,1009,39,10,87,9,Nigeria
2020-02-20,40,25,0.0,11.6,8,7,04:23 AM,04:16 PM,06:49 AM,06:41 PM,1,32,32,33,17,2,15,0.0,1008,40,10,115,10,Nigeria
2020-02-21,41,25,0.0,11.6,8,0,05:13 AM,05:08 PM,06:48 AM,06:41 PM,2,33,33,34,16,0,15,0.0,1008,41,10,114,10,Nigeria
2020-02-22,41,24,0.0,11.6,8,0,06:00 AM,05:58 PM,06:48 AM,06:41 PM,4,33,33,33,12,1,18,0.0,1009,41,10,127,7,Nigeria
2020-02-23,41,26,0.0,11.6,8,0,06:44 AM,06:45 PM,06:48 AM,06:41 PM,1,34,34,34,16,1,14,0.0,1010,41,10,116,10,Nigeria
2020-02-24,40,27,0.0,11.6,8,0,07:25 AM,07:32 PM,06:47 AM,06:42 PM,-2,33,33,33,22,0,11,0.0,1010,40,10,102,14,Nigeria
2020-02-25,38,23,0.0,11.6,8,8,08:04 AM,08:16 PM,06:47 AM,06:42 PM,1,31,31,31,18,1,15,0.0,1010,38,10,125,11,Nigeria
2020-02-26,38,22,0.0,11.6,8,15,08:42 AM,09:00 PM,06:47 AM,06:42 PM,7,31,31,30,15,10,24,0.0,1009,38,10,148,9,Nigeria
2020-02-27,37,24,0.0,11.6,8,23,09:20 AM,09:44 PM,06:46 AM,06:42 PM,12,31,31,30,10,15,32,0.0,1009,37,10,167,6,Nigeria
2020-02-28,40,25,0.0,11.6,8,30,09:57 AM,10:28 PM,06:46 AM,06:42 PM,10,33,33,33,11,5,27,0.0,1009,40,10,116,7,Nigeria
2020-02-29,41,27,0.0,11.6,9,38,10:36 AM,11:15 PM,06:45 AM,06:42 PM,5,34,34,34,12,4,18,0.0,1008,41,10,127,7,Nigeria
2020-03-01,39,24,0.0,11.6,8,44,11:18 AM,No moonset,06:45 AM,06:42 PM,12,33,33,32,12,8,33,0.0,1009,39,10,146,7,Nigeria
2020-03-02,38,25,0.0,10.2,8,51,12:03 PM,12:03 AM,06:44 AM,06:42 PM,18,34,34,31,11,31,50,1.1,1010,38,10,186,8,Nigeria
2020-03-03,36,24,0.0,11.6,7,58,12:51 PM,12:54 AM,06:44 AM,06:42 PM,17,31,31,30,8,37,50,1.1,1011,36,10,225,5,Nigeria
2020-03-04,42,24,0.0,11.6,9,65,01:45 PM,01:49 AM,06:43 AM,06:42 PM,14,35,35,33,6,31,39,0.0,1010,42,10,150,4,Nigeria
2020-03-05,41,26,0.0,11.6,9,73,02:42 PM,02:45 AM,06:43 AM,06:42 PM,11,34,34,33,8,3,29,0.0,1009,41,10,145,5,Nigeria
2020-03-06,40,25,0.0,11.6,7,80,03:42 PM,03:43 AM,06:42 AM,06:42 PM,12,34,34,33,7,18,31,0.1,1008,40,10,181,5,Nigeria
2020-03-07,40,25,0.0,11.6,8,87,04:43 PM,04:40 AM,06:42 AM,06:42 PM,10,33,33,33,8,27,27,0.0,1008,40,10,170,5,Nigeria
2020-03-08,40,26,0.0,11.6,7,95,05:45 PM,05:36 AM,06:41 AM,06:42 PM,16,36,36,34,7,22,40,0.3,1009,40,10,196,5,Nigeria
2020-03-09,42,26,0.0,11.6,9,100,06:44 PM,06:29 AM,06:41 AM,06:42 PM,16,36,36,34,9,5,41,0.0,1008,42,10,190,5,Nigeria
2020-03-10,40,25,0.0,11.6,8,100,07:43 PM,07:20 AM,06:40 AM,06:42 PM,14,34,34,33,7,11,36,0.0,1007,40,10,180,5,Nigeria
2020-03-11,41,26,0.0,11.6,8,84,08:40 PM,08:10 AM,06:40 AM,06:42 PM,16,36,36,34,8,7,43,0.0,1007,41,10,220,5,Nigeria
2020-03-12,39,26,0.0,11.6,8,76,09:38 PM,08:59 AM,06:39 AM,06:42 PM,18,35,35,33,9,10,45,0.0,1008,39,10,147,6,Nigeria
2020-03-13,39,24,0.0,11.6,8,69,10:35 PM,09:49 AM,06:39 AM,06:42 PM,1,32,32,32,12,4,15,0.0,1009,39,10,122,7,Nigeria
2020-03-14,40,25,0.0,11.6,8,62,11:34 PM,10:39 AM,06:38 AM,06:42 PM,-1,33,33,33,13,1,12,0.0,1009,40,10,128,7,Nigeria
2020-03-15,40,24,0.0,11.6,8,55,No moonrise,11:32 AM,06:38 AM,06:42 PM,-3,32,32,32,13,0,11,0.0,1009,40,10,115,8,Nigeria
2020-03-16,39,22,0.0,11.6,8,47,12:30 AM,12:25 PM,06:37 AM,06:42 PM,-3,31,31,31,14,0,12,0.0,1008,39,10,130,8,Nigeria
2020-03-17,40,24,0.0,11.6,8,40,01:27 AM,01:19 PM,06:37 AM,06:42 PM,8,32,32,32,11,2,24,0.0,1008,40,10,144,7,Nigeria
2020-03-18,39,26,0.0,11.6,8,33,02:20 AM,02:12 PM,06:36 AM,06:42 PM,15,34,34,33,8,8,39,0.0,1008,39,10,164,6,Nigeria
2020-03-19,38,27,0.0,10.2,7,25,03:11 AM,03:05 PM,06:36 AM,06:42 PM,19,35,35,33,9,26,48,0.1,1009,38,10,202,7,Nigeria
2020-03-20,36,26,0.0,8.8,7,18,03:59 AM,03:55 PM,06:35 AM,06:42 PM,20,33,33,30,10,33,56,0.0,1009,36,10,187,6,Nigeria
2020-03-21,33,26,0.0,8.8,6,11,04:43 AM,04:43 PM,06:35 AM,06:42 PM,21,32,32,29,12,35,61,0.0,1008,33,10,179,8,Nigeria
2020-03-22,38,25,0.0,11.6,8,4,05:25 AM,05:29 PM,06:34 AM,06:42 PM,18,33,33,31,12,14,49,0.0,1008,38,10,185,8,Nigeria
2020-03-23,39,25,0.0,10.2,7,0,06:04 AM,06:14 PM,06:33 AM,06:42 PM,19,35,35,32,15,56,54,7.6,1008,39,10,195,10,Nigeria
2020-03-24,37,24,0.0,11.6,7,0,06:42 AM,06:58 PM,06:33 AM,06:42 PM,19,32,32,30,13,51,55,4.9,1009,37,10,201,9,Nigeria
2020-03-25,33,24,0.0,10.2,6,3,07:20 AM,07:42 PM,06:32 AM,06:42 PM,20,30,30,28,10,57,66,13.5,1009,33,9,199,7,Nigeria
2020-03-26,31,25,0.0,11.6,7,11,07:57 AM,08:26 PM,06:32 AM,06:42 PM,19,29,29,28,7,14,61,0.0,1009,31,10,210,5,Nigeria
2020-03-27,39,26,0.0,11.6,8,18,08:35 AM,09:12 PM,06:31 AM,06:42 PM,17,33,33,32,7,7,42,0.0,1008,39,10,184,5,Nigeria
2020-03-28,39,27,0.0,11.6,8,25,09:16 AM,09:59 PM,06:31 AM,06:42 PM,18,34,34,33,9,12,45,0.0,1009,39,10,196,6,Nigeria
2020-03-29,39,27,0.0,11.6,8,32,09:59 AM,10:49 PM,06:30 AM,06:41 PM,19,35,35,33,9,16,47,0.0,1008,39,10,204,7,Nigeria
2020-03-30,39,27,0.0,11.6,8,40,10:46 AM,11:41 PM,06:30 AM,06:41 PM,19,35,35,33,11,18,49,0.0,1007,39,10,214,8,Nigeria
2020-03-31,38,27,0.0,11.6,8,44,11:36 AM,No moonset,06:29 AM,06:41 PM,20,35,35,32,12,24,50,0.3,1007,38,10,199,9,Nigeria
2020-04-01,38,26,0.0,10.2,7,56,12:30 PM,12:35 AM,06:28 AM,06:41 PM,20,35,35,32,20,58,58,35.6,1009,38,9,194,13,Nigeria
2020-04-02,35,25,0.0,10.2,7,64,01:27 PM,01:31 AM,06:28 AM,06:41 PM,21,33,33,30,9,57,63,12.3,1009,35,9,179,6,Nigeria
2020-04-03,38,26,0.0,11.6,8,71,02:26 PM,02:26 AM,06:27 AM,06:41 PM,21,35,35,31,17,44,60,6.0,1008,38,10,178,12,Nigeria
2020-04-04,35,25,0.0,10.2,7,79,03:26 PM,03:21 AM,06:27 AM,06:41 PM,21,33,33,29,13,59,65,11.5,1009,35,9,168,9,Nigeria
2020-04-05,35,25,0.0,8.8,7,87,04:24 PM,04:13 AM,06:26 AM,06:41 PM,21,33,33,30,13,61,63,3.4,1010,35,10,199,9,Nigeria
2020-04-06,39,28,0.0,11.6,8,94,05:23 PM,05:05 AM,06:26 AM,06:41 PM,19,36,36,33,15,15,46,0.3,1008,39,10,173,11,Nigeria
2020-04-07,36,25,0.0,11.6,7,100,06:21 PM,05:55 AM,06:25 AM,06:41 PM,21,33,33,30,13,52,59,5.0,1010,36,9,185,9,Nigeria
2020-04-08,34,25,0.0,11.6,7,100,07:20 PM,06:44 AM,06:25 AM,06:41 PM,20,32,32,29,17,32,62,6.2,1009,34,10,180,12,Nigeria
2020-04-09,34,25,0.0,7.5,7,83,08:18 PM,07:35 AM,06:24 AM,06:41 PM,21,32,32,29,12,78,64,8.9,1009,34,9,171,9,Nigeria
2020-04-10,37,26,0.0,10.2,7,76,09:18 PM,08:26 AM,06:24 AM,06:41 PM,20,33,33,31,11,56,57,6.2,1009,37,10,196,8,Nigeria
2020-04-11,37,26,0.0,11.6,7,68,10:18 PM,09:20 AM,06:23 AM,06:41 PM,16,32,32,31,12,39,45,1.7,1010,37,10,175,9,Nigeria
2020-04-12,39,25,0.0,11.6,8,61,11:17 PM,10:15 AM,06:23 AM,06:41 PM,14,33,33,32,7,10,39,0.0,1010,39,10,137,4,Nigeria
2020-04-13,41,27,0.0,11.6,9,53,No moonrise,11:11 AM,06:22 AM,06:41 PM,13,34,34,33,6,3,33,0.0,1009,41,10,188,4,Nigeria
2020-04-14,42,26,0.0,11.6,9,46,12:14 AM,12:06 PM,06:22 AM,06:41 PM,13,35,35,34,8,2,34,0.0,1008,42,10,140,5,Nigeria
2020-04-15,42,27,0.0,11.6,9,38,01:07 AM,01:00 PM,06:21 AM,06:41 PM,13,36,36,35,5,1,33,0.0,1008,42,10,206,3,Nigeria
2020-04-16,39,27,0.0,11.6,8,30,01:57 AM,01:51 PM,06:21 AM,06:41 PM,19,36,36,33,10,11,45,0.0,1007,39,10,201,7,Nigeria
2020-04-17,39,28,0.0,10.2,7,23,02:42 AM,02:40 PM,06:20 AM,06:41 PM,20,36,36,33,13,24,49,0.0,1007,39,10,180,10,Nigeria
2020-04-18,38,27,0.0,11.6,8,15,03:25 AM,03:27 PM,06:20 AM,06:41 PM,19,34,34,32,10,14,50,0.0,1008,38,10,209,7,Nigeria
2020-04-19,36,26,0.0,11.6,8,8,04:04 AM,04:12 PM,06:19 AM,06:41 PM,19,32,32,30,12,13,52,0.0,1010,36,10,222,8,Nigeria
2020-04-20,38,25,0.0,10.2,7,0,04:42 AM,04:56 PM,06:19 AM,06:41 PM,19,34,34,31,11,45,53,1.3,1011,38,10,212,8,Nigeria
2020-04-21,39,25,0.0,11.6,7,0,05:20 AM,05:40 PM,06:18 AM,06:41 PM,18,35,35,32,7,36,49,1.8,1009,39,10,206,5,Nigeria
2020-04-22,38,27,0.0,11.6,8,0,05:57 AM,06:24 PM,06:18 AM,06:41 PM,19,34,34,32,15,37,54,7.9,1008,38,10,201,10,Nigeria
2020-04-23,34,24,0.0,8.9,6,0,06:35 AM,07:10 PM,06:18 AM,06:41 PM,21,32,32,29,10,47,66,0.3,1009,34,10,192,7,Nigeria
2020-04-24,38,26,0.0,11.6,7,7,07:16 AM,07:57 PM,06:17 AM,06:41 PM,20,34,34,31,12,45,57,0.3,1009,38,10,177,8,Nigeria
2020-04-25,38,27,0.0,11.6,8,15,07:58 AM,08:46 PM,06:17 AM,06:41 PM,20,35,35,32,11,13,54,0.0,1009,38,10,208,7,Nigeria
2020-04-26,37,26,0.0,10.2,7,22,08:43 AM,09:38 PM,06:16 AM,06:41 PM,21,34,34,31,19,53,64,6.4,1009,37,9,173,12,Nigeria
2020-04-27,37,25,0.0,11.6,8,30,09:33 AM,10:31 PM,06:16 AM,06:41 PM,20,34,34,31,10,40,60,1.6,1011,37,10,223,7,Nigeria
2020-04-28,36,26,0.0,11.6,8,37,10:25 AM,11:25 PM,06:16 AM,06:42 PM,21,34,34,31,11,25,61,0.0,1011,36,10,184,8,Nigeria
2020-04-29,37,26,0.0,11.6,8,45,11:20 AM,No moonset,06:15 AM,06:42 PM,21,35,35,32,15,27,61,2.7,1011,37,10,162,11,Nigeria
2020-04-30,37,24,0.0,10.2,7,52,12:17 PM,12:19 AM,06:15 AM,06:42 PM,21,33,33,30,9,56,63,4.9,1012,37,9,174,6,Nigeria
2020-05-01,35,25,0.0,11.6,8,58,01:14 PM,01:13 AM,06:15 AM,06:42 PM,21,33,33,29,11,38,65,5.0,1012,35,9,196,7,Nigeria
2020-05-02,36,24,0.0,11.6,8,65,02:11 PM,02:04 AM,06:14 AM,06:42 PM,21,33,33,30,11,36,64,7.0,1010,36,9,179,7,Nigeria
2020-05-03,35,24,0.0,11.6,7,72,03:08 PM,02:54 AM,06:14 AM,06:42 PM,21,33,33,29,12,41,65,6.4,1010,35,10,171,9,Nigeria
2020-05-04,34,23,0.0,10.2,6,80,04:04 PM,03:43 AM,06:14 AM,06:42 PM,19,30,30,28,14,61,62,12.2,1011,34,9,183,9,Nigeria
2020-05-05,37,25,0.0,11.6,7,87,05:01 PM,04:31 AM,06:13 AM,06:42 PM,21,34,34,31,11,36,62,5.8,1010,37,10,147,7,Nigeria
2020-05-06,38,26,0.0,11.6,8,94,05:59 PM,05:20 AM,06:13 AM,06:42 PM,20,35,35,32,7,22,55,0.9,1009,38,10,188,5,Nigeria
2020-05-07,38,26,0.0,11.6,8,100,06:59 PM,06:10 AM,06:13 AM,06:43 PM,20,34,34,31,9,24,57,0.1,1008,38,10,180,6,Nigeria
2020-05-08,37,26,0.0,11.6,8,100,07:59 PM,07:04 AM,06:13 AM,06:43 PM,21,33,33,31,12,37,60,0.4,1009,37,10,183,8,Nigeria
2020-05-09,36,25,0.0,10.2,7,84,09:00 PM,07:59 AM,06:12 AM,06:43 PM,21,33,33,30,10,52,63,10.4,1011,36,9,186,7,Nigeria
2020-05-10,35,23,0.0,11.6,7,77,10:00 PM,08:56 AM,06:12 AM,06:43 PM,21,32,32,29,11,53,69,8.3,1011,35,9,187,8,Nigeria
2020-05-11,33,24,0.0,8.9,6,70,10:57 PM,09:54 AM,06:12 AM,06:43 PM,22,31,31,28,13,52,73,19.0,1012,33,8,174,8,Nigeria
2020-05-12,37,25,0.0,11.6,8,62,11:50 PM,10:50 AM,06:12 AM,06:43 PM,20,33,33,30,10,32,60,0.1,1011,37,10,197,6,Nigeria
2020-05-13,34,25,0.0,11.6,7,55,No moonrise,11:44 AM,06:12 AM,06:44 PM,21,32,32,29,11,39,65,1.6,1011,34,10,204,7,Nigeria
2020-05-14,38,25,0.0,11.6,8,48,12:38 AM,12:35 PM,06:11 AM,06:44 PM,20,34,34,31,10,15,57,0.0,1010,38,10,181,7,Nigeria
2020-05-15,37,26,0.0,11.6,8,40,01:22 AM,01:23 PM,06:11 AM,06:44 PM,21,34,34,32,12,16,59,4.9,1010,37,10,174,8,Nigeria
2020-05-16,33,25,0.0,7.5,6,33,02:03 AM,02:09 PM,06:11 AM,06:44 PM,23,32,32,29,13,71,72,10.3,1010,33,9,185,8,Nigeria
2020-05-17,34,24,0.0,8.9,6,26,02:42 AM,02:53 PM,06:11 AM,06:44 PM,23,32,32,28,11,59,74,13.8,1010,34,9,209,7,Nigeria
2020-05-18,36,25,0.0,11.6,8,19,03:20 AM,03:38 PM,06:11 AM,06:45 PM,22,33,33,30,10,36,66,12.9,1011,36,9,217,7,Nigeria
2020-05-19,34,24,0.0,8.9,7,11,03:57 AM,04:21 PM,06:11 AM,06:45 PM,22,32,32,29,10,67,70,9.2,1011,34,9,209,7,Nigeria
2020-05-20,33,23,0.0,8.9,6,4,04:34 AM,05:06 PM,06:11 AM,06:45 PM,22,30,30,27,12,71,76,19.8,1011,33,9,189,8,Nigeria
2020-05-21,29,23,0.0,8.9,6,0,05:14 AM,05:53 PM,06:10 AM,06:45 PM,22,28,28,25,11,52,83,37.0,1013,29,8,119,7,Nigeria
2020-05-22,33,23,0.0,11.6,6,0,05:56 AM,06:41 PM,06:10 AM,06:45 PM,22,30,30,27,14,49,74,2.3,1013,33,10,182,10,Nigeria
2020-05-23,34,23,0.0,6.2,6,3,06:40 AM,07:33 PM,06:10 AM,06:46 PM,21,31,31,28,9,64,70,3.9,1012,34,10,137,6,Nigeria
2020-05-24,28,24,0.0,8.9,6,10,07:29 AM,08:26 PM,06:10 AM,06:46 PM,22,28,28,26,6,51,83,15.3,1012,28,9,176,4,Nigeria
2020-05-25,32,24,0.0,6.2,6,17,08:21 AM,09:22 PM,06:10 AM,06:46 PM,23,31,31,27,10,74,76,8.9,1012,32,9,209,6,Nigeria
2020-05-26,34,23,0.0,10.2,6,25,09:16 AM,10:16 PM,06:10 AM,06:46 PM,22,31,31,28,11,48,72,0.8,1012,34,10,176,7,Nigeria
2020-05-27,35,25,0.0,10.2,7,32,10:12 AM,11:10 PM,06:10 AM,06:47 PM,22,33,33,29,8,50,67,1.0,1011,35,10,198,6,Nigeria
2020-05-28,35,24,0.0,7.5,7,39,11:09 AM,No moonset,06:10 AM,06:47 PM,22,32,32,29,7,66,70,4.5,1010,35,10,207,5,Nigeria
2020-05-29,34,25,0.0,8.9,7,47,12:05 PM,12:01 AM,06:10 AM,06:47 PM,23,32,32,29,14,66,71,8.8,1010,34,9,177,9,Nigeria
2020-05-30,34,24,0.0,11.6,6,54,01:01 PM,12:50 AM,06:10 AM,06:47 PM,22,31,31,28,10,54,74,11.9,1011,34,8,187,7,Nigeria
2020-05-31,32,22,0.0,10.2,6,58,01:55 PM,01:38 AM,06:10 AM,06:48 PM,22,29,29,26,9,46,80,45.9,1012,32,8,208,6,Nigeria
2020-06-01,34,24,0.0,10.2,6,71,02:50 PM,02:24 AM,06:10 AM,06:48 PM,23,32,32,29,9,66,77,13.3,1012,34,9,217,6,Nigeria
2020-06-02,32,23,0.0,8.9,6,79,03:45 PM,03:11 AM,06:10 AM,06:48 PM,23,30,30,27,9,63,79,5.3,1012,32,7,203,6,Nigeria
2020-06-03,30,24,0.0,8.9,6,86,04:42 PM,03:59 AM,06:10 AM,06:48 PM,23,30,30,27,11,66,82,2.6,1012,30,10,165,8,Nigeria
2020-06-04,34,24,0.0,11.6,6,94,05:42 PM,04:49 AM,06:11 AM,06:49 PM,22,31,31,28,10,49,71,1.0,1012,34,10,186,7,Nigeria
2020-06-05,32,24,0.0,8.9,6,100,06:42 PM,05:43 AM,06:11 AM,06:49 PM,23,30,30,27,11,64,78,5.3,1012,32,9,192,7,Nigeria
2020-06-06,33,23,0.0,10.2,6,100,07:43 PM,06:39 AM,06:11 AM,06:49 PM,22,30,30,27,8,58,74,4.1,1013,33,10,230,5,Nigeria
2020-06-07,32,23,0.0,8.9,6,84,08:42 PM,07:38 AM,06:11 AM,06:49 PM,22,30,30,27,7,66,79,8.8,1013,32,10,231,5,Nigeria
2020-06-08,31,23,0.0,6.2,6,76,09:38 PM,08:35 AM,06:11 AM,06:50 PM,22,30,30,27,8,77,77,2.6,1011,31,10,199,6,Nigeria
2020-06-09,31,23,0.0,7.5,6,69,10:29 PM,09:32 AM,06:11 AM,06:50 PM,22,29,29,26,12,65,83,16.5,1012,31,9,205,8,Nigeria
2020-06-10,31,22,0.0,10.2,6,61,11:17 PM,10:25 AM,06:11 AM,06:50 PM,22,28,28,26,11,67,81,6.3,1013,31,10,200,7,Nigeria
2020-06-11,31,23,0.0,6.2,6,54,12:00 AM,11:16 AM,06:11 AM,06:51 PM,22,29,29,26,10,81,77,3.0,1013,31,9,202,7,Nigeria
2020-06-12,28,21,0.0,8.9,5,46,No moonrise,12:03 PM,06:11 AM,06:51 PM,21,26,26,24,8,69,83,47.3,1011,28,8,170,5,Nigeria
2020-06-13,30,22,0.0,7.5,6,38,12:39 AM,12:49 PM,06:12 AM,06:51 PM,22,28,28,25,8,72,83,1.7,1012,30,9,176,6,Nigeria
2020-06-14,30,23,0.0,7.5,6,31,01:18 AM,01:33 PM,06:12 AM,06:51 PM,22,29,29,26,8,51,80,0.1,1013,30,10,220,6,Nigeria
2020-06-15,29,23,0.0,6.2,6,23,01:55 AM,02:17 PM,06:12 AM,06:52 PM,23,29,29,26,9,85,82,1.5,1013,29,9,172,7,Nigeria
2020-06-16,29,23,0.0,6.2,6,16,02:32 AM,03:01 PM,06:12 AM,06:52 PM,23,29,29,26,9,72,86,8.5,1012,29,8,163,7,Nigeria
2020-06-17,29,23,0.0,8.9,6,8,03:11 AM,03:47 PM,06:12 AM,06:52 PM,22,28,28,25,11,72,83,8.4,1011,29,9,214,7,Nigeria
2020-06-18,25,22,0.0,7.5,5,1,03:52 AM,04:35 PM,06:13 AM,06:52 PM,22,26,26,23,9,75,93,6.0,1014,25,9,195,6,Nigeria
2020-06-19,28,22,0.0,7.6,6,0,04:35 AM,05:26 PM,06:13 AM,06:53 PM,22,27,27,24,9,76,85,1.9,1015,28,8,177,6,Nigeria
2020-06-20,29,22,0.0,7.6,6,0,05:23 AM,06:19 PM,06:13 AM,06:53 PM,22,28,28,25,6,75,83,3.2,1015,29,8,224,4,Nigeria
2020-06-21,31,23,0.0,6.2,6,0,06:14 AM,07:14 PM,06:13 AM,06:53 PM,23,29,29,26,11,80,85,7.5,1013,31,8,168,8,Nigeria
2020-06-22,29,22,0.0,6.2,6,7,07:09 AM,08:10 PM,06:13 AM,06:53 PM,22,28,28,25,11,83,82,5.1,1012,29,7,171,8,Nigeria
2020-06-23,29,22,0.0,6.2,6,14,08:06 AM,09:05 PM,06:14 AM,06:53 PM,22,28,28,25,8,82,82,2.0,1012,29,9,219,5,Nigeria
2020-06-24,29,22,0.0,6.2,6,22,09:04 AM,09:58 PM,06:14 AM,06:54 PM,22,28,28,25,7,75,81,3.6,1011,29,10,188,5,Nigeria
2020-06-25,29,23,0.0,7.6,6,29,10:01 AM,10:48 PM,06:14 AM,06:54 PM,23,28,28,25,8,83,86,9.1,1011,29,7,175,5,Nigeria
2020-06-26,28,23,0.0,6.2,6,37,10:57 AM,11:37 PM,06:14 AM,06:54 PM,23,28,28,25,9,83,89,10.7,1011,28,7,200,6,Nigeria
2020-06-27,29,23,0.0,8.9,6,44,11:51 AM,No moonset,06:15 AM,06:54 PM,22,28,28,25,10,65,85,17.4,1010,29,8,186,6,Nigeria
2020-06-28,28,23,0.0,6.2,6,52,12:45 PM,12:22 AM,06:15 AM,06:54 PM,23,27,27,24,7,80,90,12.5,1011,28,6,213,4,Nigeria
2020-06-29,29,23,0.0,6.2,6,59,01:39 PM,01:08 AM,06:15 AM,06:54 PM,23,28,28,25,9,88,87,13.2,1012,29,9,218,6,Nigeria
2020-06-30,28,22,0.0,6.2,6,67,02:33 PM,01:54 AM,06:15 AM,06:55 PM,23,27,27,24,11,78,90,22.4,1012,28,8,220,7,Nigeria
2020-07-01,28,22,0.0,7.5,6,72,03:30 PM,02:42 AM,06:16 AM,06:55 PM,22,27,27,25,7,75,87,6.4,1012,28,8,224,5,Nigeria
2020-07-02,30,23,0.0,7.5,6,79,04:28 PM,03:33 AM,06:16 AM,06:55 PM,23,29,29,26,7,75,84,10.5,1011,30,10,196,5,Nigeria
2020-07-03,29,23,0.0,6.2,6,86,05:28 PM,04:26 AM,06:16 AM,06:55 PM,23,29,29,25,9,76,87,13.4,1010,29,7,215,6,Nigeria
2020-07-04,30,23,0.0,10.2,6,94,06:27 PM,05:23 AM,06:16 AM,06:55 PM,23,29,29,26,14,67,86,19.7,1011,30,9,202,9,Nigeria
2020-07-05,27,23,0.0,7.5,5,100,07:25 PM,06:21 AM,06:17 AM,06:55 PM,23,27,27,24,9,74,91,15.5,1012,27,8,227,6,Nigeria
2020-07-06,26,21,0.0,7.5,5,100,08:18 PM,07:18 AM,06:17 AM,06:55 PM,21,25,25,23,6,70,89,0.3,1012,26,7,176,5,Nigeria
2020-07-07,25,22,0.0,6.2,5,85,09:08 PM,08:14 AM,06:17 AM,06:55 PM,22,26,26,23,11,85,93,38.3,1011,25,6,211,6,Nigeria
2020-07-08,29,22,0.0,7.5,6,77,09:53 PM,09:06 AM,06:17 AM,06:55 PM,23,28,28,25,9,83,87,30.2,1011,29,8,181,6,Nigeria
2020-07-09,28,23,0.0,7.5,6,70,10:35 PM,09:56 AM,06:18 AM,06:55 PM,22,28,28,25,9,75,85,3.7,1012,28,8,238,6,Nigeria
2020-07-10,28,23,0.0,6.2,6,63,11:14 PM,10:42 AM,06:18 AM,06:55 PM,22,27,27,25,9,86,88,9.9,1012,28,8,246,6,Nigeria
2020-07-11,25,22,0.0,6.2,5,55,11:52 PM,11:27 AM,06:18 AM,06:55 PM,22,25,25,23,11,78,93,15.3,1013,25,9,178,6,Nigeria
2020-07-12,28,21,0.0,6.2,5,48,No moonrise,12:11 PM,06:18 AM,06:55 PM,22,26,26,24,8,85,90,16.2,1013,28,6,195,5,Nigeria
2020-07-13,25,22,0.0,6.2,5,41,12:29 AM,12:55 PM,06:18 AM,06:55 PM,22,26,26,23,11,83,95,31.0,1012,25,8,217,7,Nigeria
2020-07-14,26,22,0.0,6.2,5,34,01:07 AM,01:40 PM,06:19 AM,06:55 PM,22,26,26,23,12,90,93,26.6,1011,26,7,220,8,Nigeria
2020-07-15,26,21,0.0,6.2,5,26,01:47 AM,02:27 PM,06:19 AM,06:55 PM,22,26,26,23,10,78,92,20.7,1013,26,8,245,6,Nigeria
2020-07-16,25,21,0.0,6.2,5,19,02:29 AM,03:16 PM,06:19 AM,06:55 PM,22,26,26,23,8,82,93,28.6,1013,25,8,249,5,Nigeria
2020-07-17,26,21,0.0,6.2,5,12,03:15 AM,04:08 PM,06:19 AM,06:55 PM,22,26,26,23,6,81,92,6.4,1014,26,7,218,4,Nigeria
2020-07-18,26,21,0.0,6.2,5,5,04:04 AM,05:03 PM,06:20 AM,06:55 PM,22,26,26,23,11,77,92,18.9,1013,26,9,201,6,Nigeria
2020-07-19,23,22,0.0,6.2,5,0,04:58 AM,05:59 PM,06:20 AM,06:55 PM,22,25,25,22,4,78,97,16.6,1012,23,5,214,3,Nigeria
2020-07-20,27,21,0.0,6.2,5,0,05:55 AM,06:56 PM,06:20 AM,06:55 PM,22,26,26,24,8,81,91,12.0,1011,27,6,239,5,Nigeria
2020-07-21,28,21,0.0,6.2,5,2,06:54 AM,07:51 PM,06:20 AM,06:55 PM,22,27,27,24,9,87,91,18.4,1012,28,8,217,6,Nigeria
2020-07-22,28,22,0.0,6.2,5,10,07:53 AM,08:43 PM,06:20 AM,06:55 PM,22,27,27,24,7,84,90,11.1,1012,28,7,222,5,Nigeria
2020-07-23,25,22,0.0,6.2,5,17,08:50 AM,09:33 PM,06:21 AM,06:55 PM,22,26,26,23,10,86,95,73.8,1012,25,6,209,6,Nigeria
2020-07-24,25,22,0.0,7.5,5,24,09:47 AM,10:20 PM,06:21 AM,06:55 PM,22,26,26,23,9,83,94,8.4,1011,25,8,221,6,Nigeria
2020-07-25,25,22,0.0,6.2,5,32,10:41 AM,11:07 PM,06:21 AM,06:54 PM,22,26,26,23,10,85,92,22.3,1012,25,9,262,7,Nigeria
2020-07-26,26,22,0.0,6.2,5,39,11:35 AM,11:53 PM,06:21 AM,06:54 PM,22,26,26,23,7,83,93,7.5,1012,26,10,236,5,Nigeria
2020-07-27,25,22,0.0,6.2,5,46,12:29 PM,No moonset,06:21 AM,06:54 PM,22,26,26,23,6,87,95,11.6,1013,25,8,196,4,Nigeria
2020-07-28,27,21,0.0,6.2,5,53,01:25 PM,12:39 AM,06:21 AM,06:54 PM,22,27,27,24,8,74,92,19.5,1012,27,5,199,5,Nigeria
2020-07-29,27,22,0.0,6.2,5,61,02:21 PM,01:29 AM,06:21 AM,06:54 PM,22,27,27,24,11,83,93,15.5,1013,27,8,201,7,Nigeria
2020-07-30,27,21,0.0,6.2,5,68,03:19 PM,02:20 AM,06:22 AM,06:53 PM,21,25,25,23,8,81,89,2.6,1013,27,9,195,5,Nigeria
2020-07-31,25,21,0.0,6.2,5,72,04:17 PM,03:15 AM,06:22 AM,06:53 PM,22,26,26,23,9,84,93,11.7,1013,25,9,181,6,Nigeria
2020-08-01,28,21,0.0,6.2,5,82,05:15 PM,04:11 AM,06:22 AM,06:53 PM,22,27,27,24,11,86,90,3.0,1013,28,6,192,8,Nigeria
2020-08-02,27,22,0.0,6.2,5,90,06:09 PM,05:08 AM,06:22 AM,06:53 PM,22,26,26,24,10,86,89,3.6,1014,27,10,215,7,Nigeria
2020-08-03,22,20,0.0,6.2,5,97,07:00 PM,06:03 AM,06:22 AM,06:52 PM,21,21,23,21,9,91,97,13.4,1015,22,8,213,6,Nigeria
2020-08-04,26,20,0.0,6.2,5,100,07:47 PM,06:57 AM,06:22 AM,06:52 PM,21,24,24,22,11,85,90,4.6,1015,26,8,213,7,Nigeria
2020-08-05,22,21,0.0,6.2,5,88,08:30 PM,07:48 AM,06:22 AM,06:52 PM,21,21,23,21,5,81,95,6.5,1015,22,6,222,3,Nigeria
2020-08-06,22,20,0.0,6.1,5,81,09:11 PM,08:35 AM,06:22 AM,06:51 PM,21,22,24,22,11,100,96,15.3,1014,22,7,194,7,Nigeria
2020-08-07,21,20,0.0,6.1,5,74,09:49 PM,09:21 AM,06:22 AM,06:51 PM,20,20,22,20,9,99,97,2.4,1015,21,5,172,6,Nigeria
2020-08-08,26,20,0.0,6.1,5,67,10:26 PM,10:06 AM,06:23 AM,06:51 PM,20,23,23,22,8,81,86,1.1,1016,26,8,175,6,Nigeria
2020-08-09,26,20,0.0,6.1,5,59,11:04 PM,10:49 AM,06:23 AM,06:50 PM,20,24,24,23,8,65,84,0.9,1015,26,10,200,6,Nigeria
2020-08-10,26,21,0.0,6.1,5,52,11:42 PM,11:34 AM,06:23 AM,06:50 PM,21,26,26,23,10,86,89,7.8,1013,26,10,209,7,Nigeria
2020-08-11,27,20,0.0,6.1,5,45,No moonrise,12:19 PM,06:23 AM,06:50 PM,20,24,24,23,10,84,86,1.5,1013,27,7,200,7,Nigeria
2020-08-12,28,21,0.0,7.5,6,38,12:22 AM,01:07 PM,06:23 AM,06:49 PM,21,26,26,24,7,65,85,2.2,1014,28,10,204,5,Nigeria
2020-08-13,29,22,0.0,6.1,6,30,01:06 AM,01:57 PM,06:23 AM,06:49 PM,21,27,27,25,11,55,83,13.2,1012,29,10,168,8,Nigeria
2020-08-14,23,22,0.0,6.1,5,23,01:54 AM,02:50 PM,06:23 AM,06:48 PM,22,25,25,23,13,93,98,125.5,1010,23,4,245,9,Nigeria
2020-08-15,25,21,0.0,7.5,5,16,02:45 AM,03:46 PM,06:23 AM,06:48 PM,22,24,24,23,9,84,94,2.4,1011,25,5,205,6,Nigeria
2020-08-16,28,22,0.0,7.5,6,8,03:40 AM,04:42 PM,06:23 AM,06:48 PM,22,27,27,24,9,77,88,1.1,1011,28,9,231,6,Nigeria
2020-08-17,28,22,0.0,7.5,6,1,04:38 AM,05:38 PM,06:23 AM,06:47 PM,23,27,27,24,8,81,92,20.2,1010,28,8,235,5,Nigeria
2020-08-18,24,22,0.0,6.1,5,0,05:38 AM,06:32 PM,06:23 AM,06:47 PM,22,25,25,23,9,92,97,18.5,1011,24,7,219,6,Nigeria
2020-08-19,26,22,0.0,6.1,5,0,06:37 AM,07:24 PM,06:23 AM,06:46 PM,22,26,26,23,7,84,93,13.9,1010,26,9,159,5,Nigeria
2020-08-20,26,22,0.0,6.1,5,6,07:36 AM,08:14 PM,06:23 AM,06:46 PM,22,26,26,24,8,80,92,18.1,1010,26,9,215,6,Nigeria
2020-08-21,28,22,0.0,6.1,5,13,08:32 AM,09:02 PM,06:23 AM,06:45 PM,22,27,27,24,10,83,92,27.1,1010,28,8,209,6,Nigeria
2020-08-22,28,21,0.0,7.5,6,20,09:28 AM,09:49 PM,06:23 AM,06:45 PM,22,27,27,24,9,76,89,9.0,1012,28,6,180,7,Nigeria
2020-08-23,27,22,0.0,6.1,5,28,10:23 AM,10:36 PM,06:23 AM,06:44 PM,22,27,27,24,9,81,92,7.6,1012,27,8,242,6,Nigeria
2020-08-24,22,20,0.0,7.5,5,35,11:20 AM,11:26 PM,06:23 AM,06:44 PM,21,21,24,21,8,87,96,23.0,1012,22,6,212,5,Nigeria
2020-08-25,23,20,0.0,6.1,5,42,12:16 PM,No moonset,06:23 AM,06:43 PM,21,22,23,22,6,95,96,1.3,1012,23,3,187,4,Nigeria
2020-08-26,26,21,0.0,7.5,5,50,01:15 PM,12:17 AM,06:23 AM,06:43 PM,22,25,25,23,4,75,90,9.2,1013,26,7,182,3,Nigeria
2020-08-27,28,22,0.0,6.1,6,57,02:12 PM,01:10 AM,06:23 AM,06:42 PM,22,27,27,24,8,58,88,8.8,1012,28,10,147,5,Nigeria
2020-08-28,25,22,0.0,6.1,5,64,03:09 PM,02:05 AM,06:23 AM,06:42 PM,22,26,26,23,8,82,94,13.8,1012,25,8,253,5,Nigeria
2020-08-29,27,21,0.0,6.1,5,71,04:04 PM,03:01 AM,06:23 AM,06:41 PM,21,26,26,23,8,88,89,5.1,1012,27,8,186,5,Nigeria
2020-08-30,25,22,0.0,6.1,5,79,04:55 PM,03:57 AM,06:22 AM,06:41 PM,22,25,25,23,9,86,95,36.0,1012,25,6,271,5,Nigeria
2020-08-31,24,22,0.0,6.1,5,82,05:43 PM,04:50 AM,06:22 AM,06:40 PM,22,25,25,23,6,80,95,18.8,1012,24,9,219,3,Nigeria
2020-09-01,23,21,0.0,6.1,5,97,06:26 PM,05:42 AM,06:22 AM,06:39 PM,22,24,24,22,8,93,97,25.9,1012,23,7,241,5,Nigeria
2020-09-02,22,21,0.0,6.1,5,100,07:08 PM,06:30 AM,06:22 AM,06:39 PM,21,22,23,22,7,93,98,60.5,1011,22,5,249,5,Nigeria
2020-09-03,26,22,0.0,6.1,5,88,07:47 PM,07:16 AM,06:22 AM,06:38 PM,22,27,27,24,8,74,93,17.8,1012,26,5,180,5,Nigeria
2020-09-04,22,21,0.0,6.1,5,81,08:24 PM,08:01 AM,06:22 AM,06:38 PM,21,22,24,22,11,84,98,71.2,1013,22,5,206,6,Nigeria
2020-09-05,22,21,0.0,6.1,5,73,09:01 PM,08:45 AM,06:22 AM,06:37 PM,21,21,24,21,10,95,99,62.3,1013,22,7,233,6,Nigeria
2020-09-06,22,20,0.0,6.1,5,66,09:40 PM,09:29 AM,06:22 AM,06:37 PM,21,21,22,21,9,95,98,46.9,1011,22,5,194,6,Nigeria
2020-09-07,26,20,0.0,7.5,5,58,10:18 PM,10:14 AM,06:22 AM,06:36 PM,21,24,24,23,8,82,93,10.6,1010,26,7,204,5,Nigeria
2020-09-08,27,22,0.0,6.1,5,50,11:00 PM,11:00 AM,06:22 AM,06:35 PM,23,27,27,24,9,78,92,20.7,1010,27,9,239,6,Nigeria
2020-09-09,24,22,0.0,6.1,5,43,11:46 PM,11:49 AM,06:22 AM,06:35 PM,22,25,25,23,10,93,97,45.1,1012,24,5,233,6,Nigeria
2020-09-10,27,21,0.0,6.1,5,35,No moonrise,12:39 PM,06:21 AM,06:34 PM,22,25,25,23,10,86,92,3.5,1013,27,6,187,7,Nigeria
2020-09-11,28,21,0.0,6.1,6,28,12:34 AM,01:33 PM,06:21 AM,06:34 PM,22,26,26,24,5,80,89,1.9,1011,28,7,176,3,Nigeria
2020-09-12,29,22,0.0,6.1,6,20,01:27 AM,02:27 PM,06:21 AM,06:33 PM,22,27,27,24,5,83,89,19.1,1011,29,6,194,3,Nigeria
2020-09-13,26,22,0.0,6.1,5,13,02:22 AM,03:23 PM,06:21 AM,06:32 PM,22,26,26,23,10,89,95,33.0,1013,26,8,188,6,Nigeria
2020-09-14,25,21,0.0,7.4,5,5,03:21 AM,04:17 PM,06:21 AM,06:32 PM,22,25,25,22,9,83,95,13.6,1014,25,9,177,6,Nigeria
2020-09-15,28,21,0.0,6.1,6,0,04:19 AM,05:10 PM,06:21 AM,06:31 PM,22,26,26,24,7,80,90,8.5,1012,28,7,211,4,Nigeria
2020-09-16,24,22,0.0,6.0,5,0,05:19 AM,06:01 PM,06:21 AM,06:30 PM,22,25,25,23,10,79,96,41.8,1011,24,6,227,5,Nigeria
2020-09-17,26,22,0.0,7.4,5,0,06:16 AM,06:51 PM,06:21 AM,06:30 PM,23,26,26,24,8,85,93,22.7,1012,26,7,198,5,Nigeria
2020-09-18,30,22,0.0,6.0,6,2,07:14 AM,07:40 PM,06:21 AM,06:29 PM,22,28,28,25,6,70,87,14.9,1012,30,8,296,3,Nigeria
2020-09-19,28,23,0.0,7.4,6,10,08:11 AM,08:28 PM,06:21 AM,06:29 PM,23,28,28,25,6,79,89,7.0,1012,28,9,229,4,Nigeria
2020-09-20,27,22,0.0,6.0,5,17,09:09 AM,09:19 PM,06:20 AM,06:28 PM,23,27,27,24,9,83,92,17.6,1012,27,6,201,6,Nigeria
2020-09-21,26,21,0.0,7.4,5,25,10:08 AM,10:10 PM,06:20 AM,06:27 PM,21,25,25,23,7,71,87,0.3,1013,26,10,181,5,Nigeria
2020-09-22,30,21,0.0,6.0,6,32,11:07 AM,11:05 PM,06:20 AM,06:27 PM,22,28,28,25,4,73,84,16.7,1012,30,9,147,2,Nigeria
2020-09-23,29,22,0.0,7.4,6,40,12:07 PM,No moonset,06:20 AM,06:26 PM,23,28,28,25,7,78,88,3.4,1013,29,9,225,5,Nigeria
2020-09-24,27,22,0.0,6.0,6,47,01:05 PM,12:01 AM,06:20 AM,06:26 PM,23,27,27,24,7,82,90,10.3,1013,27,7,206,5,Nigeria
2020-09-25,28,22,0.0,6.0,6,55,02:01 PM,12:57 AM,06:20 AM,06:25 PM,23,27,27,24,8,87,91,20.2,1013,28,6,213,5,Nigeria
2020-09-26,28,22,0.0,6.0,6,62,02:53 PM,01:53 AM,06:20 AM,06:24 PM,22,27,27,24,6,78,90,13.4,1011,28,7,258,4,Nigeria
2020-09-27,27,21,0.0,6.0,5,70,03:41 PM,02:47 AM,06:20 AM,06:24 PM,22,27,27,24,7,74,89,3.8,1011,27,9,233,5,Nigeria
2020-09-28,28,21,0.0,6.0,5,78,04:25 PM,03:38 AM,06:20 AM,06:23 PM,22,26,26,24,7,82,88,5.5,1011,28,10,173,5,Nigeria
2020-09-29,27,21,0.0,6.0,5,85,05:07 PM,04:27 AM,06:20 AM,06:23 PM,22,25,25,23,9,78,93,24.8,1012,27,5,179,6,Nigeria
2020-09-30,28,21,0.0,6.0,5,93,05:46 PM,05:14 AM,06:20 AM,06:22 PM,22,26,26,24,12,83,90,12.9,1012,28,9,172,9,Nigeria
2020-10-01,28,22,0.0,7.4,6,97,06:23 PM,05:58 AM,06:19 AM,06:22 PM,22,27,27,24,7,66,88,2.2,1011,28,7,234,5,Nigeria
2020-10-02,28,22,0.0,6.0,5,100,07:01 PM,06:42 AM,06:19 AM,06:21 PM,22,27,27,24,8,68,89,31.3,1010,28,6,158,5,Nigeria
2020-10-03,27,22,0.0,10.2,5,89,07:39 PM,07:27 AM,06:19 AM,06:20 PM,22,26,26,24,6,51,90,2.3,1012,27,7,159,4,Nigeria
2020-10-04,28,23,0.0,7.4,6,82,08:17 PM,08:11 AM,06:19 AM,06:20 PM,22,28,28,25,9,52,84,8.7,1011,28,9,177,6,Nigeria
2020-10-05,30,22,0.0,6.0,6,74,08:58 PM,08:56 AM,06:19 AM,06:19 PM,23,29,29,26,7,87,87,15.2,1012,30,6,203,4,Nigeria
2020-10-06,27,22,0.0,10.2,5,67,09:41 PM,09:44 AM,06:19 AM,06:19 PM,22,27,27,24,5,55,90,4.7,1012,27,9,183,3,Nigeria
2020-10-07,29,23,0.0,7.4,6,60,10:27 PM,10:33 AM,06:19 AM,06:18 PM,22,28,28,25,8,71,86,11.7,1012,29,9,174,5,Nigeria
2020-10-08,25,22,0.0,6.0,5,53,11:18 PM,11:25 AM,06:19 AM,06:18 PM,22,26,26,24,5,65,93,12.3,1012,25,9,158,3,Nigeria
2020-10-09,29,22,0.0,8.8,6,45,No moonrise,12:18 PM,06:19 AM,06:17 PM,22,28,28,25,9,59,86,4.0,1012,29,9,179,6,Nigeria
2020-10-10,30,22,0.0,8.8,6,38,12:11 AM,01:12 PM,06:19 AM,06:17 PM,22,28,28,25,8,69,87,26.9,1012,30,8,211,5,Nigeria
2020-10-11,29,22,0.0,8.8,6,31,01:07 AM,02:05 PM,06:19 AM,06:16 PM,22,28,28,25,7,70,85,8.8,1012,29,8,221,5,Nigeria
2020-10-12,31,22,0.0,10.2,6,23,02:04 AM,02:57 PM,06:19 AM,06:16 PM,22,30,30,26,6,56,84,1.4,1011,31,10,213,4,Nigeria
2020-10-13,28,22,0.0,7.4,6,16,03:01 AM,03:48 PM,06:19 AM,06:15 PM,23,28,28,25,8,64,90,1.4,1011,28,9,190,6,Nigeria
2020-10-14,29,22,0.0,6.0,6,9,03:58 AM,04:37 PM,06:19 AM,06:15 PM,23,28,28,25,7,68,89,9.9,1012,29,9,193,5,Nigeria
2020-10-15,30,22,0.0,10.2,6,2,04:55 AM,05:26 PM,06:19 AM,06:14 PM,22,28,28,25,5,57,82,8.3,1012,30,8,173,4,Nigeria
2020-10-16,30,23,0.0,8.8,6,0,05:53 AM,06:14 PM,06:19 AM,06:14 PM,23,29,29,25,7,75,86,13.8,1011,30,8,178,4,Nigeria
2020-10-17,32,22,0.0,10.2,6,0,06:51 AM,07:05 PM,06:19 AM,06:13 PM,23,29,29,26,6,61,83,9.1,1011,32,9,175,4,Nigeria
2020-10-18,30,22,0.0,10.2,6,5,07:51 AM,07:57 PM,06:19 AM,06:13 PM,22,29,29,26,7,51,81,2.3,1010,30,10,184,4,Nigeria
2020-10-19,31,22,0.0,7.4,6,13,08:52 AM,08:52 PM,06:19 AM,06:13 PM,22,29,29,26,7,59,81,1.4,1010,31,9,166,4,Nigeria
2020-10-20,32,23,0.0,11.6,6,20,09:54 AM,09:50 PM,06:19 AM,06:12 PM,22,30,30,27,6,48,77,3.6,1011,32,10,149,4,Nigeria
2020-10-21,30,23,0.0,7.4,6,27,10:56 AM,10:49 PM,06:19 AM,06:12 PM,22,29,29,26,6,55,81,3.0,1011,30,9,158,4,Nigeria
2020-10-22,34,23,0.0,11.6,7,35,11:54 AM,11:47 PM,06:19 AM,06:11 PM,20,31,31,28,6,7,66,0.0,1011,34,10,143,3,Nigeria
2020-10-23,34,23,0.0,11.6,7,42,12:49 PM,No moonset,06:19 AM,06:11 PM,19,31,31,28,5,5,64,0.0,1011,34,10,178,3,Nigeria
2020-10-24,30,23,0.0,6.0,6,49,01:40 PM,12:42 AM,06:20 AM,06:11 PM,22,28,28,26,8,47,81,0.9,1011,30,8,190,5,Nigeria
2020-10-25,34,23,0.0,11.6,7,56,02:25 PM,01:35 AM,06:20 AM,06:10 PM,20,31,31,28,5,7,65,0.0,1010,34,10,130,3,Nigeria
2020-10-26,34,22,0.0,11.6,7,64,03:07 PM,02:24 AM,06:20 AM,06:10 PM,20,30,30,27,5,7,67,0.0,1009,34,10,153,3,Nigeria
2020-10-27,33,23,0.0,11.6,7,71,03:47 PM,03:12 AM,06:20 AM,06:10 PM,19,30,30,27,7,11,61,0.0,1009,33,10,147,4,Nigeria
2020-10-28,35,23,0.0,11.6,8,78,04:24 PM,03:57 AM,06:20 AM,06:09 PM,17,31,31,29,6,7,53,0.0,1010,35,10,108,3,Nigeria
2020-10-29,34,22,0.0,11.6,7,85,05:01 PM,04:40 AM,06:20 AM,06:09 PM,16,30,30,28,6,5,52,0.0,1010,34,10,170,3,Nigeria
2020-10-30,35,23,0.0,11.6,8,93,05:39 PM,05:25 AM,06:20 AM,06:09 PM,17,31,31,29,5,5,53,0.0,1010,35,10,128,3,Nigeria
2020-10-31,35,24,0.0,11.6,8,97,06:16 PM,06:08 AM,06:21 AM,06:09 PM,17,31,31,30,7,6,51,0.0,1010,35,10,158,4,Nigeria
2020-11-01,35,23,0.0,11.6,8,89,06:57 PM,06:54 AM,06:21 AM,06:08 PM,15,31,31,29,6,8,46,0.0,1009,35,10,134,4,Nigeria
2020-11-02,35,23,0.0,11.6,8,81,07:39 PM,07:41 AM,06:21 AM,06:08 PM,15,31,31,29,7,7,46,0.0,1010,35,10,111,4,Nigeria
2020-11-03,36,22,0.0,11.6,8,74,08:25 PM,08:30 AM,06:21 AM,06:08 PM,13,30,30,29,11,12,41,0.0,1011,36,10,74,7,Nigeria
2020-11-04,35,23,0.0,11.6,8,66,09:14 PM,09:21 AM,06:21 AM,06:08 PM,14,30,30,29,9,13,44,0.0,1010,35,10,96,6,Nigeria
2020-11-05,36,24,0.0,11.6,8,58,10:05 PM,10:13 AM,06:22 AM,06:08 PM,14,31,31,30,5,9,42,0.0,1010,36,10,96,3,Nigeria
2020-11-06,36,22,0.0,11.6,8,51,10:59 PM,11:06 AM,06:22 AM,06:08 PM,10,30,30,30,11,7,34,0.0,1011,36,10,58,7,Nigeria
2020-11-07,34,21,0.0,11.6,7,43,11:54 PM,11:58 AM,06:22 AM,06:07 PM,12,29,29,28,7,6,40,0.0,1012,34,10,123,5,Nigeria
2020-11-08,34,22,0.0,11.6,7,36,No moonrise,12:49 PM,06:22 AM,06:07 PM,12,30,30,28,8,7,39,0.0,1012,34,10,129,5,Nigeria
2020-11-09,35,23,0.0,11.6,8,28,12:49 AM,01:39 PM,06:23 AM,06:07 PM,14,30,30,29,6,14,44,0.0,1012,35,10,138,4,Nigeria
2020-11-10,34,24,0.0,11.6,7,21,01:45 AM,02:26 PM,06:23 AM,06:07 PM,17,30,30,28,7,13,52,0.0,1011,34,10,129,5,Nigeria
2020-11-11,35,24,0.0,11.6,7,13,02:40 AM,03:13 PM,06:23 AM,06:07 PM,15,31,31,30,7,23,45,0.0,1011,35,10,159,5,Nigeria
2020-11-12,36,24,0.0,11.6,8,6,03:35 AM,04:00 PM,06:24 AM,06:07 PM,11,30,30,30,10,12,34,0.0,1011,36,10,112,6,Nigeria
2020-11-13,37,25,0.0,11.6,8,0,04:31 AM,04:49 PM,06:24 AM,06:07 PM,9,31,31,31,12,9,30,0.0,1010,37,10,71,7,Nigeria
2020-11-14,37,24,0.0,11.6,8,0,05:30 AM,05:40 PM,06:24 AM,06:07 PM,11,31,31,31,10,9,34,0.0,1010,37,10,85,6,Nigeria
2020-11-15,36,24,0.0,11.6,8,0,06:30 AM,06:34 PM,06:25 AM,06:07 PM,13,31,31,30,9,7,38,0.0,1010,36,10,109,5,Nigeria
2020-11-16,36,25,0.0,11.6,8,2,07:34 AM,07:32 PM,06:25 AM,06:07 PM,8,30,30,30,14,5,29,0.0,1010,36,10,89,9,Nigeria
2020-11-17,36,24,0.0,11.6,8,9,08:37 AM,08:32 PM,06:25 AM,06:07 PM,8,30,30,30,11,6,29,0.0,1011,36,10,109,7,Nigeria
2020-11-18,36,24,0.0,11.6,8,17,09:40 AM,09:33 PM,06:26 AM,06:07 PM,7,30,30,30,13,5,27,0.0,1010,36,10,103,8,Nigeria
2020-11-19,35,23,0.0,11.6,8,24,10:38 AM,10:32 PM,06:26 AM,06:07 PM,7,29,29,29,13,3,28,0.0,1009,35,10,123,7,Nigeria
2020-11-20,35,22,0.0,11.6,8,32,11:33 AM,11:28 PM,06:26 AM,06:07 PM,11,30,30,29,9,9,37,0.0,1009,35,10,115,5,Nigeria
2020-11-21,37,23,0.0,11.6,8,39,12:21 PM,No moonset,06:27 AM,06:07 PM,10,31,31,30,9,10,32,0.0,1010,37,10,125,5,Nigeria
2020-11-22,36,24,0.0,11.6,8,47,01:06 PM,12:19 AM,06:27 AM,06:07 PM,10,31,31,30,11,5,32,0.0,1010,36,10,136,6,Nigeria
2020-11-23,35,23,0.0,11.6,8,54,01:46 PM,01:08 AM,06:28 AM,06:07 PM,10,30,30,30,9,5,34,0.0,1011,35,10,130,5,Nigeria
2020-11-24,36,23,0.0,11.6,8,62,02:24 PM,01:54 AM,06:28 AM,06:08 PM,14,31,31,30,7,21,42,0.0,1010,36,10,190,5,Nigeria
2020-11-25,37,24,0.0,11.6,8,70,03:01 PM,02:38 AM,06:29 AM,06:08 PM,14,32,32,30,7,12,40,0.0,1009,37,10,185,4,Nigeria
2020-11-26,36,26,0.0,11.6,8,77,03:39 PM,03:22 AM,06:29 AM,06:08 PM,14,31,31,30,8,25,41,0.0,1009,36,10,179,5,Nigeria
2020-11-27,36,23,0.0,11.6,8,85,04:16 PM,04:06 AM,06:29 AM,06:08 PM,17,31,31,29,8,24,51,0.0,1009,36,10,170,5,Nigeria
2020-11-28,37,23,0.0,11.6,8,92,04:55 PM,04:51 AM,06:30 AM,06:08 PM,15,31,31,30,7,13,45,0.0,1010,37,10,189,4,Nigeria
2020-11-29,37,22,0.0,11.6,8,100,05:37 PM,05:38 AM,06:30 AM,06:09 PM,7,31,31,30,9,3,27,0.0,1010,37,10,108,5,Nigeria
2020-11-30,37,22,0.0,11.6,8,100,06:22 PM,06:26 AM,06:31 AM,06:09 PM,3,30,30,30,11,0,19,0.0,1011,37,10,108,6,Nigeria
2020-12-01,37,22,0.0,11.6,8,89,07:10 PM,07:17 AM,06:31 AM,06:09 PM,4,30,30,30,12,0,22,0.0,1010,37,10,97,7,Nigeria
2020-12-02,37,22,0.0,11.6,8,82,08:02 PM,08:09 AM,06:32 AM,06:09 PM,2,30,30,30,11,0,19,0.0,1010,37,10,106,7,Nigeria
2020-12-03,36,22,0.0,11.6,8,75,08:55 PM,09:03 AM,06:32 AM,06:10 PM,2,29,29,29,12,0,20,0.0,1011,36,10,113,7,Nigeria
2020-12-04,36,22,0.0,11.6,8,67,09:50 PM,09:55 AM,06:33 AM,06:10 PM,6,29,29,29,11,0,26,0.0,1011,36,10,139,7,Nigeria
2020-12-05,36,22,0.0,11.6,8,60,10:45 PM,10:46 AM,06:33 AM,06:10 PM,11,30,30,29,7,6,35,0.0,1011,36,10,148,5,Nigeria
2020-12-06,38,23,0.0,11.6,8,53,11:39 PM,11:35 AM,06:34 AM,06:11 PM,13,31,31,30,8,7,38,0.0,1010,38,10,157,5,Nigeria
2020-12-07,38,22,0.0,11.6,8,46,No moonrise,12:22 PM,06:34 AM,06:11 PM,9,31,31,30,7,3,31,0.0,1011,38,10,161,4,Nigeria
2020-12-08,38,23,0.0,11.6,8,38,12:32 AM,01:08 PM,06:35 AM,06:11 PM,9,31,31,31,7,6,29,0.0,1011,38,10,137,4,Nigeria
2020-12-09,37,22,0.0,11.6,8,31,01:25 AM,01:53 PM,06:35 AM,06:12 PM,11,31,31,30,7,4,36,0.0,1010,37,10,129,5,Nigeria
2020-12-10,37,23,0.0,11.6,8,24,02:18 AM,02:38 PM,06:36 AM,06:12 PM,12,31,31,30,6,4,37,0.0,1010,37,10,156,4,Nigeria
2020-12-11,37,23,0.0,11.6,8,17,03:14 AM,03:27 PM,06:36 AM,06:13 PM,11,31,31,30,7,4,35,0.0,1011,37,10,160,5,Nigeria
2020-12-12,37,22,0.0,11.6,8,9,04:11 AM,04:17 PM,06:37 AM,06:13 PM,13,31,31,30,7,11,40,0.0,1010,37,10,161,4,Nigeria
2020-12-13,37,22,0.0,11.6,8,2,05:12 AM,05:13 PM,06:38 AM,06:13 PM,12,31,31,30,7,11,37,0.0,1009,37,10,157,4,Nigeria
2020-12-14,38,23,0.0,11.6,8,0,06:15 AM,06:11 PM,06:38 AM,06:14 PM,13,32,32,31,6,11,38,0.0,1009,38,10,157,4,Nigeria
2020-12-15,38,23,0.0,11.6,8,0,07:19 AM,07:13 PM,06:39 AM,06:14 PM,10,32,32,31,8,6,34,0.0,1009,38,10,136,5,Nigeria
2020-12-16,38,23,0.0,11.6,8,5,08:20 AM,08:14 PM,06:39 AM,06:15 PM,2,31,31,31,14,4,17,0.0,1010,38,10,92,8,Nigeria
2020-12-17,37,23,0.0,11.6,8,12,09:19 AM,09:13 PM,06:40 AM,06:15 PM,3,30,30,30,15,2,19,0.0,1010,37,10,108,8,Nigeria
2020-12-18,36,21,0.0,11.6,7,20,10:11 AM,10:09 PM,06:40 AM,06:16 PM,6,29,29,29,10,2,25,0.0,1010,36,10,134,6,Nigeria
2020-12-19,36,21,0.0,11.6,8,27,10:59 AM,11:00 PM,06:41 AM,06:16 PM,6,29,29,29,8,10,26,0.0,1009,36,10,144,5,Nigeria
2020-12-20,37,23,0.0,11.6,8,34,11:42 AM,11:48 PM,06:41 AM,06:17 PM,11,31,31,30,9,17,34,0.0,1010,37,10,159,5,Nigeria
2020-12-21,37,23,0.0,11.6,8,41,12:22 PM,No moonset,06:42 AM,06:17 PM,9,31,31,30,10,7,29,0.0,1010,37,10,133,6,Nigeria
2020-12-22,37,22,0.0,11.6,8,49,01:00 PM,12:34 AM,06:42 AM,06:18 PM,9,30,30,30,10,10,29,0.0,1010,37,10,134,6,Nigeria
2020-12-23,37,22,0.0,11.6,8,56,01:37 PM,01:18 AM,06:43 AM,06:18 PM,10,31,31,30,9,8,31,0.0,1009,37,10,185,5,Nigeria
2020-12-24,37,22,0.0,11.6,8,63,02:14 PM,02:02 AM,06:43 AM,06:19 PM,10,31,31,30,8,7,32,0.0,1009,37,10,142,5,Nigeria
2020-12-25,37,24,0.0,11.6,8,70,02:52 PM,02:46 AM,06:44 AM,06:19 PM,2,30,30,30,16,4,18,0.0,1009,37,10,108,10,Nigeria
2020-12-26,37,23,0.0,11.6,8,78,03:33 PM,03:32 AM,06:44 AM,06:20 PM,2,30,30,30,19,0,18,0.0,1009,37,10,118,11,Nigeria
2020-12-27,36,21,0.0,11.6,8,85,04:17 PM,04:19 AM,06:45 AM,06:20 PM,4,30,30,30,15,0,22,0.0,1008,36,10,123,9,Nigeria
2020-12-28,37,20,0.0,11.6,8,92,05:04 PM,05:10 AM,06:45 AM,06:21 PM,6,29,29,29,12,1,26,0.0,1008,37,10,126,7,Nigeria
2020-12-29,36,21,0.0,11.6,8,100,05:55 PM,06:02 AM,06:45 AM,06:21 PM,7,29,29,29,10,3,28,0.0,1008,36,10,157,6,Nigeria
2020-12-30,37,22,0.0,11.6,8,100,06:49 PM,06:56 AM,06:46 AM,06:22 PM,7,30,30,29,10,2,26,0.0,1009,37,10,135,6,Nigeria
2020-12-31,37,22,0.0,11.6,8,89,07:45 PM,07:50 AM,06:46 AM,06:22 PM,6,30,30,30,11,2,24,0.0,1009,37,10,134,7,Nigeria
2021-01-01,38,22,0.0,11.6,8,79,08:40 PM,08:43 AM,06:47 AM,06:23 PM,6,31,31,30,10,3,24,0.0,1009,38,10,122,6,Nigeria
2021-01-02,37,22,0.0,11.6,8,71,09:35 PM,09:33 AM,06:47 AM,06:23 PM,7,30,30,30,9,3,26,0.0,1009,37,10,170,5,Nigeria
2021-01-03,37,23,0.0,11.6,8,64,10:29 PM,10:21 AM,06:48 AM,06:24 PM,12,30,30,30,7,9,36,0.0,1009,37,10,162,4,Nigeria
2021-01-04,40,23,0.0,11.6,8,57,11:22 PM,11:07 AM,06:48 AM,06:24 PM,10,33,33,32,8,3,32,0.0,1009,40,10,133,5,Nigeria
2021-01-05,39,22,0.0,11.6,8,50,No moonrise,11:51 AM,06:48 AM,06:25 PM,5,32,32,31,10,0,22,0.0,1008,39,10,114,7,Nigeria
2021-01-06,39,22,0.0,11.6,8,42,12:13 AM,12:35 PM,06:49 AM,06:25 PM,5,31,31,31,10,0,24,0.0,1009,39,10,112,6,Nigeria
2021-01-07,40,22,0.0,11.6,8,35,01:06 AM,01:21 PM,06:49 AM,06:26 PM,-1,32,32,31,10,0,15,0.0,1010,40,10,94,6,Nigeria
2021-01-08,38,21,0.0,11.6,8,28,02:01 AM,02:08 PM,06:49 AM,06:27 PM,-1,30,30,30,11,0,15,0.0,1010,38,10,118,7,Nigeria
2021-01-09,38,21,0.0,11.6,8,20,02:58 AM,03:00 PM,06:50 AM,06:27 PM,3,30,30,30,11,7,20,0.0,1009,38,10,140,6,Nigeria
2021-01-10,37,21,0.0,11.6,8,13,03:58 AM,03:56 PM,06:50 AM,06:28 PM,3,30,30,29,11,0,21,0.0,1009,37,10,112,6,Nigeria
2021-01-11,38,21,0.0,11.6,8,6,05:00 AM,04:54 PM,06:50 AM,06:28 PM,3,30,30,30,11,0,20,0.0,1009,38,10,116,6,Nigeria
2021-01-12,37,22,0.0,11.6,8,0,06:02 AM,05:55 PM,06:51 AM,06:29 PM,1,30,30,30,13,1,17,0.0,1010,37,10,121,7,Nigeria
2021-01-13,38,22,0.0,11.6,8,0,07:02 AM,06:56 PM,06:51 AM,06:29 PM,-1,31,31,31,13,0,14,0.0,1011,38,10,105,8,Nigeria
2021-01-14,36,22,0.0,11.6,8,1,07:58 AM,07:54 PM,06:51 AM,06:30 PM,2,29,29,29,15,2,19,0.0,1011,36,10,122,9,Nigeria
2021-01-15,36,22,0.0,11.6,8,8,08:48 AM,08:48 PM,06:51 AM,06:30 PM,1,29,29,29,15,2,17,0.0,1009,36,10,133,9,Nigeria
2021-01-16,37,22,0.0,11.6,8,16,09:34 AM,09:39 PM,06:51 AM,06:31 PM,2,29,29,29,12,5,18,0.0,1009,37,10,128,7,Nigeria
2021-01-17,37,21,0.0,11.6,8,23,10:16 AM,10:26 PM,06:52 AM,06:31 PM,3,29,29,29,11,3,20,0.0,1009,37,10,125,7,Nigeria
2021-01-18,37,23,0.0,11.6,8,30,10:56 AM,11:12 PM,06:52 AM,06:31 PM,4,30,30,31,15,3,20,0.0,1010,37,10,115,9,Nigeria
2021-01-19,38,24,0.0,11.6,8,38,11:34 AM,11:56 PM,06:52 AM,06:32 PM,-0,31,31,31,17,1,15,0.0,1011,38,10,108,11,Nigeria
2021-01-20,38,24,0.0,11.6,8,45,12:10 PM,No moonset,06:52 AM,06:32 PM,-2,31,31,31,17,0,13,0.0,1010,38,10,116,11,Nigeria
2021-01-21,38,23,0.0,11.6,8,52,12:48 PM,12:40 AM,06:52 AM,06:33 PM,-0,30,30,31,19,0,15,0.0,1010,38,10,125,12,Nigeria
2021-01-22,37,21,0.0,11.6,8,59,01:28 PM,01:25 AM,06:52 AM,06:33 PM,-2,30,30,30,16,0,14,0.0,1011,37,10,123,9,Nigeria
2021-01-23,38,21,0.0,11.6,8,67,02:10 PM,02:12 AM,06:53 AM,06:34 PM,-1,30,30,30,15,0,15,0.0,1010,38,10,121,8,Nigeria
2021-01-24,39,22,0.0,11.6,8,74,02:56 PM,03:01 AM,06:53 AM,06:34 PM,-3,31,31,30,15,1,13,0.0,1009,39,10,123,8,Nigeria
2021-01-25,38,22,0.0,11.6,8,81,03:45 PM,03:52 AM,06:53 AM,06:34 PM,-1,31,31,31,15,0,14,0.0,1010,38,10,128,9,Nigeria
2021-01-26,39,23,0.0,11.6,8,88,04:38 PM,04:45 AM,06:53 AM,06:35 PM,-1,31,31,31,15,1,13,0.0,1010,39,10,126,8,Nigeria
2021-01-27,39,23,0.0,11.6,8,96,05:34 PM,05:40 AM,06:53 AM,06:35 PM,2,31,31,31,14,3,18,0.0,1009,39,10,108,8,Nigeria
2021-01-28,38,24,0.0,11.6,8,100,06:30 PM,06:34 AM,06:53 AM,06:36 PM,4,31,31,31,14,3,21,0.0,1009,38,10,107,8,Nigeria
2021-01-29,38,24,0.0,11.6,8,90,07:27 PM,07:26 AM,06:53 AM,06:36 PM,-4,31,31,32,17,1,11,0.0,1010,38,10,108,10,Nigeria
2021-01-30,38,23,0.0,11.6,8,82,08:22 PM,08:16 AM,06:53 AM,06:36 PM,-0,31,31,31,15,1,14,0.0,1010,38,10,122,9,Nigeria
2021-01-31,37,23,0.0,11.6,8,79,09:17 PM,09:04 AM,06:53 AM,06:37 PM,1,30,30,30,15,1,16,0.0,1009,37,10,125,9,Nigeria
2021-02-01,38,22,0.0,11.6,8,63,10:10 PM,09:50 AM,06:53 AM,06:37 PM,3,30,30,31,11,3,19,0.0,1009,38,10,131,7,Nigeria
2021-02-02,37,22,0.0,11.6,8,55,11:03 PM,10:34 AM,06:53 AM,06:37 PM,6,31,31,30,11,7,24,0.0,1010,37,10,176,7,Nigeria
2021-02-03,38,24,0.0,11.6,8,48,11:57 PM,11:20 AM,06:52 AM,06:38 PM,10,32,32,31,12,14,28,0.0,1010,38,10,128,8,Nigeria
2021-02-04,39,24,0.0,11.6,8,40,No moonrise,12:06 PM,06:52 AM,06:38 PM,-3,32,32,32,17,1,12,0.0,1010,39,10,89,10,Nigeria
2021-02-05,40,22,0.0,11.6,8,33,12:52 AM,12:55 PM,06:52 AM,06:38 PM,-1,32,32,32,15,0,13,0.0,1010,40,10,123,8,Nigeria
2021-02-06,38,23,0.0,11.6,8,25,01:50 AM,01:48 PM,06:52 AM,06:38 PM,5,31,31,31,15,1,21,0.0,1010,38,10,155,9,Nigeria
2021-02-07,39,23,0.0,11.6,8,18,02:50 AM,02:44 PM,06:52 AM,06:39 PM,3,32,32,32,14,0,18,0.0,1009,39,10,130,8,Nigeria
