date_time,United%20States%2C%20South%20Dakota_maxtempC,United%20States%2C%20South%20Dakota_mintempC,United%20States%2C%20South%20Dakota_totalSnow_cm,United%20States%2C%20South%20Dakota_sunHour,United%20States%2C%20South%20Dakota_uvIndex,United%20States%2C%20South%20Dakota_moon_illumination,United%20States%2C%20South%20Dakota_moonrise,United%20States%2C%20South%20Dakota_moonset,United%20States%2C%20South%20Dakota_sunrise,United%20States%2C%20South%20Dakota_sunset,United%20States%2C%20South%20Dakota_DewPointC,United%20States%2C%20South%20Dakota_FeelsLikeC,United%20States%2C%20South%20Dakota_HeatIndexC,United%20States%2C%20South%20Dakota_WindChillC,United%20States%2C%20South%20Dakota_WindGustKmph,United%20States%2C%20South%20Dakota_cloudcover,United%20States%2C%20South%20Dakota_humidity,United%20States%2C%20South%20Dakota_precipMM,United%20States%2C%20South%20Dakota_pressure,United%20States%2C%20South%20Dakota_tempC,United%20States%2C%20South%20Dakota_visibility,United%20States%2C%20South%20Dakota_winddirDegree,United%20States%2C%20South%20Dakota_windspeedKmph,United%20States%2C%20South%20Dakota_location
2020-01-01,-2,-11,0.0,6.9,1,37,12:01 PM,11:34 PM,08:07 AM,04:54 PM,-8,-11,-5,-11,30,32,79,0.0,1001,-2,10,219,15,United%20States%2C%20South%20Dakota
2020-01-02,-3,-10,0.0,8.5,2,44,12:23 PM,No moonset,08:07 AM,04:55 PM,-6,-9,-5,-9,24,25,91,0.0,1001,-3,10,296,13,United%20States%2C%20South%20Dakota
2020-01-03,-3,-10,0.3,3.2,1,51,12:44 PM,12:34 AM,08:07 AM,04:56 PM,-8,-12,-7,-12,23,80,91,0.7,1015,-3,8,302,13,United%20States%2C%20South%20Dakota
2020-01-04,-2,-11,0.0,8.5,2,59,01:06 PM,01:36 AM,08:06 AM,04:57 PM,-9,-12,-7,-12,25,17,85,0.0,1017,-2,10,232,13,United%20States%2C%20South%20Dakota
2020-01-05,0,-4,0.0,8.5,2,66,01:30 PM,02:39 AM,08:06 AM,04:58 PM,-5,-7,-1,-7,54,18,73,0.0,1016,0,10,277,30,United%20States%2C%20South%20Dakota
2020-01-06,0,-5,0.0,6.9,1,73,01:58 PM,03:44 AM,08:06 AM,04:59 PM,-6,-9,-3,-9,47,53,78,0.0,1017,0,10,256,25,United%20States%2C%20South%20Dakota
2020-01-07,-8,-20,0.0,8.7,2,80,02:30 PM,04:51 AM,08:06 AM,05:00 PM,-14,-19,-12,-19,28,5,83,0.0,1024,-8,10,307,16,United%20States%2C%20South%20Dakota
2020-01-08,-16,-23,0.0,3.4,1,88,03:12 PM,05:58 AM,08:06 AM,05:01 PM,-20,-26,-19,-26,25,64,90,0.0,1026,-16,10,153,17,United%20States%2C%20South%20Dakota
2020-01-09,-5,-16,0.1,6.9,1,95,04:02 PM,07:04 AM,08:06 AM,05:02 PM,-10,-15,-9,-15,22,66,91,0.1,1011,-5,9,223,13,United%20States%2C%20South%20Dakota
2020-01-10,-18,-24,0.0,3.4,1,100,05:03 PM,08:04 AM,08:05 AM,05:04 PM,-21,-28,-19,-28,27,66,86,0.0,1031,-18,10,323,17,United%20States%2C%20South%20Dakota
2020-01-11,-23,-30,0.0,8.7,1,100,06:13 PM,08:57 AM,08:05 AM,05:05 PM,-26,-30,-26,-30,10,27,92,0.0,1031,-23,7,168,5,United%20States%2C%20South%20Dakota
2020-01-12,-13,-23,0.5,3.4,1,83,07:29 PM,09:41 AM,08:04 AM,05:06 PM,-17,-23,-17,-23,16,100,97,0.8,1024,-13,8,135,9,United%20States%2C%20South%20Dakota
2020-01-13,-7,-16,0.9,5.2,1,76,08:46 PM,10:18 AM,08:04 AM,05:07 PM,-10,-15,-11,-15,16,79,95,1.1,1020,-7,7,140,9,United%20States%2C%20South%20Dakota
2020-01-14,-13,-22,0.0,8.7,1,69,10:03 PM,10:49 AM,08:04 AM,05:08 PM,-16,-22,-15,-22,25,51,89,0.4,1022,-13,8,210,16,United%20States%2C%20South%20Dakota
2020-01-15,-19,-25,5.3,3.4,1,61,11:19 PM,11:17 AM,08:03 AM,05:10 PM,-21,-30,-20,-30,26,81,91,6.5,1030,-19,5,229,18,United%20States%2C%20South%20Dakota
2020-01-16,-24,-29,0.0,8.7,2,54,No moonrise,11:44 AM,08:02 AM,05:11 PM,-28,-33,-27,-33,18,14,87,0.0,1045,-24,10,230,10,United%20States%2C%20South%20Dakota
2020-01-17,-3,-22,0.0,3.4,1,47,12:33 AM,12:09 PM,08:02 AM,05:12 PM,-8,-15,-7,-15,41,84,88,4.0,1022,-3,7,152,27,United%20States%2C%20South%20Dakota
2020-01-18,-15,-23,5.4,3.4,1,40,01:47 AM,12:37 PM,08:01 AM,05:14 PM,-18,-27,-16,-27,43,93,85,8.8,1022,-15,6,301,30,United%20States%2C%20South%20Dakota
2020-01-19,-21,-26,0.0,5.2,1,32,02:59 AM,01:08 PM,08:00 AM,05:15 PM,-25,-34,-23,-34,34,50,86,0.0,1038,-21,10,303,21,United%20States%2C%20South%20Dakota
2020-01-20,-18,-25,0.0,5.2,1,25,04:11 AM,01:44 PM,08:00 AM,05:16 PM,-23,-27,-22,-27,14,62,93,0.0,1042,-18,7,267,7,United%20States%2C%20South%20Dakota
2020-01-21,-5,-19,0.0,7.0,1,18,05:19 AM,02:25 PM,07:59 AM,05:18 PM,-13,-18,-11,-18,36,32,82,0.0,1025,-5,10,187,20,United%20States%2C%20South%20Dakota
2020-01-22,0,-5,0.0,8.7,1,11,06:21 AM,03:14 PM,07:58 AM,05:19 PM,-3,-6,-2,-6,23,49,89,0.0,1010,0,10,249,12,United%20States%2C%20South%20Dakota
2020-01-23,-3,-7,2.5,3.6,1,3,07:17 AM,04:09 PM,07:57 AM,05:21 PM,-5,-10,-5,-10,21,95,95,3.3,1016,-3,7,330,13,United%20States%2C%20South%20Dakota
2020-01-24,-7,-11,0.7,3.6,1,0,08:03 AM,05:10 PM,07:57 AM,05:22 PM,-8,-13,-7,-13,23,96,96,0.9,1021,-7,6,333,13,United%20States%2C%20South%20Dakota
2020-01-25,-7,-14,0.0,8.7,1,0,08:41 AM,06:13 PM,07:56 AM,05:23 PM,-12,-13,-11,-13,10,50,92,0.0,1020,-7,9,229,5,United%20States%2C%20South%20Dakota
2020-01-26,-0,-8,0.4,7.0,1,4,09:14 AM,07:17 PM,07:55 AM,05:25 PM,-4,-7,-3,-7,19,63,90,0.6,1013,-0,9,268,11,United%20States%2C%20South%20Dakota
2020-01-27,-6,-10,0.9,3.6,1,11,09:41 AM,08:19 PM,07:54 AM,05:26 PM,-8,-11,-7,-11,15,78,96,1.0,1021,-6,5,310,8,United%20States%2C%20South%20Dakota
2020-01-28,-7,-14,0.0,3.7,1,18,10:04 AM,09:22 PM,07:53 AM,05:28 PM,-11,-14,-11,-14,12,86,96,0.0,1023,-7,2,206,6,United%20States%2C%20South%20Dakota
2020-01-29,-5,-11,0.6,3.7,1,26,10:26 AM,10:22 PM,07:52 AM,05:29 PM,-8,-12,-8,-12,14,96,96,0.9,1022,-5,5,133,8,United%20States%2C%20South%20Dakota
2020-01-30,0,-8,0.2,3.7,1,33,10:47 AM,11:24 PM,07:51 AM,05:31 PM,-3,-6,-3,-6,15,95,96,0.3,1019,0,7,158,9,United%20States%2C%20South%20Dakota
2020-01-31,-4,-7,1.3,8.7,1,37,11:08 AM,No moonset,07:49 AM,05:32 PM,-6,-8,-5,-8,22,57,91,1.5,1016,-4,7,285,12,United%20States%2C%20South%20Dakota
2020-02-01,2,-5,0.0,8.7,2,49,11:31 AM,12:25 AM,07:48 AM,05:33 PM,-4,-6,-1,-6,38,22,82,0.0,1011,2,10,249,19,United%20States%2C%20South%20Dakota
2020-02-02,4,-4,0.0,8.7,2,57,11:56 AM,01:28 AM,07:47 AM,05:35 PM,-3,-4,1,-4,42,30,76,0.0,1007,4,10,297,21,United%20States%2C%20South%20Dakota
2020-02-03,-5,-13,0.0,5.4,1,64,12:26 PM,02:32 AM,07:46 AM,05:36 PM,-10,-14,-8,-14,26,69,85,0.0,1017,-5,10,347,18,United%20States%2C%20South%20Dakota
2020-02-04,-9,-13,0.0,8.7,1,72,01:02 PM,03:38 AM,07:45 AM,05:38 PM,-13,-17,-11,-17,14,57,84,0.0,1028,-9,10,309,11,United%20States%2C%20South%20Dakota
2020-02-05,-4,-14,0.0,8.7,2,79,01:47 PM,04:43 AM,07:43 AM,05:39 PM,-12,-15,-8,-15,31,4,76,0.0,1019,-4,10,214,16,United%20States%2C%20South%20Dakota
2020-02-06,-5,-10,1.4,3.7,1,87,02:42 PM,05:46 AM,07:42 AM,05:41 PM,-9,-13,-8,-13,20,66,90,1.9,1008,-5,7,176,11,United%20States%2C%20South%20Dakota
2020-02-07,-14,-18,0.5,3.8,1,95,03:49 PM,06:43 AM,07:41 AM,05:42 PM,-16,-22,-15,-22,23,86,94,0.6,1014,-14,8,333,15,United%20States%2C%20South%20Dakota
2020-02-08,-8,-22,0.0,7.1,1,100,05:03 PM,07:32 AM,07:39 AM,05:44 PM,-16,-19,-15,-19,13,43,90,0.0,1019,-8,10,199,7,United%20States%2C%20South%20Dakota
2020-02-09,-12,-15,0.7,5.4,1,100,06:21 PM,08:12 AM,07:38 AM,05:45 PM,-14,-20,-13,-20,24,71,93,0.9,1023,-12,7,234,15,United%20States%2C%20South%20Dakota
2020-02-10,-4,-12,0.0,7.1,1,83,07:42 PM,08:47 AM,07:37 AM,05:46 PM,-9,-14,-7,-14,34,34,85,0.0,1021,-4,10,245,18,United%20States%2C%20South%20Dakota
2020-02-11,-5,-12,0.0,8.7,2,75,09:01 PM,09:18 AM,07:35 AM,05:48 PM,-10,-15,-8,-15,35,27,85,0.0,1021,-5,10,261,19,United%20States%2C%20South%20Dakota
2020-02-12,-3,-28,0.6,3.8,1,68,10:19 PM,09:45 AM,07:34 AM,05:49 PM,-16,-24,-14,-24,42,93,85,1.2,1018,-3,8,303,28,United%20States%2C%20South%20Dakota
2020-02-13,-22,-31,0.0,8.7,2,60,11:36 PM,10:12 AM,07:32 AM,05:51 PM,-29,-37,-27,-37,21,27,86,0.0,1037,-22,10,295,12,United%20States%2C%20South%20Dakota
2020-02-14,-6,-24,0.0,8.7,2,53,No moonrise,10:40 AM,07:31 AM,05:52 PM,-17,-22,-14,-22,33,6,75,0.0,1022,-6,10,181,18,United%20States%2C%20South%20Dakota
2020-02-15,-3,-7,0.0,8.7,1,45,12:50 AM,11:10 AM,07:29 AM,05:54 PM,-6,-10,-4,-10,32,22,85,0.1,1014,-3,10,277,18,United%20States%2C%20South%20Dakota
2020-02-16,-13,-18,0.3,7.1,1,38,02:03 AM,11:44 AM,07:28 AM,05:55 PM,-15,-20,-15,-20,18,76,92,0.4,1021,-13,10,146,11,United%20States%2C%20South%20Dakota
2020-02-17,-7,-12,0.4,3.9,1,30,03:13 AM,12:24 PM,07:26 AM,05:56 PM,-9,-15,-9,-15,22,98,95,0.5,1016,-7,8,223,15,United%20States%2C%20South%20Dakota
2020-02-18,-14,-19,0.0,5.5,1,22,04:16 AM,01:10 PM,07:25 AM,05:58 PM,-16,-22,-15,-22,24,82,92,0.1,1032,-14,7,321,14,United%20States%2C%20South%20Dakota
2020-02-19,-19,-24,0.0,8.7,1,15,05:13 AM,02:03 PM,07:23 AM,05:59 PM,-24,-28,-21,-28,15,32,87,0.0,1045,-19,10,308,8,United%20States%2C%20South%20Dakota
2020-02-20,-9,-22,0.0,10.8,2,7,06:01 AM,03:01 PM,07:21 AM,06:01 PM,-18,-22,-16,-22,24,1,79,0.0,1042,-9,10,233,13,United%20States%2C%20South%20Dakota
2020-02-21,-0,-9,0.0,10.8,2,0,06:41 AM,04:03 PM,07:20 AM,06:02 PM,-7,-10,-4,-10,38,0,78,0.0,1024,-0,10,239,20,United%20States%2C%20South%20Dakota
2020-02-22,1,-7,0.0,10.9,2,0,07:15 AM,05:06 PM,07:18 AM,06:03 PM,-7,-8,-4,-8,19,2,79,0.0,1018,1,10,238,9,United%20States%2C%20South%20Dakota
2020-02-23,-1,-6,0.0,10.9,2,0,07:44 AM,06:09 PM,07:16 AM,06:05 PM,-5,-8,-2,-8,34,4,82,0.0,1017,-1,10,294,19,United%20States%2C%20South%20Dakota
2020-02-24,-4,-8,0.0,7.0,1,0,08:08 AM,07:12 PM,07:15 AM,06:06 PM,-8,-11,-6,-11,19,63,91,0.3,1014,-4,9,151,12,United%20States%2C%20South%20Dakota
2020-02-25,-4,-13,4.8,5.5,1,8,08:30 AM,08:13 PM,07:13 AM,06:08 PM,-7,-14,-6,-14,35,99,93,5.9,1025,-4,2,211,25,United%20States%2C%20South%20Dakota
2020-02-26,-17,-20,0.0,5.5,1,15,08:51 AM,09:14 PM,07:11 AM,06:09 PM,-19,-28,-18,-28,34,83,91,0.0,1031,-17,10,327,23,United%20States%2C%20South%20Dakota
2020-02-27,-17,-24,0.0,7.0,1,23,09:12 AM,10:15 PM,07:09 AM,06:10 PM,-21,-30,-21,-30,25,80,94,0.0,1031,-17,8,323,14,United%20States%2C%20South%20Dakota
2020-02-28,-14,-22,0.0,11.0,2,30,09:34 AM,11:17 PM,07:08 AM,06:12 PM,-20,-24,-18,-24,16,20,87,0.0,1034,-14,10,288,8,United%20States%2C%20South%20Dakota
2020-02-29,2,-8,0.0,10.1,1,38,09:57 AM,No moonset,07:06 AM,06:13 PM,-3,-6,-2,-6,24,25,90,0.0,1013,2,8,196,11,United%20States%2C%20South%20Dakota
2020-03-01,1,-5,0.0,10.1,2,44,10:24 AM,12:20 AM,07:04 AM,06:14 PM,-4,-6,-2,-6,28,35,83,0.0,1008,1,10,293,16,United%20States%2C%20South%20Dakota
2020-03-02,-3,-10,0.0,10.1,2,51,10:57 AM,01:24 AM,07:02 AM,06:16 PM,-8,-11,-6,-11,29,25,81,0.0,1013,-3,10,255,16,United%20States%2C%20South%20Dakota
2020-03-03,1,-3,0.0,11.2,2,58,11:36 AM,02:28 AM,07:00 AM,06:17 PM,-4,-7,-1,-7,41,20,79,0.0,1006,1,10,280,23,United%20States%2C%20South%20Dakota
2020-03-04,1,-4,0.1,11.6,1,65,12:25 PM,03:30 AM,06:59 AM,06:19 PM,-2,-5,-1,-5,25,45,89,0.1,1013,1,8,245,14,United%20States%2C%20South%20Dakota
2020-03-05,-0,-4,0.0,5.8,1,73,01:25 PM,04:28 AM,06:57 AM,06:20 PM,-3,-7,-1,-7,45,86,82,1.1,1019,-0,8,297,27,United%20States%2C%20South%20Dakota
2020-03-06,1,-8,0.0,11.6,2,80,02:34 PM,05:20 AM,06:55 AM,06:21 PM,-6,-8,-4,-8,24,6,83,0.0,1029,1,10,203,13,United%20States%2C%20South%20Dakota
2020-03-07,4,0,0.0,8.7,1,87,03:51 PM,06:04 AM,06:53 AM,06:23 PM,1,-1,2,-1,28,31,87,0.0,1014,4,6,171,13,United%20States%2C%20South%20Dakota
2020-03-08,10,1,0.0,10.2,3,95,05:11 PM,06:41 AM,06:51 AM,06:24 PM,4,3,7,3,40,26,81,0.0,1008,10,10,259,21,United%20States%2C%20South%20Dakota
2020-03-09,-4,-8,0.0,11.6,1,100,06:32 PM,07:14 AM,06:49 AM,06:25 PM,-9,-12,-5,-12,25,47,75,0.0,1021,-4,10,307,21,United%20States%2C%20South%20Dakota
2020-03-10,1,-7,0.3,8.7,1,100,07:53 PM,07:43 AM,06:48 AM,06:27 PM,-10,-6,-3,-6,10,43,63,0.4,1024,1,10,131,7,United%20States%2C%20South%20Dakota
2020-03-11,10,-2,0.0,8.8,1,84,09:13 PM,08:10 AM,06:46 AM,06:28 PM,-3,1,3,1,21,47,67,0.0,1012,10,10,206,13,United%20States%2C%20South%20Dakota
2020-03-12,4,1,0.3,8.8,1,76,10:32 PM,08:38 AM,06:44 AM,06:29 PM,-3,-2,3,-2,36,61,68,1.6,1011,4,8,296,25,United%20States%2C%20South%20Dakota
2020-03-13,-0,-4,0.0,11.6,2,69,11:49 PM,09:09 AM,06:42 AM,06:31 PM,-11,-7,-2,-7,25,6,50,0.0,1028,-0,10,257,19,United%20States%2C%20South%20Dakota
2020-03-14,-1,-8,0.0,6.0,1,62,No moonrise,09:42 AM,06:40 AM,06:32 PM,-12,-10,-5,-10,18,78,57,0.0,1038,-1,10,56,15,United%20States%2C%20South%20Dakota
2020-03-15,6,-3,0.0,11.6,2,55,01:03 AM,10:21 AM,06:38 AM,06:33 PM,-5,-4,0,-4,22,48,65,0.0,1034,6,10,143,16,United%20States%2C%20South%20Dakota
2020-03-16,2,-1,0.3,8.8,1,47,02:10 AM,11:06 AM,06:36 AM,06:35 PM,-2,-3,1,-3,23,70,82,1.0,1024,2,8,279,17,United%20States%2C%20South%20Dakota
2020-03-17,4,-2,0.0,11.6,2,40,03:10 AM,11:58 AM,06:34 AM,06:36 PM,-7,-4,0,-4,17,12,62,0.0,1025,4,10,195,12,United%20States%2C%20South%20Dakota
2020-03-18,6,2,0.0,6.0,1,33,04:01 AM,12:55 PM,06:32 AM,06:37 PM,2,1,4,1,16,100,91,0.1,1015,6,7,108,11,United%20States%2C%20South%20Dakota
2020-03-19,2,-11,0.0,6.0,1,25,04:43 AM,01:56 PM,06:30 AM,06:39 PM,-4,-10,-3,-10,40,100,93,27.2,1014,2,2,336,29,United%20States%2C%20South%20Dakota
2020-03-20,-7,-13,0.0,11.6,2,18,05:19 AM,02:58 PM,06:29 AM,06:40 PM,-17,-19,-11,-19,31,37,62,0.0,1036,-7,9,275,25,United%20States%2C%20South%20Dakota
2020-03-21,1,-9,0.0,6.1,1,11,05:48 AM,04:01 PM,06:27 AM,06:41 PM,-11,-9,-4,-9,19,74,59,0.0,1032,1,10,143,15,United%20States%2C%20South%20Dakota
2020-03-22,9,-2,0.0,11.6,2,4,06:13 AM,05:04 PM,06:25 AM,06:43 PM,-3,0,3,0,17,27,68,0.0,1021,9,10,233,12,United%20States%2C%20South%20Dakota
2020-03-23,9,-2,0.0,10.2,2,0,06:35 AM,06:05 PM,06:23 AM,06:44 PM,-1,1,3,1,12,51,74,0.0,1018,9,10,175,9,United%20States%2C%20South%20Dakota
2020-03-24,11,4,0.0,7.5,2,0,06:56 AM,07:07 PM,06:21 AM,06:45 PM,5,4,7,4,25,71,85,0.8,1009,11,9,163,17,United%20States%2C%20South%20Dakota
2020-03-25,1,-3,0.3,6.1,1,3,07:17 AM,08:08 PM,06:19 AM,06:47 PM,-3,-4,1,-4,24,71,75,2.7,1013,1,9,303,18,United%20States%2C%20South%20Dakota
2020-03-26,2,-4,0.9,6.2,1,11,07:38 AM,09:10 PM,06:17 AM,06:48 PM,-3,-4,-1,-4,10,88,87,1.4,1015,2,8,183,7,United%20States%2C%20South%20Dakota
2020-03-27,9,1,0.0,8.9,2,18,08:01 AM,10:12 PM,06:15 AM,06:49 PM,1,3,4,3,10,62,82,0.0,1012,9,10,177,7,United%20States%2C%20South%20Dakota
2020-03-28,5,1,0.0,6.2,1,25,08:26 AM,11:16 PM,06:13 AM,06:50 PM,4,2,5,2,34,99,88,27.8,1005,5,8,63,24,United%20States%2C%20South%20Dakota
2020-03-29,9,1,0.4,11.6,2,32,08:56 AM,No moonset,06:12 AM,06:52 PM,1,-0,5,-0,38,69,76,3.2,1011,9,8,345,29,United%20States%2C%20South%20Dakota
2020-03-30,11,-0,0.0,11.6,3,40,09:32 AM,12:19 AM,06:10 AM,06:53 PM,-0,3,5,3,15,21,72,0.0,1023,11,9,191,10,United%20States%2C%20South%20Dakota
2020-03-31,13,4,0.0,8.9,2,44,10:16 AM,01:21 AM,06:08 AM,06:54 PM,2,6,8,6,27,53,65,0.0,1017,13,10,144,18,United%20States%2C%20South%20Dakota
2020-04-01,17,6,0.0,8.9,3,56,11:10 AM,02:19 AM,06:06 AM,06:56 PM,5,9,11,9,34,67,69,5.7,1008,17,10,197,23,United%20States%2C%20South%20Dakota
2020-04-02,-1,-3,2.6,6.3,1,64,12:12 PM,03:12 AM,06:04 AM,06:57 PM,-3,-7,-1,-7,36,95,87,6.9,1015,-1,6,345,28,United%20States%2C%20South%20Dakota
2020-04-03,-4,-7,3.6,8.9,1,71,01:24 PM,03:57 AM,06:02 AM,06:58 PM,-7,-12,-5,-12,30,61,85,4.9,1024,-4,8,314,23,United%20States%2C%20South%20Dakota
2020-04-04,-2,-11,0.0,13.0,2,79,02:41 PM,04:36 AM,06:00 AM,07:00 PM,-9,-10,-7,-10,13,5,82,0.0,1026,-2,10,189,8,United%20States%2C%20South%20Dakota
2020-04-05,11,-1,0.0,13.4,3,87,04:00 PM,05:10 AM,05:59 AM,07:01 PM,0,2,4,2,20,37,76,0.0,1016,11,10,161,11,United%20States%2C%20South%20Dakota
2020-04-06,16,7,0.0,8.4,3,94,05:21 PM,05:40 AM,05:57 AM,07:02 PM,8,9,11,9,22,81,84,3.9,1007,16,10,148,14,United%20States%2C%20South%20Dakota
2020-04-07,17,13,0.0,13.3,4,100,06:42 PM,06:07 AM,05:55 AM,07:04 PM,9,14,15,14,29,49,70,0.5,1000,17,10,252,18,United%20States%2C%20South%20Dakota
2020-04-08,9,5,0.0,8.5,2,100,08:04 PM,06:35 AM,05:53 AM,07:05 PM,-1,4,8,4,37,66,56,0.3,1010,9,10,294,26,United%20States%2C%20South%20Dakota
2020-04-09,4,-1,0.0,12.1,1,83,09:24 PM,07:04 AM,05:51 AM,07:06 PM,-7,-4,2,-4,35,41,52,0.4,1017,4,8,316,26,United%20States%2C%20South%20Dakota
2020-04-10,9,-0,0.0,8.5,2,76,10:42 PM,07:37 AM,05:50 AM,07:07 PM,-7,1,4,1,18,65,47,0.0,1017,9,10,221,12,United%20States%2C%20South%20Dakota
2020-04-11,8,4,0.0,9.7,2,68,11:56 PM,08:14 AM,05:48 AM,07:09 PM,-1,3,6,3,23,79,62,0.0,1008,8,10,103,17,United%20States%2C%20South%20Dakota
2020-04-12,2,-1,0.0,8.5,1,61,No moonrise,08:58 AM,05:46 AM,07:10 PM,-8,-5,1,-5,30,88,50,0.1,1017,2,9,166,24,United%20States%2C%20South%20Dakota
2020-04-13,2,-3,0.0,9.7,1,53,01:02 AM,09:49 AM,05:44 AM,07:11 PM,-12,-6,-1,-6,25,63,45,0.2,1018,2,9,316,20,United%20States%2C%20South%20Dakota
2020-04-14,1,-5,0.0,12.1,1,46,01:58 AM,10:45 AM,05:42 AM,07:13 PM,-14,-7,-2,-7,22,52,41,0.1,1021,1,10,302,17,United%20States%2C%20South%20Dakota
2020-04-15,4,-4,0.0,13.7,1,38,02:44 AM,11:47 AM,05:41 AM,07:14 PM,-14,-3,-0,-3,12,26,36,0.0,1020,4,10,265,9,United%20States%2C%20South%20Dakota
2020-04-16,6,-2,0.0,13.8,2,30,03:22 AM,12:50 PM,05:39 AM,07:15 PM,-10,-1,2,-1,14,16,43,0.0,1024,6,10,288,10,United%20States%2C%20South%20Dakota
2020-04-17,9,-1,0.0,13.8,3,23,03:53 AM,01:53 PM,05:37 AM,07:17 PM,-7,2,5,2,20,14,46,0.0,1018,9,10,259,13,United%20States%2C%20South%20Dakota
2020-04-18,13,5,0.0,9.8,3,15,04:18 AM,02:56 PM,05:36 AM,07:18 PM,-0,5,9,5,36,63,54,0.2,1006,13,10,278,24,United%20States%2C%20South%20Dakota
2020-04-19,10,1,0.0,13.9,2,8,04:41 AM,03:58 PM,05:34 AM,07:19 PM,-4,2,5,2,20,20,54,0.0,1012,10,10,266,13,United%20States%2C%20South%20Dakota
2020-04-20,14,6,0.0,12.2,3,0,05:03 AM,04:59 PM,05:32 AM,07:20 PM,-1,7,10,7,37,56,53,0.1,1007,14,10,291,26,United%20States%2C%20South%20Dakota
2020-04-21,13,-3,0.0,13.9,3,0,05:23 AM,06:00 PM,05:30 AM,07:22 PM,-6,3,6,3,18,15,45,0.0,1015,13,10,232,12,United%20States%2C%20South%20Dakota
2020-04-22,22,9,0.0,13.9,4,0,05:44 AM,07:02 PM,05:29 AM,07:23 PM,6,15,16,15,28,24,54,0.0,1004,22,10,258,18,United%20States%2C%20South%20Dakota
2020-04-23,16,6,0.0,14.0,4,0,06:05 AM,08:05 PM,05:27 AM,07:24 PM,4,10,11,10,13,39,66,0.0,1006,16,10,115,10,United%20States%2C%20South%20Dakota
2020-04-24,14,8,0.0,9.9,3,7,06:29 AM,09:09 PM,05:25 AM,07:26 PM,7,8,10,8,20,76,80,12.3,1011,14,9,170,15,United%20States%2C%20South%20Dakota
2020-04-25,16,7,0.0,11.1,3,15,06:58 AM,10:13 PM,05:24 AM,07:27 PM,6,11,11,11,11,55,71,3.2,1015,16,10,197,7,United%20States%2C%20South%20Dakota
2020-04-26,18,6,0.0,13.4,3,22,07:32 AM,11:16 PM,05:22 AM,07:28 PM,6,11,12,11,11,49,72,2.3,1017,18,9,151,7,United%20States%2C%20South%20Dakota
2020-04-27,20,10,0.0,13.4,4,30,08:12 AM,No moonset,05:21 AM,07:29 PM,4,14,15,14,22,32,51,1.1,1010,20,10,267,14,United%20States%2C%20South%20Dakota
2020-04-28,14,9,0.0,8.8,3,37,09:02 AM,12:15 AM,05:19 AM,07:31 PM,7,10,11,10,19,86,78,57.4,1007,14,7,134,13,United%20States%2C%20South%20Dakota
2020-04-29,16,6,0.0,10.0,3,45,10:01 AM,01:09 AM,05:17 AM,07:32 PM,7,9,11,9,28,71,78,1.1,1016,16,10,346,20,United%20States%2C%20South%20Dakota
2020-04-30,18,6,0.0,14.2,4,52,11:08 AM,01:55 AM,05:16 AM,07:33 PM,6,12,13,12,17,7,67,0.0,1015,18,10,222,10,United%20States%2C%20South%20Dakota
2020-05-01,22,12,0.0,11.1,4,58,12:20 PM,02:35 AM,05:14 AM,07:35 PM,10,16,18,16,22,61,65,0.5,1005,22,10,167,13,United%20States%2C%20South%20Dakota
2020-05-02,19,11,0.0,14.2,5,65,01:37 PM,03:09 AM,05:13 AM,07:36 PM,5,14,16,14,32,13,54,0.0,1012,19,10,297,21,United%20States%2C%20South%20Dakota
2020-05-03,16,8,0.0,14.3,4,72,02:54 PM,03:39 AM,05:11 AM,07:37 PM,3,11,12,11,19,5,55,0.0,1017,16,10,110,12,United%20States%2C%20South%20Dakota
2020-05-04,9,4,0.0,8.9,2,80,04:13 PM,04:06 AM,05:10 AM,07:38 PM,6,6,9,6,28,83,84,54.9,1014,9,6,111,19,United%20States%2C%20South%20Dakota
2020-05-05,15,9,0.0,8.9,3,87,05:33 PM,04:32 AM,05:09 AM,07:40 PM,8,11,11,11,14,87,81,34.1,1015,15,7,194,8,United%20States%2C%20South%20Dakota
2020-05-06,14,5,0.0,13.4,3,94,06:54 PM,05:00 AM,05:07 AM,07:41 PM,4,7,10,7,22,39,73,1.5,1023,14,10,343,17,United%20States%2C%20South%20Dakota
2020-05-07,12,6,0.0,12.3,2,100,08:14 PM,05:31 AM,05:06 AM,07:42 PM,2,7,9,7,20,56,63,0.0,1020,12,10,121,13,United%20States%2C%20South%20Dakota
2020-05-08,10,1,0.0,14.4,3,100,09:33 PM,06:05 AM,05:04 AM,07:43 PM,-3,2,5,2,23,17,54,0.0,1026,10,10,322,16,United%20States%2C%20South%20Dakota
2020-05-09,9,2,0.0,11.2,2,84,10:44 PM,06:46 AM,05:03 AM,07:44 PM,2,3,6,3,22,57,76,9.6,1018,9,9,153,14,United%20States%2C%20South%20Dakota
2020-05-10,6,-0,0.0,9.0,1,77,11:48 PM,07:35 AM,05:02 AM,07:46 PM,-2,-2,3,-2,34,70,71,1.9,1025,6,10,333,24,United%20States%2C%20South%20Dakota
2020-05-11,9,-1,0.0,14.5,2,70,No moonrise,08:31 AM,05:01 AM,07:47 PM,-6,1,4,1,22,8,53,0.0,1027,9,10,333,14,United%20States%2C%20South%20Dakota
2020-05-12,11,0,0.0,12.4,2,62,12:39 AM,09:33 AM,04:59 AM,07:48 PM,-4,5,6,5,12,36,50,0.0,1024,11,10,157,8,United%20States%2C%20South%20Dakota
2020-05-13,11,7,0.0,9.3,2,55,01:22 AM,10:37 AM,04:58 AM,07:49 PM,7,6,9,6,34,92,86,5.3,1011,11,8,154,23,United%20States%2C%20South%20Dakota
2020-05-14,19,8,0.0,13.5,4,48,01:55 AM,11:42 AM,04:57 AM,07:50 PM,9,13,14,13,28,39,74,0.2,1007,19,10,284,19,United%20States%2C%20South%20Dakota
2020-05-15,18,7,0.0,14.5,4,40,02:23 AM,12:45 PM,04:56 AM,07:51 PM,6,11,13,11,19,15,67,0.0,1015,18,10,240,13,United%20States%2C%20South%20Dakota
2020-05-16,13,7,0.0,9.4,3,33,02:47 AM,01:48 PM,04:55 AM,07:53 PM,10,10,11,10,15,72,88,14.3,1015,13,9,139,10,United%20States%2C%20South%20Dakota
2020-05-17,17,8,0.0,9.4,3,26,03:09 AM,02:50 PM,04:54 AM,07:54 PM,11,12,13,12,13,83,85,0.5,1017,17,8,250,9,United%20States%2C%20South%20Dakota
2020-05-18,17,7,0.0,12.5,3,19,03:29 AM,03:51 PM,04:53 AM,07:55 PM,8,12,13,12,18,44,76,0.0,1019,17,10,124,12,United%20States%2C%20South%20Dakota
2020-05-19,17,9,0.0,10.4,3,11,03:49 AM,04:53 PM,04:51 AM,07:56 PM,11,13,13,13,22,67,83,0.0,1018,17,10,124,15,United%20States%2C%20South%20Dakota
2020-05-20,17,13,0.0,9.4,4,4,04:10 AM,05:56 PM,04:50 AM,07:57 PM,13,14,15,14,28,80,86,0.1,1016,17,10,143,20,United%20States%2C%20South%20Dakota
2020-05-21,20,12,0.0,11.5,4,0,04:33 AM,07:00 PM,04:50 AM,07:58 PM,13,16,16,16,30,69,83,0.8,1014,20,9,156,21,United%20States%2C%20South%20Dakota
2020-05-22,17,11,0.0,10.5,4,0,05:00 AM,08:05 PM,04:49 AM,07:59 PM,14,15,15,15,22,82,92,23.7,1011,17,8,150,15,United%20States%2C%20South%20Dakota
2020-05-23,18,14,0.0,10.7,4,3,05:32 AM,09:09 PM,04:48 AM,08:00 PM,15,16,17,16,14,79,92,10.2,1010,18,6,108,10,United%20States%2C%20South%20Dakota
2020-05-24,24,14,0.0,9.7,5,10,06:11 AM,10:10 PM,04:47 AM,08:01 PM,16,19,20,19,23,68,86,15.1,1006,24,6,183,14,United%20States%2C%20South%20Dakota
2020-05-25,22,13,0.0,13.5,4,17,06:58 AM,11:07 PM,04:46 AM,08:02 PM,14,17,18,17,18,52,79,4.9,1010,22,10,285,13,United%20States%2C%20South%20Dakota
2020-05-26,22,14,0.0,12.6,4,25,07:55 AM,11:56 PM,04:45 AM,08:03 PM,13,18,19,18,17,54,74,0.0,1012,22,10,314,11,United%20States%2C%20South%20Dakota
2020-05-27,26,13,0.0,14.5,6,32,08:59 AM,No moonset,04:44 AM,08:04 PM,13,20,21,20,15,10,69,0.0,1011,26,10,273,9,United%20States%2C%20South%20Dakota
2020-05-28,21,15,0.0,14.5,5,39,10:09 AM,12:37 AM,04:44 AM,08:05 PM,10,18,19,18,25,20,63,0.0,1018,21,10,293,17,United%20States%2C%20South%20Dakota
2020-05-29,17,7,0.0,11.7,3,47,11:23 AM,01:12 AM,04:43 AM,08:06 PM,7,12,13,12,17,43,72,0.1,1023,17,10,273,11,United%20States%2C%20South%20Dakota
2020-05-30,18,9,0.0,14.5,4,54,12:38 PM,01:42 AM,04:42 AM,08:07 PM,6,13,13,13,12,23,62,0.0,1025,18,10,102,8,United%20States%2C%20South%20Dakota
2020-05-31,18,9,0.0,13.6,4,58,01:54 PM,02:09 AM,04:42 AM,08:08 PM,9,14,14,14,20,31,74,0.0,1022,18,10,149,15,United%20States%2C%20South%20Dakota
2020-06-01,30,17,0.0,11.7,5,71,03:11 PM,02:34 AM,04:41 AM,08:08 PM,18,25,25,23,19,59,76,4.3,1008,30,10,213,12,United%20States%2C%20South%20Dakota
2020-06-02,30,20,0.0,10.7,6,79,04:28 PM,03:00 AM,04:41 AM,08:09 PM,20,26,26,24,15,40,79,3.5,1008,30,10,173,10,United%20States%2C%20South%20Dakota
2020-06-03,27,15,0.0,14.5,6,86,05:48 PM,03:28 AM,04:40 AM,08:10 PM,13,22,22,21,19,24,61,0.3,1011,27,10,257,11,United%20States%2C%20South%20Dakota
2020-06-04,26,17,0.0,14.5,6,94,07:06 PM,03:59 AM,04:40 AM,08:11 PM,14,22,22,21,18,34,70,7.0,1007,26,10,237,11,United%20States%2C%20South%20Dakota
2020-06-05,23,14,0.0,14.5,5,100,08:21 PM,04:36 AM,04:39 AM,08:11 PM,13,18,20,18,22,18,75,7.7,1013,23,10,295,14,United%20States%2C%20South%20Dakota
2020-06-06,19,12,0.0,14.5,5,100,09:30 PM,05:22 AM,04:39 AM,08:12 PM,11,16,16,16,28,37,73,0.2,1017,19,10,109,19,United%20States%2C%20South%20Dakota
2020-06-07,30,17,0.0,10.8,6,84,10:28 PM,06:14 AM,04:39 AM,08:13 PM,21,26,26,24,50,71,82,38.1,1003,30,7,163,31,United%20States%2C%20South%20Dakota
2020-06-08,28,21,0.0,13.6,6,76,11:16 PM,07:15 AM,04:38 AM,08:14 PM,18,26,26,25,37,44,67,4.1,1003,28,10,232,23,United%20States%2C%20South%20Dakota
2020-06-09,14,13,0.0,9.9,3,69,11:54 PM,08:19 AM,04:38 AM,08:14 PM,13,13,15,13,27,82,91,73.9,1005,14,6,288,17,United%20States%2C%20South%20Dakota
2020-06-10,20,11,0.0,12.6,4,61,No moonrise,09:26 AM,04:38 AM,08:15 PM,11,14,16,14,38,62,76,1.6,1005,20,10,307,28,United%20States%2C%20South%20Dakota
2020-06-11,24,13,0.0,14.5,5,54,12:25 AM,10:31 AM,04:38 AM,08:15 PM,11,18,20,18,31,20,64,0.1,1017,24,10,274,19,United%20States%2C%20South%20Dakota
2020-06-12,24,14,0.0,13.6,6,46,12:51 AM,11:36 AM,04:38 AM,08:16 PM,14,19,20,19,22,34,76,0.9,1023,24,10,186,14,United%20States%2C%20South%20Dakota
2020-06-13,20,13,0.0,10.8,4,38,01:13 AM,12:38 PM,04:38 AM,08:16 PM,15,15,17,15,32,68,89,6.5,1021,20,10,127,22,United%20States%2C%20South%20Dakota
2020-06-14,23,16,0.0,9.9,4,31,01:34 AM,01:40 PM,04:38 AM,08:17 PM,16,19,20,19,44,88,80,0.2,1015,23,10,139,32,United%20States%2C%20South%20Dakota
2020-06-15,29,21,0.0,13.6,6,23,01:54 AM,02:41 PM,04:38 AM,08:17 PM,20,26,26,24,41,39,76,0.0,1011,29,10,160,28,United%20States%2C%20South%20Dakota
2020-06-16,29,21,0.0,14.5,7,16,02:14 AM,03:44 PM,04:38 AM,08:17 PM,19,27,27,25,39,4,70,0.0,1012,29,10,172,26,United%20States%2C%20South%20Dakota
2020-06-17,29,21,0.0,13.6,6,8,02:36 AM,04:47 PM,04:38 AM,08:18 PM,20,28,28,25,42,27,73,0.1,1008,29,10,172,29,United%20States%2C%20South%20Dakota
2020-06-18,23,20,0.0,10.8,5,1,03:02 AM,05:52 PM,04:38 AM,08:18 PM,16,21,23,21,24,65,77,21.4,1009,23,8,258,16,United%20States%2C%20South%20Dakota
2020-06-19,21,12,0.0,14.5,4,0,03:32 AM,06:57 PM,04:38 AM,08:18 PM,11,16,17,16,13,31,73,0.0,1017,21,10,294,8,United%20States%2C%20South%20Dakota
2020-06-20,22,14,0.0,12.7,4,0,04:08 AM,08:01 PM,04:38 AM,08:19 PM,15,18,18,18,15,46,83,2.9,1013,22,10,149,10,United%20States%2C%20South%20Dakota
2020-06-21,23,15,0.0,11.7,5,0,04:53 AM,09:00 PM,04:38 AM,08:19 PM,15,19,20,19,14,71,81,4.9,1006,23,9,243,8,United%20States%2C%20South%20Dakota
2020-06-22,20,12,0.0,12.7,4,7,05:47 AM,09:53 PM,04:39 AM,08:19 PM,13,16,17,16,23,54,81,0.5,1010,20,9,322,16,United%20States%2C%20South%20Dakota
2020-06-23,20,11,0.0,10.8,4,14,06:50 AM,10:37 PM,04:39 AM,08:19 PM,12,15,17,15,23,73,82,1.3,1014,20,9,331,15,United%20States%2C%20South%20Dakota
2020-06-24,23,13,0.0,12.7,4,22,08:00 AM,11:15 PM,04:39 AM,08:19 PM,13,18,20,18,15,33,75,0.5,1012,23,10,169,10,United%20States%2C%20South%20Dakota
2020-06-25,29,15,0.0,14.5,6,29,09:14 AM,11:47 PM,04:40 AM,08:19 PM,17,23,23,22,17,29,78,1.9,1009,29,10,171,11,United%20States%2C%20South%20Dakota
2020-06-26,25,19,0.0,11.7,5,37,10:28 AM,No moonset,04:40 AM,08:19 PM,19,23,23,22,19,51,86,37.7,1008,25,9,320,13,United%20States%2C%20South%20Dakota
2020-06-27,27,17,0.0,14.5,6,44,11:43 AM,12:14 AM,04:40 AM,08:19 PM,16,23,23,22,17,2,73,0.0,1009,27,10,208,10,United%20States%2C%20South%20Dakota
2020-06-28,27,17,0.0,11.7,5,52,12:58 PM,12:39 AM,04:41 AM,08:19 PM,19,24,24,22,26,49,84,1.2,1003,27,10,142,18,United%20States%2C%20South%20Dakota
2020-06-29,32,22,0.0,13.6,6,59,02:13 PM,01:04 AM,04:41 AM,08:19 PM,24,32,32,27,25,44,85,0.0,1002,32,10,145,17,United%20States%2C%20South%20Dakota
2020-06-30,26,22,0.0,9.9,5,67,03:30 PM,01:30 AM,04:42 AM,08:19 PM,22,27,27,24,29,79,88,0.5,1004,26,9,148,19,United%20States%2C%20South%20Dakota
2020-07-01,29,22,0.0,11.7,6,72,04:46 PM,01:59 AM,04:43 AM,08:19 PM,20,27,27,25,20,55,79,21.7,1007,29,9,194,12,United%20States%2C%20South%20Dakota
2020-07-02,31,19,0.0,14.5,7,79,06:02 PM,02:32 AM,04:43 AM,08:18 PM,20,28,28,25,20,0,72,0.0,1015,31,10,163,13,United%20States%2C%20South%20Dakota
2020-07-03,29,21,0.0,13.6,6,86,07:13 PM,03:13 AM,04:44 AM,08:18 PM,21,27,27,25,21,18,81,0.0,1017,29,9,152,14,United%20States%2C%20South%20Dakota
2020-07-04,30,20,0.0,13.6,6,94,08:15 PM,04:01 AM,04:44 AM,08:18 PM,21,28,28,26,22,22,82,0.1,1015,30,7,162,15,United%20States%2C%20South%20Dakota
2020-07-05,31,21,0.0,13.6,6,100,09:08 PM,04:58 AM,04:45 AM,08:17 PM,21,29,29,26,22,37,76,0.9,1011,31,10,186,14,United%20States%2C%20South%20Dakota
2020-07-06,30,21,0.0,9.8,6,100,09:50 PM,06:02 AM,04:46 AM,08:17 PM,22,29,29,26,15,77,81,14.3,1011,30,9,206,8,United%20States%2C%20South%20Dakota
2020-07-07,27,17,0.0,13.6,6,85,10:24 PM,07:08 AM,04:47 AM,08:16 PM,18,24,24,22,17,23,80,3.1,1012,27,10,108,12,United%20States%2C%20South%20Dakota
2020-07-08,31,22,0.0,13.6,6,77,10:52 PM,08:15 AM,04:47 AM,08:16 PM,22,30,30,27,27,55,80,14.0,1005,31,9,189,18,United%20States%2C%20South%20Dakota
2020-07-09,26,18,0.0,14.5,5,70,11:16 PM,09:21 AM,04:48 AM,08:15 PM,17,24,24,23,22,26,77,45.8,1008,26,9,267,14,United%20States%2C%20South%20Dakota
2020-07-10,28,17,0.0,14.5,6,63,11:38 PM,10:24 AM,04:49 AM,08:15 PM,15,23,23,22,13,5,67,0.0,1013,28,10,240,8,United%20States%2C%20South%20Dakota
2020-07-11,24,17,0.0,10.7,5,55,11:58 PM,11:27 AM,04:50 AM,08:14 PM,17,20,21,20,25,71,85,16.0,1011,24,9,313,17,United%20States%2C%20South%20Dakota
2020-07-12,27,16,0.0,14.5,5,48,No moonrise,12:28 PM,04:51 AM,08:14 PM,17,23,23,22,13,12,78,0.0,1013,27,8,249,7,United%20States%2C%20South%20Dakota
2020-07-13,29,17,0.0,12.6,5,41,12:18 AM,01:31 PM,04:52 AM,08:13 PM,19,25,25,23,30,32,81,3.4,1007,29,10,175,20,United%20States%2C%20South%20Dakota
2020-07-14,24,15,0.0,11.6,4,34,12:39 AM,02:33 PM,04:53 AM,08:12 PM,15,19,21,19,21,59,76,25.7,1011,24,9,303,13,United%20States%2C%20South%20Dakota
2020-07-15,27,14,0.0,14.5,6,26,01:03 AM,03:37 PM,04:53 AM,08:12 PM,14,21,21,20,19,4,69,0.0,1014,27,10,221,11,United%20States%2C%20South%20Dakota
2020-07-16,28,18,0.0,12.6,5,19,01:31 AM,04:42 PM,04:54 AM,08:11 PM,15,24,24,23,33,32,64,1.7,1013,28,10,192,20,United%20States%2C%20South%20Dakota
2020-07-17,29,19,0.0,12.6,6,12,02:04 AM,05:47 PM,04:55 AM,08:10 PM,20,26,26,24,25,43,80,3.1,1011,29,10,179,16,United%20States%2C%20South%20Dakota
2020-07-18,30,24,0.0,11.6,6,5,02:44 AM,06:48 PM,04:56 AM,08:09 PM,23,30,30,26,21,54,82,1.5,1005,30,9,179,13,United%20States%2C%20South%20Dakota
2020-07-19,27,16,0.0,14.5,6,0,03:35 AM,07:45 PM,04:57 AM,08:08 PM,15,23,23,22,20,8,68,0.0,1012,27,10,284,13,United%20States%2C%20South%20Dakota
2020-07-20,22,13,0.0,14.5,4,0,04:36 AM,08:33 PM,04:58 AM,08:07 PM,16,18,20,18,16,33,81,1.8,1015,22,10,138,10,United%20States%2C%20South%20Dakota
2020-07-21,26,18,0.0,13.5,5,2,05:45 AM,09:14 PM,04:59 AM,08:06 PM,17,23,23,22,21,44,77,1.8,1011,26,9,266,14,United%20States%2C%20South%20Dakota
2020-07-22,27,15,0.0,13.5,5,10,06:59 AM,09:48 PM,05:01 AM,08:05 PM,17,22,22,21,11,31,81,0.0,1015,27,9,147,7,United%20States%2C%20South%20Dakota
2020-07-23,27,16,0.0,9.4,5,17,08:16 AM,10:17 PM,05:02 AM,08:04 PM,19,22,22,21,29,73,85,1.0,1014,27,10,139,20,United%20States%2C%20South%20Dakota
2020-07-24,33,24,0.0,14.5,7,24,09:33 AM,10:44 PM,05:03 AM,08:03 PM,23,32,32,28,33,19,75,0.0,1009,33,10,176,22,United%20States%2C%20South%20Dakota
2020-07-25,33,22,0.0,9.4,6,32,10:48 AM,11:09 PM,05:04 AM,08:02 PM,23,32,32,27,32,65,81,73.5,1008,33,9,192,20,United%20States%2C%20South%20Dakota
2020-07-26,26,22,0.0,11.4,5,39,12:04 PM,11:34 PM,05:05 AM,08:01 PM,19,26,26,25,25,42,73,5.3,1013,26,10,296,16,United%20States%2C%20South%20Dakota
2020-07-27,28,17,0.0,14.5,6,46,01:20 PM,No moonset,05:06 AM,08:00 PM,14,23,23,22,18,17,61,0.0,1016,28,10,273,12,United%20States%2C%20South%20Dakota
2020-07-28,27,17,0.0,14.5,6,53,02:35 PM,12:02 AM,05:07 AM,07:59 PM,14,23,23,22,11,7,64,0.0,1013,27,10,126,8,United%20States%2C%20South%20Dakota
2020-07-29,25,15,0.0,11.2,5,61,03:49 PM,12:33 AM,05:08 AM,07:58 PM,14,20,21,20,12,51,75,0.0,1014,25,10,67,8,United%20States%2C%20South%20Dakota
2020-07-30,24,14,0.0,14.5,5,68,05:00 PM,01:10 AM,05:09 AM,07:56 PM,14,20,21,20,12,23,76,0.0,1017,24,8,126,8,United%20States%2C%20South%20Dakota
2020-07-31,29,17,0.0,14.4,6,72,06:05 PM,01:55 AM,05:11 AM,07:55 PM,16,24,24,23,12,9,70,0.0,1016,29,10,181,7,United%20States%2C%20South%20Dakota
2020-08-01,22,18,0.0,9.0,5,82,07:00 PM,02:47 AM,05:12 AM,07:54 PM,17,20,21,20,24,81,85,11.4,1013,22,9,243,15,United%20States%2C%20South%20Dakota
2020-08-02,23,14,0.0,14.4,5,90,07:46 PM,03:48 AM,05:13 AM,07:53 PM,12,18,20,18,28,20,70,0.0,1018,23,10,152,19,United%20States%2C%20South%20Dakota
2020-08-03,23,11,0.0,14.4,5,97,08:22 PM,04:53 AM,05:14 AM,07:51 PM,10,18,19,18,15,32,64,0.1,1021,23,10,176,9,United%20States%2C%20South%20Dakota
2020-08-04,24,12,0.0,14.4,5,100,08:53 PM,06:00 AM,05:15 AM,07:50 PM,12,18,19,18,19,28,69,0.0,1018,24,10,156,13,United%20States%2C%20South%20Dakota
2020-08-05,23,15,0.0,11.2,5,88,09:19 PM,07:06 AM,05:17 AM,07:49 PM,16,19,20,19,23,66,82,4.1,1013,23,10,168,15,United%20States%2C%20South%20Dakota
2020-08-06,26,16,0.0,11.2,5,81,09:41 PM,08:11 AM,05:18 AM,07:47 PM,17,20,21,20,10,63,86,2.4,1011,26,7,194,7,United%20States%2C%20South%20Dakota
2020-08-07,29,19,0.0,12.3,5,74,10:01 PM,09:15 AM,05:19 AM,07:46 PM,20,25,25,23,28,53,82,0.2,1011,29,9,165,20,United%20States%2C%20South%20Dakota
2020-08-08,30,21,0.0,8.9,6,67,10:21 PM,10:16 AM,05:20 AM,07:44 PM,22,29,29,25,20,63,83,5.2,1010,30,9,159,13,United%20States%2C%20South%20Dakota
2020-08-09,33,18,0.0,13.4,6,59,10:42 PM,11:18 AM,05:21 AM,07:43 PM,20,28,28,26,28,58,75,30.8,1008,33,9,201,16,United%20States%2C%20South%20Dakota
2020-08-10,27,14,0.0,14.2,6,52,11:04 PM,12:20 PM,05:23 AM,07:41 PM,10,22,22,21,17,20,56,3.0,1014,27,10,288,10,United%20States%2C%20South%20Dakota
2020-08-11,29,18,0.0,12.2,6,45,11:30 PM,01:23 PM,05:24 AM,07:40 PM,12,24,24,23,30,27,51,0.4,1012,29,10,197,19,United%20States%2C%20South%20Dakota
2020-08-12,28,18,0.0,11.1,5,38,12:00 AM,02:27 PM,05:25 AM,07:38 PM,18,24,24,23,31,68,78,1.9,1012,28,10,158,21,United%20States%2C%20South%20Dakota
2020-08-13,32,20,0.0,12.2,6,30,No moonrise,03:31 PM,05:26 AM,07:37 PM,21,28,28,26,36,56,76,2.9,1010,32,10,165,26,United%20States%2C%20South%20Dakota
2020-08-14,28,20,0.0,9.9,6,23,12:36 AM,04:33 PM,05:27 AM,07:35 PM,19,26,26,24,32,63,78,6.7,1010,28,9,232,22,United%20States%2C%20South%20Dakota
2020-08-15,29,11,0.0,14.0,6,16,01:22 AM,05:32 PM,05:29 AM,07:33 PM,9,21,21,20,22,8,52,0.0,1016,29,10,253,14,United%20States%2C%20South%20Dakota
2020-08-16,28,15,0.0,14.0,6,8,02:18 AM,06:24 PM,05:30 AM,07:32 PM,10,22,22,22,14,8,50,0.0,1017,28,10,107,10,United%20States%2C%20South%20Dakota
2020-08-17,30,15,0.0,14.0,6,1,03:24 AM,07:08 PM,05:31 AM,07:30 PM,12,23,23,23,11,7,60,0.0,1019,30,10,195,8,United%20States%2C%20South%20Dakota
2020-08-18,34,16,0.0,14.0,7,0,04:37 AM,07:46 PM,05:32 AM,07:28 PM,12,25,25,24,25,7,54,0.0,1015,34,10,189,17,United%20States%2C%20South%20Dakota
2020-08-19,31,17,0.0,11.0,5,0,05:55 AM,08:17 PM,05:33 AM,07:27 PM,16,24,24,24,32,62,68,3.7,1011,31,10,175,21,United%20States%2C%20South%20Dakota
2020-08-20,34,20,0.0,13.9,7,6,07:14 AM,08:45 PM,05:35 AM,07:25 PM,15,28,28,27,31,6,53,0.0,1007,34,10,209,20,United%20States%2C%20South%20Dakota
2020-08-21,36,21,0.0,13.9,7,13,08:32 AM,09:11 PM,05:36 AM,07:23 PM,16,30,30,29,29,13,54,6.7,1006,36,10,223,19,United%20States%2C%20South%20Dakota
2020-08-22,34,19,0.0,13.3,6,20,09:51 AM,09:37 PM,05:37 AM,07:22 PM,16,28,28,27,21,41,58,1.5,1008,34,10,185,13,United%20States%2C%20South%20Dakota
2020-08-23,36,19,0.0,13.8,7,28,11:08 AM,10:04 PM,05:38 AM,07:20 PM,15,28,28,28,15,5,55,0.0,1010,36,10,193,9,United%20States%2C%20South%20Dakota
2020-08-24,37,19,0.0,13.8,8,35,12:25 PM,10:34 PM,05:40 AM,07:18 PM,15,30,30,29,17,13,49,0.0,1012,37,10,168,11,United%20States%2C%20South%20Dakota
2020-08-25,33,18,0.0,13.3,6,42,01:41 PM,11:10 PM,05:41 AM,07:16 PM,19,27,27,25,24,34,75,2.1,1011,33,8,103,17,United%20States%2C%20South%20Dakota
2020-08-26,36,22,0.0,12.1,7,50,02:53 PM,11:52 PM,05:42 AM,07:14 PM,15,31,31,30,26,53,48,2.5,1004,36,10,188,15,United%20States%2C%20South%20Dakota
2020-08-27,30,17,0.0,13.7,5,57,03:59 PM,No moonset,05:43 AM,07:13 PM,16,24,24,24,19,24,70,7.1,1007,30,8,58,13,United%20States%2C%20South%20Dakota
2020-08-28,29,17,0.0,13.3,5,64,04:56 PM,12:41 AM,05:44 AM,07:11 PM,14,24,24,23,21,37,62,1.3,1008,29,10,255,16,United%20States%2C%20South%20Dakota
2020-08-29,27,13,0.0,13.6,6,71,05:44 PM,01:39 AM,05:46 AM,07:09 PM,7,20,20,20,15,2,48,0.0,1013,27,10,235,9,United%20States%2C%20South%20Dakota
2020-08-30,30,13,0.0,13.3,5,79,06:23 PM,02:42 AM,05:47 AM,07:07 PM,10,21,21,21,35,31,54,3.8,1005,30,10,181,24,United%20States%2C%20South%20Dakota
2020-08-31,23,10,0.0,13.6,5,82,06:55 PM,03:48 AM,05:48 AM,07:05 PM,6,17,18,17,23,25,55,7.0,1010,23,10,291,14,United%20States%2C%20South%20Dakota
2020-09-01,23,16,0.0,13.5,5,97,07:22 PM,04:54 AM,05:49 AM,07:03 PM,5,19,19,19,38,32,40,0.0,1009,23,10,216,22,United%20States%2C%20South%20Dakota
2020-09-02,31,15,0.0,13.5,7,100,07:45 PM,05:59 AM,05:50 AM,07:01 PM,7,23,23,23,33,8,36,0.0,1004,31,10,247,19,United%20States%2C%20South%20Dakota
2020-09-03,22,14,0.0,13.5,5,88,08:05 PM,07:03 AM,05:52 AM,07:00 PM,5,18,19,18,38,11,44,0.0,1010,22,10,307,27,United%20States%2C%20South%20Dakota
2020-09-04,26,12,0.0,13.1,6,81,08:25 PM,08:06 AM,05:53 AM,06:58 PM,3,19,19,19,18,12,38,0.0,1017,26,10,276,11,United%20States%2C%20South%20Dakota
2020-09-05,28,12,0.0,13.0,6,73,08:45 PM,09:08 AM,05:54 AM,06:56 PM,7,20,20,20,14,21,50,0.1,1019,28,10,142,8,United%20States%2C%20South%20Dakota
2020-09-06,30,16,0.0,11.9,5,66,09:07 PM,10:09 AM,05:55 AM,06:54 PM,10,23,23,22,41,50,53,1.5,1007,30,10,249,27,United%20States%2C%20South%20Dakota
2020-09-07,13,8,0.0,9.4,3,58,09:31 PM,11:12 AM,05:56 AM,06:52 PM,5,10,11,10,20,60,68,5.7,1018,13,10,263,13,United%20States%2C%20South%20Dakota
2020-09-08,12,5,0.0,12.9,3,50,09:58 PM,12:15 PM,05:58 AM,06:50 PM,-3,6,9,6,25,33,47,0.0,1028,12,10,95,18,United%20States%2C%20South%20Dakota
2020-09-09,16,2,0.0,12.9,3,43,10:31 PM,01:18 PM,05:59 AM,06:48 PM,-3,8,9,8,12,16,50,0.0,1031,16,10,174,6,United%20States%2C%20South%20Dakota
2020-09-10,21,6,0.0,12.5,4,35,11:12 PM,02:20 PM,06:00 AM,06:46 PM,0,12,13,12,22,1,46,0.0,1030,21,10,195,13,United%20States%2C%20South%20Dakota
2020-09-11,24,9,0.0,8.9,4,28,No moonrise,03:20 PM,06:01 AM,06:44 PM,8,15,17,15,21,36,65,1.7,1021,24,10,178,14,United%20States%2C%20South%20Dakota
2020-09-12,20,14,0.0,7.6,4,20,12:02 AM,04:13 PM,06:02 AM,06:42 PM,14,16,16,16,11,78,89,12.4,1012,20,9,188,8,United%20States%2C%20South%20Dakota
2020-09-13,28,12,0.0,11.6,6,13,01:02 AM,05:00 PM,06:03 AM,06:40 PM,10,19,20,19,20,5,63,0.0,1017,28,10,209,12,United%20States%2C%20South%20Dakota
2020-09-14,31,9,0.0,11.6,6,5,02:11 AM,05:40 PM,06:05 AM,06:38 PM,7,19,19,19,31,3,53,0.0,1020,31,10,138,19,United%20States%2C%20South%20Dakota
2020-09-15,32,22,0.0,11.6,6,0,03:27 AM,06:14 PM,06:06 AM,06:36 PM,9,27,27,27,51,25,34,0.0,1011,32,10,250,32,United%20States%2C%20South%20Dakota
2020-09-16,20,13,0.0,11.6,5,0,04:46 AM,06:43 PM,06:07 AM,06:35 PM,7,16,17,16,25,4,58,0.0,1019,20,10,277,16,United%20States%2C%20South%20Dakota
2020-09-17,16,6,0.0,8.9,3,0,06:06 AM,07:11 PM,06:08 AM,06:33 PM,-3,10,11,10,19,42,41,0.0,1025,16,10,102,13,United%20States%2C%20South%20Dakota
2020-09-18,18,7,0.0,11.6,4,2,07:27 AM,07:37 PM,06:09 AM,06:31 PM,1,11,12,11,26,19,47,0.0,1025,18,10,134,17,United%20States%2C%20South%20Dakota
2020-09-19,25,10,0.0,11.6,5,10,08:47 AM,08:04 PM,06:11 AM,06:29 PM,8,17,18,17,33,4,57,0.0,1018,25,10,157,21,United%20States%2C%20South%20Dakota
2020-09-20,28,17,0.0,7.5,5,17,10:08 AM,08:33 PM,06:12 AM,06:27 PM,12,23,23,22,33,59,56,0.4,1011,28,10,184,22,United%20States%2C%20South%20Dakota
2020-09-21,31,17,0.0,10.2,7,25,11:28 AM,09:08 PM,06:13 AM,06:25 PM,9,24,24,23,22,21,44,0.3,1014,31,10,196,13,United%20States%2C%20South%20Dakota
2020-09-22,31,15,0.0,11.6,6,32,12:43 PM,09:49 PM,06:14 AM,06:23 PM,8,23,23,23,14,3,43,0.0,1014,31,10,136,9,United%20States%2C%20South%20Dakota
2020-09-23,29,15,0.0,11.6,5,40,01:54 PM,10:36 PM,06:16 AM,06:21 PM,10,23,23,22,13,32,53,0.0,1008,29,10,123,8,United%20States%2C%20South%20Dakota
2020-09-24,26,13,0.0,11.6,6,47,02:54 PM,11:33 PM,06:17 AM,06:19 PM,9,19,20,19,24,9,56,0.0,1008,26,10,254,15,United%20States%2C%20South%20Dakota
2020-09-25,26,17,0.0,11.6,6,55,03:45 PM,No moonset,06:18 AM,06:17 PM,6,21,21,21,25,28,45,0.0,1004,26,10,236,15,United%20States%2C%20South%20Dakota
2020-09-26,27,18,0.0,11.6,6,62,04:25 PM,12:34 AM,06:19 AM,06:15 PM,2,22,22,22,31,39,28,0.0,1000,27,10,224,20,United%20States%2C%20South%20Dakota
2020-09-27,17,12,0.0,10.2,4,70,04:59 PM,01:39 AM,06:20 AM,06:13 PM,4,14,15,14,40,37,52,2.5,1007,17,10,283,27,United%20States%2C%20South%20Dakota
2020-09-28,14,8,0.0,7.4,3,78,05:26 PM,02:45 AM,06:22 AM,06:11 PM,3,8,10,8,31,58,63,0.1,1017,14,10,323,22,United%20States%2C%20South%20Dakota
2020-09-29,22,5,0.0,8.8,4,85,05:50 PM,03:50 AM,06:23 AM,06:10 PM,1,12,14,12,30,40,47,0.0,1013,22,10,288,19,United%20States%2C%20South%20Dakota
2020-09-30,17,10,0.0,11.6,4,93,06:10 PM,04:54 AM,06:24 AM,06:08 PM,-1,11,13,11,39,25,40,0.0,1012,17,10,314,26,United%20States%2C%20South%20Dakota
2020-10-01,10,4,0.0,11.6,2,97,06:30 PM,05:57 AM,06:25 AM,06:06 PM,-1,4,7,4,32,43,56,0.0,1025,10,10,330,22,United%20States%2C%20South%20Dakota
2020-10-02,12,0,0.0,7.3,2,100,06:50 PM,06:59 AM,06:27 AM,06:04 PM,-3,4,5,4,9,52,56,0.0,1024,12,10,195,6,United%20States%2C%20South%20Dakota
2020-10-03,11,4,0.0,8.7,2,89,07:11 PM,08:01 AM,06:28 AM,06:02 PM,-0,5,7,5,13,71,59,0.0,1020,11,10,79,9,United%20States%2C%20South%20Dakota
2020-10-04,15,1,0.0,11.6,3,82,07:33 PM,09:03 AM,06:29 AM,06:00 PM,-0,6,7,6,13,23,65,0.0,1022,15,10,227,8,United%20States%2C%20South%20Dakota
2020-10-05,24,10,0.0,8.7,5,74,07:59 PM,10:06 AM,06:31 AM,05:59 PM,5,16,18,16,36,15,50,0.0,1008,24,10,233,22,United%20States%2C%20South%20Dakota
2020-10-06,26,11,0.0,8.7,5,67,08:29 PM,11:09 AM,06:32 AM,05:57 PM,4,17,18,17,33,12,42,0.0,1010,26,10,269,20,United%20States%2C%20South%20Dakota
2020-10-07,21,12,0.0,8.7,5,60,09:07 PM,12:11 PM,06:33 AM,05:55 PM,0,16,17,16,22,9,35,0.0,1015,21,10,321,13,United%20States%2C%20South%20Dakota
2020-10-08,21,8,0.0,8.7,5,53,09:52 PM,01:11 PM,06:34 AM,05:53 PM,-0,14,15,14,24,8,38,0.0,1015,21,10,159,15,United%20States%2C%20South%20Dakota
2020-10-09,30,19,0.0,8.7,5,45,10:46 PM,02:06 PM,06:36 AM,05:51 PM,6,25,25,24,36,32,38,0.0,1002,30,10,260,20,United%20States%2C%20South%20Dakota
2020-10-10,20,9,0.0,8.7,4,38,11:51 PM,02:54 PM,06:37 AM,05:49 PM,3,14,15,14,24,6,49,0.0,1012,20,10,177,15,United%20States%2C%20South%20Dakota
2020-10-11,28,14,0.0,8.7,6,31,No moonrise,03:36 PM,06:38 AM,05:48 PM,6,22,22,20,45,52,44,0.1,1001,28,10,193,31,United%20States%2C%20South%20Dakota
2020-10-12,19,10,0.0,8.7,5,23,01:01 AM,04:10 PM,06:40 AM,05:46 PM,-5,14,16,14,29,15,28,0.0,1006,19,10,264,20,United%20States%2C%20South%20Dakota
2020-10-13,16,9,0.0,8.7,4,16,02:17 AM,04:41 PM,06:41 AM,05:44 PM,-2,11,12,11,30,11,41,0.0,1012,16,10,279,19,United%20States%2C%20South%20Dakota
2020-10-14,17,11,0.0,8.7,3,9,03:36 AM,05:09 PM,06:42 AM,05:42 PM,0,13,14,13,33,61,46,0.3,1004,17,10,233,24,United%20States%2C%20South%20Dakota
2020-10-15,10,1,0.0,8.7,2,2,04:56 AM,05:35 PM,06:44 AM,05:41 PM,-9,1,5,1,34,20,35,0.0,1019,10,10,298,24,United%20States%2C%20South%20Dakota
2020-10-16,9,1,0.0,8.7,2,0,06:17 AM,06:01 PM,06:45 AM,05:39 PM,-7,1,5,1,29,51,43,0.2,1019,9,10,282,19,United%20States%2C%20South%20Dakota
2020-10-17,7,-2,0.0,5.6,1,0,07:40 AM,06:29 PM,06:46 AM,05:37 PM,-3,-1,3,-1,29,64,65,1.2,1008,7,9,234,21,United%20States%2C%20South%20Dakota
2020-10-18,5,-5,0.0,8.7,2,5,09:02 AM,07:02 PM,06:48 AM,05:35 PM,-12,-5,-0,-5,25,10,43,0.0,1024,5,10,290,16,United%20States%2C%20South%20Dakota
2020-10-19,2,-2,0.9,4.1,1,13,10:23 AM,07:41 PM,06:49 AM,05:34 PM,-6,-2,0,-2,11,97,62,1.1,1024,2,7,115,8,United%20States%2C%20South%20Dakota
2020-10-20,0,-3,12.3,4.1,1,20,11:40 AM,08:27 PM,06:50 AM,05:32 PM,-1,-5,-0,-5,22,98,96,14.6,1021,0,4,141,15,United%20States%2C%20South%20Dakota
2020-10-21,-0,-5,0.0,8.7,2,27,12:47 PM,09:23 PM,06:52 AM,05:30 PM,-4,-7,-3,-7,23,42,90,0.1,1022,-0,8,214,13,United%20States%2C%20South%20Dakota
2020-10-22,-0,-2,17.6,4.0,1,35,01:43 PM,10:24 PM,06:53 AM,05:29 PM,-2,-7,-1,-7,31,100,97,21.2,1020,-0,4,51,21,United%20States%2C%20South%20Dakota
2020-10-23,-5,-11,0.3,8.7,1,42,02:27 PM,11:30 PM,06:55 AM,05:27 PM,-7,-12,-6,-12,27,41,92,0.4,1031,-5,9,316,17,United%20States%2C%20South%20Dakota
2020-10-24,-6,-12,2.1,4.0,1,49,03:03 PM,No moonset,06:56 AM,05:26 PM,-10,-12,-9,-12,11,86,91,2.6,1032,-6,8,113,6,United%20States%2C%20South%20Dakota
2020-10-25,-6,-12,0.9,4.0,1,56,03:32 PM,12:36 AM,06:57 AM,05:24 PM,-10,-14,-9,-14,19,73,93,1.1,1033,-6,7,316,11,United%20States%2C%20South%20Dakota
2020-10-26,-10,-15,0.0,8.7,2,64,03:56 PM,01:42 AM,06:59 AM,05:22 PM,-15,-18,-13,-18,21,7,89,0.0,1035,-10,10,267,11,United%20States%2C%20South%20Dakota
2020-10-27,-5,-15,0.0,8.7,2,71,04:17 PM,02:46 AM,07:00 AM,05:21 PM,-11,-16,-9,-16,34,7,83,0.0,1027,-5,10,222,18,United%20States%2C%20South%20Dakota
2020-10-28,2,-3,0.0,5.4,1,78,04:37 PM,03:49 AM,07:01 AM,05:19 PM,-1,-4,1,-4,35,43,88,0.0,1016,2,8,285,18,United%20States%2C%20South%20Dakota
2020-10-29,2,-1,0.0,3.8,1,85,04:56 PM,04:51 AM,07:03 AM,05:18 PM,-1,-2,-0,-2,10,96,95,0.1,1023,2,5,196,7,United%20States%2C%20South%20Dakota
2020-10-30,2,-4,2.7,3.8,1,93,05:16 PM,05:53 AM,07:04 AM,05:16 PM,-1,-4,-1,-4,16,83,95,3.2,1021,2,7,145,10,United%20States%2C%20South%20Dakota
2020-10-31,9,-0,0.0,7.1,2,97,05:38 PM,06:55 AM,07:06 AM,05:15 PM,1,-0,5,-0,48,34,76,0.0,1010,9,10,245,29,United%20States%2C%20South%20Dakota
2020-11-01,5,-3,0.0,8.7,2,89,06:02 PM,07:58 AM,07:07 AM,05:13 PM,-10,-4,1,-4,33,9,50,0.0,1029,5,10,288,22,United%20States%2C%20South%20Dakota
2020-11-02,14,2,0.0,8.7,3,81,06:31 PM,09:02 AM,07:08 AM,05:12 PM,-2,5,8,5,26,11,53,0.0,1021,14,10,266,15,United%20States%2C%20South%20Dakota
2020-11-03,21,10,0.0,8.7,5,74,07:05 PM,10:05 AM,07:10 AM,05:11 PM,2,13,15,13,37,0,44,0.0,1010,21,10,235,20,United%20States%2C%20South%20Dakota
2020-11-04,22,11,0.0,8.7,5,66,07:48 PM,11:06 AM,07:11 AM,05:09 PM,2,15,17,15,36,13,40,0.0,1011,22,10,255,19,United%20States%2C%20South%20Dakota
2020-11-05,19,11,0.0,8.7,4,58,08:38 PM,12:02 PM,07:13 AM,05:08 PM,5,14,15,14,24,3,55,0.0,1019,19,10,260,13,United%20States%2C%20South%20Dakota
2020-11-06,23,15,0.0,8.7,5,51,09:38 PM,12:52 PM,07:14 AM,05:07 PM,3,18,18,18,45,4,38,0.0,1010,23,10,201,25,United%20States%2C%20South%20Dakota
2020-11-07,21,14,0.0,3.7,4,43,10:44 PM,01:35 PM,07:16 AM,05:05 PM,9,18,18,18,43,59,56,0.0,1006,21,10,194,26,United%20States%2C%20South%20Dakota
2020-11-08,21,16,0.0,8.7,5,36,11:56 PM,02:10 PM,07:17 AM,05:04 PM,10,18,18,18,45,39,61,0.2,1004,21,10,182,31,United%20States%2C%20South%20Dakota
2020-11-09,5,-0,0.4,5.4,1,28,No moonrise,02:41 PM,07:18 AM,05:03 PM,-5,1,5,1,21,49,52,1.5,1011,5,9,307,15,United%20States%2C%20South%20Dakota
2020-11-10,0,-6,0.0,8.7,2,21,01:11 AM,03:09 PM,07:20 AM,05:02 PM,-7,-7,-2,-7,21,25,68,0.0,1012,0,10,307,15,United%20States%2C%20South%20Dakota
2020-11-11,5,-5,0.0,8.7,2,13,02:28 AM,03:34 PM,07:21 AM,05:00 PM,-4,-5,-0,-5,29,19,74,0.0,1013,5,10,246,17,United%20States%2C%20South%20Dakota
2020-11-12,-1,-5,0.0,8.7,2,6,03:46 AM,03:59 PM,07:23 AM,04:59 PM,-10,-8,-3,-8,21,29,57,0.0,1019,-1,10,297,15,United%20States%2C%20South%20Dakota
2020-11-13,2,-6,0.0,7.0,1,0,05:07 AM,04:25 PM,07:24 AM,04:58 PM,-6,-7,-2,-7,26,18,72,0.0,1017,2,10,192,16,United%20States%2C%20South%20Dakota
2020-11-14,9,-1,0.0,3.5,2,0,06:29 AM,04:55 PM,07:25 AM,04:57 PM,-2,-0,4,-0,42,48,61,0.0,998,9,10,230,26,United%20States%2C%20South%20Dakota
2020-11-15,5,-2,0.0,8.7,1,0,07:52 AM,05:31 PM,07:27 AM,04:56 PM,-8,-5,1,-5,43,25,54,0.0,1008,5,10,291,30,United%20States%2C%20South%20Dakota
2020-11-16,7,-1,0.0,8.7,2,2,09:13 AM,06:14 PM,07:28 AM,04:55 PM,-6,-1,4,-1,36,19,57,0.0,1018,7,10,288,23,United%20States%2C%20South%20Dakota
2020-11-17,3,-5,0.0,8.7,2,9,10:28 AM,07:07 PM,07:29 AM,04:54 PM,-7,-5,-2,-5,17,14,68,0.0,1031,3,10,226,11,United%20States%2C%20South%20Dakota
2020-11-18,13,-0,0.0,7.0,2,17,11:32 AM,08:08 PM,07:31 AM,04:53 PM,1,3,6,3,34,28,71,0.0,1011,13,10,179,19,United%20States%2C%20South%20Dakota
2020-11-19,12,6,0.0,8.7,2,24,12:23 PM,09:15 PM,07:32 AM,04:52 PM,1,6,8,6,20,17,61,0.0,1008,12,10,285,10,United%20States%2C%20South%20Dakota
2020-11-20,3,-1,0.0,6.9,1,32,01:03 PM,10:23 PM,07:34 AM,04:52 PM,-4,-0,3,-0,22,16,63,0.2,1027,3,10,299,14,United%20States%2C%20South%20Dakota
2020-11-21,9,-2,0.0,8.7,2,39,01:36 PM,11:31 PM,07:35 AM,04:51 PM,-5,-0,3,-0,21,14,58,0.0,1030,9,10,191,13,United%20States%2C%20South%20Dakota
2020-11-22,6,0,0.0,8.7,2,47,02:01 PM,No moonset,07:36 AM,04:50 PM,-3,-0,3,-0,22,16,66,1.4,1024,6,10,270,15,United%20States%2C%20South%20Dakota
2020-11-23,4,-4,0.0,6.9,1,54,02:23 PM,12:36 AM,07:37 AM,04:49 PM,-6,-5,-0,-5,25,40,67,0.0,1022,4,10,123,18,United%20States%2C%20South%20Dakota
2020-11-24,5,2,0.0,3.4,1,62,02:43 PM,01:40 AM,07:39 AM,04:49 PM,2,0,4,0,24,99,89,5.5,1009,5,8,200,16,United%20States%2C%20South%20Dakota
2020-11-25,4,-0,0.0,5.2,1,70,03:03 PM,02:42 AM,07:40 AM,04:48 PM,-2,-1,2,-1,15,61,78,0.0,1013,4,10,202,10,United%20States%2C%20South%20Dakota
2020-11-26,5,-1,0.0,8.7,2,77,03:22 PM,03:44 AM,07:41 AM,04:47 PM,-5,-3,1,-3,24,10,65,0.0,1012,5,10,254,14,United%20States%2C%20South%20Dakota
2020-11-27,5,-3,0.0,8.7,2,85,03:43 PM,04:46 AM,07:42 AM,04:47 PM,-6,-4,0,-4,27,6,61,0.0,1021,5,10,271,16,United%20States%2C%20South%20Dakota
2020-11-28,12,0,0.0,8.7,3,92,04:06 PM,05:49 AM,07:44 AM,04:46 PM,-7,3,6,3,38,3,38,0.0,1014,12,10,251,20,United%20States%2C%20South%20Dakota
2020-11-29,0,-3,0.0,8.7,1,100,04:33 PM,06:53 AM,07:45 AM,04:46 PM,-9,-6,0,-6,36,21,49,0.0,1025,0,10,323,26,United%20States%2C%20South%20Dakota
2020-11-30,3,-5,0.0,8.7,2,100,05:06 PM,07:57 AM,07:46 AM,04:45 PM,-12,-4,-1,-4,19,4,48,0.0,1025,3,10,208,11,United%20States%2C%20South%20Dakota
2020-12-01,3,-4,0.0,5.1,1,89,05:46 PM,08:59 AM,07:47 AM,04:45 PM,-12,-6,-2,-6,21,43,45,0.0,1017,3,10,172,11,United%20States%2C%20South%20Dakota
2020-12-02,2,-2,0.1,5.1,1,82,06:34 PM,09:58 AM,07:48 AM,04:45 PM,-3,-5,-1,-5,23,68,84,0.1,1028,2,9,345,15,United%20States%2C%20South%20Dakota
2020-12-03,5,-2,0.0,8.7,2,75,07:32 PM,10:50 AM,07:49 AM,04:44 PM,-6,-4,1,-4,28,8,61,0.0,1023,5,10,275,16,United%20States%2C%20South%20Dakota
2020-12-04,7,-1,0.0,8.7,2,67,08:36 PM,11:35 AM,07:50 AM,04:44 PM,-3,0,3,0,15,6,69,0.0,1017,7,10,269,8,United%20States%2C%20South%20Dakota
2020-12-05,6,-1,0.0,8.7,1,60,09:45 PM,12:13 PM,07:51 AM,04:44 PM,-3,-2,2,-2,21,27,71,0.0,1023,6,10,302,13,United%20States%2C%20South%20Dakota
2020-12-06,9,-1,0.0,8.7,2,53,10:57 PM,12:44 PM,07:52 AM,04:44 PM,-3,1,3,1,13,18,71,0.0,1019,9,10,271,7,United%20States%2C%20South%20Dakota
2020-12-07,7,1,0.0,8.7,2,46,No moonrise,01:12 PM,07:53 AM,04:44 PM,-5,-0,3,-0,21,15,58,0.0,1017,7,10,302,12,United%20States%2C%20South%20Dakota
2020-12-08,8,2,0.0,8.7,3,38,12:11 AM,01:37 PM,07:54 AM,04:43 PM,-4,2,5,2,25,8,53,0.0,1014,8,10,269,14,United%20States%2C%20South%20Dakota
2020-12-09,10,4,0.0,8.7,3,31,01:26 AM,02:01 PM,07:55 AM,04:43 PM,-2,4,7,4,29,11,53,0.0,1012,10,10,299,16,United%20States%2C%20South%20Dakota
2020-12-10,5,1,0.0,8.7,2,24,02:42 AM,02:25 PM,07:56 AM,04:43 PM,-1,-1,3,-1,26,39,77,0.0,1013,5,10,248,17,United%20States%2C%20South%20Dakota
2020-12-11,0,-4,0.0,6.9,1,17,04:00 AM,02:52 PM,07:57 AM,04:43 PM,-5,-6,-2,-6,17,55,77,0.0,1023,0,10,206,12,United%20States%2C%20South%20Dakota
2020-12-12,-1,-5,0.0,8.7,1,9,05:21 AM,03:24 PM,07:58 AM,04:44 PM,-7,-7,-3,-7,14,48,76,0.0,1024,-1,10,19,9,United%20States%2C%20South%20Dakota
2020-12-13,-0,-5,0.0,6.9,1,2,06:42 AM,04:02 PM,07:59 AM,04:44 PM,-10,-7,-3,-7,24,30,65,0.0,1023,-0,10,289,17,United%20States%2C%20South%20Dakota
2020-12-14,-9,-13,0.0,5.1,1,0,08:01 AM,04:49 PM,07:59 AM,04:44 PM,-20,-17,-11,-17,17,50,45,0.0,1029,-9,10,134,12,United%20States%2C%20South%20Dakota
2020-12-15,-3,-10,0.3,3.2,1,0,09:12 AM,05:47 PM,08:00 AM,04:44 PM,-14,-12,-7,-12,16,73,60,0.3,1024,-3,9,153,11,United%20States%2C%20South%20Dakota
2020-12-16,0,-7,0.1,3.2,1,5,10:10 AM,06:52 PM,08:01 AM,04:44 PM,-8,-9,-4,-9,20,67,72,0.1,1016,0,10,189,13,United%20States%2C%20South%20Dakota
2020-12-17,-1,-6,0.0,6.9,1,12,10:57 AM,08:02 PM,08:02 AM,04:45 PM,-6,-7,-4,-7,16,53,81,0.1,1016,-1,9,228,10,United%20States%2C%20South%20Dakota
2020-12-18,3,-7,0.1,3.2,1,20,11:34 AM,09:13 PM,08:02 AM,04:45 PM,-6,-6,-0,-6,31,83,66,0.2,1013,3,10,244,22,United%20States%2C%20South%20Dakota
2020-12-19,-1,-9,0.0,8.4,2,27,12:03 PM,10:21 PM,08:03 AM,04:46 PM,-13,-10,-6,-10,17,15,55,0.0,1018,-1,10,241,12,United%20States%2C%20South%20Dakota
2020-12-20,3,-2,0.0,6.9,1,34,12:27 PM,11:28 PM,08:03 AM,04:46 PM,-5,-3,1,-3,33,39,64,0.3,1009,3,9,257,18,United%20States%2C%20South%20Dakota
2020-12-21,2,-3,0.0,5.0,1,41,12:48 PM,No moonset,08:04 AM,04:47 PM,-5,-3,1,-3,40,38,61,0.0,1010,2,10,307,26,United%20States%2C%20South%20Dakota
2020-12-22,7,-4,0.0,8.4,1,49,01:08 PM,12:31 AM,08:04 AM,04:47 PM,-5,-3,1,-3,33,26,65,0.0,1007,7,10,182,19,United%20States%2C%20South%20Dakota
2020-12-23,1,-16,0.0,3.2,1,56,01:27 PM,01:34 AM,08:05 AM,04:48 PM,-9,-16,-6,-16,56,89,80,9.1,1002,1,4,306,41,United%20States%2C%20South%20Dakota
2020-12-24,-17,-23,0.0,8.4,2,63,01:47 PM,02:35 AM,08:05 AM,04:48 PM,-22,-29,-19,-29,37,3,75,0.0,1022,-17,10,317,24,United%20States%2C%20South%20Dakota
2020-12-25,-1,-19,0.0,8.4,2,70,02:09 PM,03:38 AM,08:05 AM,04:49 PM,-11,-13,-8,-13,22,13,81,0.0,1016,-1,10,263,11,United%20States%2C%20South%20Dakota
2020-12-26,-7,-14,0.0,8.4,2,78,02:34 PM,04:41 AM,08:06 AM,04:50 PM,-10,-11,-8,-11,11,48,88,0.0,1018,-7,8,195,5,United%20States%2C%20South%20Dakota
2020-12-27,-8,-16,1.5,3.2,1,85,03:05 PM,05:45 AM,08:06 AM,04:50 PM,-10,-15,-9,-15,24,82,91,2.2,1015,-8,5,251,16,United%20States%2C%20South%20Dakota
2020-12-28,-11,-17,0.0,6.9,1,92,03:43 PM,06:49 AM,08:06 AM,04:51 PM,-13,-17,-12,-17,20,48,89,0.0,1029,-11,10,255,11,United%20States%2C%20South%20Dakota
2020-12-29,-6,-14,4.6,3.2,1,100,04:28 PM,07:50 AM,08:06 AM,04:52 PM,-11,-15,-9,-15,22,93,90,7.6,1025,-6,8,165,13,United%20States%2C%20South%20Dakota
2020-12-30,-9,-13,0.1,8.5,2,100,05:24 PM,08:45 AM,08:06 AM,04:53 PM,-12,-17,-10,-17,27,33,88,0.1,1019,-9,10,280,15,United%20States%2C%20South%20Dakota
2020-12-31,-7,-14,0.0,6.9,1,89,06:27 PM,09:34 AM,08:07 AM,04:54 PM,-12,-15,-11,-15,17,35,85,0.0,1022,-7,10,179,9,United%20States%2C%20South%20Dakota
2021-01-01,-4,-9,0.0,8.5,2,79,07:36 PM,10:14 AM,08:07 AM,04:55 PM,-9,-9,-7,-9,12,8,86,0.0,1021,-4,10,238,6,United%20States%2C%20South%20Dakota
2021-01-02,0,-7,0.0,8.5,2,71,08:48 PM,10:48 AM,08:07 AM,04:56 PM,-6,-8,-4,-8,24,0,81,0.0,1016,0,10,205,12,United%20States%2C%20South%20Dakota
2021-01-03,-1,-6,0.0,8.5,2,64,10:01 PM,11:17 AM,08:07 AM,04:57 PM,-6,-7,-4,-7,21,1,84,0.0,1011,-1,10,227,10,United%20States%2C%20South%20Dakota
2021-01-04,1,-3,0.0,8.5,2,57,11:15 PM,11:42 AM,08:06 AM,04:58 PM,-4,-6,-0,-6,43,4,74,0.0,1013,1,10,263,22,United%20States%2C%20South%20Dakota
2021-01-05,-1,-4,0.0,3.2,1,50,No moonrise,12:05 PM,08:06 AM,04:59 PM,-6,-7,-3,-7,23,78,81,0.1,1015,-1,9,159,13,United%20States%2C%20South%20Dakota
2021-01-06,-1,-4,9.0,3.4,1,42,12:29 AM,12:28 PM,08:06 AM,05:00 PM,-2,-7,-2,-7,23,100,96,10.6,1021,-1,2,114,16,United%20States%2C%20South%20Dakota
2021-01-07,-2,-5,0.0,3.4,1,35,01:44 AM,12:53 PM,08:06 AM,05:01 PM,-3,-7,-3,-7,18,99,97,0.0,1028,-2,2,127,11,United%20States%2C%20South%20Dakota
2021-01-08,-4,-8,0.0,6.9,1,28,03:01 AM,01:22 PM,08:06 AM,05:02 PM,-7,-9,-7,-9,12,51,93,0.0,1030,-4,7,152,6,United%20States%2C%20South%20Dakota
2021-01-09,-3,-5,0.2,3.4,1,20,04:19 AM,01:56 PM,08:05 AM,05:03 PM,-5,-5,-4,-5,5,98,95,0.5,1031,-3,8,200,3,United%20States%2C%20South%20Dakota
2021-01-10,-2,-8,0.1,5.1,1,13,05:37 AM,02:37 PM,08:05 AM,05:04 PM,-5,-8,-4,-8,16,72,93,0.2,1030,-2,10,261,9,United%20States%2C%20South%20Dakota
2021-01-11,1,-6,0.0,8.7,2,6,06:50 AM,03:29 PM,08:05 AM,05:06 PM,-5,-8,-2,-8,35,14,83,0.0,1019,1,10,251,19,United%20States%2C%20South%20Dakota
2021-01-12,3,-5,0.0,8.7,2,0,07:54 AM,04:30 PM,08:04 AM,05:07 PM,-5,-6,-1,-6,34,38,77,0.0,1016,3,10,261,17,United%20States%2C%20South%20Dakota
2021-01-13,4,0,0.0,6.9,1,0,08:47 AM,05:39 PM,08:04 AM,05:08 PM,-2,-2,2,-2,25,33,76,0.0,1005,4,10,251,12,United%20States%2C%20South%20Dakota
2021-01-14,2,-3,0.1,3.4,1,1,09:29 AM,06:51 PM,08:03 AM,05:09 PM,-3,-5,1,-5,47,88,74,0.8,1003,2,7,295,31,United%20States%2C%20South%20Dakota
2021-01-15,-4,-7,0.1,3.4,1,8,10:01 AM,08:02 PM,08:03 AM,05:11 PM,-7,-14,-5,-14,49,99,88,4.5,1014,-4,2,337,37,United%20States%2C%20South%20Dakota
2021-01-16,-7,-11,0.2,3.4,1,16,10:28 AM,09:10 PM,08:02 AM,05:12 PM,-10,-15,-8,-15,23,94,87,0.4,1018,-7,9,326,17,United%20States%2C%20South%20Dakota
2021-01-17,-2,-8,0.4,3.4,1,23,10:51 AM,10:16 PM,08:01 AM,05:13 PM,-6,-10,-4,-10,25,74,89,0.5,1014,-2,9,307,15,United%20States%2C%20South%20Dakota
2021-01-18,-10,-14,1.9,3.4,1,30,11:11 AM,11:20 PM,08:01 AM,05:15 PM,-12,-16,-11,-16,14,98,93,2.3,1019,-10,6,91,10,United%20States%2C%20South%20Dakota
2021-01-19,-6,-13,1.4,3.4,1,38,11:31 AM,No moonset,08:00 AM,05:16 PM,-10,-13,-9,-13,14,85,91,1.7,1024,-6,7,281,9,United%20States%2C%20South%20Dakota
2021-01-20,2,-9,0.0,8.7,2,45,11:51 AM,12:22 AM,07:59 AM,05:17 PM,-5,-7,-2,-7,43,12,74,0.0,1010,2,10,243,23,United%20States%2C%20South%20Dakota
2021-01-21,-2,-12,0.3,5.3,1,52,12:11 PM,01:25 AM,07:58 AM,05:19 PM,-8,-11,-4,-11,40,49,78,0.4,1014,-2,8,311,24,United%20States%2C%20South%20Dakota
2021-01-22,-10,-15,0.1,8.7,1,59,12:35 PM,02:27 AM,07:58 AM,05:20 PM,-15,-18,-13,-18,13,51,86,0.1,1027,-10,9,279,9,United%20States%2C%20South%20Dakota
2021-01-23,-5,-10,10.3,3.6,1,67,01:03 PM,03:31 AM,07:57 AM,05:22 PM,-9,-12,-8,-12,17,72,91,12.8,1021,-5,6,179,10,United%20States%2C%20South%20Dakota
2021-01-24,-12,-21,1.3,3.6,1,74,01:38 PM,04:35 AM,07:56 AM,05:23 PM,-15,-21,-14,-21,21,79,94,1.5,1023,-12,7,326,14,United%20States%2C%20South%20Dakota
2021-01-25,-16,-18,0.0,8.7,1,81,02:19 PM,05:37 AM,07:55 AM,05:24 PM,-19,-24,-17,-24,16,41,86,0.0,1023,-16,10,126,10,United%20States%2C%20South%20Dakota
2021-01-26,-18,-21,0.0,8.7,1,88,03:11 PM,06:35 AM,07:54 AM,05:26 PM,-20,-28,-19,-28,24,60,93,0.0,1027,-18,10,351,15,United%20States%2C%20South%20Dakota
2021-01-27,-17,-22,0.0,5.3,1,96,04:12 PM,07:27 AM,07:53 AM,05:27 PM,-21,-26,-20,-26,14,75,94,0.0,1036,-17,4,198,8,United%20States%2C%20South%20Dakota
2021-01-28,-8,-19,0.3,3.7,1,100,05:21 PM,08:11 AM,07:52 AM,05:29 PM,-13,-20,-13,-20,25,84,94,0.4,1031,-8,9,137,15,United%20States%2C%20South%20Dakota
2021-01-29,-4,-11,0.9,3.7,1,90,06:34 PM,08:48 AM,07:51 AM,05:30 PM,-7,-13,-7,-13,28,99,95,1.1,1019,-4,6,122,18,United%20States%2C%20South%20Dakota
2021-01-30,-1,-5,0.5,3.7,1,82,07:49 PM,09:19 AM,07:50 AM,05:32 PM,-3,-7,-2,-7,19,100,97,1.0,1012,-1,7,108,12,United%20States%2C%20South%20Dakota
2021-01-31,-6,-10,0.5,5.4,1,79,09:05 PM,09:46 AM,07:49 AM,05:33 PM,-8,-12,-7,-12,23,69,93,0.6,1024,-6,8,326,15,United%20States%2C%20South%20Dakota
2021-02-01,-7,-13,0.0,8.7,2,63,10:19 PM,10:10 AM,07:47 AM,05:35 PM,-11,-14,-10,-14,13,21,92,0.0,1029,-7,10,206,7,United%20States%2C%20South%20Dakota
2021-02-02,-3,-10,0.0,7.0,1,55,11:35 PM,10:33 AM,07:46 AM,05:36 PM,-8,-12,-7,-12,23,49,92,0.0,1022,-3,8,145,12,United%20States%2C%20South%20Dakota
2021-02-03,1,-4,0.0,3.7,1,48,No moonrise,10:57 AM,07:45 AM,05:37 PM,-2,-5,-1,-5,20,96,96,0.0,1009,1,7,160,12,United%20States%2C%20South%20Dakota
2021-02-04,-9,-16,0.0,3.7,1,40,12:51 AM,11:24 AM,07:44 AM,05:39 PM,-12,-20,-10,-20,41,100,86,0.2,1010,-9,7,317,30,United%20States%2C%20South%20Dakota
2021-02-05,-15,-19,0.0,3.7,1,33,02:08 AM,11:55 AM,07:42 AM,05:40 PM,-19,-28,-17,-28,35,96,86,0.0,1015,-15,10,314,24,United%20States%2C%20South%20Dakota
2021-02-06,-22,-25,0.0,3.8,1,25,03:24 AM,12:33 PM,07:41 AM,05:42 PM,-24,-33,-23,-33,24,72,86,0.0,1028,-22,10,314,17,United%20States%2C%20South%20Dakota
2021-02-07,-23,-28,0.0,3.8,1,18,04:37 AM,01:20 PM,07:40 AM,05:43 PM,-27,-31,-25,-31,10,81,88,0.0,1031,-23,9,246,6,United%20States%2C%20South%20Dakota
