date_time,United%20States%2C%20Oregon_maxtempC,United%20States%2C%20Oregon_mintempC,United%20States%2C%20Oregon_totalSnow_cm,United%20States%2C%20Oregon_sunHour,United%20States%2C%20Oregon_uvIndex,United%20States%2C%20Oregon_moon_illumination,United%20States%2C%20Oregon_moonrise,United%20States%2C%20Oregon_moonset,United%20States%2C%20Oregon_sunrise,United%20States%2C%20Oregon_sunset,United%20States%2C%20Oregon_DewPointC,United%20States%2C%20Oregon_FeelsLikeC,United%20States%2C%20Oregon_HeatIndexC,United%20States%2C%20Oregon_WindChillC,United%20States%2C%20Oregon_WindGustKmph,United%20States%2C%20Oregon_cloudcover,United%20States%2C%20Oregon_humidity,United%20States%2C%20Oregon_precipMM,United%20States%2C%20Oregon_pressure,United%20States%2C%20Oregon_tempC,United%20States%2C%20Oregon_visibility,United%20States%2C%20Oregon_winddirDegree,United%20States%2C%20Oregon_windspeedKmph,United%20States%2C%20Oregon_location
2020-01-01,10,5,0.0,3.3,2,37,11:47 AM,11:22 PM,07:50 AM,04:38 PM,7,6,9,6,26,84,85,43.9,1014,10,7,243,15,United%20States%2C%20Oregon
2020-01-02,7,4,0.0,3.3,2,44,12:08 PM,No moonset,07:50 AM,04:39 PM,3,4,6,4,12,91,82,0.9,1022,7,10,200,7,United%20States%2C%20Oregon
2020-01-03,11,2,0.0,8.7,2,51,12:29 PM,12:22 AM,07:50 AM,04:40 PM,5,7,8,7,10,37,78,1.5,1015,11,9,149,6,United%20States%2C%20Oregon
2020-01-04,6,5,0.0,3.3,2,59,12:51 PM,01:24 AM,07:50 AM,04:41 PM,3,3,6,3,21,94,84,22.8,1025,6,8,218,14,United%20States%2C%20Oregon
2020-01-05,7,2,0.0,3.3,2,66,01:16 PM,02:27 AM,07:50 AM,04:42 PM,2,2,5,2,22,94,84,16.5,1028,7,9,209,14,United%20States%2C%20Oregon
2020-01-06,7,2,0.0,3.3,2,73,01:44 PM,03:33 AM,07:50 AM,04:43 PM,4,2,5,2,36,100,88,13.8,1028,7,7,201,22,United%20States%2C%20Oregon
2020-01-07,10,4,0.0,3.4,2,80,02:17 PM,04:39 AM,07:50 AM,04:44 PM,6,6,8,6,27,100,85,13.1,1014,10,6,195,16,United%20States%2C%20Oregon
2020-01-08,7,3,0.0,6.9,2,88,02:59 PM,05:47 AM,07:49 AM,04:45 PM,3,3,6,3,19,81,83,11.0,1014,7,9,247,13,United%20States%2C%20Oregon
2020-01-09,7,3,0.0,3.4,2,95,03:50 PM,06:52 AM,07:49 AM,04:46 PM,2,3,4,3,9,84,83,1.9,1020,7,8,250,6,United%20States%2C%20Oregon
2020-01-10,6,2,0.0,3.4,1,100,04:52 PM,07:52 AM,07:49 AM,04:47 PM,2,1,4,1,23,97,84,8.0,1019,6,9,189,14,United%20States%2C%20Oregon
2020-01-11,8,-0,0.0,3.4,2,100,06:02 PM,08:44 AM,07:49 AM,04:48 PM,4,3,6,3,28,96,85,22.3,1013,8,7,243,19,United%20States%2C%20Oregon
2020-01-12,7,2,1.5,3.4,2,83,07:18 PM,09:28 AM,07:48 AM,04:50 PM,3,1,5,1,30,98,88,21.6,1009,7,8,231,20,United%20States%2C%20Oregon
2020-01-13,3,-1,8.1,3.4,1,76,08:35 PM,10:04 AM,07:48 AM,04:51 PM,1,-1,2,-1,19,100,94,24.1,1012,3,5,229,13,United%20States%2C%20Oregon
2020-01-14,4,-3,6.5,3.4,1,69,09:52 PM,10:35 AM,07:47 AM,04:52 PM,-0,-1,2,-1,16,88,86,8.8,1014,4,5,234,11,United%20States%2C%20Oregon
2020-01-15,1,-3,0.2,5.2,1,61,11:08 PM,11:03 AM,07:47 AM,04:53 PM,-5,-5,-1,-5,19,63,72,0.3,1012,1,10,94,13,United%20States%2C%20Oregon
2020-01-16,4,1,1.0,3.4,1,54,No moonrise,11:29 AM,07:46 AM,04:55 PM,2,1,2,1,8,100,96,17.1,1006,4,8,141,5,United%20States%2C%20Oregon
2020-01-17,6,0,0.0,3.4,1,47,12:22 AM,11:55 AM,07:45 AM,04:56 PM,-0,1,2,1,9,94,83,1.1,1019,6,7,149,6,United%20States%2C%20Oregon
2020-01-18,8,-1,0.0,3.4,2,40,01:36 AM,12:23 PM,07:45 AM,04:57 PM,4,4,5,4,12,100,92,10.9,1021,8,6,121,7,United%20States%2C%20Oregon
2020-01-19,9,3,0.0,8.7,2,32,02:48 AM,12:54 PM,07:44 AM,04:59 PM,5,5,6,5,10,61,88,0.4,1022,9,9,59,7,United%20States%2C%20Oregon
2020-01-20,9,5,0.0,5.3,2,25,03:59 AM,01:30 PM,07:43 AM,05:00 PM,2,5,6,5,10,83,76,0.0,1016,9,10,56,7,United%20States%2C%20Oregon
2020-01-21,9,2,0.0,3.6,2,18,05:07 AM,02:12 PM,07:43 AM,05:01 PM,4,4,7,4,22,88,83,18.9,1009,9,7,154,15,United%20States%2C%20Oregon
2020-01-22,8,4,0.0,3.6,2,11,06:09 AM,03:02 PM,07:42 AM,05:03 PM,6,5,7,5,17,97,92,17.2,1018,8,8,183,11,United%20States%2C%20Oregon
2020-01-23,11,5,0.0,3.6,3,3,07:04 AM,03:58 PM,07:41 AM,05:04 PM,9,9,10,9,14,98,94,34.1,1017,11,8,166,8,United%20States%2C%20Oregon
2020-01-24,12,7,0.0,3.6,3,0,07:50 AM,04:58 PM,07:40 AM,05:06 PM,8,8,10,8,20,87,88,27.9,1015,12,8,184,12,United%20States%2C%20Oregon
2020-01-25,12,8,0.0,3.6,3,0,08:27 AM,06:01 PM,07:39 AM,05:07 PM,8,9,10,9,10,94,88,6.5,1014,12,9,118,6,United%20States%2C%20Oregon
2020-01-26,10,7,0.0,3.6,2,4,08:59 AM,07:05 PM,07:38 AM,05:09 PM,7,7,9,7,22,88,85,27.4,1014,10,8,186,14,United%20States%2C%20Oregon
2020-01-27,9,5,0.0,3.6,2,11,09:26 AM,08:08 PM,07:37 AM,05:10 PM,7,6,8,6,24,100,90,31.3,1017,9,8,177,15,United%20States%2C%20Oregon
2020-01-28,11,5,0.0,3.7,2,18,09:50 AM,09:09 PM,07:36 AM,05:11 PM,7,6,9,6,29,78,85,23.7,1018,11,8,213,18,United%20States%2C%20Oregon
2020-01-29,9,7,0.0,3.7,2,26,10:11 AM,10:10 PM,07:35 AM,05:13 PM,7,6,8,6,14,99,93,13.1,1023,9,8,190,9,United%20States%2C%20Oregon
2020-01-30,12,6,0.0,5.4,2,33,10:32 AM,11:11 PM,07:34 AM,05:14 PM,7,8,9,8,5,76,89,3.0,1025,12,7,136,3,United%20States%2C%20Oregon
2020-01-31,15,7,0.0,7.0,3,37,10:53 AM,No moonset,07:33 AM,05:16 PM,9,11,12,11,20,75,84,1.8,1022,15,10,198,12,United%20States%2C%20Oregon
2020-02-01,11,6,0.0,3.7,2,49,11:16 AM,12:13 AM,07:32 AM,05:17 PM,7,8,9,8,20,78,83,9.4,1021,11,8,241,13,United%20States%2C%20Oregon
2020-02-02,4,-3,4.3,3.7,1,57,11:42 AM,01:16 AM,07:31 AM,05:19 PM,1,0,3,0,14,86,85,12.1,1023,4,8,216,10,United%20States%2C%20Oregon
2020-02-03,6,1,2.0,3.7,1,64,12:12 PM,02:20 AM,07:29 AM,05:20 PM,-0,1,3,1,10,82,81,3.9,1025,6,7,235,7,United%20States%2C%20Oregon
2020-02-04,5,-0,0.0,3.7,1,72,12:49 PM,03:26 AM,07:28 AM,05:22 PM,0,1,2,1,12,90,86,1.0,1030,5,9,194,8,United%20States%2C%20Oregon
2020-02-05,8,3,0.0,3.7,2,79,01:35 PM,04:31 AM,07:27 AM,05:23 PM,6,3,6,3,31,100,94,20.3,1021,8,7,210,19,United%20States%2C%20Oregon
2020-02-06,11,2,0.0,3.7,3,87,02:30 PM,05:34 AM,07:26 AM,05:25 PM,9,7,9,7,28,92,92,1.4,1020,11,9,218,18,United%20States%2C%20Oregon
2020-02-07,11,7,0.0,3.8,3,95,03:38 PM,06:30 AM,07:24 AM,05:26 PM,8,7,10,7,29,100,90,8.0,1018,11,9,219,20,United%20States%2C%20Oregon
2020-02-08,7,4,0.0,3.8,2,100,04:52 PM,07:18 AM,07:23 AM,05:27 PM,3,3,6,3,22,92,82,10.5,1022,7,9,251,14,United%20States%2C%20Oregon
2020-02-09,10,3,0.0,8.7,3,100,06:11 PM,07:59 AM,07:21 AM,05:29 PM,3,6,6,6,5,29,80,0.3,1030,10,10,93,4,United%20States%2C%20Oregon
2020-02-10,9,1,0.0,8.7,3,83,07:32 PM,08:33 AM,07:20 AM,05:30 PM,2,4,5,4,6,15,79,0.0,1028,9,10,158,5,United%20States%2C%20Oregon
2020-02-11,10,2,0.0,8.7,2,75,08:50 PM,09:03 AM,07:19 AM,05:32 PM,2,5,6,5,6,36,79,0.0,1027,10,10,161,4,United%20States%2C%20Oregon
2020-02-12,10,5,0.0,3.8,2,68,10:08 PM,09:31 AM,07:17 AM,05:33 PM,5,7,7,7,6,75,87,0.6,1024,10,8,173,4,United%20States%2C%20Oregon
2020-02-13,7,3,0.0,5.4,2,60,11:25 PM,09:58 AM,07:16 AM,05:35 PM,3,4,5,4,8,67,86,0.4,1017,7,9,191,6,United%20States%2C%20Oregon
2020-02-14,9,3,0.0,3.8,2,53,No moonrise,10:25 AM,07:14 AM,05:36 PM,3,3,5,3,16,76,83,1.6,1023,9,10,228,11,United%20States%2C%20Oregon
2020-02-15,6,-0,0.0,3.8,2,45,12:39 AM,10:56 AM,07:13 AM,05:38 PM,4,3,5,3,15,97,89,10.9,1022,6,6,185,10,United%20States%2C%20Oregon
2020-02-16,8,-0,0.0,5.5,2,38,01:52 AM,11:31 AM,07:11 AM,05:39 PM,3,3,5,3,11,78,82,11.9,1024,8,9,207,8,United%20States%2C%20Oregon
2020-02-17,9,2,0.0,3.9,2,30,03:01 AM,12:11 PM,07:09 AM,05:40 PM,2,4,5,4,8,79,82,5.1,1028,9,9,210,5,United%20States%2C%20Oregon
2020-02-18,12,2,0.0,8.7,3,22,04:04 AM,12:58 PM,07:08 AM,05:42 PM,0,5,6,5,10,15,70,0.1,1027,12,10,42,7,United%20States%2C%20Oregon
2020-02-19,13,3,0.0,8.7,3,15,05:00 AM,01:51 PM,07:06 AM,05:43 PM,-1,6,8,6,13,0,59,0.0,1026,13,10,61,10,United%20States%2C%20Oregon
2020-02-20,12,2,0.0,7.1,2,7,05:48 AM,02:49 PM,07:05 AM,05:45 PM,-2,4,6,4,11,52,58,0.0,1025,12,10,52,7,United%20States%2C%20Oregon
2020-02-21,12,3,0.0,7.1,2,0,06:27 AM,03:52 PM,07:03 AM,05:46 PM,-0,7,7,7,4,20,60,0.0,1023,12,10,157,3,United%20States%2C%20Oregon
2020-02-22,12,4,0.0,5.5,2,0,07:01 AM,04:54 PM,07:01 AM,05:48 PM,2,8,8,8,4,55,69,0.0,1020,12,10,145,2,United%20States%2C%20Oregon
2020-02-23,9,6,0.0,3.9,2,0,07:29 AM,05:58 PM,07:00 AM,05:49 PM,4,4,7,4,33,95,79,13.5,1019,9,10,222,21,United%20States%2C%20Oregon
2020-02-24,7,2,0.0,4.1,1,0,07:53 AM,07:00 PM,06:58 AM,05:50 PM,1,3,4,3,10,80,80,2.2,1034,7,10,200,7,United%20States%2C%20Oregon
2020-02-25,11,2,0.0,8.7,2,8,08:15 AM,08:01 PM,06:56 AM,05:52 PM,1,6,6,6,4,40,69,0.0,1032,11,10,203,2,United%20States%2C%20Oregon
2020-02-26,14,6,0.0,8.7,4,15,08:36 AM,09:02 PM,06:54 AM,05:53 PM,5,9,9,9,4,50,76,1.4,1030,14,8,158,3,United%20States%2C%20Oregon
2020-02-27,15,5,0.0,8.7,4,23,08:57 AM,10:03 PM,06:53 AM,05:54 PM,5,9,9,9,7,10,74,0.0,1028,15,10,64,5,United%20States%2C%20Oregon
2020-02-28,16,7,0.0,7.2,3,30,09:19 AM,11:05 PM,06:51 AM,05:56 PM,7,11,11,11,6,17,75,0.0,1020,16,10,65,5,United%20States%2C%20Oregon
2020-02-29,9,4,0.0,4.2,2,38,09:43 AM,No moonset,06:49 AM,05:57 PM,2,3,6,3,18,83,78,12.3,1020,9,8,247,11,United%20States%2C%20Oregon
2020-03-01,8,2,0.0,4.2,2,44,10:10 AM,12:08 AM,06:47 AM,05:59 PM,1,3,4,3,9,89,81,2.6,1026,8,10,226,6,United%20States%2C%20Oregon
2020-03-02,7,3,0.0,5.8,2,51,10:43 AM,01:12 AM,06:46 AM,06:00 PM,2,3,5,3,14,92,82,1.0,1027,7,7,207,9,United%20States%2C%20Oregon
2020-03-03,13,2,0.0,5.8,2,58,11:23 AM,02:16 AM,06:44 AM,06:01 PM,5,7,9,7,14,87,80,0.4,1024,13,10,219,9,United%20States%2C%20Oregon
2020-03-04,12,7,0.0,7.3,2,65,12:13 PM,03:18 AM,06:42 AM,06:03 PM,3,8,8,8,10,71,71,0.4,1023,12,10,159,7,United%20States%2C%20Oregon
2020-03-05,14,5,0.0,11.6,2,73,01:13 PM,04:15 AM,06:40 AM,06:04 PM,3,8,9,8,10,30,69,0.1,1017,14,10,175,8,United%20States%2C%20Oregon
2020-03-06,7,5,0.0,5.8,2,80,02:23 PM,05:07 AM,06:38 AM,06:05 PM,4,5,6,5,8,99,84,9.6,1016,7,7,239,6,United%20States%2C%20Oregon
2020-03-07,8,3,0.7,5.9,2,87,03:40 PM,05:50 AM,06:36 AM,06:07 PM,2,3,5,3,13,84,80,7.5,1012,8,7,211,9,United%20States%2C%20Oregon
2020-03-08,10,2,0.0,10.2,2,95,05:00 PM,06:27 AM,06:35 AM,06:08 PM,-0,4,5,4,7,49,71,0.5,1017,10,10,176,5,United%20States%2C%20Oregon
2020-03-09,12,1,0.0,11.6,3,100,06:22 PM,06:59 AM,06:33 AM,06:09 PM,-2,5,5,5,5,8,60,0.0,1024,12,10,133,4,United%20States%2C%20Oregon
2020-03-10,14,3,0.0,11.6,3,100,07:43 PM,07:29 AM,06:31 AM,06:11 PM,1,9,9,9,4,19,64,0.0,1025,14,10,162,3,United%20States%2C%20Oregon
2020-03-11,13,4,0.0,7.3,2,84,09:03 PM,07:56 AM,06:29 AM,06:12 PM,2,7,8,7,8,66,68,0.2,1025,13,10,133,5,United%20States%2C%20Oregon
2020-03-12,12,2,0.0,11.6,3,76,10:21 PM,08:24 AM,06:27 AM,06:13 PM,0,6,7,6,6,26,66,0.0,1026,12,10,111,4,United%20States%2C%20Oregon
2020-03-13,7,2,0.0,5.9,2,69,11:38 PM,08:55 AM,06:25 AM,06:14 PM,1,4,5,4,8,73,79,5.5,1011,7,9,125,5,United%20States%2C%20Oregon
2020-03-14,3,-1,8.8,6.0,1,62,No moonrise,09:29 AM,06:23 AM,06:16 PM,-1,-3,1,-3,22,93,86,23.6,1011,3,7,90,15,United%20States%2C%20Oregon
2020-03-15,6,-2,0.0,10.2,1,55,12:51 AM,10:08 AM,06:21 AM,06:17 PM,-5,-2,1,-2,17,35,64,0.0,1021,6,10,53,12,United%20States%2C%20Oregon
2020-03-16,12,1,0.0,8.8,2,47,01:58 AM,10:53 AM,06:20 AM,06:18 PM,-2,3,5,3,14,62,63,0.2,1022,12,10,49,10,United%20States%2C%20Oregon
2020-03-17,12,4,0.0,8.8,2,40,02:58 AM,11:46 AM,06:18 AM,06:20 PM,1,7,8,7,6,38,64,0.0,1014,12,10,144,5,United%20States%2C%20Oregon
2020-03-18,13,4,0.0,11.6,3,33,03:48 AM,12:43 PM,06:16 AM,06:21 PM,2,8,8,8,6,34,70,0.0,1013,13,10,186,4,United%20States%2C%20Oregon
2020-03-19,17,5,0.0,11.6,4,25,04:30 AM,01:44 PM,06:14 AM,06:22 PM,4,10,11,10,4,18,70,0.0,1016,17,10,185,3,United%20States%2C%20Oregon
2020-03-20,17,6,0.0,11.6,4,18,05:04 AM,02:47 PM,06:12 AM,06:24 PM,5,11,11,11,6,23,67,0.0,1024,17,10,220,4,United%20States%2C%20Oregon
2020-03-21,20,7,0.0,11.6,4,11,05:33 AM,03:50 PM,06:10 AM,06:25 PM,6,13,14,13,4,4,67,0.0,1024,20,10,175,3,United%20States%2C%20Oregon
2020-03-22,16,6,0.0,11.6,3,4,05:58 AM,04:52 PM,06:08 AM,06:26 PM,4,10,11,10,7,32,68,0.0,1017,16,10,155,5,United%20States%2C%20Oregon
2020-03-23,9,5,0.0,6.1,2,0,06:20 AM,05:53 PM,06:06 AM,06:28 PM,3,4,7,4,23,84,78,9.6,1012,9,9,215,16,United%20States%2C%20Oregon
2020-03-24,8,4,0.0,6.1,2,0,06:41 AM,06:54 PM,06:05 AM,06:29 PM,3,2,5,2,23,97,83,9.4,1014,8,7,200,16,United%20States%2C%20Oregon
2020-03-25,12,4,0.0,7.5,2,3,07:02 AM,07:56 PM,06:03 AM,06:30 PM,3,6,7,6,9,77,77,4.6,1018,12,9,247,6,United%20States%2C%20Oregon
2020-03-26,8,3,0.0,6.2,2,11,07:23 AM,08:58 PM,06:01 AM,06:31 PM,2,4,6,4,11,82,76,0.7,1019,8,10,217,8,United%20States%2C%20Oregon
2020-03-27,7,3,0.0,8.0,2,18,07:46 AM,10:00 PM,05:59 AM,06:33 PM,3,3,5,3,13,97,84,2.0,1018,7,8,198,9,United%20States%2C%20Oregon
2020-03-28,11,7,0.0,8.0,2,25,08:12 AM,11:04 PM,05:57 AM,06:34 PM,6,7,9,7,14,97,84,3.8,1018,11,6,190,9,United%20States%2C%20Oregon
2020-03-29,11,7,0.0,8.0,2,32,08:42 AM,No moonset,05:55 AM,06:35 PM,6,6,9,6,21,96,86,22.3,1014,11,8,210,14,United%20States%2C%20Oregon
2020-03-30,9,5,0.0,8.0,2,40,09:19 AM,12:07 AM,05:53 AM,06:37 PM,5,4,7,4,29,91,83,23.3,1013,9,9,224,19,United%20States%2C%20Oregon
2020-03-31,9,4,0.0,9.3,2,44,10:03 AM,01:09 AM,05:52 AM,06:38 PM,3,4,6,4,21,77,80,13.5,1019,9,9,226,14,United%20States%2C%20Oregon
2020-04-01,7,3,0.0,8.1,1,56,10:58 AM,02:06 AM,05:50 AM,06:39 PM,2,3,4,3,7,84,88,10.2,1018,7,9,168,5,United%20States%2C%20Oregon
2020-04-02,10,1,0.0,8.1,2,64,12:01 PM,02:58 AM,05:48 AM,06:40 PM,2,5,6,5,9,80,78,4.9,1023,10,10,241,6,United%20States%2C%20Oregon
2020-04-03,10,3,0.4,8.1,2,71,01:13 PM,03:44 AM,05:46 AM,06:42 PM,1,5,6,5,6,84,74,2.5,1020,10,9,210,5,United%20States%2C%20Oregon
2020-04-04,9,3,0.0,8.1,2,79,02:30 PM,04:22 AM,05:44 AM,06:43 PM,3,5,6,5,5,91,81,5.0,1008,9,9,133,4,United%20States%2C%20Oregon
2020-04-05,13,6,0.0,8.1,3,87,03:50 PM,04:55 AM,05:42 AM,06:44 PM,5,8,9,8,10,92,78,6.4,1002,13,7,228,7,United%20States%2C%20Oregon
2020-04-06,15,6,0.0,13.1,3,94,05:11 PM,05:25 AM,05:41 AM,06:46 PM,4,10,10,10,6,35,70,0.1,1010,15,10,207,4,United%20States%2C%20Oregon
2020-04-07,14,4,0.0,10.7,2,100,06:32 PM,05:53 AM,05:39 AM,06:47 PM,2,8,9,8,4,62,67,0.1,1021,14,10,255,3,United%20States%2C%20Oregon
2020-04-08,19,5,0.0,13.1,3,100,07:53 PM,06:20 AM,05:37 AM,06:48 PM,4,11,12,11,9,20,67,0.0,1022,19,10,184,7,United%20States%2C%20Oregon
2020-04-09,22,9,0.0,13.2,5,83,09:14 PM,06:50 AM,05:35 AM,06:50 PM,6,16,17,16,9,9,60,0.0,1018,22,10,187,6,United%20States%2C%20Oregon
2020-04-10,16,8,0.0,9.5,3,76,10:31 PM,07:23 AM,05:33 AM,06:51 PM,7,12,12,12,4,64,73,0.1,1018,16,10,192,3,United%20States%2C%20Oregon
2020-04-11,16,8,0.0,13.2,3,68,11:45 PM,08:01 AM,05:31 AM,06:52 PM,4,11,11,11,6,54,65,0.0,1020,16,10,185,4,United%20States%2C%20Oregon
2020-04-12,18,8,0.0,13.2,4,61,No moonrise,08:45 AM,05:30 AM,06:53 PM,2,12,12,12,10,24,51,0.0,1023,18,10,166,7,United%20States%2C%20Oregon
2020-04-13,19,8,0.0,12.0,3,53,12:50 AM,09:37 AM,05:28 AM,06:55 PM,0,12,13,12,8,28,45,0.0,1025,19,10,102,6,United%20States%2C%20Oregon
2020-04-14,18,7,0.0,13.3,4,46,01:45 AM,10:34 AM,05:26 AM,06:56 PM,2,13,14,13,6,17,52,0.0,1025,18,10,209,5,United%20States%2C%20Oregon
2020-04-15,18,10,0.0,9.6,3,38,02:30 AM,11:35 AM,05:24 AM,06:57 PM,8,14,14,14,4,63,72,0.1,1023,18,10,238,3,United%20States%2C%20Oregon
2020-04-16,20,11,0.0,13.4,5,30,03:08 AM,12:38 PM,05:23 AM,06:59 PM,3,14,15,14,13,15,50,0.0,1021,20,10,61,10,United%20States%2C%20Oregon
2020-04-17,24,10,0.0,13.3,4,23,03:38 AM,01:42 PM,05:21 AM,07:00 PM,2,16,16,16,5,16,42,0.0,1013,24,10,164,4,United%20States%2C%20Oregon
2020-04-18,13,8,0.0,9.8,3,15,04:04 AM,02:44 PM,05:19 AM,07:01 PM,6,10,11,10,10,66,76,2.2,1013,13,10,203,8,United%20States%2C%20Oregon
2020-04-19,17,8,0.0,9.8,3,8,04:26 AM,03:46 PM,05:17 AM,07:03 PM,7,12,12,12,6,70,74,1.1,1017,17,9,223,4,United%20States%2C%20Oregon
2020-04-20,21,9,0.0,13.9,5,0,04:47 AM,04:47 PM,05:16 AM,07:04 PM,8,15,16,15,5,16,66,0.0,1017,21,10,184,4,United%20States%2C%20Oregon
2020-04-21,15,8,0.0,12.2,3,0,05:08 AM,05:48 PM,05:14 AM,07:05 PM,6,12,12,12,5,58,71,0.0,1023,15,10,211,4,United%20States%2C%20Oregon
2020-04-22,11,7,0.0,8.7,3,0,05:29 AM,06:50 PM,05:12 AM,07:06 PM,9,9,10,9,14,87,89,24.5,1020,11,8,182,9,United%20States%2C%20Oregon
2020-04-23,16,9,0.0,11.0,3,0,05:51 AM,07:53 PM,05:11 AM,07:08 PM,8,11,12,11,14,65,78,3.5,1025,16,10,229,10,United%20States%2C%20Oregon
2020-04-24,19,9,0.0,12.2,4,7,06:15 AM,08:57 PM,05:09 AM,07:09 PM,8,14,14,14,6,61,69,0.0,1023,19,10,168,4,United%20States%2C%20Oregon
2020-04-25,15,10,0.0,9.9,3,15,06:44 AM,10:01 PM,05:07 AM,07:10 PM,9,12,12,12,13,77,83,5.5,1019,15,10,194,9,United%20States%2C%20Oregon
2020-04-26,19,7,0.0,14.1,4,22,07:18 AM,11:04 PM,05:06 AM,07:12 PM,5,12,13,12,8,29,63,0.0,1020,19,10,197,5,United%20States%2C%20Oregon
2020-04-27,18,9,0.0,8.8,3,30,08:00 AM,No moonset,05:04 AM,07:13 PM,8,12,13,12,19,80,73,7.5,1018,18,9,207,13,United%20States%2C%20Oregon
2020-04-28,22,9,0.0,13.4,4,37,08:50 AM,12:03 AM,05:03 AM,07:14 PM,10,15,16,15,6,48,72,0.5,1021,22,10,210,5,United%20States%2C%20Oregon
2020-04-29,17,13,0.0,10.0,4,45,09:50 AM,12:56 AM,05:01 AM,07:15 PM,10,15,14,15,9,61,77,1.7,1016,17,9,229,7,United%20States%2C%20Oregon
2020-04-30,16,11,0.0,11.3,3,52,10:57 AM,01:42 AM,04:59 AM,07:17 PM,7,13,13,13,13,61,71,3.5,1018,16,10,237,10,United%20States%2C%20Oregon
2020-05-01,15,7,0.0,10.2,3,58,12:10 PM,02:21 AM,04:58 AM,07:18 PM,5,11,11,11,6,69,66,0.0,1018,15,10,151,4,United%20States%2C%20Oregon
2020-05-02,12,9,0.0,9.1,3,65,01:26 PM,02:55 AM,04:56 AM,07:19 PM,8,10,11,10,16,84,84,16.6,1013,12,7,157,9,United%20States%2C%20Oregon
2020-05-03,14,6,0.0,9.2,3,72,02:44 PM,03:25 AM,04:55 AM,07:21 PM,5,9,10,9,11,80,72,5.9,1022,14,10,216,7,United%20States%2C%20Oregon
2020-05-04,18,7,0.0,14.5,4,80,04:03 PM,03:52 AM,04:54 AM,07:22 PM,4,12,12,12,7,38,60,0.4,1022,18,10,222,5,United%20States%2C%20Oregon
2020-05-05,21,9,0.0,13.4,5,87,05:23 PM,04:18 AM,04:52 AM,07:23 PM,6,15,15,15,6,43,56,0.2,1021,21,10,202,4,United%20States%2C%20Oregon
2020-05-06,17,8,0.0,11.3,3,94,06:43 PM,04:46 AM,04:51 AM,07:24 PM,5,11,13,11,16,61,64,6.9,1027,17,8,236,11,United%20States%2C%20Oregon
2020-05-07,23,7,0.0,14.5,5,100,08:03 PM,05:17 AM,04:49 AM,07:25 PM,3,14,15,14,14,23,52,0.0,1025,23,10,27,10,United%20States%2C%20Oregon
2020-05-08,26,13,0.0,14.5,6,100,09:21 PM,05:52 AM,04:48 AM,07:27 PM,7,20,21,20,18,3,47,0.0,1018,26,10,65,12,United%20States%2C%20Oregon
2020-05-09,28,15,0.0,13.5,5,84,10:33 PM,06:33 AM,04:47 AM,07:28 PM,9,22,22,21,9,19,49,0.0,1015,28,10,57,6,United%20States%2C%20Oregon
2020-05-10,29,16,0.0,14.5,5,77,11:35 PM,07:23 AM,04:45 AM,07:29 PM,12,23,23,22,6,25,57,0.9,1010,29,10,115,4,United%20States%2C%20Oregon
2020-05-11,17,11,0.0,9.3,4,70,No moonrise,08:19 AM,04:44 AM,07:30 PM,11,15,15,15,9,79,80,21.2,1007,17,8,182,6,United%20States%2C%20Oregon
2020-05-12,15,11,0.0,9.3,3,62,12:26 AM,09:21 AM,04:43 AM,07:32 PM,9,12,13,12,16,97,80,5.0,1006,15,8,164,11,United%20States%2C%20Oregon
2020-05-13,12,9,0.0,9.3,3,55,01:08 AM,10:25 AM,04:42 AM,07:33 PM,8,10,11,10,11,97,84,7.6,1013,12,10,180,7,United%20States%2C%20Oregon
2020-05-14,15,10,0.0,9.3,3,48,01:41 AM,11:30 AM,04:40 AM,07:34 PM,10,12,12,12,13,88,85,23.2,1016,15,8,205,8,United%20States%2C%20Oregon
2020-05-15,21,8,0.0,14.5,5,40,02:08 AM,12:34 PM,04:39 AM,07:35 PM,7,14,14,14,8,39,66,1.6,1018,21,10,202,5,United%20States%2C%20Oregon
2020-05-16,15,12,0.0,9.4,3,33,02:32 AM,01:36 PM,04:38 AM,07:36 PM,8,14,14,14,5,65,71,1.4,1010,15,9,171,4,United%20States%2C%20Oregon
2020-05-17,21,12,0.0,9.4,4,26,02:54 AM,02:38 PM,04:37 AM,07:37 PM,10,15,16,15,9,77,74,21.7,1006,21,9,200,7,United%20States%2C%20Oregon
2020-05-18,17,12,0.0,9.4,3,19,03:14 AM,03:39 PM,04:36 AM,07:38 PM,10,13,14,13,9,87,81,9.7,1009,17,8,240,6,United%20States%2C%20Oregon
2020-05-19,18,10,0.0,9.4,3,11,03:34 AM,04:41 PM,04:35 AM,07:40 PM,10,13,13,13,7,82,81,3.8,1016,18,8,224,5,United%20States%2C%20Oregon
2020-05-20,13,9,0.0,9.4,3,4,03:55 AM,05:44 PM,04:34 AM,07:41 PM,8,10,11,10,16,92,83,2.4,1018,13,7,212,12,United%20States%2C%20Oregon
2020-05-21,13,9,0.0,9.4,3,0,04:19 AM,06:48 PM,04:33 AM,07:42 PM,7,10,11,10,14,85,78,9.4,1018,13,9,248,9,United%20States%2C%20Oregon
2020-05-22,14,7,0.0,9.4,3,0,04:46 AM,07:53 PM,04:32 AM,07:43 PM,6,9,10,9,13,79,75,3.7,1019,14,10,248,9,United%20States%2C%20Oregon
2020-05-23,21,8,0.0,13.5,4,3,05:19 AM,08:57 PM,04:31 AM,07:44 PM,6,14,14,14,4,48,64,0.1,1021,21,10,261,3,United%20States%2C%20Oregon
2020-05-24,23,10,0.0,14.5,5,10,05:58 AM,09:58 PM,04:31 AM,07:45 PM,8,16,17,16,4,34,61,0.0,1020,23,10,162,3,United%20States%2C%20Oregon
2020-05-25,18,13,0.0,9.5,4,17,06:46 AM,10:54 PM,04:30 AM,07:46 PM,11,15,15,15,3,80,75,0.0,1018,18,10,156,2,United%20States%2C%20Oregon
2020-05-26,24,13,0.0,12.5,5,25,07:43 AM,11:43 PM,04:29 AM,07:47 PM,12,18,19,18,6,60,70,0.0,1018,24,10,241,5,United%20States%2C%20Oregon
2020-05-27,25,13,0.0,14.5,6,32,08:48 AM,No moonset,04:28 AM,07:48 PM,8,19,19,19,8,16,54,0.0,1019,25,10,166,6,United%20States%2C%20Oregon
2020-05-28,30,15,0.0,14.5,6,39,09:59 AM,12:23 AM,04:27 AM,07:49 PM,9,22,22,22,9,10,48,0.0,1016,30,10,275,6,United%20States%2C%20Oregon
2020-05-29,29,17,0.0,14.5,6,47,11:12 AM,12:58 AM,04:27 AM,07:50 PM,12,23,23,23,8,4,54,0.0,1013,29,10,258,7,United%20States%2C%20Oregon
2020-05-30,14,10,0.0,9.5,3,54,12:27 PM,01:28 AM,04:26 AM,07:50 PM,10,13,14,13,13,83,81,35.2,1009,14,8,251,10,United%20States%2C%20Oregon
2020-05-31,19,10,0.0,12.5,4,58,01:43 PM,01:54 AM,04:26 AM,07:51 PM,7,14,14,14,12,51,66,22.9,1017,19,9,274,9,United%20States%2C%20Oregon
2020-06-01,22,11,0.0,14.5,5,71,03:00 PM,02:20 AM,04:25 AM,07:52 PM,7,16,17,16,9,8,57,0.0,1020,22,10,300,7,United%20States%2C%20Oregon
2020-06-02,24,11,0.0,14.5,5,79,04:18 PM,02:46 AM,04:25 AM,07:53 PM,7,17,18,17,6,17,57,0.0,1023,24,10,204,5,United%20States%2C%20Oregon
2020-06-03,24,12,0.0,14.5,5,86,05:37 PM,03:14 AM,04:24 AM,07:54 PM,8,18,19,18,9,22,57,0.0,1020,24,10,188,7,United%20States%2C%20Oregon
2020-06-04,22,11,0.0,14.5,5,94,06:55 PM,03:46 AM,04:24 AM,07:54 PM,7,16,17,16,9,18,56,0.0,1017,22,10,230,7,United%20States%2C%20Oregon
2020-06-05,19,12,0.0,12.5,4,100,08:10 PM,04:23 AM,04:23 AM,07:55 PM,8,15,16,15,7,52,68,1.2,1009,19,9,213,5,United%20States%2C%20Oregon
2020-06-06,15,9,0.0,10.6,3,100,09:18 PM,05:09 AM,04:23 AM,07:56 PM,7,11,12,11,13,65,74,4.3,1010,15,10,213,10,United%20States%2C%20Oregon
2020-06-07,14,7,0.0,11.6,3,84,10:15 PM,06:02 AM,04:23 AM,07:57 PM,7,10,11,10,17,64,80,5.6,1015,14,10,232,11,United%20States%2C%20Oregon
2020-06-08,16,10,0.0,9.6,3,76,11:03 PM,07:03 AM,04:22 AM,07:57 PM,7,12,13,12,16,81,69,2.2,1022,16,10,231,11,United%20States%2C%20Oregon
2020-06-09,15,11,0.0,9.6,3,69,11:40 PM,08:08 AM,04:22 AM,07:58 PM,10,12,13,12,9,95,88,21.8,1019,15,8,176,6,United%20States%2C%20Oregon
2020-06-10,24,8,0.0,10.6,4,61,No moonrise,09:15 AM,04:22 AM,07:58 PM,13,17,17,17,8,73,77,0.5,1019,24,7,194,6,United%20States%2C%20Oregon
2020-06-11,26,14,0.0,12.5,5,54,12:10 AM,10:20 AM,04:22 AM,07:59 PM,12,20,20,20,8,63,65,0.4,1016,26,10,226,6,United%20States%2C%20Oregon
2020-06-12,14,9,0.0,10.6,3,46,12:36 AM,11:24 AM,04:22 AM,07:59 PM,11,13,14,13,9,76,85,10.1,1014,14,9,271,7,United%20States%2C%20Oregon
2020-06-13,13,8,0.0,9.9,3,38,12:58 AM,12:26 PM,04:21 AM,08:00 PM,10,10,12,10,15,92,87,19.9,1014,13,8,205,11,United%20States%2C%20Oregon
2020-06-14,20,6,0.0,10.8,4,31,01:19 AM,01:28 PM,04:21 AM,08:00 PM,8,13,14,13,10,60,69,7.4,1017,20,10,214,8,United%20States%2C%20Oregon
2020-06-15,14,12,0.0,9.9,3,23,01:39 AM,02:29 PM,04:21 AM,08:01 PM,10,12,13,12,18,88,82,23.2,1014,14,8,199,12,United%20States%2C%20Oregon
2020-06-16,17,10,0.0,9.9,3,16,02:00 AM,03:32 PM,04:21 AM,08:01 PM,10,13,13,13,12,86,81,18.1,1017,17,9,216,8,United%20States%2C%20Oregon
2020-06-17,24,11,0.0,14.5,5,8,02:22 AM,04:35 PM,04:21 AM,08:01 PM,9,17,18,17,6,26,65,1.3,1023,24,10,283,5,United%20States%2C%20Oregon
2020-06-18,26,13,0.0,14.5,6,1,02:47 AM,05:40 PM,04:22 AM,08:02 PM,10,19,20,19,8,11,58,0.0,1020,26,10,207,6,United%20States%2C%20Oregon
2020-06-19,28,15,0.0,14.5,6,0,03:18 AM,06:45 PM,04:22 AM,08:02 PM,12,22,22,21,5,22,59,0.0,1014,28,10,200,4,United%20States%2C%20Oregon
2020-06-20,17,12,0.0,9.9,4,0,03:55 AM,07:49 PM,04:22 AM,08:02 PM,14,16,17,16,7,82,85,11.8,1015,17,8,188,5,United%20States%2C%20Oregon
2020-06-21,27,14,0.0,12.7,5,0,04:40 AM,08:48 PM,04:22 AM,08:02 PM,12,20,20,20,7,40,64,1.0,1019,27,10,256,5,United%20States%2C%20Oregon
2020-06-22,28,14,0.0,14.5,6,7,05:35 AM,09:40 PM,04:22 AM,08:03 PM,12,22,22,21,8,2,57,0.0,1020,28,10,209,7,United%20States%2C%20Oregon
2020-06-23,31,19,0.0,13.6,6,14,06:39 AM,10:24 PM,04:23 AM,08:03 PM,14,25,25,25,8,23,57,0.0,1016,31,10,218,6,United%20States%2C%20Oregon
2020-06-24,27,19,0.0,12.7,5,22,07:49 AM,11:01 PM,04:23 AM,08:03 PM,14,24,24,23,9,37,59,0.2,1014,27,10,221,6,United%20States%2C%20Oregon
2020-06-25,29,15,0.0,13.6,5,29,09:03 AM,11:32 PM,04:23 AM,08:03 PM,14,22,22,22,9,26,65,0.0,1015,29,10,308,7,United%20States%2C%20Oregon
2020-06-26,30,18,0.0,14.5,6,37,10:17 AM,11:59 PM,04:24 AM,08:03 PM,13,24,24,23,9,6,56,0.0,1016,30,10,207,7,United%20States%2C%20Oregon
2020-06-27,21,15,0.0,13.6,4,44,11:32 AM,No moonset,04:24 AM,08:03 PM,10,18,18,18,13,34,62,0.0,1014,21,10,291,10,United%20States%2C%20Oregon
2020-06-28,19,12,0.0,9.9,4,52,12:47 PM,12:24 AM,04:25 AM,08:03 PM,11,15,15,15,10,76,75,10.6,1010,19,9,240,7,United%20States%2C%20Oregon
2020-06-29,24,12,0.0,14.5,4,59,02:02 PM,12:49 AM,04:25 AM,08:02 PM,12,18,19,18,11,31,70,0.4,1015,24,10,216,8,United%20States%2C%20Oregon
2020-06-30,18,13,0.0,9.9,4,67,03:19 PM,01:16 AM,04:26 AM,08:02 PM,10,15,16,15,11,77,71,1.2,1016,18,10,246,8,United%20States%2C%20Oregon
2020-07-01,16,12,0.0,9.9,3,72,04:35 PM,01:45 AM,04:26 AM,08:02 PM,9,13,14,13,16,83,75,1.5,1015,16,10,227,12,United%20States%2C%20Oregon
2020-07-02,25,12,0.0,12.6,4,79,05:51 PM,02:19 AM,04:27 AM,08:02 PM,10,18,19,18,9,49,66,0.4,1015,25,10,240,7,United%20States%2C%20Oregon
2020-07-03,27,11,0.0,14.5,6,86,07:01 PM,03:00 AM,04:28 AM,08:02 PM,10,19,19,19,6,14,61,0.0,1017,27,10,301,4,United%20States%2C%20Oregon
2020-07-04,24,13,0.0,14.5,5,94,08:03 PM,03:49 AM,04:28 AM,08:01 PM,10,18,18,18,7,19,63,0.0,1020,24,10,255,6,United%20States%2C%20Oregon
2020-07-05,26,13,0.0,14.5,6,100,08:54 PM,04:46 AM,04:29 AM,08:01 PM,11,19,20,19,4,19,63,0.0,1020,26,10,266,3,United%20States%2C%20Oregon
2020-07-06,24,12,0.0,14.5,5,100,09:36 PM,05:50 AM,04:30 AM,08:00 PM,10,18,18,18,6,35,63,0.0,1016,24,10,254,5,United%20States%2C%20Oregon
2020-07-07,19,13,0.0,9.8,4,85,10:10 PM,06:57 AM,04:30 AM,08:00 PM,10,16,17,16,7,82,69,0.5,1017,19,10,241,5,United%20States%2C%20Oregon
2020-07-08,24,14,0.0,12.6,4,77,10:37 PM,08:04 AM,04:31 AM,08:00 PM,11,19,19,19,7,59,67,1.0,1018,24,10,294,5,United%20States%2C%20Oregon
2020-07-09,22,14,0.0,10.5,4,70,11:01 PM,09:09 AM,04:32 AM,07:59 PM,12,17,18,17,5,63,74,1.9,1016,22,10,176,4,United%20States%2C%20Oregon
2020-07-10,29,14,0.0,14.5,6,63,11:23 PM,10:13 AM,04:33 AM,07:59 PM,13,22,22,22,6,32,64,0.4,1018,29,10,195,5,United%20States%2C%20Oregon
2020-07-11,26,17,0.0,14.5,6,55,11:43 PM,11:15 AM,04:34 AM,07:58 PM,13,22,22,21,7,4,61,0.0,1019,26,10,190,6,United%20States%2C%20Oregon
2020-07-12,24,15,0.0,10.5,4,48,No moonrise,12:16 PM,04:34 AM,07:57 PM,11,18,19,18,8,70,65,0.2,1020,24,10,264,6,United%20States%2C%20Oregon
2020-07-13,27,13,0.0,14.5,6,41,12:03 AM,01:19 PM,04:35 AM,07:57 PM,9,20,20,20,9,7,57,0.0,1018,27,10,222,7,United%20States%2C%20Oregon
2020-07-14,28,14,0.0,14.5,6,34,12:24 AM,02:21 PM,04:36 AM,07:56 PM,10,21,21,21,9,3,53,0.0,1018,28,10,305,7,United%20States%2C%20Oregon
2020-07-15,29,17,0.0,14.5,6,26,12:48 AM,03:25 PM,04:37 AM,07:55 PM,12,23,23,22,9,2,55,0.0,1018,29,10,261,7,United%20States%2C%20Oregon
2020-07-16,29,17,0.0,13.5,5,19,01:17 AM,04:30 PM,04:38 AM,07:54 PM,14,24,24,23,7,18,62,0.0,1016,29,10,221,6,United%20States%2C%20Oregon
2020-07-17,27,17,0.0,12.5,5,12,01:50 AM,05:35 PM,04:39 AM,07:54 PM,12,22,22,21,10,49,61,0.2,1017,27,10,331,8,United%20States%2C%20Oregon
2020-07-18,31,13,0.0,14.5,6,5,02:32 AM,06:36 PM,04:40 AM,07:53 PM,12,22,22,22,6,14,61,0.0,1019,31,10,263,5,United%20States%2C%20Oregon
2020-07-19,29,16,0.0,12.5,5,0,03:23 AM,07:32 PM,04:41 AM,07:52 PM,14,22,22,22,6,38,65,0.0,1018,29,10,324,5,United%20States%2C%20Oregon
2020-07-20,34,17,0.0,14.5,7,0,04:24 AM,08:20 PM,04:42 AM,07:51 PM,16,27,27,26,4,5,61,0.0,1014,34,10,218,4,United%20States%2C%20Oregon
2020-07-21,31,20,0.0,14.5,7,2,05:34 AM,09:00 PM,04:43 AM,07:50 PM,15,28,28,26,8,4,57,0.0,1012,31,10,270,6,United%20States%2C%20Oregon
2020-07-22,24,17,0.0,11.4,5,10,06:48 AM,09:34 PM,04:44 AM,07:49 PM,14,21,21,21,8,50,69,0.0,1011,24,10,186,6,United%20States%2C%20Oregon
2020-07-23,23,15,0.0,10.4,4,17,08:05 AM,10:03 PM,04:45 AM,07:48 PM,11,19,20,19,5,64,64,0.1,1015,23,10,280,4,United%20States%2C%20Oregon
2020-07-24,24,13,0.0,12.5,4,24,09:22 AM,10:29 PM,04:46 AM,07:47 PM,10,18,18,18,9,33,61,0.0,1016,24,10,255,6,United%20States%2C%20Oregon
2020-07-25,27,12,0.0,13.5,5,32,10:37 AM,10:54 PM,04:48 AM,07:46 PM,10,19,19,19,9,20,61,0.0,1018,27,10,165,7,United%20States%2C%20Oregon
2020-07-26,36,18,0.0,14.5,7,39,11:53 AM,11:20 PM,04:49 AM,07:45 PM,12,26,26,26,9,0,49,0.0,1015,36,10,203,7,United%20States%2C%20Oregon
2020-07-27,37,22,0.0,14.5,8,46,01:08 PM,11:48 PM,04:50 AM,07:44 PM,12,31,31,30,5,3,39,0.0,1012,37,10,220,4,United%20States%2C%20Oregon
2020-07-28,32,18,0.0,14.5,7,53,02:23 PM,No moonset,04:51 AM,07:42 PM,13,26,26,26,6,3,52,0.0,1012,32,10,312,5,United%20States%2C%20Oregon
2020-07-29,34,19,0.0,14.5,7,61,03:38 PM,12:19 AM,04:52 AM,07:41 PM,11,27,27,27,7,2,42,0.0,1012,34,10,221,6,United%20States%2C%20Oregon
2020-07-30,33,18,0.0,11.4,6,68,04:48 PM,12:57 AM,04:53 AM,07:40 PM,13,26,26,25,5,43,52,1.3,1014,33,10,225,4,United%20States%2C%20Oregon
2020-07-31,33,21,0.0,14.5,7,72,05:52 PM,01:42 AM,04:54 AM,07:39 PM,13,29,29,28,5,2,46,0.0,1015,33,10,250,4,United%20States%2C%20Oregon
2020-08-01,30,17,0.0,13.5,5,82,06:47 PM,02:35 AM,04:55 AM,07:37 PM,14,24,24,23,4,25,59,0.0,1018,30,10,282,3,United%20States%2C%20Oregon
2020-08-02,31,18,0.0,14.5,7,90,07:32 PM,03:36 AM,04:57 AM,07:36 PM,14,25,25,24,5,7,56,0.0,1017,31,10,244,4,United%20States%2C%20Oregon
2020-08-03,30,17,0.0,14.5,6,97,08:08 PM,04:41 AM,04:58 AM,07:35 PM,12,24,24,24,7,12,53,0.0,1019,30,10,261,5,United%20States%2C%20Oregon
2020-08-04,31,18,0.0,14.5,7,100,08:38 PM,05:49 AM,04:59 AM,07:33 PM,15,24,24,24,7,2,60,0.0,1017,31,10,263,6,United%20States%2C%20Oregon
2020-08-05,30,19,0.0,14.3,7,88,09:04 PM,06:55 AM,05:00 AM,07:32 PM,12,24,24,24,8,1,51,0.0,1013,30,10,252,6,United%20States%2C%20Oregon
2020-08-06,21,16,0.0,8.9,4,81,09:26 PM,07:59 AM,05:01 AM,07:31 PM,12,18,18,18,10,78,74,1.0,1014,21,9,238,7,United%20States%2C%20Oregon
2020-08-07,26,13,0.0,14.3,6,74,09:47 PM,09:03 AM,05:03 AM,07:29 PM,10,19,20,19,7,15,58,0.0,1019,26,10,234,5,United%20States%2C%20Oregon
2020-08-08,25,15,0.0,11.1,5,67,10:06 PM,10:04 AM,05:04 AM,07:28 PM,11,19,19,19,9,50,59,0.0,1020,25,10,236,7,United%20States%2C%20Oregon
2020-08-09,28,13,0.0,14.2,6,59,10:27 PM,11:06 AM,05:05 AM,07:26 PM,10,21,21,21,9,12,56,0.0,1021,28,10,223,7,United%20States%2C%20Oregon
2020-08-10,31,19,0.0,14.2,7,52,10:50 PM,12:08 PM,05:06 AM,07:25 PM,12,25,25,24,8,2,51,0.0,1017,31,10,218,6,United%20States%2C%20Oregon
2020-08-11,27,15,0.0,14.2,6,45,11:15 PM,01:11 PM,05:07 AM,07:23 PM,9,21,21,21,8,6,52,0.0,1015,27,10,197,6,United%20States%2C%20Oregon
2020-08-12,24,12,0.0,12.2,4,38,11:46 PM,02:15 PM,05:09 AM,07:22 PM,7,18,18,18,8,30,55,0.0,1016,24,10,224,6,United%20States%2C%20Oregon
2020-08-13,26,12,0.0,14.1,6,30,No moonrise,03:19 PM,05:10 AM,07:20 PM,8,20,20,20,9,6,56,0.0,1019,26,10,226,7,United%20States%2C%20Oregon
2020-08-14,28,14,0.0,14.1,6,23,12:23 AM,04:21 PM,05:11 AM,07:18 PM,9,22,22,21,8,1,51,0.0,1019,28,10,182,7,United%20States%2C%20Oregon
2020-08-15,35,19,0.0,14.1,7,16,01:10 AM,05:19 PM,05:12 AM,07:17 PM,13,27,27,27,7,2,47,0.0,1013,35,10,153,6,United%20States%2C%20Oregon
2020-08-16,37,23,0.0,14.0,7,8,02:06 AM,06:11 PM,05:14 AM,07:15 PM,14,32,32,31,6,16,42,0.1,1013,37,10,210,4,United%20States%2C%20Oregon
2020-08-17,36,21,0.0,14.0,6,1,03:13 AM,06:55 PM,05:15 AM,07:13 PM,14,30,30,28,5,18,48,0.1,1018,36,10,247,4,United%20States%2C%20Oregon
2020-08-18,32,19,0.0,14.0,7,0,04:26 AM,07:32 PM,05:16 AM,07:12 PM,14,27,27,26,4,6,52,0.0,1017,32,10,254,3,United%20States%2C%20Oregon
2020-08-19,29,17,0.0,12.2,5,0,05:44 AM,08:03 PM,05:17 AM,07:10 PM,13,24,24,24,5,29,58,0.0,1015,29,10,249,4,United%20States%2C%20Oregon
2020-08-20,28,18,0.0,13.9,6,6,07:03 AM,08:30 PM,05:18 AM,07:08 PM,12,23,23,23,11,44,55,0.0,1011,28,10,214,9,United%20States%2C%20Oregon
2020-08-21,24,18,0.0,8.7,5,13,08:21 AM,08:57 PM,05:20 AM,07:07 PM,14,21,21,21,16,80,67,0.8,1012,24,10,209,12,United%20States%2C%20Oregon
2020-08-22,26,14,0.0,13.8,6,20,09:40 AM,09:23 PM,05:21 AM,07:05 PM,11,20,20,20,10,18,61,0.0,1017,26,10,193,7,United%20States%2C%20Oregon
2020-08-23,28,16,0.0,13.8,6,28,10:57 AM,09:50 PM,05:22 AM,07:03 PM,10,22,22,22,8,1,53,0.0,1014,28,10,260,7,United%20States%2C%20Oregon
2020-08-24,28,17,0.0,13.8,5,35,12:14 PM,10:20 PM,05:23 AM,07:01 PM,10,22,22,22,9,14,53,0.0,1013,28,10,180,7,United%20States%2C%20Oregon
2020-08-25,29,15,0.0,13.3,6,42,01:30 PM,10:56 PM,05:25 AM,06:59 PM,9,22,22,22,8,6,50,0.0,1013,29,10,249,6,United%20States%2C%20Oregon
2020-08-26,27,15,0.0,13.3,6,50,02:41 PM,11:39 PM,05:26 AM,06:58 PM,11,22,22,22,9,1,57,0.0,1014,27,10,221,7,United%20States%2C%20Oregon
2020-08-27,27,14,0.0,13.3,5,57,03:47 PM,No moonset,05:27 AM,06:56 PM,12,20,20,20,6,29,63,0.0,1016,27,10,306,5,United%20States%2C%20Oregon
2020-08-28,29,18,0.0,13.3,6,64,04:43 PM,12:29 AM,05:28 AM,06:54 PM,13,24,24,23,8,0,58,0.0,1015,29,10,223,7,United%20States%2C%20Oregon
2020-08-29,25,16,0.0,13.2,6,71,05:31 PM,01:27 AM,05:29 AM,06:52 PM,10,20,21,20,10,6,57,0.0,1015,25,10,256,8,United%20States%2C%20Oregon
2020-08-30,23,11,0.0,12.0,4,79,06:09 PM,02:30 AM,05:31 AM,06:50 PM,8,17,18,17,7,42,60,0.0,1019,23,10,266,5,United%20States%2C%20Oregon
2020-08-31,22,16,0.0,10.7,4,82,06:40 PM,03:37 AM,05:32 AM,06:48 PM,10,18,19,18,5,68,60,0.1,1017,22,10,151,4,United%20States%2C%20Oregon
2020-09-01,31,18,0.0,13.1,7,97,07:07 PM,04:42 AM,05:33 AM,06:47 PM,15,24,24,24,7,0,60,0.0,1016,31,10,180,6,United%20States%2C%20Oregon
2020-09-02,31,20,0.0,13.1,7,100,07:30 PM,05:48 AM,05:34 AM,06:45 PM,16,27,27,25,8,0,61,0.0,1016,31,10,187,7,United%20States%2C%20Oregon
2020-09-03,33,19,0.0,13.1,7,88,07:50 PM,06:51 AM,05:35 AM,06:43 PM,15,26,26,26,7,1,58,0.0,1016,33,10,181,6,United%20States%2C%20Oregon
2020-09-04,34,20,0.0,13.0,7,81,08:10 PM,07:54 AM,05:37 AM,06:41 PM,14,28,28,27,4,0,49,0.0,1015,34,10,199,4,United%20States%2C%20Oregon
2020-09-05,29,14,0.0,13.0,5,73,08:30 PM,08:56 AM,05:38 AM,06:39 PM,13,23,23,22,7,20,64,0.0,1020,29,10,209,5,United%20States%2C%20Oregon
2020-09-06,31,18,0.0,13.0,7,66,08:52 PM,09:58 AM,05:39 AM,06:37 PM,14,24,24,24,6,0,56,0.0,1021,31,10,201,5,United%20States%2C%20Oregon
2020-09-07,33,19,0.0,13.0,7,58,09:16 PM,11:00 AM,05:40 AM,06:35 PM,11,26,26,26,16,0,49,0.0,1017,33,10,82,12,United%20States%2C%20Oregon
2020-09-08,28,19,0.0,12.9,6,50,09:44 PM,12:03 PM,05:42 AM,06:33 PM,-7,23,23,23,30,4,14,0.0,1019,28,10,69,19,United%20States%2C%20Oregon
2020-09-09,34,19,0.0,12.9,7,43,10:17 PM,01:06 PM,05:43 AM,06:31 PM,-4,26,26,26,15,0,15,0.0,1014,34,10,56,10,United%20States%2C%20Oregon
2020-09-10,36,21,0.0,12.9,7,35,10:59 PM,02:08 PM,05:44 AM,06:30 PM,2,29,29,29,6,1,21,0.0,1014,36,10,166,5,United%20States%2C%20Oregon
2020-09-11,30,16,0.0,12.8,6,28,11:50 PM,03:07 PM,05:45 AM,06:28 PM,5,24,24,24,6,22,35,0.0,1015,30,10,195,4,United%20States%2C%20Oregon
2020-09-12,33,16,0.0,12.8,7,20,No moonrise,04:00 PM,05:46 AM,06:26 PM,10,26,26,25,3,7,44,0.0,1013,33,10,215,2,United%20States%2C%20Oregon
2020-09-13,29,16,0.0,12.8,5,13,12:51 AM,04:47 PM,05:48 AM,06:24 PM,12,23,23,22,5,15,58,0.0,1013,29,10,232,4,United%20States%2C%20Oregon
2020-09-14,22,14,0.0,12.7,4,5,02:01 AM,05:26 PM,05:49 AM,06:22 PM,11,18,19,18,2,43,65,0.0,1014,22,10,177,2,United%20States%2C%20Oregon
2020-09-15,22,19,0.0,12.7,5,0,03:17 AM,06:00 PM,05:50 AM,06:20 PM,11,20,21,20,6,36,57,0.7,1017,22,10,231,4,United%20States%2C%20Oregon
2020-09-16,30,18,0.0,12.7,6,0,04:35 AM,06:29 PM,05:51 AM,06:18 PM,16,24,24,24,5,10,67,0.0,1016,30,10,199,4,United%20States%2C%20Oregon
2020-09-17,26,17,0.0,12.6,5,0,05:56 AM,06:56 PM,05:52 AM,06:16 PM,16,23,23,22,6,54,74,2.8,1014,26,10,178,4,United%20States%2C%20Oregon
2020-09-18,23,17,0.0,11.9,5,2,07:17 AM,07:23 PM,05:54 AM,06:14 PM,14,20,20,20,8,65,73,14.9,1014,23,9,224,6,United%20States%2C%20Oregon
2020-09-19,23,14,0.0,7.9,4,10,08:37 AM,07:50 PM,05:55 AM,06:12 PM,13,18,18,18,8,70,78,4.4,1017,23,10,199,6,United%20States%2C%20Oregon
2020-09-20,25,14,0.0,12.5,6,17,09:57 AM,08:19 PM,05:56 AM,06:10 PM,12,19,20,19,5,26,68,0.3,1016,25,10,170,4,United%20States%2C%20Oregon
2020-09-21,26,15,0.0,12.5,6,25,11:17 AM,08:54 PM,05:57 AM,06:08 PM,11,20,21,20,5,14,63,0.0,1013,26,10,166,4,United%20States%2C%20Oregon
2020-09-22,23,14,0.0,9.1,4,32,12:32 PM,09:36 PM,05:58 AM,06:07 PM,11,18,18,18,10,62,67,0.1,1015,23,10,208,8,United%20States%2C%20Oregon
2020-09-23,20,12,0.0,7.5,4,40,01:42 PM,10:24 PM,06:00 AM,06:05 PM,11,16,17,16,14,79,70,27.5,1012,20,7,195,9,United%20States%2C%20Oregon
2020-09-24,19,14,0.0,6.0,4,47,02:41 PM,11:21 PM,06:01 AM,06:03 PM,12,16,16,16,23,74,79,21.1,1015,19,9,206,15,United%20States%2C%20Oregon
2020-09-25,14,13,0.0,6.0,3,55,03:32 PM,No moonset,06:02 AM,06:01 PM,11,12,14,12,24,79,86,12.5,1013,14,9,193,15,United%20States%2C%20Oregon
2020-09-26,20,13,0.0,4.3,4,62,04:11 PM,12:22 AM,06:03 AM,05:59 PM,11,16,15,16,11,67,77,7.5,1020,20,10,230,8,United%20States%2C%20Oregon
2020-09-27,23,11,0.0,8.7,5,70,04:44 PM,01:28 AM,06:04 AM,05:57 PM,9,17,17,17,9,14,66,0.0,1027,23,10,141,7,United%20States%2C%20Oregon
2020-09-28,28,14,0.0,8.7,6,78,05:11 PM,02:33 AM,06:06 AM,05:55 PM,8,21,21,21,12,0,49,0.0,1023,28,10,25,10,United%20States%2C%20Oregon
2020-09-29,32,18,0.0,8.7,7,85,05:35 PM,03:39 AM,06:07 AM,05:53 PM,11,25,25,25,5,0,46,0.0,1018,32,10,152,4,United%20States%2C%20Oregon
2020-09-30,32,20,0.0,8.7,7,93,05:56 PM,04:42 AM,06:08 AM,05:52 PM,12,27,27,26,3,0,47,0.0,1020,32,10,161,3,United%20States%2C%20Oregon
2020-10-01,33,20,0.0,8.7,7,97,06:15 PM,05:45 AM,06:09 AM,05:50 PM,15,28,28,27,4,0,53,0.0,1020,33,10,151,3,United%20States%2C%20Oregon
2020-10-02,32,20,0.0,8.7,7,100,06:35 PM,06:47 AM,06:11 AM,05:48 PM,14,28,28,26,3,0,53,0.0,1017,32,10,170,3,United%20States%2C%20Oregon
2020-10-03,31,19,0.0,8.7,7,89,06:56 PM,07:49 AM,06:12 AM,05:46 PM,12,25,25,25,4,0,50,0.0,1016,31,10,198,4,United%20States%2C%20Oregon
2020-10-04,24,13,0.0,7.2,4,82,07:19 PM,08:51 AM,06:13 AM,05:44 PM,12,19,19,19,7,24,70,0.0,1017,24,10,133,5,United%20States%2C%20Oregon
2020-10-05,25,15,0.0,7.2,5,74,07:45 PM,09:54 AM,06:14 AM,05:42 PM,13,19,20,19,7,34,70,0.0,1021,25,10,150,5,United%20States%2C%20Oregon
2020-10-06,27,16,0.0,8.7,6,67,08:15 PM,10:57 AM,06:16 AM,05:40 PM,14,22,22,21,5,0,67,0.0,1017,27,10,101,4,United%20States%2C%20Oregon
2020-10-07,26,15,0.0,8.7,6,60,08:53 PM,11:59 AM,06:17 AM,05:39 PM,14,21,21,21,4,7,70,0.0,1012,26,10,155,3,United%20States%2C%20Oregon
2020-10-08,19,14,0.0,4.2,4,53,09:40 PM,12:58 PM,06:18 AM,05:37 PM,12,17,17,17,6,56,77,0.0,1013,19,10,204,4,United%20States%2C%20Oregon
2020-10-09,22,13,0.0,8.7,5,45,10:35 PM,01:53 PM,06:19 AM,05:35 PM,11,17,17,17,11,38,70,0.1,1011,22,10,192,8,United%20States%2C%20Oregon
2020-10-10,16,11,0.0,5.7,3,38,11:39 PM,02:40 PM,06:21 AM,05:33 PM,10,13,14,13,25,78,77,34.4,1008,16,7,229,16,United%20States%2C%20Oregon
2020-10-11,14,9,0.0,4.2,3,31,No moonrise,03:22 PM,06:22 AM,05:31 PM,9,10,12,10,27,82,84,13.0,1017,14,9,206,17,United%20States%2C%20Oregon
2020-10-12,18,7,0.0,4.1,4,23,12:50 AM,03:56 PM,06:23 AM,05:29 PM,11,14,14,14,15,78,76,14.8,1018,18,8,252,10,United%20States%2C%20Oregon
2020-10-13,16,12,0.0,4.1,3,16,02:06 AM,04:26 PM,06:25 AM,05:28 PM,11,13,14,13,22,94,80,23.8,1017,16,7,210,14,United%20States%2C%20Oregon
2020-10-14,17,10,0.0,4.1,3,9,03:25 AM,04:54 PM,06:26 AM,05:26 PM,9,12,13,12,13,80,76,5.2,1030,17,9,235,8,United%20States%2C%20Oregon
2020-10-15,18,10,0.0,8.7,4,2,04:45 AM,05:20 PM,06:27 AM,05:24 PM,8,13,13,13,7,10,70,0.1,1032,18,10,114,6,United%20States%2C%20Oregon
2020-10-16,19,10,0.0,7.2,4,0,06:06 AM,05:47 PM,06:29 AM,05:22 PM,7,14,14,14,6,38,64,0.0,1025,19,10,141,4,United%20States%2C%20Oregon
2020-10-17,19,13,0.0,8.7,5,0,07:29 AM,06:15 PM,06:30 AM,05:21 PM,9,16,15,16,5,31,67,1.0,1021,19,10,197,4,United%20States%2C%20Oregon
2020-10-18,15,13,0.0,4.1,3,5,08:51 AM,06:49 PM,06:31 AM,05:19 PM,8,14,14,14,10,91,68,1.8,1019,15,8,218,7,United%20States%2C%20Oregon
2020-10-19,17,12,0.0,4.1,3,13,10:12 AM,07:28 PM,06:33 AM,05:17 PM,10,14,14,14,10,78,77,1.1,1021,17,10,248,7,United%20States%2C%20Oregon
2020-10-20,14,11,0.0,4.1,3,20,11:28 AM,08:15 PM,06:34 AM,05:16 PM,7,12,12,12,3,87,73,0.0,1021,14,10,197,2,United%20States%2C%20Oregon
2020-10-21,13,7,0.0,4.0,3,27,12:34 PM,09:11 PM,06:35 AM,05:14 PM,5,10,11,10,10,62,68,1.1,1020,13,10,228,7,United%20States%2C%20Oregon
2020-10-22,15,5,0.0,8.7,4,35,01:30 PM,10:13 PM,06:37 AM,05:12 PM,3,9,9,9,8,21,66,0.1,1026,15,10,160,6,United%20States%2C%20Oregon
2020-10-23,9,5,0.0,4.0,2,42,02:13 PM,11:19 PM,06:38 AM,05:11 PM,2,7,8,7,10,63,67,1.1,1018,9,8,144,6,United%20States%2C%20Oregon
2020-10-24,10,3,0.0,7.1,2,49,02:48 PM,No moonset,06:39 AM,05:09 PM,-1,4,7,4,21,44,57,1.9,1022,10,9,104,15,United%20States%2C%20Oregon
2020-10-25,9,3,0.0,8.7,3,56,03:17 PM,12:25 AM,06:41 AM,05:07 PM,-10,2,5,2,22,3,34,0.0,1030,9,10,52,16,United%20States%2C%20Oregon
2020-10-26,12,2,0.0,8.7,3,64,03:41 PM,01:31 AM,06:42 AM,05:06 PM,-9,5,6,5,8,5,33,0.0,1030,12,10,115,6,United%20States%2C%20Oregon
2020-10-27,14,6,0.0,5.6,3,71,04:02 PM,02:34 AM,06:43 AM,05:04 PM,0,10,9,10,4,58,54,0.0,1027,14,10,65,3,United%20States%2C%20Oregon
2020-10-28,18,7,0.0,8.7,4,78,04:22 PM,03:37 AM,06:45 AM,05:03 PM,8,11,11,11,5,16,79,0.0,1022,18,10,86,4,United%20States%2C%20Oregon
2020-10-29,21,8,0.0,8.7,5,85,04:41 PM,04:39 AM,06:46 AM,05:01 PM,10,14,14,14,4,4,77,0.0,1019,21,10,179,3,United%20States%2C%20Oregon
2020-10-30,14,9,0.0,3.9,3,93,05:01 PM,05:41 AM,06:48 AM,05:00 PM,8,11,11,11,10,67,81,1.0,1019,14,9,229,7,United%20States%2C%20Oregon
2020-10-31,14,6,0.0,8.7,4,97,05:23 PM,06:43 AM,06:49 AM,04:58 PM,5,10,10,10,7,13,71,0.1,1026,14,10,77,6,United%20States%2C%20Oregon
2020-11-01,20,7,0.0,8.7,4,89,05:48 PM,07:47 AM,06:50 AM,04:57 PM,6,13,13,13,5,0,63,0.0,1023,20,10,104,4,United%20States%2C%20Oregon
2020-11-02,18,11,0.0,8.7,3,81,06:17 PM,08:50 AM,06:52 AM,04:55 PM,6,14,13,14,3,22,61,0.0,1020,18,10,159,2,United%20States%2C%20Oregon
2020-11-03,14,8,0.0,5.4,3,74,06:52 PM,09:53 AM,06:53 AM,04:54 PM,6,11,11,11,9,74,70,3.8,1015,14,10,176,5,United%20States%2C%20Oregon
2020-11-04,18,8,0.0,5.4,4,66,07:35 PM,10:53 AM,06:55 AM,04:53 PM,12,14,15,14,24,76,82,3.1,1018,18,8,202,15,United%20States%2C%20Oregon
2020-11-05,15,10,0.0,3.7,3,58,08:26 PM,11:49 AM,06:56 AM,04:51 PM,11,13,14,13,20,79,84,17.5,1018,15,8,183,13,United%20States%2C%20Oregon
2020-11-06,11,8,0.0,7.0,2,51,09:27 PM,12:38 PM,06:58 AM,04:50 PM,6,8,9,8,13,56,78,16.5,1009,11,8,317,11,United%20States%2C%20Oregon
2020-11-07,8,5,0.0,5.4,2,43,10:33 PM,01:21 PM,06:59 AM,04:49 PM,3,5,6,5,10,49,80,1.7,1008,8,10,262,8,United%20States%2C%20Oregon
2020-11-08,9,3,0.0,8.7,3,36,11:46 PM,01:56 PM,07:00 AM,04:47 PM,1,5,6,5,6,36,75,0.8,1015,9,10,206,5,United%20States%2C%20Oregon
2020-11-09,7,2,0.0,7.0,1,28,No moonrise,02:26 PM,07:02 AM,04:46 PM,-0,3,5,3,8,50,71,1.1,1023,7,9,158,6,United%20States%2C%20Oregon
2020-11-10,9,2,0.0,3.5,2,21,01:00 AM,02:54 PM,07:03 AM,04:45 PM,4,4,7,4,20,92,84,9.3,1020,9,8,223,14,United%20States%2C%20Oregon
2020-11-11,10,4,0.0,3.5,2,13,02:17 AM,03:19 PM,07:05 AM,04:44 PM,4,6,7,6,10,81,84,3.3,1019,10,10,201,6,United%20States%2C%20Oregon
2020-11-12,7,3,0.0,3.5,2,6,03:36 AM,03:45 PM,07:06 AM,04:43 PM,4,4,6,4,16,81,84,14.9,1014,7,9,173,11,United%20States%2C%20Oregon
2020-11-13,10,2,0.0,3.5,2,0,04:56 AM,04:11 PM,07:07 AM,04:42 PM,7,5,8,5,32,96,89,65.4,1001,10,7,205,21,United%20States%2C%20Oregon
2020-11-14,7,5,0.0,3.5,2,0,06:18 AM,04:41 PM,07:09 AM,04:41 PM,4,4,6,4,19,93,87,13.7,1016,7,8,188,12,United%20States%2C%20Oregon
2020-11-15,11,5,0.0,5.2,2,0,07:42 AM,05:18 PM,07:10 AM,04:40 PM,7,7,9,7,20,73,87,19.6,1015,11,9,203,12,United%20States%2C%20Oregon
2020-11-16,11,8,0.0,3.5,2,2,09:02 AM,06:01 PM,07:12 AM,04:39 PM,7,9,9,9,9,78,88,11.4,1014,11,9,60,6,United%20States%2C%20Oregon
2020-11-17,13,10,0.0,3.5,3,9,10:16 AM,06:55 PM,07:13 AM,04:38 PM,8,9,11,9,23,70,81,13.7,1001,13,8,153,14,United%20States%2C%20Oregon
2020-11-18,10,7,0.0,3.5,2,17,11:19 AM,07:56 PM,07:14 AM,04:37 PM,5,6,8,6,22,82,81,14.0,1008,10,8,171,14,United%20States%2C%20Oregon
2020-11-19,11,6,0.0,3.5,2,24,12:10 PM,09:03 PM,07:16 AM,04:36 PM,5,6,8,6,17,88,83,15.2,1023,11,8,202,11,United%20States%2C%20Oregon
2020-11-20,11,4,0.0,8.7,3,32,12:49 PM,10:12 PM,07:17 AM,04:35 PM,3,7,7,7,5,22,77,0.4,1031,11,10,183,3,United%20States%2C%20Oregon
2020-11-21,10,4,0.0,8.7,2,39,01:21 PM,11:20 PM,07:18 AM,04:34 PM,2,6,6,6,5,42,75,0.0,1028,10,10,84,3,United%20States%2C%20Oregon
2020-11-22,7,4,0.0,3.4,2,47,01:47 PM,No moonset,07:20 AM,04:34 PM,1,4,5,4,10,90,75,1.6,1018,7,7,149,6,United%20States%2C%20Oregon
2020-11-23,9,0,0.0,3.4,2,54,02:08 PM,12:25 AM,07:21 AM,04:33 PM,5,5,7,5,17,74,84,6.2,1018,9,9,214,11,United%20States%2C%20Oregon
2020-11-24,8,4,0.0,3.4,2,62,02:28 PM,01:29 AM,07:22 AM,04:32 PM,4,5,6,5,13,71,85,4.6,1017,8,10,185,8,United%20States%2C%20Oregon
2020-11-25,8,5,0.0,3.4,2,70,02:48 PM,02:30 AM,07:23 AM,04:32 PM,5,4,7,4,24,94,88,9.7,1016,8,7,207,16,United%20States%2C%20Oregon
2020-11-26,10,6,0.0,3.4,2,77,03:07 PM,03:33 AM,07:25 AM,04:31 PM,6,7,7,7,7,67,88,0.7,1028,10,9,198,5,United%20States%2C%20Oregon
2020-11-27,9,4,0.0,6.9,2,85,03:28 PM,04:34 AM,07:26 AM,04:30 PM,2,6,6,6,4,26,79,0.0,1025,9,10,183,2,United%20States%2C%20Oregon
2020-11-28,7,1,0.0,3.4,2,92,03:52 PM,05:38 AM,07:27 AM,04:30 PM,3,5,5,5,5,78,85,3.6,1026,7,9,122,3,United%20States%2C%20Oregon
2020-11-29,10,3,0.0,8.7,2,100,04:19 PM,06:41 AM,07:28 AM,04:29 PM,5,7,7,7,4,25,83,0.0,1024,10,10,55,2,United%20States%2C%20Oregon
2020-11-30,11,6,0.0,8.7,2,100,04:52 PM,07:45 AM,07:30 AM,04:29 PM,5,7,8,7,15,51,79,6.7,1025,11,9,219,10,United%20States%2C%20Oregon
2020-12-01,8,4,0.0,8.7,3,89,05:33 PM,08:47 AM,07:31 AM,04:29 PM,3,5,6,5,8,15,81,0.1,1032,8,10,59,6,United%20States%2C%20Oregon
2020-12-02,10,4,0.0,8.7,3,82,06:22 PM,09:46 AM,07:32 AM,04:28 PM,-0,4,6,4,15,1,64,0.0,1026,10,10,59,10,United%20States%2C%20Oregon
2020-12-03,8,2,0.0,5.1,1,75,07:20 PM,10:37 AM,07:33 AM,04:28 PM,-2,4,4,4,8,43,65,0.0,1027,8,10,157,5,United%20States%2C%20Oregon
2020-12-04,13,4,0.0,8.7,3,67,08:24 PM,11:22 AM,07:34 AM,04:28 PM,1,7,7,7,6,14,66,0.0,1029,13,10,127,4,United%20States%2C%20Oregon
2020-12-05,12,5,0.0,8.7,2,60,09:34 PM,11:59 AM,07:35 AM,04:28 PM,3,7,8,7,9,18,68,2.0,1022,12,10,67,7,United%20States%2C%20Oregon
2020-12-06,12,4,0.0,3.3,2,53,10:46 PM,12:30 PM,07:36 AM,04:27 PM,7,8,9,8,8,62,90,7.5,1030,12,9,168,5,United%20States%2C%20Oregon
2020-12-07,10,6,0.0,8.7,3,46,12:00 AM,12:57 PM,07:37 AM,04:27 PM,5,8,8,8,4,18,80,0.0,1027,10,10,125,2,United%20States%2C%20Oregon
2020-12-08,8,6,0.0,3.3,2,38,No moonrise,01:22 PM,07:38 AM,04:27 PM,5,7,7,7,5,73,86,7.2,1023,8,8,195,3,United%20States%2C%20Oregon
2020-12-09,9,5,0.0,5.1,2,31,01:15 AM,01:46 PM,07:39 AM,04:27 PM,6,7,7,7,3,70,91,3.3,1026,9,9,128,1,United%20States%2C%20Oregon
2020-12-10,7,3,0.0,3.3,1,24,02:31 AM,02:10 PM,07:40 AM,04:27 PM,2,4,5,4,9,64,86,0.5,1019,7,9,134,5,United%20States%2C%20Oregon
2020-12-11,7,4,0.0,3.3,2,17,03:50 AM,02:38 PM,07:41 AM,04:27 PM,3,3,5,3,14,84,90,6.3,1019,7,10,183,9,United%20States%2C%20Oregon
2020-12-12,7,2,0.0,6.9,1,9,05:10 AM,03:10 PM,07:42 AM,04:27 PM,2,3,5,3,10,62,83,5.0,1019,7,9,121,7,United%20States%2C%20Oregon
2020-12-13,8,-1,0.0,3.3,2,2,06:31 AM,03:49 PM,07:42 AM,04:27 PM,4,4,5,4,11,94,91,27.6,1016,8,8,147,7,United%20States%2C%20Oregon
2020-12-14,9,1,0.0,5.1,2,0,07:50 AM,04:37 PM,07:43 AM,04:28 PM,4,4,6,4,13,77,90,3.0,1025,9,9,195,8,United%20States%2C%20Oregon
2020-12-15,8,5,0.0,3.3,2,0,08:59 AM,05:35 PM,07:44 AM,04:28 PM,4,5,6,5,15,86,86,4.1,1020,8,8,176,10,United%20States%2C%20Oregon
2020-12-16,8,2,0.0,3.3,2,5,09:58 AM,06:41 PM,07:45 AM,04:28 PM,6,6,7,6,11,84,92,5.8,1015,8,7,146,7,United%20States%2C%20Oregon
2020-12-17,9,2,0.0,3.3,2,12,10:44 AM,07:52 PM,07:45 AM,04:29 PM,5,4,7,4,26,85,85,12.2,1012,9,8,228,17,United%20States%2C%20Oregon
2020-12-18,8,3,0.0,5.1,2,20,11:20 AM,09:02 PM,07:46 AM,04:29 PM,5,5,7,5,19,71,89,10.1,1023,8,9,193,11,United%20States%2C%20Oregon
2020-12-19,9,1,0.0,3.3,2,27,11:49 AM,10:10 PM,07:46 AM,04:29 PM,7,6,7,6,19,91,91,12.1,1024,9,6,201,11,United%20States%2C%20Oregon
2020-12-20,10,5,0.0,3.3,2,34,12:12 PM,11:16 PM,07:47 AM,04:30 PM,9,8,9,8,14,95,94,61.5,1021,10,6,149,9,United%20States%2C%20Oregon
2020-12-21,13,5,0.0,5.1,3,41,12:33 PM,No moonset,07:47 AM,04:30 PM,8,8,10,8,26,86,88,23.5,1012,13,8,221,18,United%20States%2C%20Oregon
2020-12-22,8,3,0.0,5.1,2,49,12:53 PM,12:19 AM,07:48 AM,04:31 PM,2,3,5,3,13,54,80,2.8,1027,8,10,204,8,United%20States%2C%20Oregon
2020-12-23,7,-0,0.0,8.7,2,56,01:12 PM,01:22 AM,07:48 AM,04:31 PM,2,3,4,3,7,8,81,0.0,1030,7,10,49,5,United%20States%2C%20Oregon
2020-12-24,7,4,0.0,6.9,2,63,01:33 PM,02:23 AM,07:49 AM,04:32 PM,-0,5,5,5,5,30,68,0.0,1021,7,10,50,4,United%20States%2C%20Oregon
2020-12-25,4,-2,0.0,3.3,1,70,01:55 PM,03:26 AM,07:49 AM,04:33 PM,-1,1,3,1,10,82,75,13.1,1013,4,7,64,6,United%20States%2C%20Oregon
2020-12-26,8,-2,0.0,3.3,2,78,02:20 PM,04:29 AM,07:49 AM,04:33 PM,5,3,6,3,21,81,88,21.8,1016,8,8,197,13,United%20States%2C%20Oregon
2020-12-27,8,2,0.0,8.7,2,85,02:51 PM,05:34 AM,07:50 AM,04:34 PM,1,3,5,3,12,52,78,0.0,1018,8,10,70,7,United%20States%2C%20Oregon
2020-12-28,8,2,0.0,8.7,3,92,03:29 PM,06:37 AM,07:50 AM,04:35 PM,0,3,4,3,11,13,76,0.0,1018,8,10,37,7,United%20States%2C%20Oregon
2020-12-29,6,-0,0.0,8.7,2,100,04:16 PM,07:38 AM,07:50 AM,04:36 PM,-1,2,3,2,3,25,76,0.0,1025,6,10,155,2,United%20States%2C%20Oregon
2020-12-30,8,1,0.0,3.3,2,100,05:12 PM,08:32 AM,07:50 AM,04:37 PM,4,3,6,3,21,94,84,21.7,1016,8,8,180,12,United%20States%2C%20Oregon
2020-12-31,10,0,0.0,3.3,2,89,06:15 PM,09:20 AM,07:50 AM,04:38 PM,6,5,7,5,20,86,90,10.1,1019,10,9,200,13,United%20States%2C%20Oregon
2021-01-01,9,2,0.0,3.3,2,79,07:25 PM,10:00 AM,07:50 AM,04:38 PM,5,6,7,6,12,95,86,9.9,1016,9,8,137,7,United%20States%2C%20Oregon
2021-01-02,9,4,0.0,3.3,2,71,08:37 PM,10:33 AM,07:50 AM,04:39 PM,7,5,8,5,33,94,87,11.2,1014,9,8,195,20,United%20States%2C%20Oregon
2021-01-03,11,4,0.0,6.9,2,64,09:51 PM,11:02 AM,07:50 AM,04:40 PM,7,7,9,7,21,81,84,25.9,1011,11,7,187,15,United%20States%2C%20Oregon
2021-01-04,10,6,0.0,3.3,2,57,11:04 PM,11:27 AM,07:50 AM,04:41 PM,6,7,9,7,20,99,85,25.9,1004,10,7,179,12,United%20States%2C%20Oregon
2021-01-05,9,4,0.0,5.1,2,50,No moonrise,11:51 AM,07:50 AM,04:42 PM,4,4,6,4,13,79,84,2.5,1019,9,9,155,8,United%20States%2C%20Oregon
2021-01-06,9,7,0.0,3.4,2,42,12:18 AM,12:14 PM,07:50 AM,04:44 PM,7,7,8,7,7,100,93,25.1,1017,9,6,107,4,United%20States%2C%20Oregon
2021-01-07,8,4,0.0,6.9,2,35,01:33 AM,12:39 PM,07:50 AM,04:45 PM,3,5,6,5,11,47,83,2.5,1022,8,10,106,6,United%20States%2C%20Oregon
2021-01-08,10,4,0.0,3.4,2,28,02:50 AM,01:08 PM,07:49 AM,04:46 PM,5,6,7,6,9,80,84,11.1,1023,10,8,186,6,United%20States%2C%20Oregon
2021-01-09,9,2,0.0,8.7,3,20,04:08 AM,01:42 PM,07:49 AM,04:47 PM,1,4,5,4,7,34,79,0.1,1027,9,10,85,5,United%20States%2C%20Oregon
2021-01-10,11,5,0.0,5.1,2,13,05:26 AM,02:24 PM,07:49 AM,04:48 PM,5,7,7,7,5,83,88,8.8,1025,11,8,141,3,United%20States%2C%20Oregon
2021-01-11,9,5,0.0,3.4,2,6,06:38 AM,03:17 PM,07:48 AM,04:49 PM,6,7,7,7,7,78,91,3.3,1023,9,7,122,4,United%20States%2C%20Oregon
2021-01-12,12,1,0.0,3.4,3,0,07:42 AM,04:19 PM,07:48 AM,04:51 PM,10,7,9,7,23,98,94,45.7,1009,12,7,178,13,United%20States%2C%20Oregon
2021-01-13,11,5,0.0,3.4,2,0,08:33 AM,05:28 PM,07:47 AM,04:52 PM,6,7,10,7,19,73,79,26.6,1024,11,9,213,12,United%20States%2C%20Oregon
2021-01-14,11,4,0.0,8.7,3,1,09:15 AM,06:39 PM,07:47 AM,04:53 PM,2,7,8,7,5,14,70,0.0,1029,11,10,80,4,United%20States%2C%20Oregon
2021-01-15,10,6,0.0,3.4,2,8,09:47 AM,07:51 PM,07:46 AM,04:54 PM,5,7,7,7,4,75,84,5.4,1029,10,9,108,3,United%20States%2C%20Oregon
2021-01-16,9,4,0.0,8.7,3,16,10:13 AM,08:59 PM,07:46 AM,04:56 PM,3,6,6,6,5,31,84,0.0,1028,9,10,119,3,United%20States%2C%20Oregon
2021-01-17,12,5,0.0,3.4,2,23,10:36 AM,10:04 PM,07:45 AM,04:57 PM,7,8,8,8,6,63,89,9.8,1029,12,9,248,4,United%20States%2C%20Oregon
2021-01-18,8,4,0.0,6.9,2,30,10:56 AM,11:08 PM,07:44 AM,04:58 PM,4,5,6,5,7,56,87,0.1,1031,8,10,98,5,United%20States%2C%20Oregon
2021-01-19,12,3,0.0,8.7,3,38,11:16 AM,No moonset,07:44 AM,05:00 PM,3,6,7,6,5,12,76,0.0,1030,12,10,156,3,United%20States%2C%20Oregon
2021-01-20,8,3,0.0,5.3,2,45,11:36 AM,12:10 AM,07:43 AM,05:01 PM,0,5,5,5,2,44,72,0.0,1022,8,10,170,1,United%20States%2C%20Oregon
2021-01-21,8,4,0.0,3.6,2,52,11:57 AM,01:13 AM,07:42 AM,05:03 PM,2,5,5,5,7,74,79,2.0,1017,8,8,77,5,United%20States%2C%20Oregon
2021-01-22,8,3,0.0,8.7,2,59,12:21 PM,02:16 AM,07:41 AM,05:04 PM,2,3,5,3,10,63,82,0.9,1017,8,9,75,7,United%20States%2C%20Oregon
2021-01-23,9,3,0.0,8.7,2,67,12:49 PM,03:19 AM,07:40 AM,05:05 PM,1,4,5,4,6,32,78,0.1,1020,9,10,143,4,United%20States%2C%20Oregon
2021-01-24,5,3,0.0,3.6,1,74,01:24 PM,04:23 AM,07:39 AM,05:07 PM,2,1,4,1,17,94,89,14.8,1010,5,9,202,11,United%20States%2C%20Oregon
2021-01-25,5,1,0.0,3.6,1,81,02:07 PM,05:25 AM,07:38 AM,05:08 PM,1,1,3,1,13,81,89,4.5,1011,5,10,194,9,United%20States%2C%20Oregon
2021-01-26,6,-0,0.0,3.6,1,88,02:59 PM,06:22 AM,07:37 AM,05:10 PM,-1,1,2,1,11,74,79,2.2,1005,6,9,117,7,United%20States%2C%20Oregon
2021-01-27,7,2,0.0,5.3,1,96,04:01 PM,07:14 AM,07:36 AM,05:11 PM,2,3,4,3,6,88,88,5.3,1001,7,8,95,4,United%20States%2C%20Oregon
2021-01-28,9,4,0.0,3.7,2,100,05:10 PM,07:57 AM,07:35 AM,05:12 PM,4,5,6,5,8,79,86,11.8,1005,9,9,151,5,United%20States%2C%20Oregon
2021-01-29,7,3,0.0,3.7,2,90,06:23 PM,08:33 AM,07:34 AM,05:14 PM,3,4,5,4,6,82,88,1.9,1010,7,10,199,5,United%20States%2C%20Oregon
2021-01-30,8,4,0.0,3.7,2,82,07:39 PM,09:04 AM,07:33 AM,05:15 PM,4,5,6,5,13,98,88,11.1,1013,8,8,145,8,United%20States%2C%20Oregon
2021-01-31,10,6,0.0,3.7,2,79,08:54 PM,09:31 AM,07:32 AM,05:17 PM,7,6,8,6,13,100,92,20.1,1011,10,7,141,8,United%20States%2C%20Oregon
2021-02-01,10,8,0.0,3.7,2,63,10:09 PM,09:55 AM,07:31 AM,05:18 PM,8,8,9,8,14,98,92,16.0,1009,10,7,142,9,United%20States%2C%20Oregon
2021-02-02,9,5,0.0,3.7,2,55,11:24 PM,10:18 AM,07:30 AM,05:20 PM,5,5,7,5,13,89,86,13.0,1015,9,8,197,9,United%20States%2C%20Oregon
2021-02-03,8,4,0.0,3.7,2,48,No moonrise,10:43 AM,07:28 AM,05:21 PM,3,3,5,3,14,92,87,19.0,1016,8,9,193,10,United%20States%2C%20Oregon
2021-02-04,7,3,0.0,3.7,2,40,12:40 AM,11:10 AM,07:27 AM,05:23 PM,3,4,5,4,9,88,86,0.2,1030,7,10,216,6,United%20States%2C%20Oregon
2021-02-05,7,4,0.0,3.7,2,33,01:57 AM,11:42 AM,07:26 AM,05:24 PM,4,3,6,3,23,95,91,5.2,1026,7,8,211,14,United%20States%2C%20Oregon
2021-02-06,6,1,0.0,3.8,1,25,03:13 AM,12:20 PM,07:25 AM,05:26 PM,3,2,4,2,22,75,88,0.9,1023,6,9,208,14,United%20States%2C%20Oregon
2021-02-07,7,2,0.0,3.8,2,18,04:25 AM,01:07 PM,07:23 AM,05:27 PM,3,3,5,3,15,68,84,1.5,1020,7,10,233,10,United%20States%2C%20Oregon
