date_time,United%20States%2C%20New%20Mexico_maxtempC,United%20States%2C%20New%20Mexico_mintempC,United%20States%2C%20New%20Mexico_totalSnow_cm,United%20States%2C%20New%20Mexico_sunHour,United%20States%2C%20New%20Mexico_uvIndex,United%20States%2C%20New%20Mexico_moon_illumination,United%20States%2C%20New%20Mexico_moonrise,United%20States%2C%20New%20Mexico_moonset,United%20States%2C%20New%20Mexico_sunrise,United%20States%2C%20New%20Mexico_sunset,United%20States%2C%20New%20Mexico_DewPointC,United%20States%2C%20New%20Mexico_FeelsLikeC,United%20States%2C%20New%20Mexico_HeatIndexC,United%20States%2C%20New%20Mexico_WindChillC,United%20States%2C%20New%20Mexico_WindGustKmph,United%20States%2C%20New%20Mexico_cloudcover,United%20States%2C%20New%20Mexico_humidity,United%20States%2C%20New%20Mexico_precipMM,United%20States%2C%20New%20Mexico_pressure,United%20States%2C%20New%20Mexico_tempC,United%20States%2C%20New%20Mexico_visibility,United%20States%2C%20New%20Mexico_winddirDegree,United%20States%2C%20New%20Mexico_windspeedKmph,United%20States%2C%20New%20Mexico_location
2020-01-01,4,-2,0.0,8.7,2,37,11:33 AM,11:21 PM,07:15 AM,05:05 PM,-8,-3,-0,-3,12,20,55,0.0,1014,4,10,339,7,United%20States%2C%20New%20Mexico
2020-01-02,3,-2,0.0,7.0,1,44,12:00 PM,No moonset,07:15 AM,05:06 PM,-8,-5,-0,-5,30,33,59,0.0,1008,3,10,323,20,United%20States%2C%20New%20Mexico
2020-01-03,4,-3,0.0,8.7,2,51,12:27 PM,12:15 AM,07:15 AM,05:07 PM,-11,-6,-1,-6,26,4,49,0.0,1024,4,10,328,16,United%20States%2C%20New%20Mexico
2020-01-04,7,-2,0.0,8.7,2,59,12:56 PM,01:11 AM,07:15 AM,05:08 PM,-6,-0,2,-0,12,4,57,0.0,1029,7,10,295,7,United%20States%2C%20New%20Mexico
2020-01-05,9,1,0.0,8.7,3,66,01:26 PM,02:07 AM,07:15 AM,05:09 PM,-5,4,4,4,5,6,53,0.0,1025,9,10,208,3,United%20States%2C%20New%20Mexico
2020-01-06,7,-1,0.0,8.7,2,73,02:00 PM,03:06 AM,07:15 AM,05:10 PM,-9,-2,2,-2,25,1,45,0.0,1027,7,10,320,15,United%20States%2C%20New%20Mexico
2020-01-07,9,-1,0.0,8.7,2,80,02:38 PM,04:07 AM,07:15 AM,05:10 PM,-11,1,2,1,8,0,37,0.0,1028,9,10,160,5,United%20States%2C%20New%20Mexico
2020-01-08,7,-1,0.0,3.7,1,88,03:24 PM,05:09 AM,07:15 AM,05:11 PM,-11,-0,2,-0,17,48,38,0.0,1016,7,10,177,10,United%20States%2C%20New%20Mexico
2020-01-09,7,-0,0.0,8.7,2,95,04:17 PM,06:11 AM,07:15 AM,05:12 PM,-9,0,2,0,16,34,45,0.0,1012,7,10,214,9,United%20States%2C%20New%20Mexico
2020-01-10,4,-2,0.0,8.7,1,100,05:19 PM,07:11 AM,07:15 AM,05:13 PM,-9,-4,0,-4,30,20,52,0.0,1016,4,10,273,21,United%20States%2C%20New%20Mexico
2020-01-11,3,-5,0.0,8.7,2,100,06:25 PM,08:06 AM,07:15 AM,05:14 PM,-13,-5,-2,-5,18,4,44,0.0,1021,3,10,235,11,United%20States%2C%20New%20Mexico
2020-01-12,5,-2,0.0,8.7,2,83,07:35 PM,08:55 AM,07:15 AM,05:15 PM,-9,-2,1,-2,16,9,50,0.0,1018,5,10,223,9,United%20States%2C%20New%20Mexico
2020-01-13,10,-1,0.0,8.7,1,76,08:45 PM,09:39 AM,07:15 AM,05:16 PM,-9,-0,3,-0,25,13,43,0.0,1017,10,10,226,15,United%20States%2C%20New%20Mexico
2020-01-14,10,1,0.0,8.7,3,69,09:55 PM,10:17 AM,07:15 AM,05:17 PM,-7,4,5,4,12,8,43,0.0,1019,10,10,172,7,United%20States%2C%20New%20Mexico
2020-01-15,12,1,0.0,8.7,3,61,11:02 PM,10:52 AM,07:14 AM,05:18 PM,-9,5,6,5,10,31,36,0.0,1019,12,10,200,5,United%20States%2C%20New%20Mexico
2020-01-16,2,-4,10.7,3.8,1,54,No moonrise,11:26 AM,07:14 AM,05:19 PM,-2,-1,2,-1,16,84,80,18.8,1025,2,6,105,10,United%20States%2C%20New%20Mexico
2020-01-17,7,-0,4.7,5.4,1,47,12:09 AM,11:59 AM,07:14 AM,05:20 PM,-1,-0,3,-0,21,60,82,5.5,1020,7,7,244,14,United%20States%2C%20New%20Mexico
2020-01-18,6,-2,0.0,7.1,1,40,01:15 AM,12:34 PM,07:14 AM,05:21 PM,-9,-1,1,-1,14,15,46,0.0,1027,6,10,294,9,United%20States%2C%20New%20Mexico
2020-01-19,8,-0,0.0,8.7,2,32,02:20 AM,01:11 PM,07:13 AM,05:22 PM,-8,0,3,0,15,36,45,0.0,1027,8,10,178,9,United%20States%2C%20New%20Mexico
2020-01-20,8,-0,0.0,8.7,2,25,03:26 AM,01:53 PM,07:13 AM,05:23 PM,-5,2,3,2,10,13,54,0.0,1027,8,10,154,6,United%20States%2C%20New%20Mexico
2020-01-21,5,-3,2.6,5.4,1,18,04:29 AM,02:38 PM,07:12 AM,05:24 PM,0,2,3,2,6,65,79,3.0,1019,5,8,201,5,United%20States%2C%20New%20Mexico
2020-01-22,8,1,0.0,8.7,1,11,05:29 AM,03:30 PM,07:12 AM,05:25 PM,-0,1,4,1,23,37,75,0.0,1015,8,8,310,15,United%20States%2C%20New%20Mexico
2020-01-23,7,-0,0.0,8.7,2,3,06:23 AM,04:24 PM,07:11 AM,05:26 PM,-4,-1,3,-1,22,8,63,0.0,1021,7,10,337,13,United%20States%2C%20New%20Mexico
2020-01-24,8,0,0.0,8.7,2,0,07:12 AM,05:22 PM,07:11 AM,05:27 PM,-3,2,4,2,15,7,60,0.0,1018,8,10,298,9,United%20States%2C%20New%20Mexico
2020-01-25,10,1,0.0,8.7,3,0,07:54 AM,06:20 PM,07:10 AM,05:28 PM,-3,2,4,2,21,4,58,0.0,1017,10,10,337,13,United%20States%2C%20New%20Mexico
2020-01-26,10,0,0.0,8.7,2,4,08:31 AM,07:19 PM,07:10 AM,05:29 PM,-4,2,5,2,13,4,53,0.0,1018,10,10,273,7,United%20States%2C%20New%20Mexico
2020-01-27,9,2,0.0,3.8,1,11,09:04 AM,08:15 PM,07:09 AM,05:30 PM,-1,2,4,2,19,49,68,2.8,1015,9,10,308,12,United%20States%2C%20New%20Mexico
2020-01-28,7,-1,0.0,8.7,2,18,09:34 AM,09:11 PM,07:09 AM,05:31 PM,-9,-2,2,-2,28,2,44,0.0,1021,7,10,292,18,United%20States%2C%20New%20Mexico
2020-01-29,7,-1,0.1,7.1,1,26,10:02 AM,10:06 PM,07:08 AM,05:32 PM,-8,0,2,0,13,42,47,0.1,1015,7,10,133,9,United%20States%2C%20New%20Mexico
2020-01-30,7,-1,0.1,8.7,2,33,10:28 AM,11:00 PM,07:07 AM,05:33 PM,-6,-2,2,-2,21,28,60,0.1,1017,7,10,183,13,United%20States%2C%20New%20Mexico
2020-01-31,6,-1,0.0,8.7,1,37,10:56 AM,11:56 PM,07:07 AM,05:34 PM,-8,-1,2,-1,18,10,52,0.0,1026,6,10,217,11,United%20States%2C%20New%20Mexico
2020-02-01,9,-0,0.0,8.7,2,49,11:25 AM,No moonset,07:06 AM,05:35 PM,-8,2,4,2,14,0,43,0.0,1028,9,10,216,8,United%20States%2C%20New%20Mexico
2020-02-02,11,3,0.0,7.1,2,57,11:56 AM,12:52 AM,07:05 AM,05:36 PM,-5,5,6,5,16,28,46,0.0,1016,11,10,126,9,United%20States%2C%20New%20Mexico
2020-02-03,13,4,0.0,7.1,2,64,12:31 PM,01:51 AM,07:04 AM,05:37 PM,-8,4,7,4,47,14,37,0.0,1002,13,10,225,31,United%20States%2C%20New%20Mexico
2020-02-04,1,-5,0.3,8.7,1,72,01:13 PM,02:51 AM,07:03 AM,05:38 PM,-13,-7,-2,-7,22,54,43,0.6,1013,1,9,254,16,United%20States%2C%20New%20Mexico
2020-02-05,-0,-7,0.0,8.7,2,79,02:01 PM,03:53 AM,07:03 AM,05:39 PM,-17,-10,-4,-10,26,22,40,0.1,1018,-0,10,234,19,United%20States%2C%20New%20Mexico
2020-02-06,6,-4,0.0,8.7,2,87,02:58 PM,04:53 AM,07:02 AM,05:40 PM,-10,-5,0,-5,34,15,45,0.0,1013,6,10,288,22,United%20States%2C%20New%20Mexico
2020-02-07,13,1,0.0,8.7,3,95,04:02 PM,05:51 AM,07:01 AM,05:41 PM,-5,3,5,3,21,4,51,0.0,1011,13,10,277,14,United%20States%2C%20New%20Mexico
2020-02-08,12,2,0.0,8.7,3,100,05:12 PM,06:43 AM,07:00 AM,05:42 PM,-4,5,6,5,11,2,50,0.0,1015,12,10,234,6,United%20States%2C%20New%20Mexico
2020-02-09,12,4,0.0,8.7,3,100,06:24 PM,07:31 AM,06:59 AM,05:43 PM,-7,5,7,5,26,15,36,0.0,1010,12,10,201,16,United%20States%2C%20New%20Mexico
2020-02-10,10,3,0.0,7.2,2,83,07:37 PM,08:12 AM,06:58 AM,05:44 PM,0,3,5,3,18,70,69,7.1,1012,10,10,151,12,United%20States%2C%20New%20Mexico
2020-02-11,0,-5,4.1,4.1,1,75,08:48 PM,08:50 AM,06:57 AM,05:45 PM,-4,-7,-1,-7,37,82,79,30.2,1018,0,5,95,26,United%20States%2C%20New%20Mexico
2020-02-12,5,-3,0.1,5.6,1,68,09:58 PM,09:25 AM,06:56 AM,05:46 PM,-7,-4,0,-4,21,36,63,0.3,1017,5,9,261,15,United%20States%2C%20New%20Mexico
2020-02-13,7,-2,0.0,8.7,2,60,11:06 PM,09:59 AM,06:55 AM,05:47 PM,-6,0,2,0,9,5,57,0.0,1022,7,10,235,6,United%20States%2C%20New%20Mexico
2020-02-14,9,1,0.0,8.7,3,53,No moonrise,10:34 AM,06:54 AM,05:48 PM,-5,4,5,4,8,8,48,0.0,1020,9,10,163,5,United%20States%2C%20New%20Mexico
2020-02-15,12,2,0.0,8.7,3,45,12:13 AM,11:12 AM,06:53 AM,05:49 PM,-5,6,7,6,12,10,46,0.0,1018,12,10,243,7,United%20States%2C%20New%20Mexico
2020-02-16,15,3,0.0,8.7,3,38,01:20 AM,11:52 AM,06:52 AM,05:50 PM,-5,7,9,7,17,2,39,0.0,1016,15,10,270,11,United%20States%2C%20New%20Mexico
2020-02-17,13,4,0.0,8.7,3,30,02:23 AM,12:36 PM,06:51 AM,05:51 PM,-4,6,8,6,26,4,43,0.0,1011,13,10,259,16,United%20States%2C%20New%20Mexico
2020-02-18,12,5,0.0,8.7,3,22,03:24 AM,01:26 PM,06:50 AM,05:52 PM,-2,6,8,6,13,30,52,0.0,1017,12,10,90,9,United%20States%2C%20New%20Mexico
2020-02-19,13,4,0.0,8.7,2,15,04:19 AM,02:18 PM,06:48 AM,05:53 PM,0,5,7,5,15,39,63,0.7,1018,13,10,125,11,United%20States%2C%20New%20Mexico
2020-02-20,7,0,0.0,8.7,2,7,05:09 AM,03:15 PM,06:47 AM,05:54 PM,-3,1,4,1,21,15,58,0.0,1027,7,10,92,15,United%20States%2C%20New%20Mexico
2020-02-21,9,-0,0.0,8.7,2,0,05:53 AM,04:12 PM,06:46 AM,05:55 PM,-2,2,4,2,10,19,64,0.0,1028,9,10,127,7,United%20States%2C%20New%20Mexico
2020-02-22,10,2,0.0,7.2,2,0,06:31 AM,05:10 PM,06:45 AM,05:56 PM,2,5,6,5,14,43,75,5.7,1019,10,9,187,10,United%20States%2C%20New%20Mexico
2020-02-23,10,4,0.0,5.7,2,0,07:05 AM,06:07 PM,06:44 AM,05:56 PM,-0,3,7,3,33,62,63,9.0,1012,10,8,274,23,United%20States%2C%20New%20Mexico
2020-02-24,12,1,0.0,8.7,3,0,07:36 AM,07:03 PM,06:42 AM,05:57 PM,-6,2,6,2,31,6,47,0.0,1015,12,10,320,22,United%20States%2C%20New%20Mexico
2020-02-25,5,-1,0.0,8.7,2,8,08:03 AM,07:58 PM,06:41 AM,05:58 PM,-17,-3,2,-3,36,1,25,0.0,1022,5,10,328,25,United%20States%2C%20New%20Mexico
2020-02-26,5,-4,0.0,8.7,2,15,08:30 AM,08:53 PM,06:40 AM,05:59 PM,-16,-3,0,-3,14,1,30,0.0,1029,5,10,234,10,United%20States%2C%20New%20Mexico
2020-02-27,11,-0,0.0,11.6,3,23,08:57 AM,09:48 PM,06:39 AM,06:00 PM,-12,2,4,2,19,0,29,0.0,1024,11,10,336,13,United%20States%2C%20New%20Mexico
2020-02-28,12,1,0.0,7.3,2,30,09:25 AM,10:43 PM,06:38 AM,06:01 PM,-10,5,6,5,12,69,32,0.0,1025,12,10,301,7,United%20States%2C%20New%20Mexico
2020-02-29,16,3,0.0,11.6,3,38,09:55 AM,11:41 PM,06:36 AM,06:02 PM,-10,8,10,8,17,16,27,0.0,1017,16,10,216,12,United%20States%2C%20New%20Mexico
2020-03-01,13,4,0.0,11.6,3,44,10:27 AM,No moonset,06:35 AM,06:03 PM,-5,7,9,7,14,19,39,0.0,1009,13,10,244,9,United%20States%2C%20New%20Mexico
2020-03-02,12,4,0.0,10.2,2,51,11:06 AM,12:38 AM,06:34 AM,06:04 PM,-3,7,8,7,10,37,47,0.3,1008,12,10,258,7,United%20States%2C%20New%20Mexico
2020-03-03,14,4,0.0,11.6,3,58,11:50 AM,01:38 AM,06:32 AM,06:04 PM,-8,7,9,7,20,5,30,0.0,1010,14,10,58,12,United%20States%2C%20New%20Mexico
2020-03-04,15,5,0.0,11.6,4,65,12:41 PM,02:37 AM,06:31 AM,06:05 PM,-6,8,9,8,14,4,36,0.0,1017,15,10,128,9,United%20States%2C%20New%20Mexico
2020-03-05,16,5,0.0,11.6,4,73,01:40 PM,03:35 AM,06:30 AM,06:06 PM,-7,8,10,8,15,0,30,0.0,1024,16,10,200,9,United%20States%2C%20New%20Mexico
2020-03-06,16,6,0.0,10.2,3,80,02:46 PM,04:29 AM,06:28 AM,06:07 PM,-7,9,10,9,23,32,31,0.0,1026,16,10,127,14,United%20States%2C%20New%20Mexico
2020-03-07,16,5,0.0,11.6,4,87,03:57 PM,05:18 AM,06:27 AM,06:08 PM,-1,9,10,9,19,6,47,0.0,1019,16,10,175,13,United%20States%2C%20New%20Mexico
2020-03-08,14,9,0.0,5.9,3,95,05:10 PM,06:02 AM,06:26 AM,06:09 PM,2,9,11,9,32,59,57,7.7,1013,14,10,212,20,United%20States%2C%20New%20Mexico
2020-03-09,14,4,0.0,11.6,3,100,06:23 PM,06:42 AM,06:24 AM,06:09 PM,-3,7,9,7,20,13,47,1.9,1019,14,10,238,13,United%20States%2C%20New%20Mexico
2020-03-10,13,8,0.0,8.8,3,100,07:36 PM,07:19 AM,06:23 AM,06:10 PM,-0,9,10,9,20,39,49,0.2,1021,13,10,218,13,United%20States%2C%20New%20Mexico
2020-03-11,16,7,0.0,10.2,3,84,08:47 PM,07:55 AM,06:22 AM,06:11 PM,4,10,11,10,17,51,62,1.6,1019,16,10,265,11,United%20States%2C%20New%20Mexico
2020-03-12,17,8,0.0,11.6,3,76,09:58 PM,08:30 AM,06:20 AM,06:12 PM,2,11,12,11,16,31,54,0.3,1013,17,10,278,11,United%20States%2C%20New%20Mexico
2020-03-13,15,9,0.0,6.0,3,69,11:08 PM,09:08 AM,06:19 AM,06:13 PM,3,8,11,8,37,58,58,6.3,1011,15,9,213,27,United%20States%2C%20New%20Mexico
2020-03-14,13,4,0.0,11.6,3,62,No moonrise,09:48 AM,06:17 AM,06:14 PM,-2,7,9,7,16,22,48,0.2,1018,13,10,229,11,United%20States%2C%20New%20Mexico
2020-03-15,17,8,0.0,11.6,4,55,12:15 AM,10:32 AM,06:16 AM,06:14 PM,-3,11,12,11,22,3,37,0.0,1019,17,10,176,15,United%20States%2C%20New%20Mexico
2020-03-16,17,8,0.0,11.6,4,47,01:19 AM,11:22 AM,06:15 AM,06:15 PM,-5,12,13,12,11,4,29,0.0,1017,17,10,193,6,United%20States%2C%20New%20Mexico
2020-03-17,18,9,0.0,11.6,4,40,02:16 AM,12:14 PM,06:13 AM,06:16 PM,-7,12,13,12,25,35,26,0.0,1013,18,10,182,17,United%20States%2C%20New%20Mexico
2020-03-18,15,7,0.0,8.8,3,33,03:08 AM,01:10 PM,06:12 AM,06:17 PM,1,8,11,8,32,51,56,3.8,1009,15,10,191,23,United%20States%2C%20New%20Mexico
2020-03-19,12,2,0.0,11.6,2,25,03:53 AM,02:07 PM,06:11 AM,06:18 PM,-4,2,6,2,37,45,51,12.5,1012,12,9,257,28,United%20States%2C%20New%20Mexico
2020-03-20,12,2,0.0,11.6,3,18,04:33 AM,03:04 PM,06:09 AM,06:19 PM,-5,4,6,4,19,14,46,0.0,1023,12,10,188,14,United%20States%2C%20New%20Mexico
2020-03-21,16,7,0.0,10.2,3,11,05:07 AM,04:01 PM,06:08 AM,06:19 PM,-4,11,12,11,21,44,35,0.0,1018,16,10,175,16,United%20States%2C%20New%20Mexico
2020-03-22,14,6,0.0,11.6,4,4,05:39 AM,04:57 PM,06:06 AM,06:20 PM,-5,8,10,8,15,12,37,0.0,1018,14,10,258,10,United%20States%2C%20New%20Mexico
2020-03-23,20,9,0.0,11.6,4,0,06:07 AM,05:53 PM,06:05 AM,06:21 PM,-5,13,14,13,28,11,30,0.0,1014,20,10,258,22,United%20States%2C%20New%20Mexico
2020-03-24,15,5,0.0,11.6,4,0,06:34 AM,06:47 PM,06:04 AM,06:22 PM,-4,7,10,7,20,5,40,0.0,1015,15,10,275,15,United%20States%2C%20New%20Mexico
2020-03-25,19,7,0.0,11.6,3,3,07:00 AM,07:43 PM,06:02 AM,06:23 PM,-5,11,13,11,24,29,30,0.0,1012,19,10,247,16,United%20States%2C%20New%20Mexico
2020-03-26,22,11,0.0,11.6,5,11,07:28 AM,08:38 PM,06:01 AM,06:23 PM,-3,15,16,15,46,36,29,0.0,1007,22,10,219,32,United%20States%2C%20New%20Mexico
2020-03-27,14,5,0.0,12.7,3,18,07:56 AM,09:35 PM,05:59 AM,06:24 PM,-6,5,9,5,39,8,37,0.0,1007,14,10,249,29,United%20States%2C%20New%20Mexico
2020-03-28,12,0,0.0,12.7,2,25,08:28 AM,10:32 PM,05:58 AM,06:25 PM,-11,1,6,1,38,12,30,0.0,1015,12,10,302,28,United%20States%2C%20New%20Mexico
2020-03-29,15,4,0.0,10.6,3,32,09:03 AM,11:31 PM,05:57 AM,06:26 PM,-10,8,9,8,16,56,26,0.0,1015,15,10,182,13,United%20States%2C%20New%20Mexico
2020-03-30,15,5,0.0,12.7,4,40,09:44 AM,No moonset,05:55 AM,06:27 PM,-7,8,10,8,28,8,30,0.0,1015,15,10,287,22,United%20States%2C%20New%20Mexico
2020-03-31,17,7,0.0,11.9,3,44,10:31 AM,12:28 AM,05:54 AM,06:27 PM,-6,11,12,11,14,34,29,0.0,1017,17,10,209,9,United%20States%2C%20New%20Mexico
2020-04-01,18,10,0.0,11.9,4,56,11:26 AM,01:26 AM,05:53 AM,06:28 PM,-5,13,14,13,27,53,29,0.1,1009,18,10,201,18,United%20States%2C%20New%20Mexico
2020-04-02,22,9,0.0,12.8,5,64,12:27 PM,02:19 AM,05:51 AM,06:29 PM,-5,14,16,14,33,8,28,0.0,1007,22,10,244,24,United%20States%2C%20New%20Mexico
2020-04-03,18,7,0.0,12.8,3,71,01:34 PM,03:08 AM,05:50 AM,06:30 PM,-4,12,13,12,25,21,33,0.0,1010,18,10,222,17,United%20States%2C%20New%20Mexico
2020-04-04,19,6,0.0,12.8,3,79,02:44 PM,03:53 AM,05:49 AM,06:31 PM,-4,11,13,11,16,37,32,0.2,1011,19,10,184,11,United%20States%2C%20New%20Mexico
2020-04-05,20,9,0.0,12.8,5,87,03:56 PM,04:33 AM,05:47 AM,06:31 PM,-8,14,15,14,23,2,21,0.0,1010,20,10,213,16,United%20States%2C%20New%20Mexico
2020-04-06,21,11,0.0,12.9,5,94,05:08 PM,05:11 AM,05:46 AM,06:32 PM,-9,15,15,15,18,2,18,0.0,1011,21,10,228,13,United%20States%2C%20New%20Mexico
2020-04-07,20,9,0.0,12.9,5,100,06:21 PM,05:47 AM,05:44 AM,06:33 PM,-9,14,14,14,21,0,21,0.0,1013,20,10,233,15,United%20States%2C%20New%20Mexico
2020-04-08,21,11,0.0,12.9,5,100,07:34 PM,06:22 AM,05:43 AM,06:34 PM,-3,16,16,16,15,1,26,0.0,1014,21,10,250,11,United%20States%2C%20New%20Mexico
2020-04-09,18,9,0.0,12.9,4,83,08:46 PM,07:00 AM,05:42 AM,06:35 PM,-7,13,14,13,26,1,24,0.0,1013,18,10,192,18,United%20States%2C%20New%20Mexico
2020-04-10,19,8,0.0,13.0,4,76,09:57 PM,07:40 AM,05:40 AM,06:35 PM,-10,13,14,13,23,13,20,0.0,1010,19,10,184,16,United%20States%2C%20New%20Mexico
2020-04-11,18,8,0.0,13.0,3,68,11:05 PM,08:23 AM,05:39 AM,06:36 PM,-10,13,14,13,19,25,21,0.2,1005,18,10,226,14,United%20States%2C%20New%20Mexico
2020-04-12,17,9,0.0,13.0,4,61,No moonrise,09:12 AM,05:38 AM,06:37 PM,-3,10,12,10,41,24,36,0.3,1004,17,10,299,32,United%20States%2C%20New%20Mexico
2020-04-13,9,1,0.0,8.1,2,53,12:08 AM,10:05 AM,05:37 AM,06:38 PM,1,5,7,5,15,86,65,10.7,1013,9,8,210,13,United%20States%2C%20New%20Mexico
2020-04-14,11,2,0.0,13.0,2,46,01:04 AM,11:02 AM,05:35 AM,06:39 PM,-13,3,7,3,30,28,27,1.5,1017,11,10,304,22,United%20States%2C%20New%20Mexico
2020-04-15,15,2,0.0,13.1,3,38,01:53 AM,12:00 PM,05:34 AM,06:39 PM,-12,6,8,6,20,1,22,0.0,1017,15,10,276,14,United%20States%2C%20New%20Mexico
2020-04-16,20,7,0.0,13.1,5,30,02:34 AM,12:58 PM,05:33 AM,06:40 PM,-6,13,14,13,32,0,26,0.0,1010,20,10,268,23,United%20States%2C%20New%20Mexico
2020-04-17,20,7,0.0,13.1,4,23,03:10 AM,01:56 PM,05:31 AM,06:41 PM,-4,13,14,13,12,16,33,0.0,1013,20,10,237,9,United%20States%2C%20New%20Mexico
2020-04-18,18,9,0.0,13.1,4,15,03:42 AM,02:52 PM,05:30 AM,06:42 PM,-6,13,14,13,29,8,25,0.0,1010,18,10,248,21,United%20States%2C%20New%20Mexico
2020-04-19,20,7,0.0,13.1,5,8,04:11 AM,03:47 PM,05:29 AM,06:43 PM,-2,13,14,13,29,10,35,0.0,1011,20,10,288,21,United%20States%2C%20New%20Mexico
2020-04-20,19,9,0.0,13.2,5,0,04:38 AM,04:42 PM,05:28 AM,06:44 PM,-3,13,14,13,21,29,33,0.0,1012,19,10,294,14,United%20States%2C%20New%20Mexico
2020-04-21,20,11,0.0,13.2,5,0,05:04 AM,05:37 PM,05:26 AM,06:44 PM,-5,15,15,15,26,8,26,0.0,1011,20,10,228,19,United%20States%2C%20New%20Mexico
2020-04-22,22,9,0.0,13.2,5,0,05:31 AM,06:32 PM,05:25 AM,06:45 PM,-2,14,15,14,32,14,34,0.1,1011,22,10,312,23,United%20States%2C%20New%20Mexico
2020-04-23,23,10,0.0,13.2,5,0,05:59 AM,07:29 PM,05:24 AM,06:46 PM,-3,16,17,16,35,2,27,0.0,1011,23,10,300,26,United%20States%2C%20New%20Mexico
2020-04-24,21,10,0.0,13.2,5,7,06:29 AM,08:27 PM,05:23 AM,06:47 PM,-6,15,16,15,35,3,24,0.0,1012,21,10,325,25,United%20States%2C%20New%20Mexico
2020-04-25,23,8,0.0,13.3,5,15,07:04 AM,09:26 PM,05:22 AM,06:48 PM,-7,16,17,16,22,2,23,0.0,1016,23,10,176,15,United%20States%2C%20New%20Mexico
2020-04-26,26,11,0.0,13.3,5,22,07:43 AM,10:24 PM,05:21 AM,06:48 PM,-6,18,18,18,17,12,19,0.0,1015,26,10,191,12,United%20States%2C%20New%20Mexico
2020-04-27,28,15,0.0,12.0,5,30,08:27 AM,11:21 PM,05:19 AM,06:49 PM,-5,21,21,21,22,43,18,0.0,1013,28,10,249,15,United%20States%2C%20New%20Mexico
2020-04-28,28,15,0.0,13.3,6,37,09:19 AM,No moonset,05:18 AM,06:50 PM,-4,21,21,22,28,4,19,0.0,1013,28,10,306,19,United%20States%2C%20New%20Mexico
2020-04-29,23,11,0.0,13.3,5,45,10:17 AM,12:15 AM,05:17 AM,06:51 PM,1,18,18,18,19,3,32,0.0,1019,23,10,168,12,United%20States%2C%20New%20Mexico
2020-04-30,30,15,0.0,13.4,6,52,11:20 AM,01:05 AM,05:16 AM,06:52 PM,0,22,22,22,26,18,26,0.0,1014,30,10,189,17,United%20States%2C%20New%20Mexico
2020-05-01,30,17,0.0,13.4,6,58,12:27 PM,01:49 AM,05:15 AM,06:53 PM,-4,23,23,23,22,2,20,0.0,1011,30,10,235,15,United%20States%2C%20New%20Mexico
2020-05-02,29,15,0.0,13.4,6,65,01:36 PM,02:29 AM,05:14 AM,06:53 PM,-6,22,22,23,30,0,15,0.0,1013,29,10,250,20,United%20States%2C%20New%20Mexico
2020-05-03,29,15,0.0,13.4,6,72,02:45 PM,03:07 AM,05:13 AM,06:54 PM,-4,21,21,21,25,1,19,0.0,1014,29,10,256,16,United%20States%2C%20New%20Mexico
2020-05-04,27,14,0.0,13.4,6,80,03:56 PM,03:42 AM,05:12 AM,06:55 PM,-6,21,20,21,21,2,17,0.0,1012,27,10,279,14,United%20States%2C%20New%20Mexico
2020-05-05,25,11,0.0,13.5,5,87,05:08 PM,04:16 AM,05:11 AM,06:56 PM,-0,18,19,18,19,3,30,0.0,1016,25,10,123,13,United%20States%2C%20New%20Mexico
2020-05-06,28,14,0.0,13.5,6,94,06:20 PM,04:52 AM,05:10 AM,06:57 PM,-1,21,21,21,14,18,25,0.0,1016,28,10,160,10,United%20States%2C%20New%20Mexico
2020-05-07,30,16,0.0,13.5,6,100,07:33 PM,05:30 AM,05:09 AM,06:58 PM,-9,23,23,23,31,34,13,0.0,1011,30,10,271,22,United%20States%2C%20New%20Mexico
2020-05-08,21,9,0.0,13.5,5,100,08:44 PM,06:12 AM,05:08 AM,06:58 PM,-5,14,15,14,30,3,25,0.0,1018,21,10,110,21,United%20States%2C%20New%20Mexico
2020-05-09,26,10,0.0,13.5,5,84,09:51 PM,06:59 AM,05:07 AM,06:59 PM,-5,17,18,17,23,12,23,0.0,1016,26,10,202,14,United%20States%2C%20New%20Mexico
2020-05-10,24,9,0.0,12.2,4,77,10:52 PM,07:52 AM,05:06 AM,07:00 PM,-0,16,17,16,28,30,34,0.0,1018,24,10,159,20,United%20States%2C%20New%20Mexico
2020-05-11,22,12,0.0,12.2,4,70,11:46 PM,08:48 AM,05:06 AM,07:01 PM,5,16,17,16,19,43,45,1.9,1014,22,10,155,14,United%20States%2C%20New%20Mexico
2020-05-12,28,12,0.0,14.0,6,62,No moonrise,09:48 AM,05:05 AM,07:02 PM,-2,20,20,20,25,24,25,0.1,1010,28,10,229,17,United%20States%2C%20New%20Mexico
2020-05-13,27,13,0.0,14.0,6,55,12:31 AM,10:47 AM,05:04 AM,07:02 PM,-5,19,19,19,25,1,20,0.0,1010,27,10,246,17,United%20States%2C%20New%20Mexico
2020-05-14,26,12,0.0,14.0,6,48,01:11 AM,11:47 AM,05:03 AM,07:03 PM,-3,19,19,19,22,6,24,0.0,1011,26,10,259,15,United%20States%2C%20New%20Mexico
2020-05-15,26,12,0.0,13.4,5,40,01:44 AM,12:44 PM,05:02 AM,07:04 PM,-4,19,19,19,10,19,21,0.0,1010,26,10,223,7,United%20States%2C%20New%20Mexico
2020-05-16,28,14,0.0,14.0,6,33,02:14 AM,01:40 PM,05:02 AM,07:05 PM,-4,21,21,21,9,4,18,0.0,1009,28,10,265,6,United%20States%2C%20New%20Mexico
2020-05-17,30,16,0.0,14.1,7,26,02:41 AM,02:35 PM,05:01 AM,07:06 PM,-2,24,24,24,17,4,20,0.0,1012,30,10,128,11,United%20States%2C%20New%20Mexico
2020-05-18,33,16,0.0,14.1,7,19,03:08 AM,03:30 PM,05:00 AM,07:06 PM,-3,25,25,25,17,5,18,0.0,1012,33,10,265,12,United%20States%2C%20New%20Mexico
2020-05-19,31,16,0.0,14.1,7,11,03:35 AM,04:25 PM,05:00 AM,07:07 PM,-3,24,24,24,21,18,17,0.0,1009,31,10,215,16,United%20States%2C%20New%20Mexico
2020-05-20,26,15,0.0,14.5,6,4,04:02 AM,05:22 PM,04:59 AM,07:08 PM,-8,21,21,21,24,3,15,0.0,1009,26,10,252,17,United%20States%2C%20New%20Mexico
2020-05-21,24,8,0.0,14.5,5,0,04:31 AM,06:19 PM,04:58 AM,07:09 PM,-12,16,17,16,23,2,13,0.0,1011,24,10,273,15,United%20States%2C%20New%20Mexico
2020-05-22,26,9,0.0,13.4,5,0,05:04 AM,07:19 PM,04:58 AM,07:09 PM,-11,18,18,18,18,25,13,0.0,1010,26,10,183,12,United%20States%2C%20New%20Mexico
2020-05-23,28,11,0.0,13.4,5,3,05:42 AM,08:18 PM,04:57 AM,07:10 PM,-9,20,20,20,23,18,15,0.0,1009,28,10,224,16,United%20States%2C%20New%20Mexico
2020-05-24,26,12,0.0,13.4,5,10,06:25 AM,09:17 PM,04:57 AM,07:11 PM,-6,19,19,19,26,29,19,0.0,1008,26,10,254,18,United%20States%2C%20New%20Mexico
2020-05-25,23,11,0.0,14.5,5,17,07:15 AM,10:12 PM,04:56 AM,07:11 PM,-4,17,17,17,18,19,26,0.0,1010,23,10,251,10,United%20States%2C%20New%20Mexico
2020-05-26,24,8,0.0,14.5,5,25,08:11 AM,11:04 PM,04:56 AM,07:12 PM,1,15,16,15,10,15,43,0.1,1015,24,10,207,6,United%20States%2C%20New%20Mexico
2020-05-27,31,15,0.0,14.5,7,32,09:13 AM,11:50 PM,04:55 AM,07:13 PM,-1,23,23,23,20,10,22,0.0,1012,31,10,268,15,United%20States%2C%20New%20Mexico
2020-05-28,32,14,0.0,13.4,6,39,10:18 AM,No moonset,04:55 AM,07:13 PM,5,23,23,23,20,34,34,0.7,1015,32,10,79,12,United%20States%2C%20New%20Mexico
2020-05-29,30,15,0.0,13.4,5,47,11:25 AM,12:30 AM,04:54 AM,07:14 PM,7,23,23,23,28,33,42,0.7,1020,30,10,168,20,United%20States%2C%20New%20Mexico
2020-05-30,31,16,0.0,14.5,7,54,12:32 PM,01:07 AM,04:54 AM,07:15 PM,7,24,24,24,19,24,37,0.6,1016,31,10,192,13,United%20States%2C%20New%20Mexico
2020-05-31,31,17,0.0,14.5,7,58,01:40 PM,01:42 AM,04:54 AM,07:15 PM,3,25,25,25,28,15,26,0.0,1015,31,10,173,18,United%20States%2C%20New%20Mexico
2020-06-01,30,17,0.0,10.2,5,71,02:49 PM,02:14 AM,04:53 AM,07:16 PM,7,23,23,23,15,56,38,4.3,1016,30,9,148,10,United%20States%2C%20New%20Mexico
2020-06-02,32,16,0.0,14.5,7,79,03:58 PM,02:48 AM,04:53 AM,07:17 PM,6,24,24,24,17,15,36,0.1,1015,32,10,175,12,United%20States%2C%20New%20Mexico
2020-06-03,31,17,0.0,14.5,7,86,05:09 PM,03:24 AM,04:53 AM,07:17 PM,6,24,24,24,16,17,35,0.9,1015,31,10,169,10,United%20States%2C%20New%20Mexico
2020-06-04,33,21,0.0,14.5,7,94,06:20 PM,04:03 AM,04:53 AM,07:18 PM,5,26,26,26,14,17,27,0.1,1012,33,10,228,9,United%20States%2C%20New%20Mexico
2020-06-05,34,20,0.0,14.5,7,100,07:31 PM,04:47 AM,04:52 AM,07:18 PM,3,27,27,27,19,16,22,0.0,1011,34,10,124,12,United%20States%2C%20New%20Mexico
2020-06-06,33,20,0.0,12.4,6,100,08:35 PM,05:37 AM,04:52 AM,07:19 PM,6,27,27,27,35,51,31,2.6,1009,33,10,191,27,United%20States%2C%20New%20Mexico
2020-06-07,32,18,0.0,14.5,7,84,09:34 PM,06:32 AM,04:52 AM,07:19 PM,-3,24,24,24,22,0,17,0.0,1007,32,10,243,16,United%20States%2C%20New%20Mexico
2020-06-08,29,16,0.0,14.5,6,76,10:24 PM,07:32 AM,04:52 AM,07:20 PM,-3,22,22,22,36,1,21,0.0,1008,29,10,271,26,United%20States%2C%20New%20Mexico
2020-06-09,24,10,0.0,14.5,5,69,11:07 PM,08:32 AM,04:52 AM,07:20 PM,-9,16,17,16,37,0,17,0.0,1017,24,10,325,27,United%20States%2C%20New%20Mexico
2020-06-10,26,12,0.0,14.5,6,61,11:44 PM,09:34 AM,04:52 AM,07:21 PM,-6,19,19,19,14,1,18,0.0,1019,26,10,272,9,United%20States%2C%20New%20Mexico
2020-06-11,31,16,0.0,14.5,7,54,No moonrise,10:33 AM,04:52 AM,07:21 PM,-2,23,23,24,18,7,19,0.0,1020,31,10,140,13,United%20States%2C%20New%20Mexico
2020-06-12,31,17,0.0,13.4,6,46,12:15 AM,11:31 AM,04:52 AM,07:22 PM,8,23,23,23,20,25,40,0.3,1023,31,10,204,15,United%20States%2C%20New%20Mexico
2020-06-13,31,17,0.0,14.5,7,38,12:44 AM,12:26 PM,04:52 AM,07:22 PM,6,24,24,24,23,25,34,0.6,1017,31,10,183,18,United%20States%2C%20New%20Mexico
2020-06-14,31,18,0.0,13.4,6,31,01:11 AM,01:22 PM,04:52 AM,07:22 PM,7,24,24,24,29,26,40,0.4,1016,31,10,184,21,United%20States%2C%20New%20Mexico
2020-06-15,31,18,0.0,14.5,7,23,01:37 AM,02:16 PM,04:52 AM,07:23 PM,6,24,24,24,23,26,34,2.6,1016,31,10,174,16,United%20States%2C%20New%20Mexico
2020-06-16,31,19,0.0,14.5,7,16,02:04 AM,03:12 PM,04:52 AM,07:23 PM,7,24,24,24,20,32,36,0.6,1014,31,10,170,15,United%20States%2C%20New%20Mexico
2020-06-17,33,19,0.0,14.5,7,8,02:32 AM,04:09 PM,04:52 AM,07:23 PM,1,26,26,26,26,3,23,0.0,1012,33,10,224,18,United%20States%2C%20New%20Mexico
2020-06-18,30,18,0.0,13.4,5,1,03:04 AM,05:08 PM,04:52 AM,07:24 PM,-5,23,23,23,17,21,15,0.0,1011,30,10,207,11,United%20States%2C%20New%20Mexico
2020-06-19,30,16,0.0,13.4,5,0,03:40 AM,06:08 PM,04:52 AM,07:24 PM,-4,23,23,23,24,20,17,0.0,1011,30,10,202,16,United%20States%2C%20New%20Mexico
2020-06-20,31,18,0.0,14.5,7,0,04:20 AM,07:08 PM,04:53 AM,07:24 PM,-6,24,24,25,17,4,14,0.0,1013,31,10,292,10,United%20States%2C%20New%20Mexico
2020-06-21,33,19,0.0,14.5,7,0,05:09 AM,08:06 PM,04:53 AM,07:24 PM,-4,26,26,27,17,8,14,0.0,1011,33,10,250,12,United%20States%2C%20New%20Mexico
2020-06-22,34,20,0.0,14.5,7,7,06:04 AM,09:00 PM,04:53 AM,07:25 PM,-1,26,26,28,15,18,16,0.0,1010,34,10,206,10,United%20States%2C%20New%20Mexico
2020-06-23,34,17,0.0,14.5,7,14,07:05 AM,09:48 PM,04:53 AM,07:25 PM,5,26,26,26,19,7,33,0.0,1013,34,10,184,12,United%20States%2C%20New%20Mexico
2020-06-24,34,15,0.0,14.5,7,22,08:10 AM,10:31 PM,04:54 AM,07:25 PM,7,25,25,25,13,5,41,0.0,1012,34,10,186,8,United%20States%2C%20New%20Mexico
2020-06-25,34,19,0.0,14.5,7,29,09:17 AM,11:09 PM,04:54 AM,07:25 PM,4,26,26,26,18,14,30,0.0,1011,34,10,189,12,United%20States%2C%20New%20Mexico
2020-06-26,34,19,0.0,13.4,6,37,10:24 AM,11:44 PM,04:54 AM,07:25 PM,2,27,27,27,23,23,24,0.0,1012,34,10,176,15,United%20States%2C%20New%20Mexico
2020-06-27,30,19,0.0,14.5,7,44,11:32 AM,No moonset,04:55 AM,07:25 PM,-1,24,24,25,25,21,18,0.0,1011,30,10,205,18,United%20States%2C%20New%20Mexico
2020-06-28,33,19,0.0,14.5,7,52,12:38 PM,12:17 AM,04:55 AM,07:25 PM,-0,25,25,26,27,12,18,0.0,1007,33,10,225,18,United%20States%2C%20New%20Mexico
2020-06-29,32,19,0.0,14.5,7,59,01:46 PM,12:49 AM,04:55 AM,07:25 PM,-1,25,25,25,24,5,19,0.0,1008,32,10,238,18,United%20States%2C%20New%20Mexico
2020-06-30,29,15,0.0,14.5,6,67,02:54 PM,01:23 AM,04:56 AM,07:25 PM,-4,22,22,22,32,1,19,0.0,1011,29,10,271,21,United%20States%2C%20New%20Mexico
2020-07-01,30,15,0.0,14.5,6,72,04:04 PM,01:59 AM,04:56 AM,07:25 PM,-5,23,23,23,19,3,16,0.0,1013,30,10,220,12,United%20States%2C%20New%20Mexico
2020-07-02,32,17,0.0,14.5,7,79,05:13 PM,02:39 AM,04:57 AM,07:25 PM,-0,25,25,25,19,16,21,0.0,1014,32,10,249,13,United%20States%2C%20New%20Mexico
2020-07-03,33,19,0.0,13.4,6,86,06:19 PM,03:26 AM,04:57 AM,07:25 PM,7,25,25,26,14,32,34,0.2,1016,33,10,172,10,United%20States%2C%20New%20Mexico
2020-07-04,32,19,0.0,14.5,7,94,07:20 PM,04:18 AM,04:58 AM,07:25 PM,8,26,26,26,20,12,36,0.0,1015,32,10,173,14,United%20States%2C%20New%20Mexico
2020-07-05,34,19,0.0,14.5,7,100,08:14 PM,05:16 AM,04:58 AM,07:24 PM,6,27,27,27,14,13,31,0.0,1013,34,10,218,10,United%20States%2C%20New%20Mexico
2020-07-06,33,19,0.0,13.4,6,100,09:00 PM,06:16 AM,04:59 AM,07:24 PM,9,26,26,26,15,30,38,0.6,1014,33,10,115,10,United%20States%2C%20New%20Mexico
2020-07-07,34,19,0.0,14.5,7,85,09:40 PM,07:19 AM,04:59 AM,07:24 PM,7,27,27,27,19,14,30,0.0,1013,34,10,180,11,United%20States%2C%20New%20Mexico
2020-07-08,33,21,0.0,14.2,7,77,10:14 PM,08:19 AM,05:00 AM,07:24 PM,0,27,27,27,15,21,17,0.0,1012,33,10,295,10,United%20States%2C%20New%20Mexico
2020-07-09,36,22,0.0,14.2,8,70,10:44 PM,09:19 AM,05:00 AM,07:23 PM,2,29,29,29,11,15,19,0.0,1012,36,10,273,8,United%20States%2C%20New%20Mexico
2020-07-10,36,22,0.0,14.2,8,63,11:12 PM,10:15 AM,05:01 AM,07:23 PM,-2,29,29,30,14,1,14,0.0,1016,36,10,249,10,United%20States%2C%20New%20Mexico
2020-07-11,37,23,0.0,14.2,8,55,11:39 PM,11:11 AM,05:02 AM,07:23 PM,-1,30,30,30,10,9,15,0.0,1016,37,10,227,6,United%20States%2C%20New%20Mexico
2020-07-12,36,23,0.0,13.4,7,48,No moonrise,12:06 PM,05:02 AM,07:22 PM,9,30,30,29,24,34,32,1.1,1015,36,10,193,16,United%20States%2C%20New%20Mexico
2020-07-13,36,22,0.0,14.2,8,41,12:05 AM,01:02 PM,05:03 AM,07:22 PM,8,30,30,29,17,28,31,2.6,1012,36,10,218,11,United%20States%2C%20New%20Mexico
2020-07-14,34,20,0.0,14.2,7,34,12:32 AM,01:58 PM,05:03 AM,07:21 PM,8,27,27,27,16,25,32,0.9,1013,34,10,256,11,United%20States%2C%20New%20Mexico
2020-07-15,34,21,0.0,14.2,7,26,01:02 AM,02:56 PM,05:04 AM,07:21 PM,7,27,27,27,16,20,30,0.4,1013,34,10,227,10,United%20States%2C%20New%20Mexico
2020-07-16,33,22,0.0,8.8,6,19,01:36 AM,03:55 PM,05:05 AM,07:20 PM,9,27,27,27,21,72,36,0.8,1017,33,10,221,15,United%20States%2C%20New%20Mexico
2020-07-17,33,20,0.0,12.2,6,12,02:14 AM,04:55 PM,05:05 AM,07:20 PM,10,27,27,26,19,44,41,1.1,1018,33,10,167,14,United%20States%2C%20New%20Mexico
2020-07-18,32,20,0.0,13.4,6,5,03:00 AM,05:54 PM,05:06 AM,07:19 PM,10,26,26,26,14,40,41,0.8,1016,32,10,233,10,United%20States%2C%20New%20Mexico
2020-07-19,33,20,0.0,14.1,7,0,03:52 AM,06:50 PM,05:07 AM,07:19 PM,8,26,26,26,15,17,31,0.1,1013,33,10,160,10,United%20States%2C%20New%20Mexico
2020-07-20,34,21,0.0,14.1,7,0,04:52 AM,07:42 PM,05:08 AM,07:18 PM,10,28,28,26,14,26,39,0.5,1012,34,10,190,10,United%20States%2C%20New%20Mexico
2020-07-21,33,21,0.0,12.2,6,2,05:57 AM,08:28 PM,05:08 AM,07:18 PM,10,27,27,26,19,44,41,4.0,1013,33,9,123,13,United%20States%2C%20New%20Mexico
2020-07-22,30,19,0.0,14.1,7,10,07:06 AM,09:09 PM,05:09 AM,07:17 PM,11,25,25,24,12,35,46,7.5,1015,30,10,160,9,United%20States%2C%20New%20Mexico
2020-07-23,29,18,0.0,14.1,6,17,08:14 AM,09:46 PM,05:10 AM,07:16 PM,12,23,23,23,11,22,54,3.1,1015,29,10,209,9,United%20States%2C%20New%20Mexico
2020-07-24,29,19,0.0,14.1,6,24,09:24 AM,10:19 PM,05:10 AM,07:16 PM,13,23,23,24,13,23,53,5.9,1015,29,9,192,10,United%20States%2C%20New%20Mexico
2020-07-25,29,18,0.0,8.8,5,32,10:31 AM,10:52 PM,05:11 AM,07:15 PM,13,24,24,23,14,76,55,11.6,1015,29,9,208,10,United%20States%2C%20New%20Mexico
2020-07-26,29,19,0.0,8.8,6,39,11:39 AM,11:25 PM,05:12 AM,07:14 PM,14,24,24,23,19,78,58,26.2,1016,29,8,190,12,United%20States%2C%20New%20Mexico
2020-07-27,29,19,0.0,8.8,6,46,12:46 PM,12:00 AM,05:13 AM,07:13 PM,14,25,25,25,14,79,58,15.2,1016,29,9,168,9,United%20States%2C%20New%20Mexico
2020-07-28,31,19,0.0,11.0,6,53,01:54 PM,No moonset,05:13 AM,07:12 PM,13,24,24,24,16,50,52,9.9,1014,31,9,204,11,United%20States%2C%20New%20Mexico
2020-07-29,33,22,0.0,14.0,7,61,03:02 PM,12:38 AM,05:14 AM,07:12 PM,7,28,28,28,15,1,30,0.0,1013,33,10,263,10,United%20States%2C%20New%20Mexico
2020-07-30,34,23,0.0,14.0,7,68,04:08 PM,01:21 AM,05:15 AM,07:11 PM,3,28,28,29,14,2,21,0.0,1014,34,10,139,10,United%20States%2C%20New%20Mexico
2020-07-31,32,19,0.0,13.3,6,72,05:10 PM,02:10 AM,05:16 AM,07:10 PM,11,26,26,25,29,24,44,1.2,1018,32,10,128,21,United%20States%2C%20New%20Mexico
2020-08-01,32,19,0.0,13.9,7,82,06:06 PM,03:05 AM,05:16 AM,07:09 PM,10,25,25,25,12,28,43,1.2,1018,32,10,137,9,United%20States%2C%20New%20Mexico
2020-08-02,33,19,0.0,13.3,6,90,06:54 PM,04:04 AM,05:17 AM,07:08 PM,10,26,26,25,15,43,42,1.5,1017,33,10,238,11,United%20States%2C%20New%20Mexico
2020-08-03,33,19,0.0,13.9,7,97,07:36 PM,05:05 AM,05:18 AM,07:07 PM,9,25,25,25,8,14,37,0.0,1016,33,10,202,6,United%20States%2C%20New%20Mexico
2020-08-04,35,21,0.0,13.9,7,100,08:12 PM,06:06 AM,05:19 AM,07:06 PM,8,27,27,27,18,18,34,0.1,1015,35,10,203,12,United%20States%2C%20New%20Mexico
2020-08-05,33,22,0.0,13.9,7,88,08:44 PM,07:07 AM,05:19 AM,07:05 PM,6,27,27,27,19,24,26,0.6,1014,33,10,255,14,United%20States%2C%20New%20Mexico
2020-08-06,32,20,0.0,13.3,6,81,09:13 PM,08:05 AM,05:20 AM,07:04 PM,9,26,26,26,16,34,38,0.5,1014,32,10,211,12,United%20States%2C%20New%20Mexico
2020-08-07,32,21,0.0,13.8,7,74,09:40 PM,09:01 AM,05:21 AM,07:03 PM,7,27,27,27,19,17,32,0.2,1015,32,10,219,13,United%20States%2C%20New%20Mexico
2020-08-08,32,21,0.0,13.8,7,67,10:06 PM,09:57 AM,05:22 AM,07:02 PM,7,26,26,26,11,8,33,0.0,1017,32,10,256,8,United%20States%2C%20New%20Mexico
2020-08-09,32,21,0.0,13.8,7,59,10:32 PM,10:52 AM,05:23 AM,07:01 PM,6,27,27,27,14,9,27,0.0,1016,32,10,148,10,United%20States%2C%20New%20Mexico
2020-08-10,33,21,0.0,13.8,7,52,11:01 PM,11:48 AM,05:23 AM,07:00 PM,4,28,28,28,12,14,24,0.0,1015,33,10,263,9,United%20States%2C%20New%20Mexico
2020-08-11,33,21,0.0,13.4,7,45,11:33 PM,12:44 PM,05:24 AM,06:59 PM,1,27,27,28,14,14,18,0.0,1014,33,10,295,9,United%20States%2C%20New%20Mexico
2020-08-12,33,21,0.0,13.3,6,38,No moonrise,01:42 PM,05:25 AM,06:58 PM,3,27,27,27,13,30,23,0.8,1015,33,10,209,9,United%20States%2C%20New%20Mexico
2020-08-13,34,22,0.0,12.0,6,30,12:08 AM,02:41 PM,05:26 AM,06:57 PM,8,28,28,28,11,36,30,1.4,1016,34,10,247,8,United%20States%2C%20New%20Mexico
2020-08-14,34,21,0.0,13.3,7,23,12:50 AM,03:40 PM,05:26 AM,06:55 PM,7,28,28,27,14,20,30,0.5,1015,34,10,231,9,United%20States%2C%20New%20Mexico
2020-08-15,34,21,0.0,13.3,7,16,01:39 AM,04:37 PM,05:27 AM,06:54 PM,6,28,28,28,16,12,28,0.0,1015,34,10,162,10,United%20States%2C%20New%20Mexico
2020-08-16,34,20,0.0,13.3,6,8,02:35 AM,05:31 PM,05:28 AM,06:53 PM,10,27,27,26,13,36,44,4.7,1018,34,10,138,9,United%20States%2C%20New%20Mexico
2020-08-17,32,20,0.0,13.2,7,1,03:39 AM,06:20 PM,05:29 AM,06:52 PM,9,26,26,26,12,14,37,1.6,1021,32,10,125,8,United%20States%2C%20New%20Mexico
2020-08-18,34,20,0.0,13.2,7,0,04:46 AM,07:03 PM,05:29 AM,06:51 PM,9,27,27,27,7,8,33,2.0,1019,34,10,179,5,United%20States%2C%20New%20Mexico
2020-08-19,34,21,0.0,12.0,6,0,05:57 AM,07:42 PM,05:30 AM,06:49 PM,8,27,27,28,16,53,32,1.1,1014,34,10,161,11,United%20States%2C%20New%20Mexico
2020-08-20,35,22,0.0,13.2,7,6,07:08 AM,08:18 PM,05:31 AM,06:48 PM,10,28,28,28,14,14,35,1.1,1011,35,10,155,9,United%20States%2C%20New%20Mexico
2020-08-21,35,22,0.0,13.2,6,13,08:18 AM,08:52 PM,05:32 AM,06:47 PM,8,29,29,28,18,39,32,0.3,1009,35,10,123,12,United%20States%2C%20New%20Mexico
2020-08-22,34,22,0.0,12.0,6,20,09:28 AM,09:26 PM,05:32 AM,06:46 PM,9,28,28,28,12,47,33,2.7,1013,34,10,124,8,United%20States%2C%20New%20Mexico
2020-08-23,35,21,0.0,13.1,7,28,10:37 AM,10:00 PM,05:33 AM,06:44 PM,7,28,28,28,10,22,28,0.3,1014,35,10,142,6,United%20States%2C%20New%20Mexico
2020-08-24,34,24,0.0,13.1,6,35,11:47 AM,10:38 PM,05:34 AM,06:43 PM,9,28,28,28,13,32,31,0.6,1015,34,10,181,9,United%20States%2C%20New%20Mexico
2020-08-25,31,20,0.0,12.0,6,42,12:55 PM,11:20 PM,05:35 AM,06:42 PM,10,26,26,26,20,45,40,0.9,1015,31,10,185,15,United%20States%2C%20New%20Mexico
2020-08-26,31,21,0.0,13.1,7,50,02:02 PM,No moonset,05:35 AM,06:40 PM,11,26,26,25,15,26,41,3.2,1012,31,10,187,11,United%20States%2C%20New%20Mexico
2020-08-27,32,21,0.0,13.0,7,57,03:04 PM,12:07 AM,05:36 AM,06:39 PM,10,27,27,26,10,22,38,0.5,1010,32,10,216,7,United%20States%2C%20New%20Mexico
2020-08-28,33,21,0.0,13.0,7,64,04:01 PM,12:59 AM,05:37 AM,06:38 PM,11,28,28,27,10,24,40,2.5,1011,33,10,195,7,United%20States%2C%20New%20Mexico
2020-08-29,30,20,0.0,13.0,7,71,04:51 PM,01:56 AM,05:38 AM,06:36 PM,10,25,25,25,14,22,40,2.4,1013,30,10,214,10,United%20States%2C%20New%20Mexico
2020-08-30,31,22,0.0,13.0,7,79,05:35 PM,02:56 AM,05:38 AM,06:35 PM,6,26,26,26,17,11,30,0.0,1011,31,10,278,12,United%20States%2C%20New%20Mexico
2020-08-31,31,21,0.0,13.0,7,82,06:12 PM,03:57 AM,05:39 AM,06:34 PM,8,25,25,25,14,26,35,0.4,1010,31,10,204,11,United%20States%2C%20New%20Mexico
2020-09-01,27,11,0.0,11.9,5,97,06:44 PM,04:57 AM,05:40 AM,06:32 PM,7,20,20,20,25,34,41,5.2,1011,27,9,237,17,United%20States%2C%20New%20Mexico
2020-09-02,27,17,0.0,12.9,6,100,07:14 PM,05:56 AM,05:41 AM,06:31 PM,4,23,23,22,10,1,31,0.0,1015,27,10,188,7,United%20States%2C%20New%20Mexico
2020-09-03,34,20,0.0,12.9,7,88,07:41 PM,06:52 AM,05:41 AM,06:29 PM,3,26,26,26,11,0,23,0.0,1015,34,10,126,6,United%20States%2C%20New%20Mexico
2020-09-04,33,19,0.0,12.9,7,81,08:07 PM,07:49 AM,05:42 AM,06:28 PM,6,25,25,26,14,0,29,0.0,1019,33,10,157,8,United%20States%2C%20New%20Mexico
2020-09-05,33,20,0.0,12.8,6,73,08:34 PM,08:43 AM,05:43 AM,06:27 PM,5,25,25,26,16,15,27,0.1,1021,33,10,162,10,United%20States%2C%20New%20Mexico
2020-09-06,32,19,0.0,12.8,7,66,09:01 PM,09:39 AM,05:43 AM,06:25 PM,7,25,25,25,11,12,33,0.0,1018,32,10,197,7,United%20States%2C%20New%20Mexico
2020-09-07,34,20,0.0,12.8,7,58,09:32 PM,10:35 AM,05:44 AM,06:24 PM,2,27,27,27,20,7,23,0.0,1010,34,10,230,12,United%20States%2C%20New%20Mexico
2020-09-08,33,20,0.0,11.9,6,50,10:05 PM,11:32 AM,05:45 AM,06:22 PM,1,25,25,24,27,35,29,2.6,1004,33,10,152,19,United%20States%2C%20New%20Mexico
2020-09-09,7,-3,0.0,8.0,2,43,10:43 PM,12:29 PM,05:46 AM,06:21 PM,2,2,6,2,26,76,74,11.8,1021,7,9,90,21,United%20States%2C%20New%20Mexico
2020-09-10,17,8,0.0,9.3,3,35,11:28 PM,01:28 PM,05:46 AM,06:19 PM,8,11,13,11,20,72,74,18.1,1022,17,8,95,15,United%20States%2C%20New%20Mexico
2020-09-11,22,10,0.0,12.7,5,28,No moonrise,02:24 PM,05:47 AM,06:18 PM,6,15,16,15,9,18,56,0.0,1020,22,10,196,6,United%20States%2C%20New%20Mexico
2020-09-12,26,13,0.0,12.7,6,20,12:19 AM,03:19 PM,05:48 AM,06:17 PM,2,20,20,20,15,1,34,0.0,1017,26,10,148,10,United%20States%2C%20New%20Mexico
2020-09-13,29,15,0.0,12.7,6,13,01:19 AM,04:09 PM,05:49 AM,06:15 PM,0,21,21,21,16,0,24,0.0,1020,29,10,132,9,United%20States%2C%20New%20Mexico
2020-09-14,27,17,0.0,12.7,6,5,02:24 AM,04:54 PM,05:49 AM,06:14 PM,4,22,22,22,11,1,34,0.0,1023,27,10,163,7,United%20States%2C%20New%20Mexico
2020-09-15,29,16,0.0,12.6,6,0,03:33 AM,05:35 PM,05:50 AM,06:12 PM,3,23,23,23,8,2,31,0.0,1020,29,10,204,5,United%20States%2C%20New%20Mexico
2020-09-16,30,17,0.0,12.6,6,0,04:44 AM,06:12 PM,05:51 AM,06:11 PM,-0,23,23,24,21,8,23,0.0,1018,30,10,50,14,United%20States%2C%20New%20Mexico
2020-09-17,28,16,0.0,12.6,6,0,05:56 AM,06:47 PM,05:51 AM,06:09 PM,1,22,22,22,21,0,26,0.0,1021,28,10,145,12,United%20States%2C%20New%20Mexico
2020-09-18,28,16,0.0,12.6,6,2,07:08 AM,07:22 PM,05:52 AM,06:08 PM,2,22,22,22,15,1,27,0.0,1020,28,10,142,9,United%20States%2C%20New%20Mexico
2020-09-19,27,16,0.0,12.5,6,10,08:20 AM,07:57 PM,05:53 AM,06:07 PM,4,22,22,22,23,2,33,0.0,1019,27,10,179,15,United%20States%2C%20New%20Mexico
2020-09-20,27,15,0.0,12.5,6,17,09:33 AM,08:35 PM,05:54 AM,06:05 PM,3,22,22,22,22,2,30,0.0,1018,27,10,189,13,United%20States%2C%20New%20Mexico
2020-09-21,29,16,0.0,12.5,6,25,10:44 AM,09:16 PM,05:54 AM,06:04 PM,2,22,22,22,15,0,27,0.0,1017,29,10,199,9,United%20States%2C%20New%20Mexico
2020-09-22,28,16,0.0,12.5,6,32,11:54 AM,10:03 PM,05:55 AM,06:02 PM,5,23,23,23,14,4,34,0.0,1016,28,10,222,10,United%20States%2C%20New%20Mexico
2020-09-23,29,17,0.0,12.5,6,40,12:59 PM,10:54 PM,05:56 AM,06:01 PM,4,23,23,23,20,24,32,0.4,1016,29,10,260,14,United%20States%2C%20New%20Mexico
2020-09-24,29,18,0.0,12.4,6,47,01:58 PM,11:51 PM,05:57 AM,06:00 PM,3,23,23,23,7,10,27,0.1,1015,29,10,153,5,United%20States%2C%20New%20Mexico
2020-09-25,31,18,0.0,11.6,7,55,02:50 PM,No moonset,05:57 AM,05:58 PM,-0,24,24,25,13,0,21,0.0,1013,31,10,250,9,United%20States%2C%20New%20Mexico
2020-09-26,30,19,0.0,11.6,7,62,03:36 PM,12:50 AM,05:58 AM,05:57 PM,0,25,25,25,22,0,22,0.0,1013,30,10,316,16,United%20States%2C%20New%20Mexico
2020-09-27,29,16,0.0,11.6,6,70,04:14 PM,01:50 AM,05:59 AM,05:55 PM,-1,23,23,23,24,4,22,0.0,1012,29,10,299,17,United%20States%2C%20New%20Mexico
2020-09-28,20,9,0.0,11.6,4,78,04:47 PM,02:50 AM,05:59 AM,05:54 PM,1,13,14,13,22,6,41,0.0,1023,20,10,139,15,United%20States%2C%20New%20Mexico
2020-09-29,23,9,0.0,11.5,5,85,05:17 PM,03:49 AM,06:00 AM,05:53 PM,-2,15,16,15,12,0,29,0.0,1023,23,10,184,8,United%20States%2C%20New%20Mexico
2020-09-30,27,12,0.0,8.7,6,93,05:45 PM,04:46 AM,06:01 AM,05:51 PM,-2,19,19,19,11,0,26,0.0,1019,27,10,221,7,United%20States%2C%20New%20Mexico
2020-10-01,27,14,0.0,8.7,6,97,06:10 PM,05:42 AM,06:02 AM,05:50 PM,-3,21,21,21,18,0,22,0.0,1020,27,10,104,11,United%20States%2C%20New%20Mexico
2020-10-02,26,13,0.0,8.7,6,100,06:36 PM,06:37 AM,06:02 AM,05:48 PM,-2,20,20,20,14,9,26,0.0,1018,26,10,225,9,United%20States%2C%20New%20Mexico
2020-10-03,28,13,0.0,8.7,6,89,07:04 PM,07:33 AM,06:03 AM,05:47 PM,-4,21,21,21,11,0,21,0.0,1015,28,10,123,6,United%20States%2C%20New%20Mexico
2020-10-04,25,10,0.0,8.7,5,82,07:33 PM,08:28 AM,06:04 AM,05:46 PM,-1,17,17,17,12,0,30,0.0,1019,25,10,137,7,United%20States%2C%20New%20Mexico
2020-10-05,29,13,0.0,8.7,6,74,08:04 PM,09:25 AM,06:05 AM,05:44 PM,-5,20,20,20,22,0,21,0.0,1017,29,10,246,14,United%20States%2C%20New%20Mexico
2020-10-06,28,14,0.0,8.7,6,67,08:40 PM,10:22 AM,06:06 AM,05:43 PM,-5,21,21,21,9,5,17,0.0,1018,28,10,166,6,United%20States%2C%20New%20Mexico
2020-10-07,28,14,0.0,8.7,6,60,09:22 PM,11:20 AM,06:06 AM,05:41 PM,-5,21,21,21,7,3,19,0.0,1016,28,10,142,5,United%20States%2C%20New%20Mexico
2020-10-08,29,14,0.0,8.7,6,53,10:09 PM,12:16 PM,06:07 AM,05:40 PM,-7,21,21,21,14,0,15,0.0,1014,29,10,224,8,United%20States%2C%20New%20Mexico
2020-10-09,28,14,0.0,8.7,6,45,11:04 PM,01:10 PM,06:08 AM,05:39 PM,-6,21,21,21,13,3,17,0.0,1013,28,10,224,8,United%20States%2C%20New%20Mexico
2020-10-10,26,13,0.0,8.7,6,38,No moonrise,02:01 PM,06:09 AM,05:37 PM,-5,20,20,20,12,0,19,0.0,1013,26,10,238,7,United%20States%2C%20New%20Mexico
2020-10-11,26,12,0.0,8.7,6,31,12:05 AM,02:46 PM,06:10 AM,05:36 PM,-5,19,19,19,25,0,21,0.0,1013,26,10,250,17,United%20States%2C%20New%20Mexico
2020-10-12,24,14,0.0,8.7,6,23,01:11 AM,03:28 PM,06:10 AM,05:35 PM,-2,19,20,19,11,0,26,0.0,1018,24,10,253,7,United%20States%2C%20New%20Mexico
2020-10-13,26,11,0.0,8.7,6,16,02:19 AM,04:06 PM,06:11 AM,05:34 PM,-5,19,19,19,8,0,22,0.0,1019,26,10,197,5,United%20States%2C%20New%20Mexico
2020-10-14,28,13,0.0,8.7,6,9,03:30 AM,04:41 PM,06:12 AM,05:32 PM,-7,20,20,21,16,0,17,0.0,1016,28,10,245,10,United%20States%2C%20New%20Mexico
2020-10-15,24,13,0.0,8.7,5,2,04:42 AM,05:16 PM,06:13 AM,05:31 PM,-2,18,19,18,8,0,26,0.0,1017,24,10,207,6,United%20States%2C%20New%20Mexico
2020-10-16,21,7,0.0,8.7,5,0,05:54 AM,05:50 PM,06:14 AM,05:30 PM,-1,14,15,14,16,0,34,0.0,1020,21,10,217,9,United%20States%2C%20New%20Mexico
2020-10-17,27,9,0.0,8.7,5,0,07:08 AM,06:27 PM,06:15 AM,05:28 PM,-3,17,18,17,27,0,29,0.0,1014,27,10,230,16,United%20States%2C%20New%20Mexico
2020-10-18,26,11,0.0,8.7,5,5,08:22 AM,07:08 PM,06:15 AM,05:27 PM,-7,18,18,18,15,0,18,0.0,1014,26,10,246,9,United%20States%2C%20New%20Mexico
2020-10-19,26,11,0.0,8.7,5,13,09:36 AM,07:53 PM,06:16 AM,05:26 PM,-5,19,19,19,11,0,21,0.0,1014,26,10,241,7,United%20States%2C%20New%20Mexico
2020-10-20,27,11,0.0,8.7,6,20,10:46 AM,08:45 PM,06:17 AM,05:25 PM,-3,19,19,19,6,0,25,0.0,1012,27,10,158,4,United%20States%2C%20New%20Mexico
2020-10-21,26,11,0.0,8.7,5,27,11:51 AM,09:42 PM,06:18 AM,05:24 PM,-6,18,18,18,11,0,20,0.0,1012,26,10,181,7,United%20States%2C%20New%20Mexico
2020-10-22,26,11,0.0,8.7,5,35,12:47 PM,10:41 PM,06:19 AM,05:22 PM,-7,17,18,17,22,6,18,0.0,1012,26,10,233,14,United%20States%2C%20New%20Mexico
2020-10-23,22,7,0.0,8.7,5,42,01:35 PM,11:43 PM,06:20 AM,05:21 PM,-1,15,16,15,17,1,34,0.0,1017,22,10,162,10,United%20States%2C%20New%20Mexico
2020-10-24,24,10,0.0,8.7,5,49,02:16 PM,No moonset,06:21 AM,05:20 PM,0,17,17,17,19,16,36,0.0,1013,24,10,228,14,United%20States%2C%20New%20Mexico
2020-10-25,22,15,0.0,7.2,4,56,02:51 PM,12:43 AM,06:22 AM,05:19 PM,-2,17,18,17,31,38,28,0.0,1008,22,10,229,21,United%20States%2C%20New%20Mexico
2020-10-26,2,-7,11.9,5.6,1,64,03:21 PM,01:43 AM,06:22 AM,05:18 PM,-3,-5,-0,-5,28,78,79,28.7,1014,2,6,91,19,United%20States%2C%20New%20Mexico
2020-10-27,1,-8,15.0,5.6,1,71,03:49 PM,02:40 AM,06:23 AM,05:17 PM,-5,-7,-3,-7,16,80,91,17.7,1024,1,4,64,10,United%20States%2C%20New%20Mexico
2020-10-28,4,-3,0.3,8.7,1,78,04:15 PM,03:36 AM,06:24 AM,05:16 PM,-3,-2,1,-2,15,35,78,0.5,1020,4,9,291,9,United%20States%2C%20New%20Mexico
2020-10-29,8,-1,0.0,8.7,2,85,04:41 PM,04:31 AM,06:25 AM,05:15 PM,-2,2,3,2,8,4,69,0.0,1024,8,10,209,5,United%20States%2C%20New%20Mexico
2020-10-30,15,4,0.0,8.7,4,93,05:07 PM,05:27 AM,06:26 AM,05:14 PM,-1,9,9,9,9,3,50,0.0,1020,15,10,186,5,United%20States%2C%20New%20Mexico
2020-10-31,19,8,0.0,8.7,4,97,05:35 PM,06:22 AM,06:27 AM,05:13 PM,-2,12,12,12,14,7,39,0.0,1020,19,10,210,8,United%20States%2C%20New%20Mexico
2020-11-01,16,6,0.0,7.2,3,89,06:05 PM,07:19 AM,06:28 AM,05:12 PM,-3,10,11,10,17,23,39,0.0,1030,16,10,179,9,United%20States%2C%20New%20Mexico
2020-11-02,19,9,0.0,8.7,4,81,06:40 PM,08:16 AM,06:29 AM,05:11 PM,-2,13,13,13,7,10,37,0.0,1026,19,10,187,4,United%20States%2C%20New%20Mexico
2020-11-03,19,10,0.0,8.7,4,74,07:20 PM,09:14 AM,06:30 AM,05:10 PM,-2,13,14,13,12,20,35,0.0,1020,19,10,188,7,United%20States%2C%20New%20Mexico
2020-11-04,21,11,0.0,8.7,5,66,08:05 PM,10:11 AM,06:31 AM,05:09 PM,1,15,16,15,14,1,38,0.0,1021,21,10,252,8,United%20States%2C%20New%20Mexico
2020-11-05,24,11,0.0,8.7,5,58,08:57 PM,11:06 AM,06:32 AM,05:08 PM,-1,16,16,16,12,0,31,0.0,1025,24,10,124,6,United%20States%2C%20New%20Mexico
2020-11-06,21,11,0.0,7.1,4,51,09:55 PM,11:57 AM,06:33 AM,05:07 PM,-3,15,15,15,17,29,30,0.0,1018,21,10,134,10,United%20States%2C%20New%20Mexico
2020-11-07,20,11,0.0,8.7,5,43,10:57 PM,12:43 PM,06:34 AM,05:06 PM,-1,15,15,15,28,33,33,0.1,1010,20,10,171,20,United%20States%2C%20New%20Mexico
2020-11-08,16,6,0.0,8.7,4,36,No moonrise,01:25 PM,06:35 AM,05:05 PM,-4,9,11,9,46,24,38,3.5,1007,16,10,222,31,United%20States%2C%20New%20Mexico
2020-11-09,7,2,0.0,7.1,2,28,12:02 AM,02:02 PM,06:36 AM,05:05 PM,-7,2,6,2,40,29,40,0.4,1011,7,10,241,29,United%20States%2C%20New%20Mexico
2020-11-10,8,-1,0.0,8.7,2,21,01:10 AM,02:37 PM,06:37 AM,05:04 PM,-10,-1,3,-1,21,5,39,0.0,1018,8,10,301,14,United%20States%2C%20New%20Mexico
2020-11-11,9,0,0.0,8.7,3,13,02:18 AM,03:10 PM,06:38 AM,05:03 PM,-10,3,5,3,12,2,35,0.0,1018,9,10,278,8,United%20States%2C%20New%20Mexico
2020-11-12,14,3,0.0,8.7,3,6,03:28 AM,03:44 PM,06:39 AM,05:02 PM,-10,7,8,7,8,6,29,0.0,1017,14,10,184,5,United%20States%2C%20New%20Mexico
2020-11-13,14,5,0.0,5.6,2,0,04:40 AM,04:18 PM,06:40 AM,05:02 PM,-9,9,9,9,10,43,27,0.0,1017,14,10,132,6,United%20States%2C%20New%20Mexico
2020-11-14,14,5,0.0,8.7,4,0,05:53 AM,04:57 PM,06:41 AM,05:01 PM,-8,7,9,7,32,0,31,0.0,1016,14,10,282,20,United%20States%2C%20New%20Mexico
2020-11-15,16,4,0.0,8.7,4,0,07:08 AM,05:40 PM,06:42 AM,05:00 PM,-9,8,9,8,6,0,28,0.0,1023,16,10,248,4,United%20States%2C%20New%20Mexico
2020-11-16,16,5,0.0,8.7,4,2,08:22 AM,06:29 PM,06:43 AM,05:00 PM,-7,10,10,10,8,0,31,0.0,1025,16,10,290,5,United%20States%2C%20New%20Mexico
2020-11-17,17,7,0.0,8.7,4,9,09:33 AM,07:26 PM,06:44 AM,04:59 PM,-4,11,11,11,9,3,34,0.0,1024,17,10,105,5,United%20States%2C%20New%20Mexico
2020-11-18,19,9,0.0,8.7,4,17,10:35 AM,08:26 PM,06:45 AM,04:59 PM,-2,13,13,13,14,2,34,0.0,1021,19,10,193,8,United%20States%2C%20New%20Mexico
2020-11-19,23,9,0.0,8.7,5,24,11:29 AM,09:30 PM,06:45 AM,04:58 PM,2,14,15,14,25,4,44,0.0,1019,23,10,220,15,United%20States%2C%20New%20Mexico
2020-11-20,20,11,0.0,8.7,5,32,12:14 PM,10:33 PM,06:46 AM,04:58 PM,1,14,14,14,12,5,42,0.0,1021,20,10,169,7,United%20States%2C%20New%20Mexico
2020-11-21,17,9,0.0,8.7,4,39,12:52 PM,11:34 PM,06:47 AM,04:57 PM,-1,12,12,12,13,13,40,0.0,1021,17,10,117,7,United%20States%2C%20New%20Mexico
2020-11-22,12,8,0.0,8.7,4,47,01:24 PM,No moonset,06:48 AM,04:57 PM,2,9,11,9,19,14,57,0.0,1019,12,10,84,13,United%20States%2C%20New%20Mexico
2020-11-23,16,7,0.0,5.4,3,54,01:53 PM,12:33 AM,06:49 AM,04:56 PM,4,10,11,10,26,56,66,0.7,1013,16,10,160,17,United%20States%2C%20New%20Mexico
2020-11-24,12,5,0.0,5.4,2,62,02:19 PM,01:30 AM,06:50 AM,04:56 PM,-4,4,8,4,39,51,42,1.3,1009,12,10,272,25,United%20States%2C%20New%20Mexico
2020-11-25,11,2,0.0,8.7,3,70,02:45 PM,02:25 AM,06:51 AM,04:56 PM,-7,5,6,5,9,0,41,0.0,1018,11,10,284,6,United%20States%2C%20New%20Mexico
2020-11-26,12,3,0.0,8.7,3,77,03:11 PM,03:20 AM,06:52 AM,04:55 PM,-9,6,7,6,10,1,33,0.0,1015,12,10,242,6,United%20States%2C%20New%20Mexico
2020-11-27,9,1,0.0,8.7,2,85,03:38 PM,04:15 AM,06:53 AM,04:55 PM,-8,0,5,0,36,16,39,0.2,1020,9,10,86,24,United%20States%2C%20New%20Mexico
2020-11-28,8,-1,0.8,8.7,1,92,04:07 PM,05:12 AM,06:54 AM,04:55 PM,-4,-1,2,-1,18,27,64,0.9,1025,8,9,261,12,United%20States%2C%20New%20Mexico
2020-11-29,9,-0,0.0,8.7,2,100,04:40 PM,06:09 AM,06:55 AM,04:55 PM,-10,1,3,1,20,1,38,0.0,1026,9,10,183,12,United%20States%2C%20New%20Mexico
2020-11-30,6,-1,0.0,8.7,2,100,05:19 PM,07:08 AM,06:56 AM,04:55 PM,-9,-0,2,-0,11,5,46,0.0,1029,6,10,138,7,United%20States%2C%20New%20Mexico
2020-12-01,9,0,0.0,8.7,2,89,06:02 PM,08:06 AM,06:57 AM,04:54 PM,-11,0,3,0,25,1,37,0.0,1019,9,10,266,16,United%20States%2C%20New%20Mexico
2020-12-02,2,-3,0.0,8.7,2,82,06:53 PM,09:02 AM,06:58 AM,04:54 PM,-12,-4,-1,-4,20,11,43,0.0,1026,2,10,154,13,United%20States%2C%20New%20Mexico
2020-12-03,3,-5,0.0,8.7,2,75,07:49 PM,09:55 AM,06:59 AM,04:54 PM,-11,-2,-1,-2,7,4,45,0.0,1028,3,10,218,4,United%20States%2C%20New%20Mexico
2020-12-04,8,-3,0.0,8.7,2,67,08:49 PM,10:42 AM,06:59 AM,04:54 PM,-12,-2,1,-2,18,0,36,0.0,1025,8,10,181,10,United%20States%2C%20New%20Mexico
2020-12-05,10,0,0.0,8.7,3,60,09:53 PM,11:25 AM,07:00 AM,04:54 PM,-9,2,4,2,17,2,38,0.0,1026,10,10,142,9,United%20States%2C%20New%20Mexico
2020-12-06,11,1,0.0,8.7,3,53,10:58 PM,12:03 PM,07:01 AM,04:54 PM,-11,2,4,2,16,1,34,0.0,1024,11,10,252,9,United%20States%2C%20New%20Mexico
2020-12-07,13,1,0.0,8.7,3,46,No moonrise,12:37 PM,07:02 AM,04:54 PM,-11,5,6,5,10,5,31,0.0,1024,13,10,96,6,United%20States%2C%20New%20Mexico
2020-12-08,13,2,0.0,8.7,3,38,12:04 AM,01:10 PM,07:03 AM,04:55 PM,-10,6,7,6,7,9,29,0.0,1025,13,10,138,4,United%20States%2C%20New%20Mexico
2020-12-09,13,1,0.0,8.7,3,31,01:11 AM,01:42 PM,07:04 AM,04:55 PM,-10,6,6,6,5,6,32,0.0,1021,13,10,241,3,United%20States%2C%20New%20Mexico
2020-12-10,8,2,0.0,7.0,2,24,02:19 AM,02:14 PM,07:04 AM,04:55 PM,-4,4,5,4,12,60,53,3.5,1013,8,9,215,8,United%20States%2C%20New%20Mexico
2020-12-11,8,2,0.0,5.3,1,17,03:29 AM,02:49 PM,07:05 AM,04:55 PM,-3,1,4,1,26,75,63,3.5,1012,8,10,267,17,United%20States%2C%20New%20Mexico
2020-12-12,9,-1,0.0,8.7,1,9,04:41 AM,03:29 PM,07:06 AM,04:55 PM,-8,0,3,0,25,34,44,0.0,1014,9,10,233,15,United%20States%2C%20New%20Mexico
2020-12-13,5,-4,0.0,8.7,2,2,05:55 AM,04:14 PM,07:06 AM,04:56 PM,-11,-4,0,-4,26,16,45,0.5,1025,5,9,234,17,United%20States%2C%20New%20Mexico
2020-12-14,4,-3,0.0,7.0,1,0,07:07 AM,05:07 PM,07:07 AM,04:56 PM,-12,-3,-0,-3,16,29,40,0.0,1019,4,10,173,10,United%20States%2C%20New%20Mexico
2020-12-15,3,-3,0.1,8.7,1,0,08:15 AM,06:06 PM,07:08 AM,04:56 PM,-9,-7,-1,-7,30,30,58,0.2,1018,3,10,317,20,United%20States%2C%20New%20Mexico
2020-12-16,4,-4,0.0,8.7,2,5,09:15 AM,07:10 PM,07:08 AM,04:57 PM,-10,-5,-1,-5,20,3,51,0.0,1024,4,10,329,12,United%20States%2C%20New%20Mexico
2020-12-17,6,-2,0.0,8.7,2,12,10:05 AM,08:15 PM,07:09 AM,04:57 PM,-8,-0,1,-0,10,6,50,0.0,1019,6,10,191,5,United%20States%2C%20New%20Mexico
2020-12-18,7,-1,0.0,8.7,2,20,10:47 AM,09:20 PM,07:10 AM,04:57 PM,-8,-1,2,-1,21,19,49,0.0,1018,7,10,264,13,United%20States%2C%20New%20Mexico
2020-12-19,5,-3,0.0,8.7,2,27,11:23 AM,10:21 PM,07:10 AM,04:58 PM,-7,-3,0,-3,21,6,60,0.0,1026,5,10,325,12,United%20States%2C%20New%20Mexico
2020-12-20,7,-2,0.0,8.7,2,34,11:54 AM,11:20 PM,07:11 AM,04:58 PM,-9,-3,1,-3,25,2,47,0.0,1026,7,10,342,14,United%20States%2C%20New%20Mexico
2020-12-21,9,-1,0.0,8.7,2,41,12:21 PM,No moonset,07:11 AM,04:59 PM,-7,1,3,1,16,0,47,0.0,1022,9,10,223,9,United%20States%2C%20New%20Mexico
2020-12-22,13,1,0.0,8.7,3,49,12:47 PM,12:16 AM,07:12 AM,04:59 PM,-5,5,6,5,14,1,49,0.0,1016,13,10,249,9,United%20States%2C%20New%20Mexico
2020-12-23,4,-3,0.0,8.7,2,56,01:13 PM,01:12 AM,07:12 AM,05:00 PM,-15,-4,1,-4,37,5,30,0.0,1023,4,10,312,24,United%20States%2C%20New%20Mexico
2020-12-24,4,-4,0.0,8.7,2,63,01:40 PM,02:07 AM,07:13 AM,05:00 PM,-20,-6,-2,-6,20,0,25,0.0,1031,4,10,277,13,United%20States%2C%20New%20Mexico
2020-12-25,4,-4,0.0,7.0,1,70,02:08 PM,03:03 AM,07:13 AM,05:01 PM,-16,-2,-1,-2,6,22,29,0.0,1024,4,10,231,4,United%20States%2C%20New%20Mexico
2020-12-26,9,-1,0.0,8.7,2,78,02:40 PM,04:00 AM,07:13 AM,05:02 PM,-11,1,2,1,9,1,36,0.0,1019,9,10,295,5,United%20States%2C%20New%20Mexico
2020-12-27,9,0,0.0,8.7,2,85,03:16 PM,04:58 AM,07:14 AM,05:02 PM,-8,3,3,3,7,8,45,0.0,1016,9,10,182,4,United%20States%2C%20New%20Mexico
2020-12-28,13,2,0.0,8.7,2,92,03:58 PM,05:57 AM,07:14 AM,05:03 PM,-6,5,7,5,24,36,39,0.0,1013,13,10,128,14,United%20States%2C%20New%20Mexico
2020-12-29,5,0,0.0,8.7,1,100,04:46 PM,06:54 AM,07:14 AM,05:04 PM,-7,-1,3,-1,27,25,49,0.1,1013,5,10,259,17,United%20States%2C%20New%20Mexico
2020-12-30,4,-3,0.0,8.7,2,100,05:42 PM,07:49 AM,07:15 AM,05:04 PM,-8,-3,-0,-3,16,18,55,0.0,1022,4,10,183,10,United%20States%2C%20New%20Mexico
2020-12-31,4,-4,0.0,8.7,2,89,06:42 PM,08:39 AM,07:15 AM,05:05 PM,-11,-3,-0,-3,13,23,47,0.0,1016,4,10,300,8,United%20States%2C%20New%20Mexico
2021-01-01,5,-3,0.0,7.0,1,79,07:46 PM,09:25 AM,07:15 AM,05:06 PM,-13,-2,0,-2,14,57,36,0.0,1019,5,10,99,8,United%20States%2C%20New%20Mexico
2021-01-02,6,-2,0.0,8.7,2,71,08:51 PM,10:04 AM,07:15 AM,05:07 PM,-9,-1,1,-1,14,5,48,0.0,1023,6,10,292,8,United%20States%2C%20New%20Mexico
2021-01-03,6,-2,0.0,8.7,2,64,09:57 PM,10:40 AM,07:15 AM,05:08 PM,-8,-2,2,-2,20,6,50,0.0,1021,6,10,337,11,United%20States%2C%20New%20Mexico
2021-01-04,8,-1,0.0,8.7,2,57,11:03 PM,11:13 AM,07:15 AM,05:08 PM,-7,1,3,1,14,4,49,0.0,1022,8,10,225,7,United%20States%2C%20New%20Mexico
2021-01-05,11,1,0.0,8.7,3,50,No moonrise,11:44 AM,07:15 AM,05:09 PM,-8,4,6,4,21,7,43,0.0,1018,11,10,243,13,United%20States%2C%20New%20Mexico
2021-01-06,8,-1,0.0,8.7,2,42,12:09 AM,12:14 PM,07:15 AM,05:10 PM,-11,-2,2,-2,25,0,39,0.0,1024,8,10,299,14,United%20States%2C%20New%20Mexico
2021-01-07,8,-2,0.0,8.7,2,35,01:16 AM,12:47 PM,07:15 AM,05:11 PM,-12,1,3,1,11,8,34,0.0,1021,8,10,251,6,United%20States%2C%20New%20Mexico
2021-01-08,9,-1,0.0,8.7,2,28,02:24 AM,01:24 PM,07:15 AM,05:12 PM,-10,1,3,1,11,27,38,0.0,1021,9,10,132,6,United%20States%2C%20New%20Mexico
2021-01-09,9,1,0.0,8.7,3,20,03:35 AM,02:04 PM,07:15 AM,05:13 PM,-11,3,5,3,20,13,35,0.0,1017,9,10,179,13,United%20States%2C%20New%20Mexico
2021-01-10,3,-4,3.5,8.7,1,13,04:46 AM,02:52 PM,07:15 AM,05:14 PM,-6,-4,-1,-4,15,45,71,4.1,1027,3,8,118,9,United%20States%2C%20New%20Mexico
2021-01-11,4,-4,0.0,8.7,2,6,05:55 AM,03:48 PM,07:15 AM,05:15 PM,-6,-2,-1,-2,6,9,67,0.0,1028,4,10,228,4,United%20States%2C%20New%20Mexico
2021-01-12,6,-4,0.0,8.7,2,0,06:58 AM,04:49 PM,07:15 AM,05:16 PM,-10,-3,-0,-3,14,3,52,0.0,1028,6,10,294,9,United%20States%2C%20New%20Mexico
2021-01-13,7,-2,0.0,8.7,2,0,07:53 AM,05:55 PM,07:15 AM,05:17 PM,-12,-2,1,-2,21,5,39,0.0,1024,7,10,338,12,United%20States%2C%20New%20Mexico
2021-01-14,11,0,0.0,8.7,3,1,08:39 AM,07:00 PM,07:15 AM,05:18 PM,-9,0,4,0,33,13,40,0.0,1022,11,10,337,20,United%20States%2C%20New%20Mexico
2021-01-15,9,-0,0.0,8.7,2,8,09:19 AM,08:04 PM,07:14 AM,05:19 PM,-12,-1,3,-1,32,0,31,0.0,1023,9,10,331,19,United%20States%2C%20New%20Mexico
2021-01-16,9,0,0.0,8.7,2,16,09:52 AM,09:06 PM,07:14 AM,05:20 PM,-9,2,4,2,17,16,39,0.0,1018,9,10,166,10,United%20States%2C%20New%20Mexico
2021-01-17,10,-0,0.0,8.7,2,23,10:21 AM,10:04 PM,07:14 AM,05:21 PM,-7,3,4,3,8,3,46,0.0,1019,10,10,289,4,United%20States%2C%20New%20Mexico
2021-01-18,11,1,0.0,8.7,2,30,10:48 AM,11:01 PM,07:13 AM,05:22 PM,-10,4,6,4,14,28,35,0.0,1012,11,10,271,8,United%20States%2C%20New%20Mexico
2021-01-19,2,-3,4.9,3.8,1,38,11:14 AM,11:57 PM,07:13 AM,05:23 PM,-5,-5,-0,-5,32,83,70,7.4,1026,2,4,101,22,United%20States%2C%20New%20Mexico
2021-01-20,6,-3,0.0,8.7,2,45,11:41 AM,No moonset,07:12 AM,05:24 PM,-4,-0,1,-0,7,21,67,0.0,1026,6,10,138,4,United%20States%2C%20New%20Mexico
2021-01-21,8,-0,0.0,8.7,2,52,12:08 PM,12:52 AM,07:12 AM,05:25 PM,-1,3,3,3,6,34,72,0.0,1017,8,10,177,4,United%20States%2C%20New%20Mexico
2021-01-22,10,1,0.0,8.7,3,59,12:38 PM,01:49 AM,07:12 AM,05:26 PM,-1,4,5,4,12,40,69,0.0,1014,10,10,237,7,United%20States%2C%20New%20Mexico
2021-01-23,10,2,0.0,8.7,3,67,01:12 PM,02:46 AM,07:11 AM,05:27 PM,-3,3,6,3,18,27,58,0.0,1011,10,10,204,11,United%20States%2C%20New%20Mexico
2021-01-24,9,1,1.1,5.4,2,74,01:51 PM,03:45 AM,07:11 AM,05:28 PM,-5,3,5,3,22,45,56,1.7,1007,9,9,191,16,United%20States%2C%20New%20Mexico
2021-01-25,5,-2,2.8,8.7,1,81,02:37 PM,04:42 AM,07:10 AM,05:29 PM,-6,-3,1,-3,28,65,61,3.3,1008,5,7,217,19,United%20States%2C%20New%20Mexico
2021-01-26,1,-4,8.8,3.8,1,88,03:30 PM,05:39 AM,07:09 AM,05:30 PM,-7,-7,-2,-7,28,81,68,10.5,1011,1,7,238,18,United%20States%2C%20New%20Mexico
2021-01-27,3,-5,0.0,8.7,2,96,04:29 PM,06:31 AM,07:09 AM,05:31 PM,-10,-3,-2,-3,7,14,54,0.1,1028,3,10,198,4,United%20States%2C%20New%20Mexico
2021-01-28,7,-1,0.0,5.5,1,100,05:33 PM,07:20 AM,07:08 AM,05:32 PM,-13,1,2,1,8,54,32,0.0,1026,7,10,127,5,United%20States%2C%20New%20Mexico
2021-01-29,13,2,0.0,7.1,2,90,06:40 PM,08:02 AM,07:07 AM,05:33 PM,-9,4,6,4,20,31,35,0.0,1014,13,10,174,13,United%20States%2C%20New%20Mexico
2021-01-30,8,-0,0.0,8.7,1,82,07:48 PM,08:40 AM,07:07 AM,05:34 PM,-7,-2,3,-2,40,34,48,0.2,1015,8,10,296,26,United%20States%2C%20New%20Mexico
2021-01-31,8,-2,0.0,8.7,2,79,08:55 PM,09:14 AM,07:06 AM,05:35 PM,-7,0,3,0,13,3,51,0.0,1027,8,10,251,8,United%20States%2C%20New%20Mexico
2021-02-01,9,1,0.0,8.7,3,63,10:02 PM,09:46 AM,07:05 AM,05:36 PM,-7,4,4,4,5,24,45,0.0,1025,9,10,122,3,United%20States%2C%20New%20Mexico
2021-02-02,13,3,0.0,8.7,3,55,11:09 PM,10:17 AM,07:04 AM,05:37 PM,-2,7,7,7,8,20,53,0.0,1020,13,10,276,5,United%20States%2C%20New%20Mexico
2021-02-03,15,6,0.0,8.7,4,48,No moonrise,10:49 AM,07:04 AM,05:38 PM,2,9,10,9,19,13,60,0.0,1013,15,10,278,12,United%20States%2C%20New%20Mexico
2021-02-04,7,1,0.0,8.7,1,40,12:16 AM,11:24 AM,07:03 AM,05:39 PM,-10,-0,4,-0,42,16,37,0.1,1014,7,10,302,28,United%20States%2C%20New%20Mexico
2021-02-05,8,-1,0.0,8.7,2,33,01:26 AM,12:02 PM,07:02 AM,05:40 PM,-12,-1,3,-1,27,1,32,0.0,1015,8,10,319,16,United%20States%2C%20New%20Mexico
2021-02-06,9,-1,0.0,8.7,2,25,02:35 AM,12:46 PM,07:01 AM,05:41 PM,-12,1,4,1,26,1,33,0.0,1016,9,10,299,17,United%20States%2C%20New%20Mexico
2021-02-07,14,2,0.0,8.7,3,18,03:43 AM,01:38 PM,07:00 AM,05:42 PM,-11,5,7,5,13,2,28,0.0,1012,14,10,249,7,United%20States%2C%20New%20Mexico
