date_time,Australia_maxtempC,Australia_mintempC,Australia_totalSnow_cm,Australia_sunHour,Australia_uvIndex,Australia_moon_illumination,Australia_moonrise,Australia_moonset,Australia_sunrise,Australia_sunset,Australia_DewPointC,Australia_FeelsLikeC,Australia_HeatIndexC,Australia_WindChillC,Australia_WindGustKmph,Australia_cloudcover,Australia_humidity,Australia_precipMM,Australia_pressure,Australia_tempC,Australia_visibility,Australia_winddirDegree,Australia_windspeedKmph,Australia_location
2020-01-01,34,12,0.0,14.5,6,37,11:12 AM,No moonset,05:51 AM,08:21 PM,8,25,25,24,16,23,55,2.6,1013,34,10,179,12,Australia
2020-01-02,36,9,0.0,14.5,7,44,12:07 PM,12:23 AM,05:52 AM,08:21 PM,6,25,25,25,14,5,53,0.0,1016,36,10,162,10,Australia
2020-01-03,37,13,0.0,14.5,8,51,01:02 PM,12:50 AM,05:53 AM,08:21 PM,10,27,27,27,14,14,52,0.0,1013,37,10,188,9,Australia
2020-01-04,39,18,0.0,14.5,8,59,01:57 PM,01:17 AM,05:54 AM,08:21 PM,11,31,31,30,19,6,43,0.0,1008,39,10,228,15,Australia
2020-01-05,26,15,0.0,14.5,6,66,02:53 PM,01:45 AM,05:55 AM,08:21 PM,10,20,21,20,19,21,61,0.0,1017,26,10,101,16,Australia
2020-01-06,27,13,0.0,12.4,5,73,03:52 PM,02:14 AM,05:55 AM,08:21 PM,12,19,21,19,14,52,69,0.6,1018,27,10,98,12,Australia
2020-01-07,32,16,0.0,14.5,6,80,04:52 PM,02:47 AM,05:56 AM,08:21 PM,14,25,25,24,13,53,66,0.3,1014,32,9,187,11,Australia
2020-01-08,29,17,0.0,13.4,5,88,05:55 PM,03:25 AM,05:57 AM,08:21 PM,15,22,22,21,13,46,71,0.3,1015,29,10,176,10,Australia
2020-01-09,27,14,0.0,14.5,6,95,06:57 PM,04:08 AM,05:58 AM,08:21 PM,14,22,22,21,16,27,69,0.0,1015,27,10,106,13,Australia
2020-01-10,38,16,0.0,14.5,7,100,07:58 PM,05:00 AM,05:59 AM,08:21 PM,12,29,29,28,17,25,49,0.0,1008,38,9,241,13,Australia
2020-01-11,30,18,0.0,14.2,6,100,08:54 PM,06:00 AM,06:00 AM,08:21 PM,9,25,25,25,16,25,48,0.1,1011,30,10,170,13,Australia
2020-01-12,23,11,0.0,11.6,4,83,09:45 PM,07:05 AM,06:01 AM,08:21 PM,8,17,19,17,17,44,63,0.0,1017,23,10,101,14,Australia
2020-01-13,28,9,0.0,11.6,6,76,10:28 PM,08:15 AM,06:02 AM,08:21 PM,9,20,20,19,15,20,60,0.0,1017,28,10,88,11,Australia
2020-01-14,31,12,0.0,11.6,6,69,11:08 PM,09:26 AM,06:03 AM,08:21 PM,11,23,23,22,10,23,59,0.0,1016,31,9,128,7,Australia
2020-01-15,31,13,0.0,11.6,7,61,11:43 PM,10:35 AM,06:03 AM,08:20 PM,10,22,22,23,10,17,52,0.0,1012,31,10,149,7,Australia
2020-01-16,27,18,0.0,7.1,5,54,No moonrise,11:44 AM,06:04 AM,08:20 PM,15,23,23,22,14,76,72,16.0,1006,27,8,210,10,Australia
2020-01-17,23,16,0.0,10.5,5,47,12:17 AM,12:50 PM,06:05 AM,08:20 PM,13,19,20,19,18,58,72,0.0,1009,23,10,120,14,Australia
2020-01-18,23,13,0.0,11.6,5,40,12:50 AM,01:57 PM,06:06 AM,08:19 PM,11,17,19,17,16,31,68,0.0,1010,23,10,118,12,Australia
2020-01-19,26,14,0.0,7.1,5,32,01:24 AM,03:02 PM,06:07 AM,08:19 PM,13,19,20,19,12,79,72,5.6,1005,26,7,138,8,Australia
2020-01-20,23,15,0.0,7.1,5,25,02:01 AM,04:08 PM,06:08 AM,08:19 PM,14,19,20,19,14,70,73,24.1,1003,23,8,183,9,Australia
2020-01-21,24,12,0.0,10.5,6,18,02:41 AM,05:12 PM,06:09 AM,08:18 PM,12,18,19,18,16,29,69,0.1,1006,24,10,295,11,Australia
2020-01-22,30,14,0.0,11.6,7,11,03:26 AM,06:12 PM,06:10 AM,08:18 PM,8,22,22,23,16,5,47,0.0,1007,30,10,209,11,Australia
2020-01-23,29,20,0.0,11.6,7,3,04:16 AM,07:08 PM,06:11 AM,08:17 PM,7,25,25,24,34,11,35,0.0,1001,29,10,310,25,Australia
2020-01-24,27,18,0.0,11.6,6,0,05:11 AM,07:58 PM,06:12 AM,08:17 PM,6,22,22,22,16,15,41,0.0,1009,27,10,296,13,Australia
2020-01-25,30,15,0.0,9.3,5,0,06:08 AM,08:41 PM,06:13 AM,08:16 PM,14,23,23,23,11,51,70,0.3,1013,30,9,118,8,Australia
2020-01-26,32,19,0.0,11.6,7,4,07:06 AM,09:20 PM,06:15 AM,08:16 PM,10,26,26,26,13,20,53,0.0,1011,32,10,232,10,Australia
2020-01-27,33,16,0.0,11.6,7,11,08:04 AM,09:53 PM,06:16 AM,08:15 PM,11,25,25,25,12,6,52,0.0,1012,33,10,174,9,Australia
2020-01-28,33,19,0.0,11.6,7,18,09:01 AM,10:23 PM,06:17 AM,08:14 PM,11,27,27,27,14,30,58,0.0,1013,33,10,202,11,Australia
2020-01-29,35,14,0.0,11.6,7,26,09:57 AM,10:51 PM,06:18 AM,08:14 PM,11,26,26,26,10,6,56,0.0,1015,35,10,125,7,Australia
2020-01-30,36,15,0.0,11.6,7,33,10:52 AM,11:18 PM,06:19 AM,08:13 PM,8,27,27,27,10,0,42,0.0,1015,36,10,225,7,Australia
2020-01-31,39,20,0.0,11.6,8,37,11:47 AM,11:45 PM,06:20 AM,08:12 PM,11,31,31,30,11,4,35,0.0,1012,39,10,228,8,Australia
2020-02-01,39,24,0.0,11.6,8,49,12:42 PM,No moonset,06:21 AM,08:11 PM,13,34,34,33,17,19,36,0.0,1010,39,10,304,13,Australia
2020-02-02,34,25,0.0,11.6,8,57,01:39 PM,12:13 AM,06:22 AM,08:11 PM,14,30,30,29,20,12,43,0.0,1007,34,10,292,16,Australia
2020-02-03,28,14,0.0,11.6,6,64,02:37 PM,12:44 AM,06:23 AM,08:10 PM,4,22,22,22,19,8,42,0.0,1009,28,10,259,15,Australia
2020-02-04,23,6,0.0,11.6,5,72,03:37 PM,01:18 AM,06:24 AM,08:09 PM,2,14,16,14,19,6,49,0.0,1018,23,10,117,14,Australia
2020-02-05,30,10,0.0,11.6,6,79,04:38 PM,01:58 AM,06:25 AM,08:08 PM,7,21,21,20,13,23,58,0.0,1018,30,10,91,9,Australia
2020-02-06,26,15,0.0,10.4,6,87,05:40 PM,02:45 AM,06:26 AM,08:07 PM,12,21,22,21,16,49,65,0.0,1021,26,10,95,13,Australia
2020-02-07,17,15,0.0,6.9,4,95,06:38 PM,03:40 AM,06:27 AM,08:06 PM,13,15,16,15,18,91,84,8.7,1022,17,8,130,14,Australia
2020-02-08,18,14,0.0,6.9,4,100,07:32 PM,04:43 AM,06:28 AM,08:06 PM,13,16,16,16,29,85,79,0.4,1021,18,10,123,22,Australia
2020-02-09,16,12,0.0,6.9,4,100,08:19 PM,05:52 AM,06:29 AM,08:05 PM,13,14,15,14,40,99,85,21.7,1015,16,7,123,29,Australia
2020-02-10,24,15,0.0,6.9,5,83,09:02 PM,07:04 AM,06:30 AM,08:04 PM,16,19,20,19,25,77,83,67.5,1007,24,7,95,14,Australia
2020-02-11,29,16,0.0,9.2,5,75,09:40 PM,08:16 AM,06:31 AM,08:03 PM,15,23,23,23,8,50,72,4.0,1008,29,9,160,5,Australia
2020-02-12,25,16,0.0,10.4,5,68,10:15 PM,09:28 AM,06:32 AM,08:02 PM,16,22,22,21,19,49,77,1.6,1011,25,10,130,13,Australia
2020-02-13,21,16,0.0,8.0,4,60,10:50 PM,10:38 AM,06:33 AM,08:01 PM,15,18,19,18,19,60,83,0.2,1012,21,10,133,14,Australia
2020-02-14,28,15,0.0,11.6,5,53,11:25 PM,11:47 AM,06:34 AM,08:00 PM,14,22,22,21,11,49,71,2.0,1009,28,8,95,7,Australia
2020-02-15,27,17,0.0,6.6,5,45,No moonrise,12:55 PM,06:35 AM,07:59 PM,17,23,23,22,9,80,77,25.6,1007,27,8,215,5,Australia
2020-02-16,22,16,0.0,7.9,4,38,12:01 AM,02:01 PM,06:36 AM,07:58 PM,15,18,19,18,18,70,80,1.8,1013,22,10,101,13,Australia
2020-02-17,24,14,0.0,6.6,5,30,12:41 AM,03:06 PM,06:37 AM,07:56 PM,15,18,19,18,11,77,81,1.6,1014,24,9,74,7,Australia
2020-02-18,29,17,0.0,9.1,5,22,01:25 AM,04:07 PM,06:38 AM,07:55 PM,15,23,23,22,15,52,69,0.0,1007,29,9,245,11,Australia
2020-02-19,21,14,0.0,11.6,5,15,02:12 AM,05:04 PM,06:39 AM,07:54 PM,9,17,18,17,21,21,58,0.0,1005,21,10,267,15,Australia
2020-02-20,24,10,0.0,11.6,5,7,03:05 AM,05:55 PM,06:40 AM,07:53 PM,8,17,18,17,9,12,62,0.0,1010,24,10,219,6,Australia
2020-02-21,23,12,0.0,10.3,4,0,04:01 AM,06:40 PM,06:41 AM,07:52 PM,11,17,19,17,10,62,73,0.7,1016,23,10,96,8,Australia
2020-02-22,22,13,0.0,9.1,4,0,04:58 AM,07:19 PM,06:42 AM,07:51 PM,11,17,18,17,14,67,73,0.0,1021,22,10,85,11,Australia
2020-02-23,26,14,0.0,11.6,5,0,05:56 AM,07:54 PM,06:43 AM,07:50 PM,12,20,20,20,9,37,67,0.0,1022,26,10,66,7,Australia
2020-02-24,26,15,0.0,10.3,6,0,06:53 AM,08:24 PM,06:44 AM,07:48 PM,13,20,20,20,7,35,70,0.1,1019,26,10,170,5,Australia
2020-02-25,28,14,0.0,11.6,6,8,07:50 AM,08:53 PM,06:45 AM,07:47 PM,12,21,21,21,13,23,62,0.0,1015,28,10,240,9,Australia
2020-02-26,26,17,0.0,9.1,5,15,08:45 AM,09:20 PM,06:46 AM,07:46 PM,9,22,22,21,20,38,52,0.5,1008,26,10,289,15,Australia
2020-02-27,22,10,0.0,11.6,5,23,09:40 AM,09:47 PM,06:47 AM,07:45 PM,5,16,17,16,12,20,55,0.0,1014,22,10,89,9,Australia
2020-02-28,26,10,0.0,10.3,5,30,10:34 AM,10:14 PM,06:48 AM,07:43 PM,8,19,19,19,11,33,62,0.0,1013,26,10,234,8,Australia
2020-02-29,26,13,0.0,11.6,5,38,11:30 AM,10:43 PM,06:49 AM,07:42 PM,10,19,20,19,10,34,64,0.0,1015,26,10,201,7,Australia
2020-03-01,29,14,0.0,11.6,6,44,12:26 PM,11:15 PM,06:50 AM,07:41 PM,10,23,23,22,13,8,55,0.0,1011,29,10,247,9,Australia
2020-03-02,29,17,0.0,11.6,7,51,01:25 PM,11:52 PM,06:51 AM,07:39 PM,7,24,24,24,14,16,44,0.0,1011,29,10,265,10,Australia
2020-03-03,20,13,0.0,9.0,4,58,02:24 PM,No moonset,06:52 AM,07:38 PM,11,16,16,16,14,63,73,0.7,1018,20,10,90,12,Australia
2020-03-04,16,13,0.0,6.4,3,65,03:24 PM,12:34 AM,06:52 AM,07:37 PM,14,14,15,14,11,100,93,40.7,1017,16,6,112,8,Australia
2020-03-05,17,13,0.0,6.4,4,73,04:22 PM,01:24 AM,06:53 AM,07:35 PM,16,16,16,16,15,100,95,41.9,1010,17,6,104,10,Australia
2020-03-06,23,14,0.0,9.0,4,80,05:17 PM,02:21 AM,06:54 AM,07:34 PM,15,18,19,18,13,72,83,7.6,1011,23,6,268,9,Australia
2020-03-07,20,14,0.0,9.0,4,87,06:07 PM,03:27 AM,06:55 AM,07:33 PM,12,16,16,16,14,71,78,2.6,1019,20,10,112,11,Australia
2020-03-08,17,12,0.0,6.4,4,95,06:51 PM,04:36 AM,06:56 AM,07:31 PM,9,13,14,13,12,68,74,0.5,1021,17,9,108,10,Australia
2020-03-09,17,9,0.0,9.0,3,100,07:32 PM,05:49 AM,06:57 AM,07:30 PM,8,12,13,12,12,41,77,0.0,1021,17,9,113,8,Australia
2020-03-10,20,10,0.0,7.7,4,100,08:09 PM,07:03 AM,06:58 AM,07:29 PM,10,15,15,15,10,56,77,0.4,1021,20,10,99,7,Australia
2020-03-11,23,11,0.0,11.6,4,84,08:45 PM,08:15 AM,06:59 AM,07:27 PM,11,17,19,17,9,29,74,0.0,1023,23,8,108,7,Australia
2020-03-12,23,12,0.0,11.6,4,76,09:21 PM,09:28 AM,07:00 AM,07:26 PM,10,17,18,17,9,22,71,0.0,1024,23,9,89,6,Australia
2020-03-13,23,11,0.0,11.6,5,69,09:57 PM,10:39 AM,07:00 AM,07:24 PM,10,18,19,18,11,11,68,0.0,1017,23,10,248,8,Australia
2020-03-14,14,9,0.0,7.5,3,62,10:37 PM,11:49 AM,07:01 AM,07:23 PM,8,11,13,11,20,63,78,35.8,1018,14,8,152,14,Australia
2020-03-15,18,4,0.0,11.6,4,55,11:21 PM,12:57 PM,07:02 AM,07:22 PM,3,11,12,11,16,8,66,0.0,1023,18,10,125,10,Australia
2020-03-16,19,7,0.0,11.6,5,47,No moonrise,02:01 PM,07:03 AM,07:20 PM,7,13,14,13,17,29,73,0.0,1026,19,10,140,11,Australia
2020-03-17,23,8,0.0,11.6,4,40,12:08 AM,03:00 PM,07:04 AM,07:19 PM,8,16,17,16,8,13,67,0.0,1027,23,9,104,5,Australia
2020-03-18,25,12,0.0,11.6,5,33,01:00 AM,03:54 PM,07:05 AM,07:17 PM,9,18,19,18,9,6,60,0.0,1024,25,10,242,6,Australia
2020-03-19,28,13,0.0,11.6,6,25,01:56 AM,04:40 PM,07:05 AM,07:16 PM,9,22,22,21,9,15,53,0.0,1021,28,10,273,6,Australia
2020-03-20,26,15,0.0,11.6,6,18,02:52 AM,05:21 PM,07:06 AM,07:15 PM,7,19,20,19,25,5,49,0.0,1015,26,10,298,17,Australia
2020-03-21,24,10,0.0,11.6,5,11,03:50 AM,05:56 PM,07:07 AM,07:13 PM,8,17,18,17,8,7,63,0.0,1018,24,10,129,6,Australia
2020-03-22,23,10,0.0,11.6,5,4,04:47 AM,06:27 PM,07:08 AM,07:12 PM,8,17,18,17,11,19,67,0.0,1019,23,10,217,9,Australia
2020-03-23,20,9,0.0,11.6,5,0,05:44 AM,06:56 PM,07:09 AM,07:10 PM,7,14,15,14,13,47,65,0.2,1024,20,9,110,10,Australia
2020-03-24,20,12,0.0,7.4,4,0,06:39 AM,07:24 PM,07:10 AM,07:09 PM,10,15,16,15,7,81,75,0.4,1022,20,10,122,5,Australia
2020-03-25,23,14,0.0,11.6,4,3,07:34 AM,07:50 PM,07:10 AM,07:07 PM,10,18,19,18,11,45,68,0.2,1020,23,10,240,9,Australia
2020-03-26,18,8,0.0,11.6,4,11,08:29 AM,08:17 PM,07:11 AM,07:06 PM,8,12,13,12,18,26,74,0.3,1025,18,9,131,14,Australia
2020-03-27,20,10,0.0,11.6,4,18,09:25 AM,08:45 PM,07:12 AM,07:05 PM,9,14,15,14,11,45,76,0.0,1026,20,8,103,8,Australia
2020-03-28,20,12,0.0,10.2,4,25,10:21 AM,09:16 PM,07:13 AM,07:03 PM,9,15,16,15,11,42,71,0.0,1024,20,9,85,8,Australia
2020-03-29,23,10,0.0,11.6,4,32,11:18 AM,09:50 PM,07:14 AM,07:02 PM,10,16,17,16,10,36,73,0.0,1018,23,7,248,7,Australia
2020-03-30,23,14,0.0,8.8,4,40,12:16 PM,10:29 PM,07:15 AM,07:00 PM,13,19,19,19,10,58,74,11.4,1013,23,10,262,7,Australia
2020-03-31,22,12,0.0,11.4,5,44,01:15 PM,11:16 PM,07:15 AM,06:59 PM,10,17,18,17,5,16,71,0.0,1017,22,9,230,4,Australia
2020-04-01,24,13,0.0,11.4,4,56,02:12 PM,No moonset,07:16 AM,06:57 PM,11,18,19,18,9,32,71,0.1,1018,24,8,140,6,Australia
2020-04-02,15,13,0.0,5.7,3,64,03:07 PM,12:08 AM,07:17 AM,06:56 PM,13,14,14,14,9,80,95,17.1,1013,15,7,161,6,Australia
2020-04-03,17,12,0.0,7.2,3,71,03:57 PM,01:08 AM,07:18 AM,06:55 PM,12,14,14,14,10,78,90,18.2,1006,17,5,280,6,Australia
2020-04-04,14,8,0.0,5.7,3,79,04:42 PM,02:14 AM,07:19 AM,06:53 PM,9,10,12,10,33,80,79,12.8,1001,14,9,295,25,Australia
2020-04-05,12,5,0.0,8.6,2,87,05:24 PM,03:24 AM,07:19 AM,06:52 PM,3,6,9,6,28,31,67,0.1,1013,12,10,295,21,Australia
2020-04-06,17,9,0.0,10.1,3,94,06:02 PM,04:35 AM,07:20 AM,06:51 PM,7,11,13,11,17,56,74,0.2,1018,17,10,261,12,Australia
2020-04-07,16,9,0.0,7.1,3,100,06:37 PM,05:48 AM,07:21 AM,06:49 PM,8,11,12,11,9,75,80,0.8,1023,16,9,102,6,Australia
2020-04-08,16,9,0.0,7.1,3,100,07:13 PM,07:01 AM,07:22 AM,06:48 PM,9,11,12,11,13,63,83,4.4,1022,16,10,110,8,Australia
2020-04-09,16,9,0.0,5.6,3,83,07:50 PM,08:13 AM,07:23 AM,06:46 PM,9,11,12,11,15,87,83,1.0,1026,16,9,123,11,Australia
2020-04-10,17,11,0.0,5.6,3,76,08:28 PM,09:27 AM,07:23 AM,06:45 PM,11,13,14,13,16,85,86,11.9,1017,17,9,205,10,Australia
2020-04-11,13,5,0.0,8.6,3,68,09:12 PM,10:38 AM,07:24 AM,06:44 PM,5,7,10,7,34,36,75,0.2,1006,13,10,284,24,Australia
2020-04-12,15,3,0.0,11.2,4,61,09:59 PM,11:47 AM,07:25 AM,06:42 PM,2,8,9,8,10,3,70,0.0,1015,15,10,270,7,Australia
2020-04-13,17,6,0.0,10.1,3,53,10:51 PM,12:51 PM,07:26 AM,06:41 PM,6,11,11,11,6,43,73,0.0,1020,17,10,255,4,Australia
2020-04-14,20,7,0.0,11.1,5,46,11:47 PM,01:49 PM,07:27 AM,06:40 PM,7,13,14,13,5,9,73,0.0,1024,20,10,234,4,Australia
2020-04-15,22,11,0.0,11.1,5,38,No moonrise,02:38 PM,07:27 AM,06:38 PM,9,16,18,16,10,11,67,0.0,1022,22,10,280,7,Australia
2020-04-16,22,12,0.0,11.1,5,30,12:45 AM,03:22 PM,07:28 AM,06:37 PM,9,16,18,16,29,16,63,0.0,1012,22,10,311,20,Australia
2020-04-17,17,9,0.0,11.1,4,23,01:44 AM,03:59 PM,07:29 AM,06:36 PM,5,12,13,12,23,0,64,0.0,1011,17,10,303,15,Australia
2020-04-18,17,4,0.0,11.1,3,15,02:41 AM,04:31 PM,07:30 AM,06:35 PM,4,11,12,11,9,7,72,0.0,1013,17,9,280,6,Australia
2020-04-19,16,5,0.0,11.0,4,8,03:38 AM,05:00 PM,07:31 AM,06:33 PM,4,10,11,10,7,18,71,0.0,1015,16,10,161,4,Australia
2020-04-20,13,8,0.0,7.0,3,0,04:33 AM,05:28 PM,07:31 AM,06:32 PM,6,9,10,9,18,58,74,0.0,1015,13,10,301,13,Australia
2020-04-21,18,8,0.0,11.0,4,0,05:29 AM,05:54 PM,07:32 AM,06:31 PM,7,12,13,12,20,20,72,0.0,1017,18,10,300,13,Australia
2020-04-22,18,7,0.0,11.0,4,0,06:23 AM,06:20 PM,07:33 AM,06:30 PM,5,12,13,12,18,9,67,0.0,1019,18,10,292,12,Australia
2020-04-23,17,6,0.0,11.0,3,0,07:19 AM,06:48 PM,07:34 AM,06:29 PM,5,12,12,12,12,27,69,0.0,1019,17,10,263,9,Australia
2020-04-24,20,8,0.0,10.9,5,7,08:15 AM,07:18 PM,07:35 AM,06:27 PM,8,14,15,14,14,13,73,0.0,1017,20,10,308,10,Australia
2020-04-25,19,7,0.0,10.9,4,15,09:13 AM,07:51 PM,07:35 AM,06:26 PM,8,13,13,13,11,11,78,0.0,1020,19,10,257,8,Australia
2020-04-26,13,10,0.0,5.4,3,22,10:11 AM,08:29 PM,07:36 AM,06:25 PM,10,10,11,10,22,60,89,5.9,1015,13,6,308,15,Australia
2020-04-27,17,9,0.0,10.1,3,30,11:11 AM,09:12 PM,07:37 AM,06:24 PM,8,13,13,13,6,44,81,0.0,1022,17,6,292,5,Australia
2020-04-28,19,7,0.0,10.1,4,37,12:08 PM,10:02 PM,07:38 AM,06:23 PM,9,13,14,13,10,46,79,0.2,1021,19,8,181,7,Australia
2020-04-29,15,10,0.0,7.0,3,45,01:03 PM,10:59 PM,07:39 AM,06:22 PM,12,12,13,12,25,81,91,13.1,1012,15,8,282,16,Australia
2020-04-30,8,5,0.0,7.0,2,52,01:53 PM,No moonset,07:40 AM,06:21 PM,7,5,8,5,25,77,92,45.4,1007,8,7,317,17,Australia
2020-05-01,4,-1,0.0,5.4,1,58,02:39 PM,12:01 AM,07:40 AM,06:20 PM,3,-1,3,-1,40,95,92,10.7,1005,4,9,300,29,Australia
2020-05-02,6,1,0.0,10.0,2,65,03:20 PM,01:07 AM,07:41 AM,06:19 PM,2,-0,4,-0,37,68,81,3.1,1006,6,7,289,26,Australia
2020-05-03,12,1,0.0,10.8,2,72,03:57 PM,02:16 AM,07:42 AM,06:18 PM,2,5,7,5,12,20,78,0.0,1018,12,9,248,7,Australia
2020-05-04,13,2,0.0,10.7,3,80,04:32 PM,03:26 AM,07:43 AM,06:17 PM,3,7,8,7,10,12,77,0.0,1026,13,10,163,6,Australia
2020-05-05,15,3,0.0,10.7,4,87,05:07 PM,04:36 AM,07:44 AM,06:16 PM,5,9,10,9,7,2,78,0.0,1030,15,10,253,4,Australia
2020-05-06,15,5,0.0,6.9,3,94,05:42 PM,05:48 AM,07:44 AM,06:15 PM,5,9,10,9,10,52,78,0.0,1027,15,10,306,7,Australia
2020-05-07,16,6,0.0,10.0,3,100,06:19 PM,07:00 AM,07:45 AM,06:14 PM,7,9,10,9,20,41,81,0.1,1021,16,9,308,13,Australia
2020-05-08,17,8,0.0,10.7,3,100,07:00 PM,08:13 AM,07:46 AM,06:13 PM,9,11,13,11,23,35,83,0.1,1016,17,7,328,14,Australia
2020-05-09,14,7,0.0,10.0,4,84,07:46 PM,09:25 AM,07:47 AM,06:12 PM,7,9,12,9,32,53,80,3.6,1012,14,10,311,21,Australia
2020-05-10,10,1,0.0,10.6,3,77,08:37 PM,10:33 AM,07:47 AM,06:11 PM,-1,3,6,3,16,10,68,0.0,1021,10,10,270,10,Australia
2020-05-11,12,-0,0.0,10.6,3,70,09:34 PM,11:36 AM,07:48 AM,06:11 PM,-0,6,7,6,6,7,70,0.0,1027,12,10,259,4,Australia
2020-05-12,12,1,0.0,10.6,2,62,10:32 PM,12:31 PM,07:49 AM,06:10 PM,3,5,7,5,13,26,81,0.0,1025,12,8,316,9,Australia
2020-05-13,13,3,0.0,10.6,3,55,11:33 PM,01:18 PM,07:50 AM,06:09 PM,3,7,8,7,11,36,76,0.0,1023,13,10,278,7,Australia
2020-05-14,12,4,0.0,6.9,2,48,No moonrise,01:58 PM,07:51 AM,06:08 PM,4,7,8,7,7,59,80,0.2,1027,12,9,127,4,Australia
2020-05-15,14,2,0.0,10.6,2,40,12:32 AM,02:33 PM,07:51 AM,06:07 PM,3,8,9,8,5,17,77,0.0,1030,14,7,105,3,Australia
2020-05-16,13,3,0.0,10.6,3,33,01:30 AM,03:04 PM,07:52 AM,06:07 PM,4,8,8,8,7,3,80,0.0,1029,13,10,243,5,Australia
2020-05-17,16,3,0.0,10.5,4,26,02:26 AM,03:32 PM,07:53 AM,06:06 PM,4,10,11,10,6,3,75,0.0,1030,16,10,202,3,Australia
2020-05-18,15,6,0.0,8.4,3,19,03:22 AM,03:58 PM,07:54 AM,06:05 PM,6,10,10,10,8,69,80,0.0,1030,15,8,92,5,Australia
2020-05-19,15,6,0.0,10.5,3,11,04:16 AM,04:24 PM,07:54 AM,06:05 PM,7,10,10,10,7,57,85,0.1,1027,15,6,173,4,Australia
2020-05-20,13,8,0.0,5.2,3,4,05:12 AM,04:51 PM,07:55 AM,06:04 PM,8,9,10,9,21,70,88,0.6,1017,13,9,267,16,Australia
2020-05-21,8,2,0.0,8.4,2,0,06:08 AM,05:20 PM,07:56 AM,06:04 PM,3,4,5,4,12,53,87,3.6,1015,8,7,275,8,Australia
2020-05-22,11,3,0.0,10.0,3,0,07:06 AM,05:52 PM,07:56 AM,06:03 PM,2,5,7,5,16,42,73,0.0,1016,11,10,196,11,Australia
2020-05-23,11,6,0.0,6.8,2,3,08:05 AM,06:28 PM,07:57 AM,06:02 PM,5,6,8,6,11,74,85,1.3,1012,11,9,234,8,Australia
2020-05-24,12,3,0.0,10.4,3,10,09:04 AM,07:10 PM,07:58 AM,06:02 PM,2,5,7,5,20,30,70,0.0,1016,12,10,185,14,Australia
2020-05-25,12,4,0.0,10.0,2,17,10:03 AM,07:59 PM,07:59 AM,06:01 PM,3,5,8,5,22,36,75,0.0,1021,12,10,175,14,Australia
2020-05-26,14,3,0.0,10.4,2,25,11:00 AM,08:53 PM,07:59 AM,06:01 PM,4,6,8,6,18,35,82,0.0,1025,14,8,141,11,Australia
2020-05-27,13,3,0.0,10.0,2,32,11:52 AM,09:54 PM,08:00 AM,06:01 PM,5,8,8,8,6,39,83,0.0,1023,13,7,158,3,Australia
2020-05-28,14,5,0.0,10.0,3,39,12:39 PM,10:59 PM,08:01 AM,06:00 PM,6,9,10,9,5,39,84,0.4,1022,14,7,236,4,Australia
2020-05-29,14,4,0.0,9.9,2,47,01:21 PM,No moonset,08:01 AM,06:00 PM,5,8,9,8,6,29,84,0.0,1027,14,7,203,4,Australia
2020-05-30,14,2,0.0,8.7,3,54,01:58 PM,12:05 AM,08:02 AM,05:59 PM,4,7,8,7,9,5,81,0.0,1025,14,10,292,6,Australia
2020-05-31,12,6,0.0,5.3,3,58,02:32 PM,01:13 AM,08:02 AM,05:59 PM,6,7,9,7,21,65,81,0.5,1017,12,6,327,14,Australia
2020-06-01,9,3,0.0,3.6,2,71,03:06 PM,02:21 AM,08:03 AM,05:59 PM,4,3,6,3,27,83,86,7.5,1009,9,9,309,19,Australia
2020-06-02,11,-0,0.0,8.7,2,79,03:39 PM,03:30 AM,08:04 AM,05:59 PM,1,3,5,3,15,29,83,0.0,1016,11,7,281,9,Australia
2020-06-03,11,2,0.0,8.7,2,86,04:14 PM,04:39 AM,08:04 AM,05:58 PM,1,5,6,5,13,13,77,0.0,1024,11,7,220,8,Australia
2020-06-04,11,-1,0.0,8.7,3,94,04:52 PM,05:50 AM,08:05 AM,05:58 PM,-1,4,5,4,8,2,73,0.0,1032,11,10,190,4,Australia
2020-06-05,11,0,0.0,8.7,3,100,05:35 PM,07:01 AM,08:05 AM,05:58 PM,1,5,6,5,5,4,79,0.0,1029,11,10,221,3,Australia
2020-06-06,10,0,0.0,8.7,3,100,06:23 PM,08:11 AM,08:06 AM,05:58 PM,1,5,6,5,5,6,78,0.0,1025,10,10,251,4,Australia
2020-06-07,11,3,0.0,8.7,2,84,07:18 PM,09:18 AM,08:06 AM,05:58 PM,3,6,7,6,9,43,80,0.0,1024,11,10,123,5,Australia
2020-06-08,12,1,0.0,8.7,2,76,08:16 PM,10:18 AM,08:07 AM,05:57 PM,3,5,7,5,10,14,79,0.0,1030,12,8,125,6,Australia
2020-06-09,12,3,0.0,7.0,2,69,09:18 PM,11:10 AM,08:07 AM,05:57 PM,4,6,7,6,6,59,84,0.0,1033,12,7,179,4,Australia
2020-06-10,13,4,0.0,8.7,2,61,10:18 PM,11:54 AM,08:08 AM,05:57 PM,6,8,8,8,5,33,86,0.0,1028,13,6,196,3,Australia
2020-06-11,14,4,0.0,8.7,3,54,11:19 PM,12:31 PM,08:08 AM,05:57 PM,6,9,9,9,6,50,85,0.1,1024,14,7,241,4,Australia
2020-06-12,12,5,0.0,3.6,2,46,No moonrise,01:04 PM,08:09 AM,05:57 PM,6,8,8,8,7,71,86,0.3,1025,12,8,125,4,Australia
2020-06-13,13,5,0.0,7.0,3,38,12:16 AM,01:34 PM,08:09 AM,05:57 PM,7,8,9,8,10,71,88,1.4,1020,13,6,167,7,Australia
2020-06-14,11,5,0.0,7.0,2,31,01:13 AM,02:00 PM,08:09 AM,05:57 PM,6,6,9,6,26,46,83,39.2,1016,11,8,293,17,Australia
2020-06-15,12,3,0.0,7.0,2,23,02:08 AM,02:26 PM,08:10 AM,05:57 PM,5,5,8,5,21,48,85,0.0,1022,12,8,309,14,Australia
2020-06-16,12,5,0.0,3.6,2,16,03:03 AM,02:53 PM,08:10 AM,05:57 PM,7,6,8,6,23,68,89,0.2,1024,12,7,301,15,Australia
2020-06-17,11,4,0.0,5.3,2,8,03:59 AM,03:21 PM,08:11 AM,05:58 PM,4,6,7,6,11,36,83,0.0,1032,11,10,134,7,Australia
2020-06-18,11,2,0.0,8.7,2,1,04:56 AM,03:52 PM,08:11 AM,05:58 PM,3,6,7,6,8,20,84,0.0,1037,11,6,100,5,Australia
2020-06-19,12,2,0.0,8.7,2,0,05:54 AM,04:26 PM,08:11 AM,05:58 PM,4,6,7,6,8,35,84,0.0,1029,12,7,254,6,Australia
2020-06-20,12,5,0.0,3.6,2,0,06:54 AM,05:06 PM,08:11 AM,05:58 PM,7,7,9,7,15,75,90,14.5,1021,12,9,336,11,Australia
2020-06-21,10,3,0.0,5.3,2,0,07:54 AM,05:53 PM,08:12 AM,05:58 PM,5,6,8,6,11,84,85,14.4,1012,10,7,273,8,Australia
2020-06-22,9,1,0.0,7.0,2,7,08:53 AM,06:46 PM,08:12 AM,05:58 PM,2,3,4,3,12,49,86,0.2,1010,9,6,274,8,Australia
2020-06-23,9,1,0.0,7.0,2,14,09:48 AM,07:46 PM,08:12 AM,05:59 PM,2,3,5,3,12,66,88,0.0,1013,9,4,306,7,Australia
2020-06-24,12,2,0.0,5.3,2,22,10:37 AM,08:51 PM,08:12 AM,05:59 PM,3,6,7,6,8,49,84,0.0,1016,12,7,276,5,Australia
2020-06-25,11,5,0.0,7.0,2,29,11:21 AM,09:58 PM,08:12 AM,05:59 PM,4,6,8,6,10,45,85,0.0,1019,11,7,286,7,Australia
2020-06-26,10,1,0.0,9.9,3,37,12:00 PM,11:05 PM,08:12 AM,06:00 PM,2,4,6,4,7,12,83,0.0,1024,10,9,213,4,Australia
2020-06-27,9,3,0.0,9.9,2,44,12:35 PM,No moonset,08:12 AM,06:00 PM,2,5,6,5,7,43,79,0.0,1028,9,10,202,5,Australia
2020-06-28,11,0,0.0,9.9,3,52,01:08 PM,12:13 AM,08:12 AM,06:00 PM,1,5,6,5,7,7,78,0.0,1029,11,10,191,4,Australia
2020-06-29,11,0,0.0,9.9,3,59,01:41 PM,01:20 AM,08:12 AM,06:01 PM,2,5,6,5,7,27,82,0.0,1028,11,10,111,4,Australia
2020-06-30,11,2,0.0,9.9,2,67,02:13 PM,02:27 AM,08:12 AM,06:01 PM,4,5,6,5,11,50,86,0.1,1024,11,6,222,7,Australia
2020-07-01,12,4,0.0,9.9,2,72,02:49 PM,03:36 AM,08:12 AM,06:02 PM,6,6,7,6,15,59,89,0.0,1020,12,5,315,10,Australia
2020-07-02,11,5,0.0,9.9,2,79,03:29 PM,04:45 AM,08:12 AM,06:02 PM,6,5,8,5,29,45,86,0.3,1014,11,10,309,19,Australia
2020-07-03,8,-0,0.0,9.9,3,86,04:13 PM,05:54 AM,08:12 AM,06:02 PM,1,1,4,1,23,35,79,0.0,1019,8,10,298,16,Australia
2020-07-04,8,-0,0.2,9.9,1,94,05:04 PM,07:01 AM,08:12 AM,06:03 PM,1,3,5,3,12,40,83,0.9,1021,8,7,271,7,Australia
2020-07-05,10,1,0.0,9.9,2,100,06:01 PM,08:03 AM,08:12 AM,06:03 PM,2,5,5,5,5,30,85,0.0,1024,10,7,275,3,Australia
2020-07-06,11,1,0.0,9.9,2,100,07:01 PM,08:59 AM,08:12 AM,06:04 PM,2,5,6,5,7,19,81,0.0,1028,11,7,191,4,Australia
2020-07-07,12,1,0.0,9.9,3,85,08:03 PM,09:47 AM,08:12 AM,06:04 PM,2,5,6,5,12,26,78,0.0,1030,12,10,137,7,Australia
2020-07-08,10,5,0.0,9.9,2,77,09:05 PM,10:28 AM,08:11 AM,06:05 PM,4,7,8,7,5,60,83,0.0,1030,10,9,92,4,Australia
2020-07-09,12,3,0.0,10.0,3,70,10:04 PM,11:03 AM,08:11 AM,06:06 PM,4,6,7,6,7,26,84,0.0,1029,12,9,249,5,Australia
2020-07-10,11,4,0.0,5.0,2,63,11:02 PM,11:34 AM,08:11 AM,06:06 PM,4,7,7,7,5,71,85,0.0,1025,11,10,245,4,Australia
2020-07-11,11,6,0.0,5.0,2,55,11:58 PM,12:02 PM,08:11 AM,06:07 PM,7,8,9,8,8,89,92,6.7,1017,11,6,222,6,Australia
2020-07-12,11,5,0.0,6.6,2,48,No moonrise,12:28 PM,08:10 AM,06:07 PM,6,7,7,7,9,69,89,10.3,1016,11,6,120,6,Australia
2020-07-13,7,1,0.0,5.0,2,41,12:53 AM,12:54 PM,08:10 AM,06:08 PM,5,3,5,3,14,100,93,44.8,1019,7,7,160,10,Australia
2020-07-14,10,4,0.0,5.0,2,34,01:48 AM,01:22 PM,08:10 AM,06:08 PM,4,4,7,4,20,83,84,19.2,1022,10,9,175,14,Australia
2020-07-15,9,3,0.0,10.0,3,26,02:44 AM,01:51 PM,08:09 AM,06:09 PM,1,3,5,3,18,38,77,0.0,1022,9,10,192,12,Australia
2020-07-16,9,-1,0.0,10.0,3,19,03:42 AM,02:23 PM,08:09 AM,06:10 PM,0,2,4,2,15,10,79,0.0,1021,9,10,181,10,Australia
2020-07-17,13,0,0.0,10.0,2,12,04:41 AM,03:00 PM,08:08 AM,06:10 PM,2,5,7,5,11,17,82,0.0,1023,13,9,182,6,Australia
2020-07-18,11,1,0.0,10.0,2,5,05:41 AM,03:44 PM,08:08 AM,06:11 PM,3,5,6,5,11,19,86,0.0,1020,11,6,259,7,Australia
2020-07-19,11,2,0.0,10.1,2,0,06:40 AM,04:35 PM,08:07 AM,06:12 PM,3,4,6,4,23,43,82,0.0,1016,11,6,307,15,Australia
2020-07-20,10,1,0.0,10.1,3,0,07:38 AM,05:34 PM,08:07 AM,06:12 PM,-1,3,7,3,24,7,70,0.0,1019,10,10,287,15,Australia
2020-07-21,11,0,0.0,10.1,3,2,08:30 AM,06:38 PM,08:06 AM,06:13 PM,1,5,6,5,7,6,77,0.0,1027,11,10,189,4,Australia
2020-07-22,11,1,0.0,10.1,3,10,09:18 AM,07:46 PM,08:06 AM,06:14 PM,2,6,7,6,8,7,82,0.0,1027,11,9,203,5,Australia
2020-07-23,11,2,0.0,10.1,2,17,09:59 AM,08:55 PM,08:05 AM,06:14 PM,3,6,6,6,4,39,81,0.0,1026,11,8,193,3,Australia
2020-07-24,12,3,0.0,10.1,2,24,10:36 AM,10:04 PM,08:04 AM,06:15 PM,4,7,8,7,5,35,83,0.0,1025,12,7,224,4,Australia
2020-07-25,14,3,0.0,6.7,2,32,11:10 AM,11:12 PM,08:04 AM,06:16 PM,3,8,8,8,6,48,74,0.2,1025,14,10,141,3,Australia
2020-07-26,10,7,0.0,6.7,2,39,11:43 AM,No moonset,08:03 AM,06:17 PM,7,6,8,6,16,82,92,3.5,1020,10,8,159,10,Australia
2020-07-27,10,8,0.0,5.1,2,46,12:15 PM,12:20 AM,08:02 AM,06:17 PM,7,6,8,6,23,90,91,18.2,1009,10,7,201,15,Australia
2020-07-28,12,6,0.0,6.7,3,53,12:50 PM,01:28 AM,08:01 AM,06:18 PM,6,7,9,7,21,64,83,2.0,1011,12,9,194,13,Australia
2020-07-29,13,5,0.0,10.2,3,61,01:28 PM,02:35 AM,08:01 AM,06:19 PM,4,8,9,8,7,36,81,0.0,1017,13,10,265,5,Australia
2020-07-30,13,2,0.0,10.2,3,68,02:09 PM,03:44 AM,08:00 AM,06:19 PM,4,7,8,7,5,28,82,0.0,1024,13,10,200,3,Australia
2020-07-31,12,1,0.0,10.6,3,72,02:57 PM,04:50 AM,07:59 AM,06:20 PM,2,6,7,6,7,6,79,0.0,1027,12,10,195,4,Australia
2020-08-01,12,2,0.0,10.6,2,82,03:51 PM,05:53 AM,07:58 AM,06:21 PM,4,7,8,7,6,29,84,0.0,1026,12,8,314,4,Australia
2020-08-02,12,1,0.0,10.7,2,90,04:49 PM,06:50 AM,07:57 AM,06:22 PM,2,6,7,6,6,25,77,0.0,1024,12,10,272,4,Australia
2020-08-03,11,1,0.0,10.7,2,97,05:50 PM,07:41 AM,07:57 AM,06:22 PM,3,5,6,5,12,29,85,0.0,1017,11,7,315,8,Australia
2020-08-04,8,0,0.0,10.7,2,100,06:51 PM,08:23 AM,07:56 AM,06:23 PM,0,2,5,2,24,30,78,0.0,1013,8,8,309,16,Australia
2020-08-05,7,-2,0.0,10.7,2,88,07:52 PM,09:01 AM,07:55 AM,06:24 PM,-3,-1,2,-1,25,10,74,0.0,1014,7,10,300,16,Australia
2020-08-06,9,-4,0.0,10.7,1,81,08:50 PM,09:33 AM,07:54 AM,06:25 PM,-2,2,3,2,8,25,76,0.0,1019,9,8,251,4,Australia
2020-08-07,7,1,0.0,5.4,2,74,09:48 PM,10:02 AM,07:53 AM,06:25 PM,3,1,4,1,25,83,90,16.6,1020,7,9,119,16,Australia
2020-08-08,11,5,0.0,5.4,2,67,10:43 PM,10:29 AM,07:52 AM,06:26 PM,7,6,8,6,19,86,92,31.2,1013,11,7,148,12,Australia
2020-08-09,7,5,0.0,5.4,2,59,11:39 PM,10:55 AM,07:51 AM,06:27 PM,6,4,6,4,17,93,95,133.1,1014,7,5,196,11,Australia
2020-08-10,9,3,0.0,10.0,2,52,No moonrise,11:22 AM,07:50 AM,06:28 PM,3,4,7,4,22,43,82,4.2,1020,9,10,150,15,Australia
2020-08-11,11,-0,0.0,10.0,3,45,12:34 AM,11:50 AM,07:49 AM,06:28 PM,2,5,6,5,8,28,82,0.0,1020,11,10,264,5,Australia
2020-08-12,8,3,0.0,7.0,2,38,01:31 AM,12:20 PM,07:48 AM,06:29 PM,4,4,5,4,7,68,92,2.7,1015,8,8,307,5,Australia
2020-08-13,14,4,0.0,7.0,3,30,02:28 AM,12:55 PM,07:47 AM,06:30 PM,6,8,10,8,10,64,87,0.2,1014,14,6,290,7,Australia
2020-08-14,14,4,0.0,7.0,3,23,03:27 AM,01:36 PM,07:45 AM,06:31 PM,6,9,9,9,6,55,85,3.9,1015,14,7,230,4,Australia
2020-08-15,12,7,0.0,5.4,2,16,04:26 AM,02:22 PM,07:44 AM,06:31 PM,7,8,9,8,11,93,90,8.2,1008,12,7,233,7,Australia
2020-08-16,12,5,0.0,7.0,2,8,05:24 AM,03:17 PM,07:43 AM,06:32 PM,5,5,8,5,23,65,86,1.2,1007,12,6,291,15,Australia
2020-08-17,11,3,0.0,10.1,2,1,06:19 AM,04:19 PM,07:42 AM,06:33 PM,3,4,7,4,22,53,83,0.0,1010,11,7,301,14,Australia
2020-08-18,10,2,0.0,5.5,2,0,07:09 AM,05:27 PM,07:41 AM,06:34 PM,4,3,5,3,22,73,93,2.8,1005,10,9,315,13,Australia
2020-08-19,6,3,0.0,5.5,1,0,07:53 AM,06:37 PM,07:40 AM,06:34 PM,3,-0,4,-0,35,81,93,14.0,996,6,8,301,22,Australia
2020-08-20,6,2,0.0,5.5,1,6,08:32 AM,07:48 PM,07:38 AM,06:35 PM,3,0,4,0,30,83,89,4.4,1001,6,7,292,20,Australia
2020-08-21,5,2,0.0,5.5,1,13,09:09 AM,08:59 PM,07:37 AM,06:36 PM,3,-1,4,-1,33,97,94,9.6,1005,5,6,296,23,Australia
2020-08-22,4,-2,2.1,5.5,1,20,09:43 AM,10:09 PM,07:36 AM,06:37 PM,1,-3,2,-3,33,79,92,8.4,1004,4,4,294,23,Australia
2020-08-23,6,-1,1.6,10.1,1,28,10:16 AM,11:19 PM,07:35 AM,06:37 PM,0,-2,2,-2,29,46,86,2.4,1009,6,8,280,18,Australia
2020-08-24,8,-3,0.0,11.1,1,35,10:50 AM,No moonset,07:33 AM,06:38 PM,-1,1,3,1,10,27,83,0.0,1020,8,6,296,6,Australia
2020-08-25,10,-1,0.0,11.1,3,42,11:28 AM,12:27 AM,07:32 AM,06:39 PM,0,5,6,5,5,37,78,0.0,1027,10,10,254,3,Australia
2020-08-26,11,-1,0.0,11.1,3,50,12:08 PM,01:37 AM,07:31 AM,06:40 PM,1,5,6,5,9,10,82,0.0,1029,11,9,272,6,Australia
2020-08-27,12,-1,0.0,11.1,2,57,12:54 PM,02:43 AM,07:30 AM,06:40 PM,2,4,5,4,16,43,81,0.0,1025,12,8,301,12,Australia
2020-08-28,11,3,0.0,11.1,3,64,01:45 PM,03:47 AM,07:28 AM,06:41 PM,1,6,7,6,14,11,71,0.0,1025,11,10,302,9,Australia
2020-08-29,15,2,0.0,11.2,3,71,02:41 PM,04:45 AM,07:27 AM,06:42 PM,4,7,8,7,8,5,80,0.0,1028,15,10,296,6,Australia
2020-08-30,14,4,0.0,11.2,4,79,03:41 PM,05:37 AM,07:26 AM,06:43 PM,5,8,9,8,21,11,78,0.0,1022,14,10,313,15,Australia
2020-08-31,13,5,0.0,11.2,3,82,04:41 PM,06:21 AM,07:24 AM,06:43 PM,4,7,9,7,17,24,74,0.0,1020,13,10,266,10,Australia
2020-09-01,12,3,0.0,10.1,2,97,05:42 PM,07:00 AM,07:23 AM,06:44 PM,3,7,8,7,9,45,79,0.0,1023,12,10,218,7,Australia
2020-09-02,15,4,0.0,10.1,3,100,06:41 PM,07:34 AM,07:21 AM,06:45 PM,6,8,10,8,18,31,82,0.0,1018,15,7,323,13,Australia
2020-09-03,17,7,0.0,11.3,3,88,07:39 PM,08:03 AM,07:20 AM,06:45 PM,8,11,12,11,24,26,81,5.9,1014,17,9,315,16,Australia
2020-09-04,14,6,0.0,11.3,4,81,08:34 PM,08:31 AM,07:19 AM,06:46 PM,5,8,10,8,19,20,75,0.2,1017,14,10,308,12,Australia
2020-09-05,13,4,0.0,10.1,2,73,09:30 PM,08:57 AM,07:17 AM,06:47 PM,4,7,9,7,15,28,78,0.1,1019,13,10,283,10,Australia
2020-09-06,15,3,0.0,11.3,4,66,10:25 PM,09:24 AM,07:16 AM,06:48 PM,3,9,10,9,7,7,76,0.0,1026,15,10,186,5,Australia
2020-09-07,17,5,0.0,11.3,3,58,11:21 PM,09:51 AM,07:14 AM,06:48 PM,7,11,11,11,10,9,82,0.0,1028,17,8,265,7,Australia
2020-09-08,18,8,0.0,11.4,3,50,No moonrise,10:19 AM,07:13 AM,06:49 PM,10,12,12,12,15,34,85,0.0,1026,18,6,315,11,Australia
2020-09-09,12,9,0.0,5.7,3,43,12:18 AM,10:52 AM,07:12 AM,06:50 PM,9,10,11,10,12,89,90,4.9,1025,12,8,130,9,Australia
2020-09-10,12,4,0.0,11.4,2,35,01:16 AM,11:29 AM,07:10 AM,06:51 PM,3,6,9,6,17,24,78,0.0,1029,12,9,113,12,Australia
2020-09-11,15,2,0.0,11.4,4,28,02:14 AM,12:12 PM,07:09 AM,06:51 PM,3,9,9,9,8,15,77,0.0,1030,15,9,262,5,Australia
2020-09-12,16,3,0.0,11.5,4,20,03:12 AM,01:03 PM,07:07 AM,06:52 PM,5,10,10,10,13,17,77,0.0,1026,16,9,261,9,Australia
2020-09-13,11,7,0.0,8.7,2,13,04:06 AM,02:00 PM,07:06 AM,06:53 PM,7,7,9,7,16,62,89,0.1,1023,11,6,311,11,Australia
2020-09-14,17,6,0.0,11.5,3,5,04:58 AM,03:04 PM,07:04 AM,06:54 PM,7,11,12,11,9,40,82,0.0,1024,17,6,253,7,Australia
2020-09-15,16,7,0.0,11.5,3,0,05:44 AM,04:13 PM,07:03 AM,06:54 PM,7,12,12,12,8,34,83,0.0,1027,16,8,236,5,Australia
2020-09-16,17,5,0.0,11.5,3,0,06:25 AM,05:24 PM,07:01 AM,06:55 PM,7,11,12,11,15,17,79,0.0,1022,17,8,316,11,Australia
2020-09-17,19,9,0.0,10.1,5,0,07:03 AM,06:36 PM,07:00 AM,06:56 PM,10,14,15,14,18,38,80,0.3,1022,19,10,259,13,Australia
2020-09-18,16,10,0.0,6.0,3,2,07:39 AM,07:48 PM,06:58 AM,06:57 PM,10,12,12,12,10,86,88,0.2,1028,16,7,91,8,Australia
2020-09-19,19,11,0.0,7.4,4,10,08:12 AM,09:00 PM,06:57 AM,06:57 PM,11,14,14,14,11,80,85,6.9,1024,19,9,74,8,Australia
2020-09-20,16,11,0.0,6.0,3,17,08:47 AM,10:12 PM,06:56 AM,06:58 PM,12,12,13,12,21,86,93,26.4,1013,16,8,211,13,Australia
2020-09-21,20,9,0.0,10.2,4,25,09:24 AM,11:25 PM,06:54 AM,06:59 PM,11,14,14,14,17,42,84,7.3,1008,20,7,327,11,Australia
2020-09-22,14,7,0.0,8.9,3,32,10:05 AM,No moonset,06:53 AM,07:00 PM,6,8,10,8,25,53,78,2.2,1010,14,10,302,18,Australia
2020-09-23,12,5,0.0,7.6,2,40,10:50 AM,12:34 AM,06:51 AM,07:00 PM,4,5,8,5,29,57,78,1.3,1013,12,10,295,20,Australia
2020-09-24,10,3,0.0,10.3,2,47,11:41 AM,01:42 AM,06:50 AM,07:01 PM,2,3,6,3,24,52,75,0.2,1013,10,10,300,17,Australia
2020-09-25,5,2,0.1,6.3,1,55,12:36 PM,02:42 AM,06:48 AM,07:02 PM,3,0,3,0,21,87,94,16.4,1005,5,6,274,14,Australia
2020-09-26,8,1,0.3,10.3,2,62,01:35 PM,03:36 AM,06:47 AM,07:03 PM,0,-0,4,-0,30,63,77,0.5,1011,8,10,289,21,Australia
2020-09-27,12,0,0.0,10.3,2,70,02:35 PM,04:22 AM,06:45 AM,07:03 PM,1,5,7,5,11,36,77,0.1,1022,12,8,291,7,Australia
2020-09-28,14,0,0.0,11.6,3,78,03:35 PM,05:02 AM,06:44 AM,07:04 PM,3,8,8,8,8,13,78,0.0,1027,14,8,201,5,Australia
2020-09-29,16,3,0.0,11.6,3,85,04:34 PM,05:36 AM,06:42 AM,07:05 PM,5,9,10,9,9,23,79,0.0,1024,16,8,186,6,Australia
2020-09-30,10,3,0.0,6.3,2,93,05:32 PM,06:06 AM,06:41 AM,07:06 PM,7,7,9,7,12,85,90,15.9,1016,10,8,234,9,Australia
2020-10-01,16,8,0.0,11.6,3,97,06:28 PM,06:34 AM,06:39 AM,07:07 PM,7,11,13,11,23,39,78,5.9,1016,16,9,308,16,Australia
2020-10-02,19,3,0.0,11.6,4,100,07:24 PM,07:01 AM,06:38 AM,07:07 PM,6,11,11,11,11,4,77,0.0,1023,19,10,302,8,Australia
2020-10-03,21,8,0.0,11.6,5,89,08:19 PM,07:27 AM,06:37 AM,07:08 PM,9,15,16,15,9,3,75,0.0,1024,21,10,281,7,Australia
2020-10-04,21,10,0.0,11.6,5,82,09:15 PM,07:53 AM,06:35 AM,07:09 PM,12,16,18,16,13,8,79,0.0,1019,21,9,311,10,Australia
2020-10-05,20,11,0.0,11.6,4,74,10:11 PM,08:21 AM,06:34 AM,07:10 PM,12,15,15,15,16,43,82,5.0,1017,20,8,263,11,Australia
2020-10-06,19,12,0.0,6.4,4,67,11:09 PM,08:52 AM,06:32 AM,07:11 PM,13,15,15,15,11,86,93,16.1,1020,19,9,163,7,Australia
2020-10-07,15,12,0.0,6.4,3,60,No moonrise,09:27 AM,06:31 AM,07:11 PM,13,13,13,13,11,100,97,18.9,1020,15,3,66,8,Australia
2020-10-08,16,10,0.0,6.4,3,53,12:06 AM,10:07 AM,06:30 AM,07:12 PM,11,12,13,12,28,82,85,13.8,1011,16,9,271,21,Australia
2020-10-09,11,6,0.0,6.4,2,45,01:03 AM,10:53 AM,06:28 AM,07:13 PM,5,6,9,6,30,74,80,1.5,1014,11,9,293,22,Australia
2020-10-10,16,3,0.0,11.6,3,38,01:58 AM,11:47 AM,06:27 AM,07:14 PM,4,10,11,10,17,22,74,0.1,1019,16,8,299,12,Australia
2020-10-11,17,5,0.0,11.6,3,31,02:49 AM,12:46 PM,06:25 AM,07:15 PM,7,11,12,11,12,19,79,0.0,1021,17,8,295,9,Australia
2020-10-12,19,10,0.0,11.6,4,23,03:36 AM,01:52 PM,06:24 AM,07:16 PM,10,14,15,14,10,40,80,0.0,1022,19,9,226,7,Australia
2020-10-13,21,8,0.0,9.0,4,16,04:18 AM,03:00 PM,06:23 AM,07:16 PM,10,15,16,15,9,44,78,2.4,1023,21,10,245,6,Australia
2020-10-14,18,10,0.0,6.5,3,9,04:56 AM,04:10 PM,06:21 AM,07:17 PM,11,13,14,13,11,77,84,1.1,1025,18,9,66,9,Australia
2020-10-15,21,8,0.0,7.8,4,2,05:32 AM,05:22 PM,06:20 AM,07:18 PM,11,15,16,15,13,63,81,0.9,1017,21,8,256,9,Australia
2020-10-16,15,10,0.0,6.5,3,0,06:06 AM,06:34 PM,06:19 AM,07:19 PM,11,12,13,12,11,86,91,11.9,1018,15,9,137,7,Australia
2020-10-17,17,9,0.0,7.8,3,0,06:40 AM,07:48 PM,06:18 AM,07:20 PM,11,12,13,12,18,75,90,4.6,1012,17,7,257,13,Australia
2020-10-18,18,11,0.0,11.6,4,5,07:17 AM,09:02 PM,06:16 AM,07:21 PM,10,14,15,14,17,55,79,2.1,1011,18,6,261,13,Australia
2020-10-19,17,7,0.0,6.5,3,13,07:56 AM,10:16 PM,06:15 AM,07:22 PM,9,12,12,12,10,79,82,1.2,1016,17,9,108,7,Australia
2020-10-20,18,9,0.0,10.3,4,20,08:41 AM,11:27 PM,06:14 AM,07:23 PM,9,13,14,13,10,55,78,0.1,1017,18,9,137,7,Australia
2020-10-21,20,9,0.0,11.6,5,27,09:31 AM,No moonset,06:13 AM,07:24 PM,10,14,15,14,10,27,78,0.0,1015,20,9,213,7,Australia
2020-10-22,21,9,0.0,7.8,4,35,10:27 AM,12:33 AM,06:11 AM,07:24 PM,11,15,16,15,12,63,79,0.7,1014,21,10,155,8,Australia
2020-10-23,22,10,0.0,9.1,4,42,11:27 AM,01:32 AM,06:10 AM,07:25 PM,13,17,18,17,10,64,82,1.4,1010,22,7,215,7,Australia
2020-10-24,18,13,0.0,7.8,4,49,12:27 PM,02:21 AM,06:09 AM,07:26 PM,14,15,15,15,17,74,94,37.2,1003,18,7,223,10,Australia
2020-10-25,8,2,0.0,6.6,2,56,01:29 PM,03:04 AM,06:08 AM,07:27 PM,6,5,7,5,22,84,89,10.4,1015,8,7,153,16,Australia
2020-10-26,11,6,0.0,7.9,2,64,02:28 PM,03:40 AM,06:07 AM,07:28 PM,5,4,8,4,31,83,82,9.0,1021,11,7,136,23,Australia
2020-10-27,13,6,0.0,7.9,3,71,03:26 PM,04:10 AM,06:06 AM,07:29 PM,6,8,10,8,19,70,82,0.6,1019,13,9,154,14,Australia
2020-10-28,16,8,0.0,6.6,3,78,04:22 PM,04:38 AM,06:05 AM,07:30 PM,9,11,12,11,15,70,86,12.3,1018,16,9,128,9,Australia
2020-10-29,18,7,0.0,7.9,3,85,05:18 PM,05:05 AM,06:04 AM,07:31 PM,9,12,12,12,10,59,86,10.3,1011,18,7,114,7,Australia
2020-10-30,18,7,0.0,9.1,3,93,06:13 PM,05:31 AM,06:02 AM,07:32 PM,10,12,13,12,17,51,86,19.9,1008,18,7,104,10,Australia
2020-10-31,16,11,0.0,6.7,3,97,07:09 PM,05:57 AM,06:01 AM,07:33 PM,10,12,13,12,24,77,88,32.9,1009,16,8,152,14,Australia
2020-11-01,19,10,0.0,10.8,4,89,08:05 PM,06:24 AM,06:00 AM,07:34 PM,10,13,14,13,21,65,81,2.3,1016,19,7,171,15,Australia
2020-11-02,21,6,0.0,13.3,4,81,09:03 PM,06:54 AM,05:59 AM,07:35 PM,8,14,16,14,9,29,75,0.0,1026,21,7,142,6,Australia
2020-11-03,23,9,0.0,13.8,4,74,10:01 PM,07:27 AM,05:58 AM,07:36 PM,11,17,18,17,7,29,76,0.0,1023,23,7,186,4,Australia
2020-11-04,24,12,0.0,13.3,6,66,10:58 PM,08:05 AM,05:58 AM,07:37 PM,12,18,19,18,14,26,72,0.3,1015,24,10,266,11,Australia
2020-11-05,14,10,0.0,11.0,3,58,11:53 PM,08:49 AM,05:57 AM,07:38 PM,8,11,13,11,17,66,81,37.7,1013,14,7,169,12,Australia
2020-11-06,18,3,0.0,13.8,3,51,No moonrise,09:40 AM,05:56 AM,07:39 PM,6,11,12,11,15,18,76,0.5,1017,18,8,245,10,Australia
2020-11-07,16,6,0.0,13.3,3,43,12:45 AM,10:36 AM,05:55 AM,07:40 PM,7,11,12,11,11,48,77,0.1,1021,16,10,124,8,Australia
2020-11-08,18,4,0.0,13.9,4,36,01:33 AM,11:38 AM,05:54 AM,07:41 PM,5,12,13,12,13,19,70,0.0,1027,18,10,87,9,Australia
2020-11-09,21,9,0.0,13.9,4,28,02:15 AM,12:43 PM,05:53 AM,07:42 PM,9,15,16,15,8,41,74,0.0,1025,21,9,144,6,Australia
2020-11-10,22,9,0.0,13.9,4,21,02:53 AM,01:50 PM,05:52 AM,07:43 PM,10,16,17,16,8,17,73,0.0,1021,22,8,227,6,Australia
2020-11-11,24,11,0.0,13.9,6,13,03:28 AM,02:59 PM,05:52 AM,07:44 PM,11,18,20,18,9,9,69,0.0,1016,24,10,210,7,Australia
2020-11-12,20,14,0.0,11.0,4,6,04:01 AM,04:08 PM,05:51 AM,07:45 PM,13,17,17,17,19,60,79,5.9,1007,20,9,243,13,Australia
2020-11-13,19,11,0.0,11.0,4,0,04:34 AM,05:20 PM,05:50 AM,07:46 PM,11,15,15,15,18,54,79,6.8,1004,19,9,308,11,Australia
2020-11-14,20,8,0.0,14.0,5,0,05:09 AM,06:33 PM,05:49 AM,07:47 PM,8,15,15,15,14,9,69,0.0,1009,20,10,298,10,Australia
2020-11-15,25,9,0.0,14.0,6,0,05:46 AM,07:48 PM,05:49 AM,07:48 PM,11,18,19,18,9,4,69,0.0,1015,25,10,249,7,Australia
2020-11-16,26,14,0.0,14.0,6,2,06:28 AM,09:03 PM,05:48 AM,07:49 PM,11,21,21,20,22,8,60,0.0,1011,26,10,290,16,Australia
2020-11-17,22,10,0.0,14.0,5,9,07:16 AM,10:14 PM,05:47 AM,07:50 PM,8,16,17,16,10,7,65,0.0,1019,22,10,205,8,Australia
2020-11-18,23,11,0.0,14.0,4,17,08:11 AM,11:19 PM,05:47 AM,07:51 PM,10,17,18,17,10,32,69,0.0,1022,23,10,215,7,Australia
2020-11-19,25,11,0.0,13.4,5,24,09:11 AM,No moonset,05:46 AM,07:52 PM,12,20,20,20,11,23,69,0.0,1019,25,8,222,8,Australia
2020-11-20,29,15,0.0,14.1,7,32,10:14 AM,12:14 AM,05:46 AM,07:53 PM,13,24,24,23,15,8,63,0.0,1016,29,10,248,11,Australia
2020-11-21,28,12,0.0,14.1,6,39,11:18 AM,01:01 AM,05:45 AM,07:54 PM,12,22,22,21,14,17,67,0.4,1019,28,9,124,9,Australia
2020-11-22,27,14,0.0,13.4,6,47,12:19 PM,01:40 AM,05:45 AM,07:55 PM,14,22,22,22,12,49,70,0.6,1015,27,9,244,9,Australia
2020-11-23,19,14,0.0,8.8,4,54,01:19 PM,02:13 AM,05:44 AM,07:56 PM,15,17,17,17,16,75,90,19.1,1007,19,8,265,11,Australia
2020-11-24,20,10,0.0,11.1,4,62,02:16 PM,02:42 AM,05:44 AM,07:56 PM,11,15,15,15,11,58,78,3.4,1011,20,9,111,7,Australia
2020-11-25,24,10,0.0,14.1,4,70,03:12 PM,03:09 AM,05:44 AM,07:57 PM,12,18,19,18,10,34,73,0.3,1013,24,9,222,7,Australia
2020-11-26,28,13,0.0,14.2,6,77,04:07 PM,03:35 AM,05:43 AM,07:58 PM,14,22,22,21,11,22,70,3.5,1012,28,10,240,8,Australia
2020-11-27,29,14,0.0,14.2,6,85,05:02 PM,04:00 AM,05:43 AM,07:59 PM,13,23,23,22,11,27,66,0.3,1015,29,10,157,9,Australia
2020-11-28,30,18,0.0,13.4,6,92,05:58 PM,04:27 AM,05:43 AM,08:00 PM,15,24,24,23,14,31,60,0.6,1009,30,10,281,10,Australia
2020-11-29,27,18,0.0,13.4,5,100,06:56 PM,04:56 AM,05:42 AM,08:01 PM,13,24,24,23,27,30,62,2.2,1004,27,10,249,19,Australia
2020-11-30,23,10,0.0,14.5,5,100,07:54 PM,05:28 AM,05:42 AM,08:02 PM,10,17,18,17,15,20,69,0.0,1014,23,10,82,11,Australia
2020-12-01,31,11,0.0,13.4,6,89,08:52 PM,06:05 AM,05:42 AM,08:03 PM,12,23,23,22,18,32,63,0.2,1009,31,8,216,13,Australia
2020-12-02,24,12,0.0,14.5,6,82,09:49 PM,06:47 AM,05:42 AM,08:04 PM,7,19,20,19,16,24,56,0.0,1018,24,10,271,12,Australia
2020-12-03,26,12,0.0,13.4,5,75,10:43 PM,07:36 AM,05:42 AM,08:05 PM,8,18,19,18,14,29,57,0.0,1019,26,10,197,11,Australia
2020-12-04,26,11,0.0,14.5,6,67,11:32 PM,08:31 AM,05:42 AM,08:06 PM,4,20,20,20,16,1,45,0.0,1015,26,10,245,11,Australia
2020-12-05,27,11,0.0,10.2,5,60,No moonrise,09:31 AM,05:42 AM,08:06 PM,11,18,18,18,21,66,71,33.6,1007,27,9,229,15,Australia
2020-12-06,17,10,0.0,14.5,4,53,12:15 AM,10:34 AM,05:42 AM,08:07 PM,7,13,14,13,37,28,62,9.2,1002,17,10,289,27,Australia
2020-12-07,17,8,0.0,13.4,4,46,12:54 AM,11:40 AM,05:42 AM,08:08 PM,4,10,12,10,31,34,59,0.2,1006,17,10,286,23,Australia
2020-12-08,19,5,0.0,14.5,5,38,01:29 AM,12:45 PM,05:42 AM,08:09 PM,3,12,13,12,12,11,59,0.0,1014,19,10,267,9,Australia
2020-12-09,23,7,0.0,14.5,4,31,02:01 AM,01:52 PM,05:42 AM,08:10 PM,7,16,17,16,12,18,63,0.0,1017,23,9,234,9,Australia
2020-12-10,21,10,0.0,12.4,4,24,02:32 AM,03:00 PM,05:42 AM,08:10 PM,9,15,15,15,15,47,68,3.1,1019,21,10,158,11,Australia
2020-12-11,19,7,0.0,14.5,3,17,03:05 AM,04:09 PM,05:42 AM,08:11 PM,6,12,14,12,20,30,67,2.0,1027,19,10,111,15,Australia
2020-12-12,19,7,0.0,14.5,5,9,03:39 AM,05:22 PM,05:42 AM,08:12 PM,6,13,14,13,19,24,68,0.0,1028,19,10,116,14,Australia
2020-12-13,20,10,0.0,13.4,4,2,04:17 AM,06:35 PM,05:42 AM,08:13 PM,10,14,15,14,17,53,75,0.0,1024,20,9,111,13,Australia
2020-12-14,22,12,0.0,12.4,4,0,05:01 AM,07:48 PM,05:43 AM,08:13 PM,12,17,18,17,15,62,74,0.1,1019,22,10,96,11,Australia
2020-12-15,22,15,0.0,13.4,4,0,05:53 AM,08:57 PM,05:43 AM,08:14 PM,14,18,18,18,11,58,77,0.0,1015,22,10,117,8,Australia
2020-12-16,24,17,0.0,9.2,5,5,06:51 AM,09:59 PM,05:43 AM,08:15 PM,18,20,20,20,14,85,87,34.0,1011,24,8,109,9,Australia
2020-12-17,28,18,0.0,9.2,5,12,07:54 AM,10:51 PM,05:44 AM,08:15 PM,17,24,24,23,12,85,77,19.8,1006,28,7,288,8,Australia
2020-12-18,27,17,0.0,14.5,6,20,08:59 AM,11:35 PM,05:44 AM,08:16 PM,10,23,23,22,19,13,55,0.0,1007,27,10,289,14,Australia
2020-12-19,23,13,0.0,12.4,4,27,10:04 AM,No moonset,05:44 AM,08:16 PM,10,17,17,17,14,54,70,0.8,1014,23,10,72,11,Australia
2020-12-20,24,14,0.0,12.4,5,34,11:06 AM,12:12 AM,05:45 AM,08:17 PM,9,19,20,19,12,49,65,2.4,1013,24,10,175,10,Australia
2020-12-21,24,11,0.0,13.4,5,41,12:05 PM,12:43 AM,05:45 AM,08:17 PM,10,17,18,17,10,50,71,4.0,1010,24,10,185,8,Australia
2020-12-22,20,13,0.0,12.4,4,49,01:03 PM,01:11 AM,05:46 AM,08:18 PM,9,15,16,15,26,58,68,17.9,1003,20,9,287,21,Australia
2020-12-23,23,9,0.0,14.5,5,56,01:58 PM,01:38 AM,05:46 AM,08:18 PM,9,16,16,16,12,35,67,0.2,1012,23,10,213,9,Australia
2020-12-24,25,11,0.0,14.5,6,63,02:54 PM,02:03 AM,05:47 AM,08:19 PM,10,19,19,19,13,28,64,0.0,1015,25,10,194,10,Australia
2020-12-25,20,12,0.0,12.4,4,70,03:50 PM,02:29 AM,05:47 AM,08:19 PM,10,15,16,15,14,59,71,0.0,1018,20,10,89,11,Australia
2020-12-26,23,12,0.0,9.2,4,78,04:46 PM,02:57 AM,05:48 AM,08:19 PM,11,17,19,17,11,85,70,2.6,1017,23,9,113,8,Australia
2020-12-27,29,13,0.0,14.5,5,85,05:45 PM,03:28 AM,05:49 AM,08:20 PM,10,22,22,22,15,22,57,0.2,1010,29,8,260,11,Australia
2020-12-28,28,16,0.0,12.4,6,92,06:43 PM,04:03 AM,05:49 AM,08:20 PM,11,23,23,23,18,55,57,1.9,1007,28,10,244,15,Australia
2020-12-29,23,13,0.0,11.3,4,100,07:41 PM,04:43 AM,05:50 AM,08:20 PM,12,18,19,18,14,77,73,0.2,1013,23,10,99,12,Australia
2020-12-30,22,15,0.0,11.3,4,100,08:37 PM,05:30 AM,05:51 AM,08:21 PM,13,17,18,17,13,73,77,0.1,1017,22,10,103,11,Australia
2020-12-31,25,13,0.0,14.5,6,89,09:28 PM,06:24 AM,05:51 AM,08:21 PM,11,19,20,19,15,35,67,0.0,1018,25,10,94,12,Australia
2021-01-01,22,14,0.0,14.5,5,79,10:14 PM,07:24 AM,05:52 AM,08:21 PM,10,17,19,17,18,49,68,0.0,1019,22,10,103,15,Australia
2021-01-02,24,10,0.0,14.5,5,71,10:55 PM,08:27 AM,05:53 AM,08:21 PM,10,17,18,17,13,49,69,0.2,1014,24,9,92,11,Australia
2021-01-03,20,15,0.0,9.2,4,64,11:31 PM,09:33 AM,05:54 AM,08:21 PM,15,17,17,17,10,90,89,38.4,1008,20,8,77,7,Australia
2021-01-04,21,16,0.0,10.2,4,57,No moonrise,10:38 AM,05:54 AM,08:21 PM,14,18,18,18,7,58,79,4.7,1006,21,9,194,5,Australia
2021-01-05,25,15,0.0,9.2,5,50,12:04 AM,11:44 AM,05:55 AM,08:21 PM,13,20,20,20,11,81,68,1.5,1008,25,10,210,8,Australia
2021-01-06,21,12,0.0,12.4,4,42,12:35 AM,12:50 PM,05:56 AM,08:21 PM,12,16,16,16,16,55,79,2.9,1014,21,10,127,12,Australia
2021-01-07,20,10,0.0,12.4,4,35,01:06 AM,01:57 PM,05:57 AM,08:21 PM,9,14,15,14,18,49,72,0.2,1021,20,10,129,14,Australia
2021-01-08,23,9,0.0,14.5,5,28,01:38 AM,03:06 PM,05:58 AM,08:21 PM,8,15,17,15,17,7,65,0.0,1023,23,10,114,13,Australia
2021-01-09,27,10,0.0,14.5,6,20,02:13 AM,04:16 PM,05:59 AM,08:21 PM,9,19,20,19,9,16,62,0.0,1021,27,10,83,6,Australia
2021-01-10,30,14,0.0,14.2,7,13,02:53 AM,05:27 PM,06:00 AM,08:21 PM,12,23,23,22,8,13,59,0.0,1019,30,10,196,5,Australia
2021-01-11,31,15,0.0,14.2,7,6,03:40 AM,06:36 PM,06:00 AM,08:21 PM,9,24,24,24,9,9,45,0.0,1016,31,10,248,6,Australia
2021-01-12,31,17,0.0,11.6,7,0,04:33 AM,07:41 PM,06:01 AM,08:21 PM,9,26,26,25,9,7,43,0.0,1013,31,10,189,7,Australia
2021-01-13,32,15,0.0,11.6,7,0,05:34 AM,08:37 PM,06:02 AM,08:21 PM,11,25,25,24,12,12,55,0.0,1014,32,10,184,8,Australia
2021-01-14,31,19,0.0,11.6,7,1,06:38 AM,09:26 PM,06:03 AM,08:20 PM,8,26,26,26,16,6,37,0.0,1010,31,10,193,12,Australia
2021-01-15,25,13,0.0,11.6,6,8,07:44 AM,10:06 PM,06:04 AM,08:20 PM,5,20,20,20,20,4,49,0.0,1007,25,10,240,15,Australia
2021-01-16,23,7,0.0,11.6,5,16,08:49 AM,10:40 PM,06:05 AM,08:20 PM,0,15,15,15,20,2,40,0.0,1009,23,10,274,14,Australia
2021-01-17,26,10,0.0,11.6,6,23,09:51 AM,11:11 PM,06:06 AM,08:20 PM,5,19,19,19,11,5,50,0.0,1014,26,10,216,9,Australia
2021-01-18,28,10,0.0,11.6,5,30,10:50 AM,11:38 PM,06:07 AM,08:19 PM,6,20,20,20,13,16,54,0.0,1013,28,9,217,10,Australia
2021-01-19,28,12,0.0,11.6,6,38,11:47 AM,No moonset,06:08 AM,08:19 PM,8,19,20,19,15,22,61,0.0,1016,28,10,115,11,Australia
2021-01-20,25,10,0.0,11.6,5,45,12:43 PM,12:04 AM,06:09 AM,08:18 PM,6,17,18,17,15,18,57,0.0,1021,25,10,89,12,Australia
2021-01-21,29,9,0.0,11.6,6,52,01:39 PM,12:30 AM,06:10 AM,08:18 PM,8,21,21,21,12,15,54,0.0,1015,29,10,219,9,Australia
2021-01-22,30,16,0.0,11.6,7,59,02:35 PM,12:57 AM,06:11 AM,08:17 PM,10,24,24,23,15,18,47,0.0,1009,30,10,251,12,Australia
2021-01-23,34,15,0.0,11.6,7,67,03:33 PM,01:27 AM,06:12 AM,08:17 PM,8,26,26,26,13,4,44,0.0,1010,34,10,241,10,Australia
2021-01-24,36,17,0.0,11.6,8,74,04:31 PM,01:59 AM,06:13 AM,08:16 PM,10,28,28,28,13,4,44,0.0,1010,36,10,226,9,Australia
2021-01-25,34,19,0.0,11.6,7,81,05:29 PM,02:37 AM,06:14 AM,08:16 PM,10,27,27,27,12,11,40,0.0,1006,34,10,234,9,Australia
2021-01-26,29,21,0.0,10.5,7,88,06:26 PM,03:21 AM,06:15 AM,08:15 PM,10,24,24,24,18,30,43,0.3,1002,29,10,260,13,Australia
2021-01-27,23,17,0.0,9.3,5,96,07:20 PM,04:12 AM,06:16 AM,08:14 PM,14,20,21,20,17,72,75,2.6,1012,23,10,95,14,Australia
2021-01-28,18,13,0.0,7.0,4,100,08:08 PM,05:11 AM,06:17 AM,08:14 PM,11,15,16,15,23,83,76,1.5,1020,18,10,117,19,Australia
2021-01-29,16,13,0.0,7.0,4,90,08:52 PM,06:14 AM,06:18 AM,08:13 PM,13,14,15,14,14,95,89,16.0,1017,16,9,92,11,Australia
2021-01-30,25,13,0.0,7.0,5,82,09:31 PM,07:21 AM,06:19 AM,08:12 PM,16,19,20,19,14,85,84,16.2,1011,25,9,211,10,Australia
2021-01-31,24,17,0.0,8.1,5,79,10:05 PM,08:28 AM,06:21 AM,08:12 PM,15,20,22,20,14,70,77,1.0,1015,24,10,83,11,Australia
2021-02-01,27,16,0.0,10.4,6,63,10:37 PM,09:36 AM,06:22 AM,08:11 PM,13,22,22,21,13,47,70,5.9,1013,27,10,178,10,Australia
2021-02-02,23,14,0.0,6.9,4,55,11:09 PM,10:43 AM,06:23 AM,08:10 PM,13,18,19,18,10,76,78,8.1,1012,23,9,131,7,Australia
2021-02-03,23,10,0.0,11.6,5,48,11:40 PM,11:50 AM,06:24 AM,08:09 PM,8,16,17,16,11,20,65,0.0,1013,23,10,150,8,Australia
2021-02-04,26,12,0.0,10.4,6,40,No moonrise,12:58 PM,06:25 AM,08:08 PM,12,20,20,19,12,48,69,0.9,1010,26,10,174,9,Australia
2021-02-05,23,17,0.0,8.1,5,33,12:14 AM,02:06 PM,06:26 AM,08:08 PM,16,20,20,20,10,67,79,8.0,1008,23,9,104,6,Australia
2021-02-06,23,16,0.0,10.4,5,25,12:51 AM,03:16 PM,06:27 AM,08:07 PM,14,19,20,19,24,47,75,41.1,1003,23,8,266,17,Australia
2021-02-07,25,13,0.0,10.4,6,18,01:35 AM,04:24 PM,06:28 AM,08:06 PM,12,19,20,19,13,27,68,0.4,1006,25,9,243,9,Australia
