date_time,Canada%2C%20Alberta_maxtempC,Canada%2C%20Alberta_mintempC,Canada%2C%20Alberta_totalSnow_cm,Canada%2C%20Alberta_sunHour,Canada%2C%20Alberta_uvIndex,Canada%2C%20Alberta_moon_illumination,Canada%2C%20Alberta_moonrise,Canada%2C%20Alberta_moonset,Canada%2C%20Alberta_sunrise,Canada%2C%20Alberta_sunset,Canada%2C%20Alberta_DewPointC,Canada%2C%20Alberta_FeelsLikeC,Canada%2C%20Alberta_HeatIndexC,Canada%2C%20Alberta_WindChillC,Canada%2C%20Alberta_WindGustKmph,Canada%2C%20Alberta_cloudcover,Canada%2C%20Alberta_humidity,Canada%2C%20Alberta_precipMM,Canada%2C%20Alberta_pressure,Canada%2C%20Alberta_tempC,Canada%2C%20Alberta_visibility,Canada%2C%20Alberta_winddirDegree,Canada%2C%20Alberta_windspeedKmph,Canada%2C%20Alberta_location
2020-01-01,1,-8,1.6,2.9,1,37,12:18 PM,11:38 PM,08:49 AM,04:26 PM,-1,-3,-1,-3,13,92,96,1.9,992,1,4,285,7,Canada%2C%20Alberta
2020-01-02,-4,-9,1.3,7.8,1,44,12:33 PM,No moonset,08:49 AM,04:27 PM,-9,-12,-5,-12,44,40,73,1.5,1006,-4,9,290,25,Canada%2C%20Alberta
2020-01-03,-7,-12,0.2,2.9,1,51,12:48 PM,12:45 AM,08:48 AM,04:28 PM,-12,-16,-10,-16,26,59,80,0.2,1011,-7,9,186,15,Canada%2C%20Alberta
2020-01-04,3,-4,0.0,6.8,1,59,01:04 PM,01:54 AM,08:48 AM,04:30 PM,-5,-6,-1,-6,44,48,74,0.0,1000,3,10,239,24,Canada%2C%20Alberta
2020-01-05,-4,-10,0.3,7.8,1,66,01:22 PM,03:04 AM,08:48 AM,04:31 PM,-10,-12,-7,-12,23,31,79,0.4,1013,-4,9,242,12,Canada%2C%20Alberta
2020-01-06,-8,-22,0.0,7.9,2,73,01:43 PM,04:15 AM,08:47 AM,04:32 PM,-15,-19,-13,-19,27,14,81,0.0,1020,-8,10,268,15,Canada%2C%20Alberta
2020-01-07,-11,-17,0.3,6.8,1,80,02:10 PM,05:29 AM,08:47 AM,04:34 PM,-14,-17,-13,-17,16,58,90,0.4,1021,-11,9,179,9,Canada%2C%20Alberta
2020-01-08,-13,-24,3.8,3.0,1,88,02:46 PM,06:42 AM,08:46 AM,04:35 PM,-15,-22,-15,-22,25,100,95,4.5,1012,-13,4,203,17,Canada%2C%20Alberta
2020-01-09,-20,-22,0.3,3.0,1,95,03:34 PM,07:52 AM,08:46 AM,04:37 PM,-21,-29,-20,-29,20,100,97,0.4,1027,-20,6,320,13,Canada%2C%20Alberta
2020-01-10,-17,-25,0.0,3.0,1,100,04:36 PM,08:52 AM,08:45 AM,04:38 PM,-22,-30,-21,-30,22,77,94,0.0,1024,-17,6,135,12,Canada%2C%20Alberta
2020-01-11,-21,-24,0.9,3.0,1,100,05:51 PM,09:41 AM,08:45 AM,04:40 PM,-22,-31,-22,-31,23,100,96,1.1,1022,-21,6,283,16,Canada%2C%20Alberta
2020-01-12,-27,-29,2.7,3.0,1,83,07:14 PM,10:18 AM,08:44 AM,04:41 PM,-28,-39,-27,-39,29,93,92,3.2,1032,-27,7,306,19,Canada%2C%20Alberta
2020-01-13,-27,-31,1.9,3.0,1,76,08:39 PM,10:48 AM,08:43 AM,04:43 PM,-29,-37,-29,-37,15,100,97,2.2,1034,-27,3,306,10,Canada%2C%20Alberta
2020-01-14,-32,-38,0.0,3.0,1,69,10:04 PM,11:11 AM,08:42 AM,04:44 PM,-36,-46,-35,-46,20,100,97,0.0,1037,-32,1,280,10,Canada%2C%20Alberta
2020-01-15,-31,-37,0.0,6.8,1,61,11:28 PM,11:31 AM,08:41 AM,04:46 PM,-36,-44,-35,-44,16,61,94,0.0,1043,-31,5,276,8,Canada%2C%20Alberta
2020-01-16,-29,-33,1.0,3.0,1,54,No moonrise,11:50 AM,08:40 AM,04:48 PM,-31,-39,-30,-39,14,97,94,1.2,1038,-29,6,131,10,Canada%2C%20Alberta
2020-01-17,-27,-31,0.7,3.0,1,47,12:50 AM,12:08 PM,08:39 AM,04:49 PM,-30,-40,-29,-40,20,100,97,0.8,1037,-27,6,309,13,Canada%2C%20Alberta
2020-01-18,-26,-32,0.0,3.0,1,40,02:12 AM,12:29 PM,08:38 AM,04:51 PM,-29,-37,-28,-37,20,99,95,0.0,1044,-26,6,221,11,Canada%2C%20Alberta
2020-01-19,-19,-26,0.0,4.9,1,32,03:33 AM,12:52 PM,08:37 AM,04:53 PM,-23,-31,-23,-31,23,49,91,0.0,1034,-19,10,148,13,Canada%2C%20Alberta
2020-01-20,0,-8,0.0,6.8,1,25,04:51 AM,01:22 PM,08:36 AM,04:55 PM,-6,-6,-3,-6,17,21,79,0.0,1013,0,10,193,8,Canada%2C%20Alberta
2020-01-21,-0,-4,0.0,8.2,2,18,06:04 AM,01:59 PM,08:35 AM,04:56 PM,-5,-6,-3,-6,18,25,82,0.0,1007,-0,10,238,9,Canada%2C%20Alberta
2020-01-22,-3,-6,0.2,5.0,1,11,07:10 AM,02:45 PM,08:33 AM,04:58 PM,-7,-8,-5,-8,12,82,89,0.2,1011,-3,9,155,6,Canada%2C%20Alberta
2020-01-23,-3,-8,0.0,8.7,2,3,08:05 AM,03:42 PM,08:32 AM,05:00 PM,-8,-11,-5,-11,30,21,81,0.0,1014,-3,10,167,15,Canada%2C%20Alberta
2020-01-24,-0,-4,0.0,8.7,2,0,08:47 AM,04:46 PM,08:31 AM,05:02 PM,-5,-4,-2,-4,12,17,83,0.0,1007,-0,10,202,6,Canada%2C%20Alberta
2020-01-25,1,-5,0.0,8.7,2,0,09:21 AM,05:55 PM,08:29 AM,05:04 PM,-5,-6,-3,-6,17,7,86,0.0,1011,1,10,249,9,Canada%2C%20Alberta
2020-01-26,-4,-12,0.0,6.9,1,4,09:46 AM,07:05 PM,08:28 AM,05:06 PM,-6,-10,-5,-10,27,38,86,0.0,1015,-4,10,165,16,Canada%2C%20Alberta
2020-01-27,0,-8,0.0,8.7,2,11,10:07 AM,08:14 PM,08:26 AM,05:08 PM,-7,-8,-4,-8,19,18,85,0.0,1012,0,10,202,9,Canada%2C%20Alberta
2020-01-28,-5,-9,0.0,6.9,1,18,10:24 AM,09:23 PM,08:25 AM,05:10 PM,-8,-9,-6,-9,13,44,88,0.0,1015,-5,10,284,7,Canada%2C%20Alberta
2020-01-29,-0,-10,0.3,6.9,1,26,10:39 AM,10:30 PM,08:23 AM,05:12 PM,-7,-11,-5,-11,30,36,83,0.3,1016,-0,9,203,16,Canada%2C%20Alberta
2020-01-30,-1,-8,0.0,8.7,2,33,10:54 AM,11:39 PM,08:22 AM,05:13 PM,-6,-8,-3,-8,28,35,79,0.0,1014,-1,10,226,14,Canada%2C%20Alberta
2020-01-31,-0,-5,0.1,6.9,1,37,11:09 AM,No moonset,08:20 AM,05:15 PM,-5,-7,-2,-7,35,50,75,0.1,1008,-0,9,220,18,Canada%2C%20Alberta
2020-02-01,3,-4,0.3,5.1,1,49,11:26 AM,12:46 AM,08:19 AM,05:17 PM,-4,-4,-0,-4,30,65,84,0.3,995,3,9,259,16,Canada%2C%20Alberta
2020-02-02,-7,-13,0.0,8.7,1,57,11:45 AM,01:56 AM,08:17 AM,05:19 PM,-12,-16,-9,-16,33,30,79,0.0,1012,-7,10,243,18,Canada%2C%20Alberta
2020-02-03,-14,-22,0.0,5.2,1,64,12:08 PM,03:08 AM,08:15 AM,05:21 PM,-18,-21,-18,-21,9,75,96,0.0,1027,-14,6,244,5,Canada%2C%20Alberta
2020-02-04,-5,-15,0.0,6.9,1,72,12:38 PM,04:20 AM,08:14 AM,05:23 PM,-13,-16,-11,-16,25,39,78,0.0,1015,-5,10,235,12,Canada%2C%20Alberta
2020-02-05,-3,-11,1.6,8.7,1,79,01:20 PM,05:31 AM,08:12 AM,05:25 PM,-6,-10,-5,-10,24,61,87,1.9,1003,-3,8,262,13,Canada%2C%20Alberta
2020-02-06,-1,-5,0.0,6.9,1,87,02:14 PM,06:35 AM,08:10 AM,05:27 PM,-4,-8,-2,-8,35,57,85,0.9,1004,-1,9,290,21,Canada%2C%20Alberta
2020-02-07,-3,-9,0.0,8.7,2,95,03:23 PM,07:30 AM,08:08 AM,05:29 PM,-8,-11,-6,-11,25,31,85,0.0,1012,-3,10,253,12,Canada%2C%20Alberta
2020-02-08,-8,-12,0.1,3.5,1,100,04:44 PM,08:12 AM,08:06 AM,05:31 PM,-11,-14,-9,-14,19,78,90,0.1,1018,-8,10,256,11,Canada%2C%20Alberta
2020-02-09,1,-9,0.0,8.7,2,100,06:11 PM,08:46 AM,08:05 AM,05:33 PM,-8,-11,-5,-11,38,32,78,0.0,1018,1,10,271,20,Canada%2C%20Alberta
2020-02-10,-3,-8,0.0,8.7,2,83,07:40 PM,09:13 AM,08:03 AM,05:35 PM,-8,-12,-5,-12,32,43,84,0.0,1023,-3,10,266,18,Canada%2C%20Alberta
2020-02-11,0,-6,4.9,3.5,1,75,09:07 PM,09:35 AM,08:01 AM,05:37 PM,-3,-8,-2,-8,28,98,94,5.8,1010,0,5,212,18,Canada%2C%20Alberta
2020-02-12,-15,-24,0.2,5.4,1,68,10:33 PM,09:54 AM,07:59 AM,05:39 PM,-20,-27,-19,-27,22,66,92,0.2,1032,-15,10,159,13,Canada%2C%20Alberta
2020-02-13,-3,-15,0.3,3.7,1,60,11:58 PM,10:13 AM,07:57 AM,05:41 PM,-9,-15,-8,-15,30,93,89,0.3,1006,-3,8,187,18,Canada%2C%20Alberta
2020-02-14,-9,-16,0.1,3.7,1,53,No moonrise,10:33 AM,07:55 AM,05:43 PM,-12,-17,-10,-17,23,59,90,0.1,1009,-9,9,309,13,Canada%2C%20Alberta
2020-02-15,-14,-24,0.2,3.7,1,45,01:21 AM,10:56 AM,07:53 AM,05:45 PM,-18,-25,-19,-25,21,86,93,0.2,1018,-14,8,114,13,Canada%2C%20Alberta
2020-02-16,-8,-18,0.1,3.7,1,38,02:41 AM,11:24 AM,07:51 AM,05:47 PM,-12,-16,-11,-16,17,84,90,0.1,1014,-8,7,230,10,Canada%2C%20Alberta
2020-02-17,-19,-22,2.7,3.8,1,30,03:57 AM,11:58 AM,07:49 AM,05:49 PM,-20,-25,-19,-25,13,96,96,3.2,1031,-19,3,220,9,Canada%2C%20Alberta
2020-02-18,-16,-28,0.0,5.4,1,22,05:05 AM,12:41 PM,07:47 AM,05:51 PM,-23,-30,-23,-30,20,40,93,0.0,1039,-16,9,155,11,Canada%2C%20Alberta
2020-02-19,-1,-17,0.0,8.7,2,15,06:02 AM,01:34 PM,07:45 AM,05:53 PM,-11,-14,-9,-14,20,7,81,0.0,1027,-1,10,206,10,Canada%2C%20Alberta
2020-02-20,-0,-8,0.0,8.7,2,7,06:47 AM,02:35 PM,07:42 AM,05:54 PM,-7,-8,-4,-8,23,5,77,0.0,1017,-0,10,246,11,Canada%2C%20Alberta
2020-02-21,2,-6,0.0,8.7,2,0,07:23 AM,03:43 PM,07:40 AM,05:56 PM,-6,-7,-3,-7,22,10,77,0.0,1013,2,10,228,11,Canada%2C%20Alberta
2020-02-22,1,-6,0.1,5.5,1,0,07:50 AM,04:52 PM,07:38 AM,05:58 PM,-5,-6,-2,-6,19,43,83,0.1,1011,1,8,251,10,Canada%2C%20Alberta
2020-02-23,-3,-10,0.0,8.5,1,0,08:12 AM,06:02 PM,07:36 AM,06:00 PM,-10,-12,-7,-12,21,35,79,0.0,1015,-3,10,177,11,Canada%2C%20Alberta
2020-02-24,-6,-12,0.0,8.5,1,0,08:30 AM,07:11 PM,07:34 AM,06:02 PM,-11,-12,-9,-12,12,71,91,0.0,1025,-6,10,232,6,Canada%2C%20Alberta
2020-02-25,-5,-13,0.0,10.0,1,8,08:45 AM,08:19 PM,07:32 AM,06:04 PM,-11,-14,-10,-14,18,34,87,0.0,1033,-5,10,179,9,Canada%2C%20Alberta
2020-02-26,1,-8,0.0,10.0,2,15,09:00 AM,09:27 PM,07:29 AM,06:06 PM,-6,-8,-4,-8,22,53,86,0.0,1022,1,10,253,11,Canada%2C%20Alberta
2020-02-27,2,-4,0.2,8.5,1,23,09:15 AM,10:34 PM,07:27 AM,06:08 PM,-4,-6,-1,-6,27,45,83,0.2,1019,2,9,258,14,Canada%2C%20Alberta
2020-02-28,1,-3,0.0,10.9,2,30,09:30 AM,11:43 PM,07:25 AM,06:10 PM,-4,-5,-1,-5,19,17,80,0.0,1015,1,10,178,10,Canada%2C%20Alberta
2020-02-29,-4,-9,1.6,5.4,1,38,09:48 AM,No moonset,07:23 AM,06:12 PM,-7,-12,-6,-12,26,73,93,3.1,1006,-4,6,172,16,Canada%2C%20Alberta
2020-03-01,-2,-15,0.0,10.1,1,44,10:08 AM,12:53 AM,07:20 AM,06:13 PM,-10,-14,-9,-14,24,50,89,0.0,1017,-2,8,240,13,Canada%2C%20Alberta
2020-03-02,0,-4,0.0,8.5,1,51,10:35 AM,02:03 AM,07:18 AM,06:15 PM,-5,-7,-1,-7,44,48,75,0.2,1001,0,9,281,25,Canada%2C%20Alberta
2020-03-03,1,-4,2.5,8.6,1,58,11:10 AM,03:13 AM,07:16 AM,06:17 PM,-3,-5,-1,-5,25,66,84,3.0,1004,1,8,252,14,Canada%2C%20Alberta
2020-03-04,-0,-6,0.1,7.0,1,65,11:56 AM,04:19 AM,07:13 AM,06:19 PM,-6,-9,-3,-9,37,51,80,0.4,1004,-0,8,276,22,Canada%2C%20Alberta
2020-03-05,-1,-10,0.0,11.1,2,73,12:57 PM,05:17 AM,07:11 AM,06:21 PM,-8,-11,-6,-11,28,26,79,0.0,1016,-1,10,175,16,Canada%2C%20Alberta
2020-03-06,-3,-14,0.3,5.6,1,80,02:11 PM,06:04 AM,07:09 AM,06:23 PM,-9,-13,-6,-13,28,70,85,0.3,1013,-3,8,302,17,Canada%2C%20Alberta
2020-03-07,-14,-16,4.0,5.6,1,87,03:35 PM,06:41 AM,07:06 AM,06:25 PM,-15,-21,-15,-21,13,100,95,4.7,1025,-14,3,62,10,Canada%2C%20Alberta
2020-03-08,-12,-20,2.0,8.6,1,95,05:04 PM,07:11 AM,07:04 AM,06:26 PM,-16,-20,-15,-20,13,73,93,2.3,1022,-12,6,242,8,Canada%2C%20Alberta
2020-03-09,-1,-12,0.0,11.3,2,100,06:34 PM,07:35 AM,07:01 AM,06:28 PM,-11,-13,-8,-13,24,22,78,0.0,1019,-1,10,241,12,Canada%2C%20Alberta
2020-03-10,-1,-10,0.0,11.6,2,100,08:04 PM,07:56 AM,06:59 AM,06:30 PM,-9,-12,-7,-12,27,23,76,0.0,1012,-1,10,205,14,Canada%2C%20Alberta
2020-03-11,-1,-5,0.1,7.3,1,84,09:33 PM,08:15 AM,06:57 AM,06:32 PM,-5,-9,-2,-9,39,65,81,0.3,1009,-1,7,297,23,Canada%2C%20Alberta
2020-03-12,-9,-13,0.4,5.9,1,76,11:00 PM,08:35 AM,06:54 AM,06:34 PM,-12,-16,-10,-16,24,73,90,0.5,1029,-9,8,326,15,Canada%2C%20Alberta
2020-03-13,-19,-21,0.1,5.9,1,69,No moonrise,08:58 AM,06:52 AM,06:36 PM,-20,-27,-19,-27,20,100,90,0.1,1045,-19,10,346,14,Canada%2C%20Alberta
2020-03-14,-17,-21,1.4,5.9,1,62,12:25 AM,09:24 AM,06:49 AM,06:38 PM,-20,-25,-19,-25,11,100,95,1.7,1050,-17,5,91,8,Canada%2C%20Alberta
2020-03-15,-13,-24,0.0,10.2,1,55,01:46 AM,09:56 AM,06:47 AM,06:40 PM,-20,-25,-20,-25,13,47,88,0.0,1041,-13,8,200,7,Canada%2C%20Alberta
2020-03-16,-4,-14,0.0,11.6,2,47,02:58 AM,10:37 AM,06:44 AM,06:41 PM,-12,-15,-10,-15,18,17,85,0.0,1028,-4,10,248,10,Canada%2C%20Alberta
2020-03-17,-6,-12,0.3,6.0,1,40,04:00 AM,11:28 AM,06:42 AM,06:43 PM,-8,-12,-7,-12,21,72,90,0.3,1021,-6,10,213,13,Canada%2C%20Alberta
2020-03-18,-7,-17,0.8,6.0,1,33,04:49 AM,12:27 PM,06:40 AM,06:45 PM,-11,-16,-11,-16,19,95,94,0.9,1024,-7,6,141,11,Canada%2C%20Alberta
2020-03-19,-8,-16,0.1,6.1,1,25,05:27 AM,01:33 PM,06:37 AM,06:47 PM,-13,-18,-12,-18,18,70,94,0.1,1034,-8,7,115,11,Canada%2C%20Alberta
2020-03-20,-7,-17,0.0,7.5,1,18,05:56 AM,02:42 PM,06:35 AM,06:49 PM,-14,-17,-12,-17,18,57,93,0.0,1031,-7,8,166,9,Canada%2C%20Alberta
2020-03-21,1,-11,0.0,11.6,2,11,06:18 AM,03:52 PM,06:32 AM,06:51 PM,-6,-10,-4,-10,29,18,87,0.0,1024,1,10,261,17,Canada%2C%20Alberta
2020-03-22,-0,-8,0.0,6.1,1,4,06:37 AM,05:01 PM,06:30 AM,06:52 PM,-6,-9,-5,-9,19,69,88,0.0,1015,-0,8,190,10,Canada%2C%20Alberta
2020-03-23,-2,-7,0.9,6.1,1,0,06:53 AM,06:09 PM,06:28 AM,06:54 PM,-5,-9,-4,-9,20,98,95,1.1,1009,-2,6,80,13,Canada%2C%20Alberta
2020-03-24,-6,-9,4.8,6.2,1,0,07:07 AM,07:17 PM,06:25 AM,06:56 PM,-8,-12,-7,-12,18,100,94,5.7,1019,-6,3,25,12,Canada%2C%20Alberta
2020-03-25,-4,-13,0.1,11.6,1,3,07:22 AM,08:25 PM,06:23 AM,06:58 PM,-10,-13,-9,-13,18,52,88,0.1,1016,-4,10,239,10,Canada%2C%20Alberta
2020-03-26,1,-9,0.0,9.0,1,11,07:37 AM,09:34 PM,06:20 AM,07:00 PM,-6,-9,-4,-9,30,48,85,0.0,1003,1,10,252,16,Canada%2C%20Alberta
2020-03-27,1,-7,0.0,6.4,1,18,07:53 AM,10:43 PM,06:18 AM,07:02 PM,-4,-7,-3,-7,24,91,89,0.0,1004,1,8,214,13,Canada%2C%20Alberta
2020-03-28,-10,-19,0.8,6.4,1,25,08:12 AM,11:54 PM,06:15 AM,07:03 PM,-11,-15,-10,-15,25,91,89,0.9,1015,-10,6,200,17,Canada%2C%20Alberta
2020-03-29,-0,-11,0.7,6.5,1,32,08:35 AM,No moonset,06:13 AM,07:05 PM,-6,-11,-6,-11,21,97,95,0.8,1008,-0,5,92,15,Canada%2C%20Alberta
2020-03-30,-9,-17,1.5,6.5,1,40,09:06 AM,01:03 AM,06:11 AM,07:07 PM,-10,-16,-10,-16,20,99,94,1.8,1018,-9,5,187,14,Canada%2C%20Alberta
2020-03-31,-12,-16,11.2,6.5,1,44,09:47 AM,02:09 AM,06:08 AM,07:09 PM,-13,-20,-12,-20,31,93,92,13.2,1023,-12,5,333,22,Canada%2C%20Alberta
2020-04-01,-14,-18,1.9,6.5,1,56,10:40 AM,03:09 AM,06:06 AM,07:11 PM,-17,-26,-16,-26,31,100,94,2.4,1030,-14,5,279,22,Canada%2C%20Alberta
2020-04-02,-13,-23,0.5,7.8,1,64,11:47 AM,03:59 AM,06:04 AM,07:13 PM,-17,-23,-17,-23,17,81,93,0.6,1034,-13,7,326,12,Canada%2C%20Alberta
2020-04-03,-10,-18,0.2,6.6,1,71,01:04 PM,04:38 AM,06:01 AM,07:14 PM,-15,-20,-14,-20,16,94,91,0.2,1029,-10,9,138,10,Canada%2C%20Alberta
2020-04-04,-7,-17,0.1,8.5,1,79,02:29 PM,05:10 AM,05:59 AM,07:16 PM,-13,-17,-12,-17,15,89,94,0.1,1022,-7,7,132,9,Canada%2C%20Alberta
2020-04-05,-8,-15,0.5,8.5,1,87,03:58 PM,05:36 AM,05:57 AM,07:18 PM,-11,-16,-11,-16,18,99,94,0.6,1018,-8,6,125,12,Canada%2C%20Alberta
2020-04-06,-1,-9,2.9,10.9,1,94,05:28 PM,05:57 AM,05:54 AM,07:20 PM,-7,-9,-6,-9,11,73,93,3.4,1007,-1,6,235,7,Canada%2C%20Alberta
2020-04-07,-0,-4,0.3,12.1,1,100,06:57 PM,06:16 AM,05:52 AM,07:22 PM,-5,-8,-3,-8,35,65,85,0.6,1009,-0,8,287,22,Canada%2C%20Alberta
2020-04-08,-0,-8,0.0,13.7,2,100,08:27 PM,06:36 AM,05:50 AM,07:23 PM,-6,-10,-4,-10,30,20,85,0.0,1026,-0,10,289,18,Canada%2C%20Alberta
2020-04-09,1,-8,0.0,11.0,1,83,09:57 PM,06:57 AM,05:47 AM,07:25 PM,-4,-8,-3,-8,24,63,92,0.0,1019,1,8,189,13,Canada%2C%20Alberta
2020-04-10,-1,-6,0.3,11.0,1,76,11:24 PM,07:21 AM,05:45 AM,07:27 PM,-3,-6,-1,-6,24,71,89,2.1,1019,-1,9,330,16,Canada%2C%20Alberta
2020-04-11,-5,-14,0.0,11.0,1,68,No moonrise,07:51 AM,05:43 AM,07:29 PM,-10,-14,-8,-14,27,66,80,0.0,1030,-5,10,323,18,Canada%2C%20Alberta
2020-04-12,-3,-9,0.5,9.9,1,61,12:43 AM,08:29 AM,05:40 AM,07:31 PM,-8,-11,-6,-11,24,83,84,0.8,1030,-3,9,324,16,Canada%2C%20Alberta
2020-04-13,-1,-12,0.5,11.0,1,53,01:52 AM,09:18 AM,05:38 AM,07:33 PM,-8,-10,-6,-10,12,66,87,0.6,1028,-1,8,240,7,Canada%2C%20Alberta
2020-04-14,2,-4,0.7,8.7,1,46,02:47 AM,10:16 AM,05:36 AM,07:34 PM,-1,-4,-0,-4,22,100,96,0.8,1019,2,7,298,14,Canada%2C%20Alberta
2020-04-15,0,-10,6.6,9.9,1,38,03:30 AM,11:22 AM,05:34 AM,07:36 PM,-2,-7,-2,-7,24,82,95,7.8,1029,0,5,329,17,Canada%2C%20Alberta
2020-04-16,1,-6,0.0,12.2,1,30,04:01 AM,12:31 PM,05:31 AM,07:38 PM,-3,-6,-2,-6,18,66,94,0.0,1023,1,7,210,10,Canada%2C%20Alberta
2020-04-17,3,1,0.0,8.8,1,23,04:25 AM,01:41 PM,05:29 AM,07:40 PM,1,-2,2,-2,32,92,94,1.2,1009,3,10,294,17,Canada%2C%20Alberta
2020-04-18,3,-3,0.3,12.2,1,15,04:45 AM,02:50 PM,05:27 AM,07:42 PM,-2,-4,-0,-4,19,58,84,0.4,1017,3,8,279,12,Canada%2C%20Alberta
2020-04-19,9,-1,0.0,13.4,1,8,05:01 AM,03:59 PM,05:25 AM,07:43 PM,0,-0,4,-0,28,23,78,0.1,1010,9,10,273,15,Canada%2C%20Alberta
2020-04-20,14,2,0.0,13.4,2,0,05:16 AM,05:07 PM,05:22 AM,07:45 PM,4,6,8,6,17,51,77,0.1,1009,14,10,223,9,Canada%2C%20Alberta
2020-04-21,15,5,0.0,14.3,4,0,05:30 AM,06:15 PM,05:20 AM,07:47 PM,3,8,10,8,27,25,64,0.2,1005,15,10,284,17,Canada%2C%20Alberta
2020-04-22,14,6,0.0,13.4,3,0,05:44 AM,07:25 PM,05:18 AM,07:49 PM,2,8,10,8,24,47,60,0.6,1007,14,10,278,15,Canada%2C%20Alberta
2020-04-23,14,4,0.0,14.4,4,0,05:59 AM,08:34 PM,05:16 AM,07:51 PM,-1,7,10,7,30,30,51,0.2,1009,14,10,288,20,Canada%2C%20Alberta
2020-04-24,14,3,0.0,12.3,2,7,06:17 AM,09:45 PM,05:14 AM,07:52 PM,-1,6,9,6,21,59,55,1.4,1014,14,10,287,14,Canada%2C%20Alberta
2020-04-25,17,4,0.0,13.4,3,15,06:39 AM,10:56 PM,05:11 AM,07:54 PM,-0,8,10,8,27,31,51,0.0,1009,17,10,188,18,Canada%2C%20Alberta
2020-04-26,13,7,0.0,13.4,3,22,07:07 AM,No moonset,05:09 AM,07:56 PM,-2,6,9,6,39,48,47,0.4,1003,13,9,267,28,Canada%2C%20Alberta
2020-04-27,14,5,0.0,11.2,3,30,07:44 AM,12:03 AM,05:07 AM,07:58 PM,0,7,10,7,24,57,58,0.6,1004,14,10,165,16,Canada%2C%20Alberta
2020-04-28,15,3,0.0,13.4,3,37,08:32 AM,01:05 AM,05:05 AM,07:59 PM,-1,7,9,7,24,26,53,1.4,1012,15,10,245,14,Canada%2C%20Alberta
2020-04-29,17,6,0.0,14.5,4,45,09:33 AM,01:58 AM,05:03 AM,08:01 PM,1,10,12,10,23,21,48,0.0,1011,17,10,202,14,Canada%2C%20Alberta
2020-04-30,16,8,0.0,13.5,3,52,10:45 AM,02:39 AM,05:01 AM,08:03 PM,2,11,13,11,29,30,53,0.0,1002,16,10,283,19,Canada%2C%20Alberta
2020-05-01,11,4,0.0,13.5,2,58,12:05 PM,03:13 AM,04:59 AM,08:05 PM,1,5,8,5,28,29,62,0.0,1012,11,10,279,20,Canada%2C%20Alberta
2020-05-02,16,4,0.0,14.5,4,65,01:30 PM,03:39 AM,04:57 AM,08:06 PM,2,8,10,8,24,18,58,0.0,1011,16,10,102,16,Canada%2C%20Alberta
2020-05-03,17,7,0.0,14.5,3,72,02:56 PM,04:00 AM,04:55 AM,08:08 PM,3,10,12,10,37,29,57,1.4,1004,17,10,107,26,Canada%2C%20Alberta
2020-05-04,9,-3,0.0,9.7,2,80,04:23 PM,04:19 AM,04:53 AM,08:10 PM,5,3,5,3,13,89,86,23.8,1011,9,8,227,9,Canada%2C%20Alberta
2020-05-05,15,4,0.0,14.5,4,87,05:53 PM,04:38 AM,04:51 AM,08:11 PM,4,8,9,8,15,22,71,0.2,1021,15,10,209,10,Canada%2C%20Alberta
2020-05-06,17,6,0.0,14.5,4,94,07:22 PM,04:57 AM,04:49 AM,08:13 PM,3,9,11,9,28,12,60,0.0,1016,17,10,136,18,Canada%2C%20Alberta
2020-05-07,17,6,0.0,12.6,3,100,08:51 PM,05:19 AM,04:47 AM,08:15 PM,5,11,12,11,20,54,67,1.9,1021,17,10,154,13,Canada%2C%20Alberta
2020-05-08,13,6,0.0,11.7,2,100,10:17 PM,05:46 AM,04:45 AM,08:17 PM,3,6,9,6,30,60,71,9.0,1027,13,7,268,23,Canada%2C%20Alberta
2020-05-09,9,5,0.0,12.6,2,84,11:35 PM,06:20 AM,04:44 AM,08:18 PM,1,5,7,5,20,57,66,0.8,1031,9,10,91,15,Canada%2C%20Alberta
2020-05-10,9,0,0.0,13.6,2,77,No moonrise,07:05 AM,04:42 AM,08:20 PM,-1,2,5,2,19,42,68,1.8,1034,9,10,90,13,Canada%2C%20Alberta
2020-05-11,12,2,0.0,12.7,2,70,12:38 AM,08:00 AM,04:40 AM,08:22 PM,-0,4,7,4,22,49,62,0.2,1024,12,10,129,15,Canada%2C%20Alberta
2020-05-12,12,1,0.0,14.5,3,62,01:28 AM,09:05 AM,04:38 AM,08:23 PM,-2,4,7,4,27,35,52,0.0,1013,12,10,132,19,Canada%2C%20Alberta
2020-05-13,15,2,0.0,14.5,4,55,02:04 AM,10:15 AM,04:37 AM,08:25 PM,0,7,9,7,12,12,55,0.0,1005,15,10,215,8,Canada%2C%20Alberta
2020-05-14,8,6,0.0,12.7,2,48,02:31 AM,11:27 AM,04:35 AM,08:27 PM,0,5,7,5,20,41,63,0.0,1011,8,10,137,14,Canada%2C%20Alberta
2020-05-15,14,2,0.0,14.5,3,40,02:52 AM,12:37 PM,04:33 AM,08:28 PM,1,6,8,6,14,39,63,0.0,1015,14,10,130,9,Canada%2C%20Alberta
2020-05-16,19,7,0.0,12.7,3,33,03:09 AM,01:47 PM,04:32 AM,08:30 PM,6,12,13,12,13,57,62,2.0,1010,19,10,124,8,Canada%2C%20Alberta
2020-05-17,18,8,0.0,14.5,4,26,03:24 AM,02:56 PM,04:30 AM,08:31 PM,8,11,12,11,17,32,73,0.0,1004,18,10,70,12,Canada%2C%20Alberta
2020-05-18,13,5,0.0,10.0,3,19,03:38 AM,04:04 PM,04:29 AM,08:33 PM,9,9,11,9,22,79,87,7.1,1004,13,9,180,15,Canada%2C%20Alberta
2020-05-19,16,6,0.0,12.7,3,11,03:52 AM,05:13 PM,04:27 AM,08:35 PM,6,9,10,9,16,46,75,0.0,1012,16,9,226,11,Canada%2C%20Alberta
2020-05-20,16,7,0.0,11.0,3,4,04:06 AM,06:22 PM,04:26 AM,08:36 PM,8,9,11,9,20,63,86,7.7,1009,16,9,110,13,Canada%2C%20Alberta
2020-05-21,8,5,0.0,10.1,2,0,04:23 AM,07:34 PM,04:25 AM,08:38 PM,6,4,7,4,34,100,95,63.1,996,8,7,259,24,Canada%2C%20Alberta
2020-05-22,8,6,0.0,10.1,2,0,04:43 AM,08:45 PM,04:23 AM,08:39 PM,6,3,7,3,36,98,94,29.8,998,8,8,317,25,Canada%2C%20Alberta
2020-05-23,13,4,0.0,10.1,2,3,05:09 AM,09:56 PM,04:22 AM,08:41 PM,5,5,8,5,25,84,80,2.5,1011,13,7,283,18,Canada%2C%20Alberta
2020-05-24,20,5,0.0,14.5,4,10,05:43 AM,11:01 PM,04:21 AM,08:42 PM,6,11,13,11,15,21,67,0.0,1012,20,10,207,9,Canada%2C%20Alberta
2020-05-25,21,10,0.0,13.6,4,17,06:28 AM,11:57 PM,04:19 AM,08:43 PM,8,15,16,15,12,35,64,0.0,1007,21,10,210,7,Canada%2C%20Alberta
2020-05-26,16,10,0.0,10.2,3,25,07:25 AM,No moonset,04:18 AM,08:45 PM,8,10,12,10,29,90,75,5.9,1008,16,9,297,19,Canada%2C%20Alberta
2020-05-27,13,3,0.0,11.9,3,32,08:34 AM,12:42 AM,04:17 AM,08:46 PM,4,6,9,6,34,53,65,4.1,1016,13,10,301,23,Canada%2C%20Alberta
2020-05-28,19,5,0.0,14.5,4,39,09:51 AM,01:17 AM,04:16 AM,08:47 PM,6,12,12,12,12,28,67,0.1,1023,19,10,188,7,Canada%2C%20Alberta
2020-05-29,17,10,0.0,10.2,3,47,11:13 AM,01:45 AM,04:15 AM,08:49 PM,8,12,13,12,20,72,71,0.7,1019,17,9,123,13,Canada%2C%20Alberta
2020-05-30,21,9,0.0,14.5,5,54,12:36 PM,02:06 AM,04:14 AM,08:50 PM,10,14,15,14,31,27,71,0.0,1015,21,10,126,20,Canada%2C%20Alberta
2020-05-31,25,16,0.0,11.1,5,58,02:00 PM,02:25 AM,04:13 AM,08:51 PM,14,20,21,20,45,74,78,16.3,995,25,8,176,28,Canada%2C%20Alberta
2020-06-01,18,10,0.0,13.7,4,71,03:26 PM,02:43 AM,04:12 AM,08:52 PM,7,12,14,12,40,50,62,18.3,1004,18,9,295,25,Canada%2C%20Alberta
2020-06-02,19,7,0.0,14.5,3,79,04:52 PM,03:01 AM,04:12 AM,08:53 PM,7,12,14,12,20,41,70,2.8,1010,19,9,218,13,Canada%2C%20Alberta
2020-06-03,14,8,0.0,11.1,3,86,06:20 PM,03:21 AM,04:11 AM,08:55 PM,7,8,11,8,40,80,80,26.1,1007,14,8,318,28,Canada%2C%20Alberta
2020-06-04,13,6,0.0,11.1,3,94,07:48 PM,03:44 AM,04:10 AM,08:56 PM,6,7,9,7,24,67,82,3.7,1012,13,10,201,15,Canada%2C%20Alberta
2020-06-05,18,6,0.0,12.0,3,100,09:10 PM,04:14 AM,04:09 AM,08:57 PM,8,11,12,11,26,57,76,2.5,1011,18,10,127,17,Canada%2C%20Alberta
2020-06-06,14,8,0.0,11.1,3,100,10:21 PM,04:53 AM,04:09 AM,08:58 PM,10,9,12,9,30,83,87,5.7,1002,14,10,94,21,Canada%2C%20Alberta
2020-06-07,9,4,0.0,10.3,2,84,11:19 PM,05:44 AM,04:08 AM,08:58 PM,7,5,8,5,32,100,97,78.3,994,9,7,91,22,Canada%2C%20Alberta
2020-06-08,6,-3,1.8,10.3,1,76,No moonrise,06:45 AM,04:08 AM,08:59 PM,4,-1,4,-1,37,96,94,13.1,1003,6,6,305,26,Canada%2C%20Alberta
2020-06-09,15,5,0.0,14.3,3,69,12:02 AM,07:55 AM,04:07 AM,09:00 PM,6,9,11,9,17,49,77,3.7,1008,15,10,258,11,Canada%2C%20Alberta
2020-06-10,19,7,0.0,14.3,3,61,12:33 AM,09:08 AM,04:07 AM,09:01 PM,8,12,13,12,21,69,72,2.5,1010,19,10,270,14,Canada%2C%20Alberta
2020-06-11,19,10,0.0,13.5,4,54,12:57 AM,10:20 AM,04:07 AM,09:02 PM,10,14,15,14,17,66,77,7.4,1013,19,10,171,11,Canada%2C%20Alberta
2020-06-12,24,11,0.0,16.6,4,46,01:16 AM,11:32 AM,04:06 AM,09:02 PM,13,17,18,17,20,38,77,0.1,1011,24,8,122,12,Canada%2C%20Alberta
2020-06-13,22,13,0.0,14.3,4,38,01:32 AM,12:41 PM,04:06 AM,09:03 PM,15,18,18,18,22,71,83,4.2,1001,22,9,125,14,Canada%2C%20Alberta
2020-06-14,18,14,0.0,13.5,4,31,01:46 AM,01:50 PM,04:06 AM,09:03 PM,13,15,16,15,29,77,83,23.9,990,18,9,132,18,Canada%2C%20Alberta
2020-06-15,14,8,0.0,13.5,3,23,01:59 AM,02:58 PM,04:06 AM,09:04 PM,9,9,11,9,25,80,87,9.7,995,14,8,276,17,Canada%2C%20Alberta
2020-06-16,17,7,0.0,12.7,3,16,02:13 AM,04:07 PM,04:06 AM,09:04 PM,10,10,12,10,16,81,84,5.9,1004,17,9,209,10,Canada%2C%20Alberta
2020-06-17,13,6,0.0,13.5,3,8,02:29 AM,05:18 PM,04:06 AM,09:05 PM,10,9,11,9,22,80,90,3.8,1014,13,9,212,15,Canada%2C%20Alberta
2020-06-18,16,8,0.0,16.6,3,1,02:48 AM,06:30 PM,04:06 AM,09:05 PM,7,12,13,12,11,45,73,0.2,1019,16,10,112,7,Canada%2C%20Alberta
2020-06-19,20,8,0.0,17.0,5,0,03:11 AM,07:42 PM,04:06 AM,09:05 PM,8,13,14,13,14,9,70,0.0,1012,20,10,161,9,Canada%2C%20Alberta
2020-06-20,20,9,0.0,17.0,5,0,03:42 AM,08:50 PM,04:06 AM,09:06 PM,8,14,14,14,19,5,68,0.0,1008,20,10,137,12,Canada%2C%20Alberta
2020-06-21,20,9,0.0,15.9,4,0,04:23 AM,09:51 PM,04:06 AM,09:06 PM,11,14,15,14,18,37,79,0.5,1008,20,10,108,11,Canada%2C%20Alberta
2020-06-22,23,11,0.0,17.0,5,7,05:17 AM,10:41 PM,04:07 AM,09:06 PM,13,16,17,16,11,22,77,1.6,1015,23,10,216,7,Canada%2C%20Alberta
2020-06-23,26,13,0.0,14.3,5,14,06:23 AM,11:20 PM,04:07 AM,09:06 PM,15,19,20,19,25,56,82,9.2,1009,26,10,212,15,Canada%2C%20Alberta
2020-06-24,18,11,0.0,13.5,3,22,07:40 AM,11:50 PM,04:07 AM,09:06 PM,13,13,15,13,18,77,89,28.3,1008,18,9,265,13,Canada%2C%20Alberta
2020-06-25,22,11,0.0,17.0,5,29,09:01 AM,No moonset,04:08 AM,09:06 PM,12,17,17,17,16,31,76,0.2,1011,22,10,241,9,Canada%2C%20Alberta
2020-06-26,21,12,0.0,15.1,4,37,10:23 AM,12:13 AM,04:08 AM,09:06 PM,12,16,16,16,13,60,80,8.3,1008,21,9,156,8,Canada%2C%20Alberta
2020-06-27,12,3,0.0,12.7,3,44,11:47 AM,12:33 AM,04:09 AM,09:06 PM,11,9,11,9,21,89,93,26.7,1003,12,7,284,14,Canada%2C%20Alberta
2020-06-28,18,8,0.0,13.5,3,52,01:10 PM,12:50 AM,04:09 AM,09:05 PM,11,12,13,12,21,72,84,8.2,1007,18,9,134,13,Canada%2C%20Alberta
2020-06-29,18,9,0.0,13.5,3,59,02:34 PM,01:08 AM,04:10 AM,09:05 PM,11,12,13,12,21,66,83,6.8,1010,18,9,256,14,Canada%2C%20Alberta
2020-06-30,14,6,0.0,12.7,3,67,03:59 PM,01:26 AM,04:11 AM,09:05 PM,11,11,12,11,17,73,95,17.3,1005,14,6,198,11,Canada%2C%20Alberta
2020-07-01,18,12,0.0,12.7,4,72,05:24 PM,01:47 AM,04:11 AM,09:04 PM,13,15,16,15,31,88,88,37.0,997,18,8,97,22,Canada%2C%20Alberta
2020-07-02,14,4,0.0,15.0,3,79,06:47 PM,02:12 AM,04:12 AM,09:04 PM,9,9,11,9,21,52,83,0.7,1000,14,10,179,13,Canada%2C%20Alberta
2020-07-03,21,9,0.0,15.0,4,86,08:03 PM,02:46 AM,04:13 AM,09:03 PM,11,14,15,14,15,40,77,3.7,1009,21,10,220,9,Canada%2C%20Alberta
2020-07-04,16,11,0.0,13.5,3,94,09:06 PM,03:31 AM,04:14 AM,09:03 PM,12,12,14,12,21,77,89,7.7,1012,16,9,283,14,Canada%2C%20Alberta
2020-07-05,17,8,0.0,13.4,3,100,09:56 PM,04:27 AM,04:15 AM,09:02 PM,11,11,13,11,20,76,85,4.4,1015,17,9,293,13,Canada%2C%20Alberta
2020-07-06,22,10,0.0,14.2,4,100,10:32 PM,05:35 AM,04:16 AM,09:02 PM,13,16,17,16,12,55,79,6.0,1012,22,10,202,7,Canada%2C%20Alberta
2020-07-07,21,11,0.0,14.2,4,85,10:59 PM,06:47 AM,04:17 AM,09:01 PM,14,15,16,15,15,74,86,7.0,1005,21,9,141,9,Canada%2C%20Alberta
2020-07-08,14,8,0.0,12.6,3,77,11:20 PM,08:01 AM,04:18 AM,09:00 PM,13,11,13,11,23,82,92,12.5,1006,14,9,275,15,Canada%2C%20Alberta
2020-07-09,19,11,0.0,12.8,4,70,11:37 PM,09:14 AM,04:19 AM,08:59 PM,13,15,15,15,15,56,85,5.3,1009,19,10,144,9,Canada%2C%20Alberta
2020-07-10,20,11,0.0,10.2,4,63,11:52 PM,10:25 AM,04:20 AM,08:58 PM,13,14,15,14,16,78,83,11.1,1009,20,9,248,11,Canada%2C%20Alberta
2020-07-11,23,12,0.0,12.8,4,55,No moonrise,11:34 AM,04:21 AM,08:57 PM,14,16,17,16,25,27,81,0.3,1012,23,10,172,16,Canada%2C%20Alberta
2020-07-12,17,12,0.0,11.1,4,48,12:06 AM,12:43 PM,04:22 AM,08:56 PM,12,14,15,14,31,62,83,7.3,1003,17,9,274,19,Canada%2C%20Alberta
2020-07-13,16,7,0.0,11.1,3,41,12:19 AM,01:52 PM,04:24 AM,08:55 PM,10,10,12,10,39,70,80,4.7,1007,16,9,293,25,Canada%2C%20Alberta
2020-07-14,19,9,0.0,11.0,3,34,12:34 AM,03:01 PM,04:25 AM,08:54 PM,10,13,14,13,39,61,78,3.0,1009,19,9,287,24,Canada%2C%20Alberta
2020-07-15,18,10,0.0,11.9,3,26,12:51 AM,04:12 PM,04:26 AM,08:53 PM,11,12,14,12,23,54,81,1.2,1010,18,10,285,14,Canada%2C%20Alberta
2020-07-16,20,13,0.0,12.8,4,19,01:13 AM,05:24 PM,04:27 AM,08:52 PM,13,15,16,15,18,56,83,11.3,1007,20,9,226,11,Canada%2C%20Alberta
2020-07-17,18,10,0.0,12.8,4,12,01:40 AM,06:34 PM,04:29 AM,08:51 PM,12,13,14,13,28,63,87,15.5,1006,18,8,300,18,Canada%2C%20Alberta
2020-07-18,19,9,0.0,11.0,3,5,02:16 AM,07:39 PM,04:30 AM,08:50 PM,12,12,14,12,24,60,82,2.2,1012,19,10,268,16,Canada%2C%20Alberta
2020-07-19,20,11,0.0,12.7,4,0,03:05 AM,08:34 PM,04:32 AM,08:48 PM,13,16,16,16,11,58,83,10.0,1014,20,9,257,7,Canada%2C%20Alberta
2020-07-20,21,10,0.0,12.7,4,0,04:07 AM,09:18 PM,04:33 AM,08:47 PM,13,15,16,15,17,46,82,2.8,1015,21,8,276,10,Canada%2C%20Alberta
2020-07-21,22,13,0.0,12.7,4,2,05:22 AM,09:52 PM,04:34 AM,08:45 PM,14,17,18,17,18,58,81,2.7,1007,22,10,194,11,Canada%2C%20Alberta
2020-07-22,20,10,0.0,12.7,4,10,06:44 AM,10:17 PM,04:36 AM,08:44 PM,15,16,16,16,15,53,86,3.2,1006,20,10,261,9,Canada%2C%20Alberta
2020-07-23,21,13,0.0,11.8,4,17,08:08 AM,10:39 PM,04:37 AM,08:43 PM,16,17,18,17,15,54,89,2.7,1003,21,10,107,10,Canada%2C%20Alberta
2020-07-24,16,12,0.0,11.8,3,24,09:34 AM,10:57 PM,04:39 AM,08:41 PM,12,13,14,13,23,74,89,4.7,1005,16,9,301,17,Canada%2C%20Alberta
2020-07-25,17,8,0.0,11.8,3,32,10:58 AM,11:14 PM,04:41 AM,08:39 PM,10,11,13,11,22,59,84,1.6,1012,17,10,277,14,Canada%2C%20Alberta
2020-07-26,22,11,0.0,14.5,5,39,12:22 PM,11:32 PM,04:42 AM,08:38 PM,12,15,17,15,21,28,74,0.2,1017,22,10,262,13,Canada%2C%20Alberta
2020-07-27,24,13,0.0,14.5,5,46,01:46 PM,11:52 PM,04:44 AM,08:36 PM,14,18,19,18,25,3,74,0.0,1013,24,10,172,15,Canada%2C%20Alberta
2020-07-28,27,14,0.0,14.5,6,53,03:10 PM,No moonset,04:45 AM,08:35 PM,16,21,22,21,22,2,75,0.0,1005,27,10,207,12,Canada%2C%20Alberta
2020-07-29,25,14,0.0,13.6,5,61,04:32 PM,12:15 AM,04:47 AM,08:33 PM,17,19,21,19,21,39,85,5.9,1012,25,10,243,13,Canada%2C%20Alberta
2020-07-30,24,16,0.0,14.5,6,68,05:49 PM,12:45 AM,04:49 AM,08:31 PM,17,20,21,20,14,15,83,0.0,1018,24,10,75,10,Canada%2C%20Alberta
2020-07-31,24,15,0.0,14.5,6,72,06:56 PM,01:25 AM,04:50 AM,08:29 PM,15,19,20,19,16,22,77,0.0,1021,24,10,115,11,Canada%2C%20Alberta
2020-08-01,25,15,0.0,14.5,6,82,07:50 PM,02:16 AM,04:52 AM,08:28 PM,15,20,21,20,34,9,75,0.0,1016,25,10,128,21,Canada%2C%20Alberta
2020-08-02,25,16,0.0,13.6,5,90,08:30 PM,03:19 AM,04:53 AM,08:26 PM,17,20,21,20,22,39,83,5.3,1012,25,9,141,14,Canada%2C%20Alberta
2020-08-03,21,16,0.0,12.6,4,97,09:01 PM,04:29 AM,04:55 AM,08:24 PM,17,19,19,19,23,45,88,10.6,1007,21,9,248,14,Canada%2C%20Alberta
2020-08-04,23,12,0.0,14.5,5,100,09:24 PM,05:43 AM,04:57 AM,08:22 PM,12,17,18,17,19,14,72,0.0,1013,23,10,247,11,Canada%2C%20Alberta
2020-08-05,26,14,0.0,14.5,6,88,09:42 PM,06:57 AM,04:59 AM,08:20 PM,16,18,20,18,20,5,76,0.0,1008,26,10,157,13,Canada%2C%20Alberta
2020-08-06,26,14,0.0,13.5,5,81,09:58 PM,08:09 AM,05:00 AM,08:18 PM,15,20,21,20,19,11,70,0.2,999,26,10,157,11,Canada%2C%20Alberta
2020-08-07,14,7,0.0,9.5,3,74,10:11 PM,09:19 AM,05:02 AM,08:16 PM,10,11,13,11,35,75,80,5.0,1001,14,9,304,21,Canada%2C%20Alberta
2020-08-08,14,5,0.0,10.5,3,67,10:25 PM,10:28 AM,05:04 AM,08:14 PM,7,10,11,10,22,61,70,8.1,1009,14,9,277,14,Canada%2C%20Alberta
2020-08-09,18,8,0.0,12.5,3,59,10:39 PM,11:37 AM,05:05 AM,08:13 PM,7,11,13,11,36,44,68,0.9,1013,18,10,290,22,Canada%2C%20Alberta
2020-08-10,20,12,0.0,14.5,5,52,10:55 PM,12:45 PM,05:07 AM,08:11 PM,9,15,16,15,23,30,62,0.0,1010,20,10,294,15,Canada%2C%20Alberta
2020-08-11,18,8,0.0,13.5,3,45,11:14 PM,01:56 PM,05:09 AM,08:08 PM,7,13,13,13,18,31,67,3.5,1008,18,10,196,12,Canada%2C%20Alberta
2020-08-12,15,10,0.0,10.4,3,38,11:38 PM,03:06 PM,05:11 AM,08:06 PM,9,11,12,11,20,77,80,10.5,1006,15,9,253,14,Canada%2C%20Alberta
2020-08-13,18,7,0.0,13.5,3,30,No moonrise,04:16 PM,05:12 AM,08:04 PM,7,12,13,12,18,43,70,1.1,1010,18,10,253,11,Canada%2C%20Alberta
2020-08-14,19,9,0.0,12.4,3,23,12:09 AM,05:24 PM,05:14 AM,08:02 PM,9,13,14,13,17,53,71,3.7,1013,19,10,259,10,Canada%2C%20Alberta
2020-08-15,19,11,0.0,12.4,4,16,12:52 AM,06:22 PM,05:16 AM,08:00 PM,12,13,15,13,16,73,83,12.3,1017,19,9,276,12,Canada%2C%20Alberta
2020-08-16,25,12,0.0,14.4,5,8,01:48 AM,07:11 PM,05:17 AM,07:58 PM,14,18,19,18,18,7,76,0.0,1016,25,10,178,12,Canada%2C%20Alberta
2020-08-17,28,16,0.0,14.4,6,1,02:58 AM,07:49 PM,05:19 AM,07:56 PM,15,22,22,21,14,20,69,0.2,1013,28,10,185,8,Canada%2C%20Alberta
2020-08-18,28,17,0.0,14.3,6,0,04:18 AM,08:18 PM,05:21 AM,07:54 PM,17,23,23,22,15,3,74,0.0,1012,28,10,188,9,Canada%2C%20Alberta
2020-08-19,23,13,0.0,14.3,5,0,05:44 AM,08:42 PM,05:23 AM,07:52 PM,12,17,18,17,21,20,70,1.5,1009,23,10,213,13,Canada%2C%20Alberta
2020-08-20,22,13,0.0,14.3,4,6,07:12 AM,09:02 PM,05:24 AM,07:50 PM,11,17,18,17,15,35,68,0.6,1008,22,10,57,10,Canada%2C%20Alberta
2020-08-21,17,13,0.0,11.1,3,13,08:39 AM,09:20 PM,05:26 AM,07:47 PM,12,14,15,14,14,63,84,6.9,1009,17,9,103,10,Canada%2C%20Alberta
2020-08-22,16,9,0.0,10.0,3,20,10:06 AM,09:38 PM,05:28 AM,07:45 PM,13,14,15,14,28,54,84,4.6,1005,16,10,226,18,Canada%2C%20Alberta
2020-08-23,20,10,0.0,14.1,5,28,11:33 AM,09:57 PM,05:30 AM,07:43 PM,9,14,15,14,13,23,67,0.0,1014,20,10,221,8,Canada%2C%20Alberta
2020-08-24,21,12,0.0,14.1,4,35,12:58 PM,10:19 PM,05:31 AM,07:41 PM,11,16,16,16,17,52,71,1.6,1010,21,10,142,11,Canada%2C%20Alberta
2020-08-25,21,8,0.0,14.1,5,42,02:22 PM,10:47 PM,05:33 AM,07:38 PM,9,13,14,13,15,23,75,4.7,1011,21,9,236,9,Canada%2C%20Alberta
2020-08-26,22,10,0.0,12.2,4,50,03:41 PM,11:23 PM,05:35 AM,07:36 PM,10,16,17,16,9,53,70,2.0,1010,22,10,253,5,Canada%2C%20Alberta
2020-08-27,17,11,0.0,8.7,3,57,04:50 PM,No moonset,05:37 AM,07:34 PM,10,13,14,13,23,82,77,6.4,1012,17,9,276,14,Canada%2C%20Alberta
2020-08-28,20,9,0.0,13.9,5,64,05:47 PM,12:10 AM,05:38 AM,07:31 PM,9,15,16,15,17,15,72,0.0,1013,20,10,176,11,Canada%2C%20Alberta
2020-08-29,14,10,0.0,12.2,3,71,06:31 PM,01:09 AM,05:40 AM,07:29 PM,6,10,13,10,33,38,66,0.0,1006,14,10,265,21,Canada%2C%20Alberta
2020-08-30,14,5,0.0,12.2,2,79,07:04 PM,02:16 AM,05:42 AM,07:27 PM,3,6,9,6,35,28,65,0.0,1011,14,10,298,24,Canada%2C%20Alberta
2020-08-31,16,5,0.0,13.3,3,82,07:28 PM,03:28 AM,05:43 AM,07:24 PM,5,8,10,8,20,43,67,0.2,1008,16,10,263,12,Canada%2C%20Alberta
2020-09-01,19,11,0.0,13.3,4,97,07:48 PM,04:42 AM,05:45 AM,07:22 PM,8,14,15,14,34,52,65,0.6,1002,19,9,291,22,Canada%2C%20Alberta
2020-09-02,14,10,0.0,9.8,3,100,08:04 PM,05:54 AM,05:47 AM,07:20 PM,9,10,12,10,38,71,80,24.3,1007,14,8,294,25,Canada%2C%20Alberta
2020-09-03,16,7,0.0,13.7,4,88,08:18 PM,07:05 AM,05:49 AM,07:17 PM,7,10,12,10,20,33,72,0.0,1015,16,10,259,12,Canada%2C%20Alberta
2020-09-04,21,10,0.0,13.7,5,81,08:31 PM,08:15 AM,05:50 AM,07:15 PM,10,14,15,14,15,35,71,0.0,1016,21,10,229,9,Canada%2C%20Alberta
2020-09-05,19,11,0.0,9.7,4,73,08:45 PM,09:24 AM,05:52 AM,07:12 PM,11,14,14,14,14,71,81,2.6,1015,19,8,183,9,Canada%2C%20Alberta
2020-09-06,14,7,0.0,13.3,3,66,09:00 PM,10:32 AM,05:54 AM,07:10 PM,7,9,10,9,19,51,79,0.5,1025,14,9,286,13,Canada%2C%20Alberta
2020-09-07,11,5,0.0,13.5,2,58,09:17 PM,11:42 AM,05:55 AM,07:08 PM,2,6,8,6,16,39,68,1.0,1034,11,9,280,12,Canada%2C%20Alberta
2020-09-08,19,4,0.0,13.3,3,50,09:38 PM,12:52 PM,05:57 AM,07:05 PM,4,8,10,8,27,34,65,0.0,1024,19,10,208,17,Canada%2C%20Alberta
2020-09-09,21,9,0.0,13.4,5,43,10:05 PM,02:02 PM,05:59 AM,07:03 PM,9,15,16,15,9,26,70,0.0,1020,21,10,210,5,Canada%2C%20Alberta
2020-09-10,23,11,0.0,13.0,5,35,10:42 PM,03:09 PM,06:00 AM,07:00 PM,12,15,17,15,21,12,77,0.0,1015,23,10,170,13,Canada%2C%20Alberta
2020-09-11,19,12,0.0,11.6,5,28,11:31 PM,04:10 PM,06:02 AM,06:58 PM,9,15,16,15,25,19,69,0.0,1012,19,10,295,15,Canada%2C%20Alberta
2020-09-12,10,6,0.0,6.3,2,20,No moonrise,05:03 PM,06:04 AM,06:55 PM,4,6,8,6,13,58,79,2.9,1019,10,9,154,9,Canada%2C%20Alberta
2020-09-13,15,6,0.0,7.6,3,13,12:33 AM,05:45 PM,06:05 AM,06:53 PM,7,8,10,8,22,73,83,2.2,1019,15,9,129,15,Canada%2C%20Alberta
2020-09-14,11,6,0.0,6.2,2,5,01:49 AM,06:17 PM,06:07 AM,06:50 PM,5,7,9,7,19,66,76,0.4,1017,11,10,46,14,Canada%2C%20Alberta
2020-09-15,11,5,0.0,7.5,2,0,03:12 AM,06:43 PM,06:09 AM,06:48 PM,4,6,7,6,17,64,79,0.1,1023,11,8,242,12,Canada%2C%20Alberta
2020-09-16,19,3,0.0,11.6,4,0,04:40 AM,07:04 PM,06:11 AM,06:45 PM,5,8,10,8,16,19,73,0.0,1022,19,10,191,11,Canada%2C%20Alberta
2020-09-17,19,10,0.0,11.6,4,0,06:09 AM,07:23 PM,06:12 AM,06:43 PM,8,14,14,14,17,33,70,0.0,1020,19,10,111,11,Canada%2C%20Alberta
2020-09-18,27,9,0.0,11.6,5,2,07:39 AM,07:41 PM,06:14 AM,06:41 PM,10,16,18,16,17,6,67,0.0,1011,27,10,165,9,Canada%2C%20Alberta
2020-09-19,21,12,0.0,11.6,5,10,09:09 AM,07:59 PM,06:16 AM,06:38 PM,9,16,16,16,16,36,66,0.0,1004,21,10,178,9,Canada%2C%20Alberta
2020-09-20,19,12,0.0,11.6,4,17,10:38 AM,08:20 PM,06:17 AM,06:36 PM,9,14,15,14,36,40,69,2.6,1004,19,10,302,24,Canada%2C%20Alberta
2020-09-21,17,9,0.0,11.6,4,25,12:06 PM,08:47 PM,06:19 AM,06:33 PM,5,12,13,12,15,25,62,0.0,1009,17,10,269,10,Canada%2C%20Alberta
2020-09-22,15,9,0.0,11.6,3,32,01:30 PM,09:21 PM,06:21 AM,06:31 PM,4,11,11,11,14,43,62,0.2,1014,15,10,131,9,Canada%2C%20Alberta
2020-09-23,19,8,0.0,11.6,4,40,02:45 PM,10:05 PM,06:23 AM,06:28 PM,7,11,13,11,32,10,66,0.0,1006,19,10,149,19,Canada%2C%20Alberta
2020-09-24,16,12,0.0,7.4,3,47,03:46 PM,11:01 PM,06:24 AM,06:26 PM,6,12,14,12,32,58,60,1.4,992,16,9,257,20,Canada%2C%20Alberta
2020-09-25,18,6,0.0,10.2,3,55,04:33 PM,No moonset,06:26 AM,06:23 PM,2,10,12,10,21,22,54,0.0,996,18,10,210,12,Canada%2C%20Alberta
2020-09-26,11,7,0.0,10.2,2,62,05:09 PM,12:06 AM,06:28 AM,06:21 PM,4,6,9,6,44,72,71,3.6,1001,11,10,307,32,Canada%2C%20Alberta
2020-09-27,13,6,0.0,8.8,2,70,05:35 PM,01:17 AM,06:30 AM,06:19 PM,3,6,9,6,30,40,64,0.0,1019,13,10,287,20,Canada%2C%20Alberta
2020-09-28,16,8,0.0,11.6,4,78,05:55 PM,02:30 AM,06:31 AM,06:16 PM,4,10,12,10,26,36,58,0.0,1017,16,10,246,15,Canada%2C%20Alberta
2020-09-29,11,7,0.0,5.9,2,85,06:11 PM,03:43 AM,06:33 AM,06:14 PM,3,8,10,8,23,68,62,0.2,1019,11,10,291,15,Canada%2C%20Alberta
2020-09-30,13,3,0.0,11.6,3,93,06:25 PM,04:54 AM,06:35 AM,06:11 PM,-1,5,7,5,18,5,56,0.0,1029,13,10,250,11,Canada%2C%20Alberta
2020-10-01,17,3,0.0,10.2,3,97,06:38 PM,06:04 AM,06:37 AM,06:09 PM,2,7,9,7,23,23,63,0.0,1022,17,10,193,14,Canada%2C%20Alberta
2020-10-02,18,8,0.0,11.6,4,100,06:52 PM,07:13 AM,06:38 AM,06:07 PM,7,12,12,12,15,7,71,0.0,1019,18,10,274,9,Canada%2C%20Alberta
2020-10-03,19,7,0.0,11.6,4,89,07:06 PM,08:22 AM,06:40 AM,06:04 PM,6,11,12,11,20,10,66,0.0,1016,19,10,172,12,Canada%2C%20Alberta
2020-10-04,16,11,0.0,8.7,3,82,07:22 PM,09:31 AM,06:42 AM,06:02 PM,9,12,13,12,20,37,78,1.4,1007,16,9,271,12,Canada%2C%20Alberta
2020-10-05,14,6,0.0,10.1,3,74,07:41 PM,10:41 AM,06:44 AM,06:00 PM,6,8,10,8,27,38,73,1.6,1011,14,10,262,15,Canada%2C%20Alberta
2020-10-06,14,7,0.0,8.7,4,67,08:05 PM,11:51 AM,06:46 AM,05:57 PM,2,8,11,8,30,15,57,0.0,1012,14,10,293,19,Canada%2C%20Alberta
2020-10-07,13,4,0.0,5.7,2,60,08:37 PM,12:59 PM,06:47 AM,05:55 PM,-1,6,8,6,19,45,52,0.0,1017,13,10,188,12,Canada%2C%20Alberta
2020-10-08,11,4,0.0,7.2,2,53,09:20 PM,02:02 PM,06:49 AM,05:53 PM,0,4,8,4,34,43,59,0.0,1004,11,10,236,24,Canada%2C%20Alberta
2020-10-09,9,3,0.0,7.2,2,45,10:15 PM,02:57 PM,06:51 AM,05:50 PM,1,3,6,3,19,50,72,0.0,1008,9,10,209,13,Canada%2C%20Alberta
2020-10-10,12,5,0.0,7.2,2,38,11:24 PM,03:42 PM,06:53 AM,05:48 PM,4,5,8,5,23,41,75,0.0,990,12,9,241,15,Canada%2C%20Alberta
2020-10-11,8,4,0.0,7.2,2,31,No moonrise,04:17 PM,06:55 AM,05:46 PM,1,1,6,1,45,68,75,18.2,997,8,9,317,33,Canada%2C%20Alberta
2020-10-12,9,1,0.0,8.7,2,23,12:42 AM,04:44 PM,06:57 AM,05:44 PM,-1,-0,4,-0,31,21,71,0.0,1008,9,10,297,20,Canada%2C%20Alberta
2020-10-13,8,-1,0.0,8.7,2,16,02:06 AM,05:06 PM,06:58 AM,05:41 PM,-2,-0,2,-0,17,38,74,0.0,1012,8,10,202,10,Canada%2C%20Alberta
2020-10-14,5,-2,0.0,5.5,1,9,03:34 AM,05:25 PM,07:00 AM,05:39 PM,-4,-2,1,-2,17,56,69,0.0,1018,5,10,232,12,Canada%2C%20Alberta
2020-10-15,5,-1,0.0,7.1,1,2,05:03 AM,05:43 PM,07:02 AM,05:37 PM,-4,-3,1,-3,23,59,71,0.0,1026,5,10,306,17,Canada%2C%20Alberta
2020-10-16,-0,-4,0.7,3.9,1,0,06:33 AM,06:01 PM,07:04 AM,05:35 PM,-6,-4,-1,-4,15,81,68,0.8,1019,-0,9,142,10,Canada%2C%20Alberta
2020-10-17,-3,-8,0.0,5.5,1,0,08:05 AM,06:20 PM,07:06 AM,05:32 PM,-13,-13,-6,-13,30,63,57,0.0,1029,-3,10,309,21,Canada%2C%20Alberta
2020-10-18,-1,-9,0.0,8.7,2,5,09:38 AM,06:44 PM,07:08 AM,05:30 PM,-12,-9,-6,-9,10,7,62,0.0,1027,-1,10,251,6,Canada%2C%20Alberta
2020-10-19,1,-7,0.6,3.8,1,13,11:07 AM,07:16 PM,07:10 AM,05:28 PM,-8,-9,-4,-9,22,63,71,0.7,1015,1,8,196,14,Canada%2C%20Alberta
2020-10-20,1,-8,0.0,8.7,1,20,12:30 PM,07:57 PM,07:11 AM,05:26 PM,-8,-8,-4,-8,18,43,76,0.0,1018,1,10,225,10,Canada%2C%20Alberta
2020-10-21,-3,-7,0.0,7.1,1,27,01:40 PM,08:50 PM,07:13 AM,05:23 PM,-11,-10,-5,-10,18,69,66,0.0,1027,-3,10,264,12,Canada%2C%20Alberta
2020-10-22,-6,-12,0.0,3.8,1,35,02:33 PM,09:54 PM,07:15 AM,05:21 PM,-13,-15,-10,-15,17,86,79,0.0,1038,-6,10,290,11,Canada%2C%20Alberta
2020-10-23,-7,-13,0.0,5.4,1,42,03:13 PM,11:05 PM,07:17 AM,05:19 PM,-13,-14,-11,-14,10,69,81,0.0,1037,-7,10,268,6,Canada%2C%20Alberta
2020-10-24,-6,-13,0.0,7.0,1,49,03:42 PM,No moonset,07:19 AM,05:17 PM,-12,-16,-10,-16,18,54,84,0.0,1039,-6,8,280,11,Canada%2C%20Alberta
2020-10-25,-4,-13,0.0,7.0,1,56,04:03 PM,12:19 AM,07:21 AM,05:15 PM,-13,-15,-9,-15,22,20,76,0.0,1033,-4,10,214,12,Canada%2C%20Alberta
2020-10-26,1,-6,1.2,5.4,1,64,04:20 PM,01:32 AM,07:23 AM,05:13 PM,-5,-7,-3,-7,24,67,85,1.4,1019,1,8,261,14,Canada%2C%20Alberta
2020-10-27,9,3,0.0,7.0,2,71,04:34 PM,02:43 AM,07:25 AM,05:11 PM,3,2,6,2,41,71,82,1.7,1006,9,10,269,22,Canada%2C%20Alberta
2020-10-28,7,-1,0.0,8.7,2,78,04:47 PM,03:54 AM,07:27 AM,05:09 PM,-0,-0,2,-0,18,22,83,0.0,1017,7,10,249,10,Canada%2C%20Alberta
2020-10-29,4,1,0.7,3.7,1,85,05:00 PM,05:03 AM,07:29 AM,05:07 PM,-1,-1,2,-1,19,78,82,1.6,1015,4,9,212,12,Canada%2C%20Alberta
2020-10-30,6,-0,0.0,5.3,1,93,05:14 PM,06:11 AM,07:30 AM,05:05 PM,-0,-3,2,-3,31,84,85,0.1,1002,6,9,203,21,Canada%2C%20Alberta
2020-10-31,5,-3,0.0,7.0,1,97,05:28 PM,07:21 AM,07:32 AM,05:03 PM,-5,-5,0,-5,31,34,70,0.0,1020,5,10,255,19,Canada%2C%20Alberta
2020-11-01,12,0,0.0,8.7,3,89,05:46 PM,08:31 AM,07:34 AM,05:01 PM,-2,2,5,2,26,22,61,0.0,1017,12,10,232,13,Canada%2C%20Alberta
2020-11-02,15,3,0.0,8.7,3,81,06:08 PM,09:42 AM,07:36 AM,04:59 PM,0,5,7,5,20,9,63,0.0,1008,15,10,221,10,Canada%2C%20Alberta
2020-11-03,10,5,0.0,8.7,3,74,06:37 PM,10:51 AM,07:38 AM,04:57 PM,-0,5,7,5,13,14,62,0.0,1002,10,10,248,7,Canada%2C%20Alberta
2020-11-04,11,3,0.0,8.7,3,66,07:16 PM,11:57 AM,07:40 AM,04:55 PM,-0,4,7,4,28,19,63,0.0,1002,11,10,201,16,Canada%2C%20Alberta
2020-11-05,9,3,0.0,6.9,2,58,08:06 PM,12:54 PM,07:42 AM,04:53 PM,0,2,6,2,34,38,68,0.0,1003,9,10,229,20,Canada%2C%20Alberta
2020-11-06,-1,-4,0.0,5.2,1,51,09:09 PM,01:42 PM,07:44 AM,04:51 PM,-8,-5,-2,-5,16,34,65,0.0,1016,-1,10,291,11,Canada%2C%20Alberta
2020-11-07,-4,-6,12.9,3.4,1,43,10:21 PM,02:18 PM,07:46 AM,04:50 PM,-7,-10,-5,-10,20,92,88,15.2,1017,-4,4,54,14,Canada%2C%20Alberta
2020-11-08,-9,-13,4.7,8.7,1,36,11:41 PM,02:47 PM,07:47 AM,04:48 PM,-11,-17,-10,-17,24,54,92,5.5,1029,-9,7,318,16,Canada%2C%20Alberta
2020-11-09,-5,-13,0.0,8.7,1,28,No moonrise,03:10 PM,07:49 AM,04:46 PM,-11,-15,-9,-15,22,39,83,0.0,1014,-5,10,197,12,Canada%2C%20Alberta
2020-11-10,-1,-9,2.3,3.4,1,21,01:05 AM,03:29 PM,07:51 AM,04:45 PM,-5,-10,-4,-10,34,100,89,5.3,1008,-1,6,294,23,Canada%2C%20Alberta
2020-11-11,-11,-15,1.7,3.3,1,13,02:30 AM,03:46 PM,07:53 AM,04:43 PM,-13,-18,-12,-18,21,78,91,2.0,1022,-11,6,287,14,Canada%2C%20Alberta
2020-11-12,-3,-14,0.0,8.7,1,6,03:58 AM,04:03 PM,07:55 AM,04:41 PM,-11,-14,-9,-14,25,42,84,0.0,1009,-3,10,177,12,Canada%2C%20Alberta
2020-11-13,-1,-7,0.0,6.9,1,0,05:28 AM,04:21 PM,07:57 AM,04:40 PM,-8,-9,-5,-9,19,35,78,0.0,995,-1,10,258,9,Canada%2C%20Alberta
2020-11-14,-4,-10,0.0,5.1,1,0,06:59 AM,04:42 PM,07:58 AM,04:38 PM,-8,-11,-7,-11,18,50,92,0.0,1003,-4,9,278,9,Canada%2C%20Alberta
2020-11-15,-5,-9,0.2,5.0,1,0,08:32 AM,05:09 PM,08:00 AM,04:37 PM,-10,-11,-7,-11,14,54,84,0.2,1008,-5,9,217,7,Canada%2C%20Alberta
2020-11-16,-6,-11,0.0,8.3,2,2,10:01 AM,05:46 PM,08:02 AM,04:35 PM,-11,-12,-9,-12,9,42,90,0.0,1022,-6,10,157,4,Canada%2C%20Alberta
2020-11-17,-4,-12,0.5,3.1,1,9,11:21 AM,06:34 PM,08:04 AM,04:34 PM,-7,-13,-7,-13,28,100,93,0.6,1011,-4,7,117,18,Canada%2C%20Alberta
2020-11-18,-4,-13,0.0,3.1,1,17,12:24 PM,07:36 PM,08:06 AM,04:33 PM,-8,-13,-7,-13,20,70,93,0.0,1005,-4,9,310,13,Canada%2C%20Alberta
2020-11-19,-14,-18,0.1,6.8,1,24,01:12 PM,08:47 PM,08:07 AM,04:31 PM,-17,-21,-16,-21,13,66,93,0.1,1024,-14,6,299,8,Canada%2C%20Alberta
2020-11-20,-4,-16,0.0,8.2,2,32,01:45 PM,10:02 PM,08:09 AM,04:30 PM,-12,-15,-10,-15,22,39,84,0.0,1025,-4,10,200,10,Canada%2C%20Alberta
2020-11-21,-3,-7,0.0,6.8,1,39,02:09 PM,11:18 PM,08:11 AM,04:29 PM,-7,-10,-5,-10,22,40,85,0.0,1024,-3,10,262,11,Canada%2C%20Alberta
2020-11-22,-5,-8,0.0,6.8,1,47,02:28 PM,No moonset,08:12 AM,04:28 PM,-8,-12,-7,-12,27,52,87,0.0,1019,-5,10,155,14,Canada%2C%20Alberta
2020-11-23,-7,-10,0.0,6.8,1,54,02:43 PM,12:31 AM,08:14 AM,04:26 PM,-10,-13,-9,-13,14,68,94,0.0,1013,-7,5,267,7,Canada%2C%20Alberta
2020-11-24,-2,-9,0.0,8.1,1,62,02:56 PM,01:42 AM,08:16 AM,04:25 PM,-8,-10,-5,-10,26,40,83,0.0,1007,-2,10,176,12,Canada%2C%20Alberta
2020-11-25,-2,-8,1.5,3.0,1,70,03:09 PM,02:51 AM,08:17 AM,04:24 PM,-4,-7,-3,-7,19,78,93,1.8,1006,-2,6,312,11,Canada%2C%20Alberta
2020-11-26,-2,-7,3.1,8.0,1,77,03:22 PM,04:00 AM,08:19 AM,04:23 PM,-5,-8,-3,-8,25,65,88,3.7,1011,-2,7,248,13,Canada%2C%20Alberta
2020-11-27,-1,-9,0.0,8.0,2,85,03:36 PM,05:10 AM,08:21 AM,04:22 PM,-4,-7,-2,-7,27,43,84,0.0,1010,-1,10,252,14,Canada%2C%20Alberta
2020-11-28,-3,-6,0.0,6.8,1,92,03:52 PM,06:19 AM,08:22 AM,04:22 PM,-7,-9,-5,-9,21,40,86,0.0,1016,-3,10,254,11,Canada%2C%20Alberta
2020-11-29,-1,-8,0.0,8.0,2,100,04:12 PM,07:31 AM,08:24 AM,04:21 PM,-9,-10,-5,-10,24,11,74,0.0,1020,-1,10,197,11,Canada%2C%20Alberta
2020-11-30,2,-8,0.0,8.0,1,100,04:39 PM,08:41 AM,08:25 AM,04:20 PM,-4,-5,-1,-5,34,33,74,0.0,1001,2,10,235,18,Canada%2C%20Alberta
2020-12-01,-3,-10,0.0,7.9,2,89,05:15 PM,09:50 AM,08:27 AM,04:19 PM,-7,-10,-4,-10,41,3,74,0.0,1025,-3,10,281,22,Canada%2C%20Alberta
2020-12-02,4,-2,0.0,7.9,2,82,06:01 PM,10:50 AM,08:28 AM,04:19 PM,-4,-2,1,-2,25,1,70,0.0,1025,4,10,200,12,Canada%2C%20Alberta
2020-12-03,3,1,0.0,7.9,2,75,07:00 PM,11:42 AM,08:30 AM,04:18 PM,-3,-1,2,-1,28,1,71,0.0,1015,3,10,240,13,Canada%2C%20Alberta
2020-12-04,4,-5,0.0,7.9,2,67,08:10 PM,12:21 PM,08:31 AM,04:18 PM,-3,-2,1,-2,21,14,74,0.0,1022,4,10,240,10,Canada%2C%20Alberta
2020-12-05,2,-6,0.0,6.8,1,60,09:27 PM,12:52 PM,08:32 AM,04:17 PM,-4,-2,0,-2,17,19,70,0.0,1018,2,10,188,8,Canada%2C%20Alberta
2020-12-06,2,-3,0.0,7.8,2,53,10:47 PM,01:16 PM,08:34 AM,04:17 PM,-5,-4,-0,-4,25,5,67,0.0,1015,2,10,236,12,Canada%2C%20Alberta
2020-12-07,3,-4,0.0,7.8,2,46,No moonrise,01:36 PM,08:35 AM,04:16 PM,-3,-2,1,-2,22,16,73,0.0,1013,3,10,227,11,Canada%2C%20Alberta
2020-12-08,2,-8,0.0,7.8,2,38,12:09 AM,01:52 PM,08:36 AM,04:16 PM,-2,-2,1,-2,30,41,77,0.0,1009,2,10,222,14,Canada%2C%20Alberta
2020-12-09,-0,-3,0.0,7.8,2,31,01:33 AM,02:08 PM,08:37 AM,04:16 PM,-5,-5,-2,-5,23,18,79,0.0,1018,-0,10,260,11,Canada%2C%20Alberta
2020-12-10,-3,-6,0.0,7.8,2,24,02:58 AM,02:24 PM,08:38 AM,04:16 PM,-7,-7,-4,-7,16,41,82,0.0,1023,-3,10,277,8,Canada%2C%20Alberta
2020-12-11,-8,-10,0.0,4.8,1,17,04:25 AM,02:43 PM,08:39 AM,04:16 PM,-10,-14,-9,-14,20,60,92,0.0,1023,-8,10,132,11,Canada%2C%20Alberta
2020-12-12,-9,-17,0.0,6.8,1,9,05:56 AM,03:06 PM,08:40 AM,04:15 PM,-13,-18,-11,-18,27,44,88,0.0,1026,-9,10,278,15,Canada%2C%20Alberta
2020-12-13,-21,-28,0.0,7.7,1,2,07:26 AM,03:37 PM,08:41 AM,04:15 PM,-23,-29,-22,-29,19,45,91,0.0,1032,-21,10,146,11,Canada%2C%20Alberta
2020-12-14,-16,-24,0.1,2.9,1,0,08:52 AM,04:18 PM,08:42 AM,04:16 PM,-20,-25,-20,-25,14,67,93,0.1,1026,-16,8,211,8,Canada%2C%20Alberta
2020-12-15,-9,-16,1.0,4.8,1,0,10:05 AM,05:13 PM,08:43 AM,04:16 PM,-13,-18,-12,-18,17,76,88,1.2,1013,-9,8,168,9,Canada%2C%20Alberta
2020-12-16,-2,-7,0.0,4.8,1,5,11:02 AM,06:22 PM,08:44 AM,04:16 PM,-8,-8,-4,-8,21,52,77,0.0,1007,-2,10,236,10,Canada%2C%20Alberta
2020-12-17,-7,-20,0.1,2.9,1,12,11:43 AM,07:39 PM,08:45 AM,04:16 PM,-13,-18,-11,-18,28,58,84,1.5,1005,-7,8,226,18,Canada%2C%20Alberta
2020-12-18,-11,-21,0.0,6.8,1,20,12:12 PM,08:57 PM,08:45 AM,04:16 PM,-17,-23,-17,-23,23,39,91,0.0,1016,-11,10,168,12,Canada%2C%20Alberta
2020-12-19,0,-4,0.0,7.7,2,27,12:33 PM,10:13 PM,08:46 AM,04:17 PM,-6,-7,-1,-7,38,29,73,0.0,1001,0,10,268,18,Canada%2C%20Alberta
2020-12-20,0,-4,0.3,6.8,1,34,12:50 PM,11:27 PM,08:47 AM,04:17 PM,-6,-7,-2,-7,37,51,75,0.3,999,0,9,245,18,Canada%2C%20Alberta
2020-12-21,-3,-6,0.0,7.7,1,41,01:04 PM,No moonset,08:47 AM,04:18 PM,-7,-8,-5,-8,20,42,80,0.0,1012,-3,10,252,9,Canada%2C%20Alberta
2020-12-22,-7,-17,0.0,7.7,1,49,01:17 PM,12:37 AM,08:48 AM,04:18 PM,-11,-14,-10,-14,21,59,87,0.0,1019,-7,10,316,12,Canada%2C%20Alberta
2020-12-23,-4,-12,0.0,6.8,1,56,01:29 PM,01:47 AM,08:48 AM,04:19 PM,-11,-14,-8,-14,23,42,78,0.0,1022,-4,10,250,11,Canada%2C%20Alberta
2020-12-24,0,-3,0.0,7.7,2,63,01:43 PM,02:56 AM,08:48 AM,04:20 PM,-6,-6,-1,-6,31,13,72,0.0,1012,0,10,263,15,Canada%2C%20Alberta
2020-12-25,-5,-7,0.0,6.8,1,70,01:58 PM,04:05 AM,08:49 AM,04:20 PM,-8,-9,-6,-9,16,66,85,0.0,1017,-5,10,214,8,Canada%2C%20Alberta
2020-12-26,-8,-12,0.2,2.9,1,78,02:16 PM,05:16 AM,08:49 AM,04:21 PM,-10,-12,-9,-12,9,85,95,0.2,1019,-8,4,78,5,Canada%2C%20Alberta
2020-12-27,-11,-15,0.0,7.7,1,85,02:40 PM,06:27 AM,08:49 AM,04:22 PM,-14,-17,-13,-17,16,51,94,0.0,1023,-11,5,164,8,Canada%2C%20Alberta
2020-12-28,-5,-10,0.0,7.7,2,92,03:13 PM,07:37 AM,08:49 AM,04:23 PM,-10,-12,-7,-12,22,45,84,0.0,1018,-5,10,253,11,Canada%2C%20Alberta
2020-12-29,-7,-14,0.0,7.8,2,100,03:56 PM,08:42 AM,08:49 AM,04:24 PM,-11,-14,-9,-14,22,15,84,0.0,1020,-7,10,255,11,Canada%2C%20Alberta
2020-12-30,-5,-9,0.0,6.8,1,100,04:51 PM,09:38 AM,08:49 AM,04:25 PM,-10,-9,-7,-9,12,55,78,0.0,1009,-5,10,255,6,Canada%2C%20Alberta
2020-12-31,-6,-12,0.0,6.8,1,89,05:59 PM,10:22 AM,08:49 AM,04:26 PM,-9,-10,-7,-10,11,60,84,0.0,1013,-6,10,254,6,Canada%2C%20Alberta
2021-01-01,-5,-7,0.0,7.8,2,79,07:16 PM,10:56 AM,08:49 AM,04:27 PM,-8,-10,-6,-10,21,21,84,0.0,1010,-5,10,200,10,Canada%2C%20Alberta
2021-01-02,3,-5,0.0,7.8,2,71,08:36 PM,11:22 AM,08:49 AM,04:28 PM,-4,-4,0,-4,37,41,73,0.0,994,3,10,215,17,Canada%2C%20Alberta
2021-01-03,1,-2,0.1,6.8,1,64,09:58 PM,11:43 AM,08:48 AM,04:29 PM,-4,-6,-0,-6,38,36,75,0.1,995,1,9,263,18,Canada%2C%20Alberta
2021-01-04,-5,-7,0.0,6.8,1,57,11:20 PM,12:00 PM,08:48 AM,04:31 PM,-9,-11,-5,-11,27,35,76,0.0,1004,-5,10,193,13,Canada%2C%20Alberta
2021-01-05,-3,-7,0.3,7.8,1,50,No moonrise,12:15 PM,08:48 AM,04:32 PM,-7,-10,-5,-10,23,40,85,0.3,1009,-3,9,268,12,Canada%2C%20Alberta
2021-01-06,1,-5,0.0,4.9,1,42,12:42 AM,12:31 PM,08:47 AM,04:33 PM,-5,-6,-2,-6,30,40,77,0.0,1008,1,10,220,15,Canada%2C%20Alberta
2021-01-07,0,-6,0.0,7.9,2,35,02:06 AM,12:48 PM,08:47 AM,04:35 PM,-8,-8,-4,-8,19,5,73,0.0,1025,0,10,220,9,Canada%2C%20Alberta
2021-01-08,-6,-11,0.0,7.9,1,28,03:32 AM,01:08 PM,08:46 AM,04:36 PM,-9,-12,-8,-12,20,26,89,0.0,1023,-6,9,202,10,Canada%2C%20Alberta
2021-01-09,-3,-10,0.0,7.9,2,20,04:59 AM,01:34 PM,08:45 AM,04:38 PM,-10,-11,-7,-11,23,19,78,0.0,1026,-3,10,254,11,Canada%2C%20Alberta
2021-01-10,-2,-10,0.0,7.9,2,13,06:25 AM,02:08 PM,08:45 AM,04:39 PM,-8,-10,-6,-10,23,20,79,0.0,1015,-2,10,220,11,Canada%2C%20Alberta
2021-01-11,2,-5,0.0,8.0,2,6,07:43 AM,02:56 PM,08:44 AM,04:41 PM,-5,-5,-2,-5,22,24,77,0.0,1011,2,10,232,10,Canada%2C%20Alberta
2021-01-12,-1,-9,0.0,4.9,1,0,08:47 AM,03:58 PM,08:43 AM,04:42 PM,-6,-7,-3,-7,27,45,76,0.0,1003,-1,10,198,13,Canada%2C%20Alberta
2021-01-13,-1,-4,0.0,4.9,1,0,09:36 AM,05:12 PM,08:42 AM,04:44 PM,-5,-7,-2,-7,40,43,77,1.3,1000,-1,8,261,23,Canada%2C%20Alberta
2021-01-14,-3,-7,0.0,8.1,2,1,10:10 AM,06:30 PM,08:41 AM,04:46 PM,-9,-11,-4,-11,42,6,71,0.0,1025,-3,10,286,22,Canada%2C%20Alberta
2021-01-15,-1,-7,0.0,6.8,1,8,10:35 AM,07:50 PM,08:40 AM,04:47 PM,-8,-9,-4,-9,38,42,74,0.0,1021,-1,10,220,19,Canada%2C%20Alberta
2021-01-16,-1,-4,0.0,8.1,2,16,10:54 AM,09:06 PM,08:39 AM,04:49 PM,-6,-7,-2,-7,38,18,73,0.0,1020,-1,10,266,18,Canada%2C%20Alberta
2021-01-17,1,-5,0.3,6.8,1,23,11:09 AM,10:19 PM,08:38 AM,04:51 PM,-4,-6,-2,-6,27,65,83,0.3,1013,1,10,261,15,Canada%2C%20Alberta
2021-01-18,1,-3,1.1,8.2,1,30,11:23 AM,11:31 PM,08:37 AM,04:52 PM,-4,-7,-1,-7,37,40,81,1.3,1023,1,8,295,20,Canada%2C%20Alberta
2021-01-19,0,-8,0.0,8.2,1,38,11:36 AM,No moonset,08:36 AM,04:54 PM,-7,-8,-4,-8,31,54,74,0.1,1014,0,10,240,15,Canada%2C%20Alberta
2021-01-20,-2,-4,0.0,8.2,2,45,11:49 AM,12:40 AM,08:35 AM,04:56 PM,-7,-9,-3,-9,47,37,73,0.0,1008,-2,9,294,25,Canada%2C%20Alberta
2021-01-21,-7,-11,0.0,6.8,1,52,12:03 PM,01:50 AM,08:34 AM,04:58 PM,-10,-13,-9,-13,18,68,90,0.0,1024,-7,10,298,9,Canada%2C%20Alberta
2021-01-22,-6,-12,1.9,3.3,1,59,12:20 PM,03:00 AM,08:32 AM,05:00 PM,-11,-14,-10,-14,17,92,92,2.2,1022,-6,6,248,10,Canada%2C%20Alberta
2021-01-23,-18,-21,1.6,3.3,1,67,12:41 PM,04:11 AM,08:31 AM,05:02 PM,-18,-24,-17,-24,15,97,95,1.9,1024,-18,5,127,10,Canada%2C%20Alberta
2021-01-24,-17,-20,1.1,3.3,1,74,01:10 PM,05:21 AM,08:30 AM,05:03 PM,-19,-27,-18,-27,21,100,95,1.3,1019,-17,7,129,15,Canada%2C%20Alberta
2021-01-25,-21,-24,0.0,3.3,1,81,01:48 PM,06:28 AM,08:28 AM,05:05 PM,-24,-32,-23,-32,20,100,96,0.0,1028,-21,8,120,13,Canada%2C%20Alberta
2021-01-26,-19,-22,1.8,3.3,1,88,02:38 PM,07:28 AM,08:27 AM,05:07 PM,-21,-30,-21,-30,19,100,96,2.1,1024,-19,5,128,14,Canada%2C%20Alberta
2021-01-27,-18,-23,0.4,3.3,1,96,03:43 PM,08:17 AM,08:25 AM,05:09 PM,-21,-26,-21,-26,11,100,96,0.5,1025,-18,8,123,6,Canada%2C%20Alberta
2021-01-28,-18,-23,0.9,3.3,1,100,04:58 PM,08:55 AM,08:24 AM,05:11 PM,-21,-26,-21,-26,11,90,95,1.0,1025,-18,4,216,6,Canada%2C%20Alberta
2021-01-29,-15,-22,0.0,8.7,2,90,06:19 PM,09:25 AM,08:22 AM,05:13 PM,-21,-26,-20,-26,19,20,91,0.0,1017,-15,10,155,9,Canada%2C%20Alberta
2021-01-30,-11,-17,0.0,8.7,2,82,07:43 PM,09:48 AM,08:21 AM,05:15 PM,-16,-21,-14,-21,22,10,89,0.0,1017,-11,10,152,11,Canada%2C%20Alberta
2021-01-31,-8,-13,0.0,6.9,1,79,09:07 PM,10:06 AM,08:19 AM,05:17 PM,-13,-15,-11,-15,14,36,84,0.0,1020,-8,10,151,7,Canada%2C%20Alberta
2021-02-01,-10,-14,0.0,5.2,1,63,10:30 PM,10:22 AM,08:17 AM,05:19 PM,-12,-15,-12,-15,13,64,94,0.0,1017,-10,6,205,7,Canada%2C%20Alberta
2021-02-02,-13,-20,3.7,3.4,1,55,11:55 PM,10:38 AM,08:16 AM,05:21 PM,-15,-22,-15,-22,18,98,96,4.4,1019,-13,3,216,12,Canada%2C%20Alberta
2021-02-03,-20,-24,0.1,3.4,1,48,No moonrise,10:54 AM,08:14 AM,05:23 PM,-22,-29,-22,-29,17,92,96,0.1,1027,-20,5,305,11,Canada%2C%20Alberta
2021-02-04,-7,-19,0.7,3.4,1,40,01:20 AM,11:13 AM,08:12 AM,05:25 PM,-15,-15,-12,-15,15,84,91,0.8,1019,-7,8,147,9,Canada%2C%20Alberta
2021-02-05,-21,-24,0.8,3.4,1,33,02:45 AM,11:36 AM,08:10 AM,05:27 PM,-23,-28,-23,-28,10,100,97,0.9,1031,-21,2,98,7,Canada%2C%20Alberta
2021-02-06,-24,-29,0.2,3.5,1,25,04:09 AM,12:06 PM,08:09 AM,05:29 PM,-27,-33,-26,-33,10,98,95,0.2,1036,-24,5,116,7,Canada%2C%20Alberta
2021-02-07,-27,-35,0.0,3.5,1,18,05:29 AM,12:47 PM,08:07 AM,05:31 PM,-32,-37,-32,-37,9,81,96,0.0,1038,-27,3,307,5,Canada%2C%20Alberta
