date_time,Haiti_maxtempC,Haiti_mintempC,Haiti_totalSnow_cm,Haiti_sunHour,Haiti_uvIndex,Haiti_moon_illumination,Haiti_moonrise,Haiti_moonset,Haiti_sunrise,Haiti_sunset,Haiti_DewPointC,Haiti_FeelsLikeC,Haiti_HeatIndexC,Haiti_WindChillC,Haiti_WindGustKmph,Haiti_cloudcover,Haiti_humidity,Haiti_precipMM,Haiti_pressure,Haiti_tempC,Haiti_visibility,Haiti_winddirDegree,Haiti_windspeedKmph,Haiti_location
2020-01-01,30,17,0.0,7.2,6,37,11:03 AM,11:06 PM,06:21 AM,05:24 PM,19,26,26,24,6,54,80,4.9,1014,30,10,172,4,Haiti
2020-01-02,29,16,0.0,8.7,6,44,11:37 AM,11:53 PM,06:22 AM,05:25 PM,19,27,27,24,7,36,81,0.7,1016,29,10,176,4,Haiti
2020-01-03,30,17,0.0,7.2,6,51,12:11 PM,No moonset,06:22 AM,05:25 PM,18,27,27,24,8,23,77,0.2,1018,30,10,109,5,Haiti
2020-01-04,29,19,0.0,8.7,7,59,12:46 PM,12:41 AM,06:22 AM,05:26 PM,18,26,26,25,7,4,72,0.0,1018,29,10,161,5,Haiti
2020-01-05,30,16,0.0,8.7,7,66,01:24 PM,01:30 AM,06:23 AM,05:27 PM,18,26,26,24,5,4,77,0.0,1017,30,10,171,4,Haiti
2020-01-06,29,16,0.0,8.7,7,73,02:04 PM,02:21 AM,06:23 AM,05:27 PM,16,25,25,23,8,15,71,0.1,1016,29,10,118,5,Haiti
2020-01-07,28,17,0.0,8.7,7,80,02:48 PM,03:15 AM,06:23 AM,05:28 PM,16,25,25,24,6,12,71,0.0,1016,28,10,169,4,Haiti
2020-01-08,29,16,0.0,8.7,7,88,03:38 PM,04:12 AM,06:23 AM,05:29 PM,17,25,25,23,8,12,73,0.0,1018,29,10,110,5,Haiti
2020-01-09,30,16,0.0,8.7,7,95,04:33 PM,05:11 AM,06:24 AM,05:29 PM,17,25,25,23,10,12,73,0.0,1019,30,10,74,6,Haiti
2020-01-10,29,17,0.0,8.7,7,100,05:33 PM,06:10 AM,06:24 AM,05:30 PM,15,25,25,24,19,7,65,0.0,1019,29,10,99,12,Haiti
2020-01-11,29,15,0.0,8.7,7,100,06:36 PM,07:08 AM,06:24 AM,05:31 PM,14,25,25,23,19,6,66,0.0,1019,29,10,103,12,Haiti
2020-01-12,29,15,0.0,8.7,7,83,07:40 PM,08:03 AM,06:24 AM,05:31 PM,14,24,24,23,15,5,66,0.0,1019,29,10,95,10,Haiti
2020-01-13,29,15,0.0,8.7,7,76,08:42 PM,08:54 AM,06:24 AM,05:32 PM,15,24,24,23,16,8,66,0.0,1019,29,10,98,10,Haiti
2020-01-14,29,17,0.0,8.7,7,69,09:43 PM,09:41 AM,06:24 AM,05:32 PM,14,24,24,23,12,11,64,0.0,1018,29,10,134,8,Haiti
2020-01-15,29,15,0.0,8.7,7,61,10:41 PM,10:24 AM,06:24 AM,05:33 PM,15,24,24,23,12,13,67,0.0,1017,29,10,121,7,Haiti
2020-01-16,29,17,0.0,8.7,7,54,11:40 PM,11:07 AM,06:24 AM,05:34 PM,16,25,25,24,10,8,67,0.0,1018,29,10,136,7,Haiti
2020-01-17,29,18,0.0,8.7,7,47,No moonrise,11:49 AM,06:25 AM,05:34 PM,16,25,25,23,9,4,69,0.0,1018,29,10,59,6,Haiti
2020-01-18,29,17,0.0,8.7,7,40,12:37 AM,12:31 PM,06:25 AM,05:35 PM,16,24,24,23,11,6,70,0.0,1018,29,10,122,8,Haiti
2020-01-19,29,15,0.0,8.7,7,32,01:35 AM,01:16 PM,06:25 AM,05:36 PM,15,25,25,23,13,10,68,0.0,1016,29,10,111,8,Haiti
2020-01-20,29,16,0.0,8.7,6,25,02:33 AM,02:03 PM,06:25 AM,05:36 PM,17,25,25,23,8,36,73,0.4,1016,29,10,123,5,Haiti
2020-01-21,28,17,0.0,7.2,6,18,03:31 AM,02:53 PM,06:24 AM,05:37 PM,18,25,25,23,8,49,77,4.3,1014,28,10,163,5,Haiti
2020-01-22,27,16,0.0,7.2,5,11,04:28 AM,03:46 PM,06:24 AM,05:37 PM,17,24,24,22,8,57,80,7.6,1013,27,9,231,6,Haiti
2020-01-23,25,16,0.0,4.2,5,3,05:23 AM,04:40 PM,06:24 AM,05:38 PM,17,22,22,21,9,74,83,1.9,1013,25,10,297,6,Haiti
2020-01-24,27,15,0.0,7.2,5,0,06:14 AM,05:35 PM,06:24 AM,05:39 PM,17,23,23,22,6,70,80,1.2,1014,27,10,252,4,Haiti
2020-01-25,28,15,0.0,7.2,5,0,07:01 AM,06:28 PM,06:24 AM,05:39 PM,17,24,24,22,6,60,78,1.3,1015,28,10,219,4,Haiti
2020-01-26,27,16,0.0,7.2,5,4,07:44 AM,07:20 PM,06:24 AM,05:40 PM,17,24,24,22,7,42,78,0.6,1015,27,10,157,5,Haiti
2020-01-27,28,17,0.0,8.7,6,11,08:23 AM,08:10 PM,06:24 AM,05:40 PM,17,25,25,23,6,40,74,0.3,1015,28,10,182,4,Haiti
2020-01-28,30,17,0.0,8.7,7,18,09:00 AM,08:59 PM,06:24 AM,05:41 PM,17,25,25,24,6,19,72,0.1,1014,30,10,234,4,Haiti
2020-01-29,30,16,0.0,8.7,7,26,09:36 AM,09:46 PM,06:23 AM,05:42 PM,17,25,25,23,5,8,73,0.0,1015,30,10,188,4,Haiti
2020-01-30,29,18,0.0,8.7,6,33,10:09 AM,10:33 PM,06:23 AM,05:42 PM,18,25,25,23,7,41,77,0.6,1015,29,10,204,4,Haiti
2020-01-31,31,18,0.0,8.7,7,37,10:44 AM,11:22 PM,06:23 AM,05:43 PM,18,26,26,25,7,21,71,0.5,1017,31,10,106,5,Haiti
2020-02-01,31,18,0.0,8.7,7,49,11:20 AM,No moonset,06:23 AM,05:43 PM,17,27,27,25,8,13,69,0.0,1016,31,10,174,6,Haiti
2020-02-02,29,16,0.0,8.7,6,57,11:57 AM,12:11 AM,06:22 AM,05:44 PM,17,25,25,23,7,39,77,0.7,1016,29,10,169,5,Haiti
2020-02-03,29,16,0.0,7.2,6,64,12:38 PM,01:02 AM,06:22 AM,05:44 PM,18,25,25,23,8,46,77,1.1,1018,29,10,85,5,Haiti
2020-02-04,29,15,0.0,5.7,6,72,01:25 PM,01:57 AM,06:22 AM,05:45 PM,18,25,25,23,9,50,79,1.8,1018,29,10,123,6,Haiti
2020-02-05,31,16,0.0,7.2,6,79,02:16 PM,02:53 AM,06:21 AM,05:45 PM,17,26,26,25,10,39,71,0.4,1017,31,10,116,7,Haiti
2020-02-06,31,16,0.0,7.2,6,87,03:14 PM,03:52 AM,06:21 AM,05:46 PM,17,26,26,24,11,24,72,0.3,1016,31,10,119,7,Haiti
2020-02-07,30,16,0.0,8.7,7,95,04:15 PM,04:51 AM,06:21 AM,05:46 PM,16,26,26,24,10,23,68,0.1,1017,30,10,117,6,Haiti
2020-02-08,32,17,0.0,8.7,7,100,05:20 PM,05:48 AM,06:20 AM,05:47 PM,16,27,27,25,10,16,68,0.1,1018,32,10,109,6,Haiti
2020-02-09,31,16,0.0,8.7,7,100,06:24 PM,06:41 AM,06:20 AM,05:47 PM,17,26,26,24,9,25,70,0.4,1018,31,10,171,6,Haiti
2020-02-10,32,16,0.0,8.7,7,83,07:28 PM,07:32 AM,06:19 AM,05:48 PM,15,26,26,25,10,20,65,0.3,1018,32,10,114,7,Haiti
2020-02-11,30,17,0.0,7.2,6,75,08:30 PM,08:18 AM,06:19 AM,05:48 PM,16,26,26,25,10,27,65,0.2,1017,30,10,100,7,Haiti
2020-02-12,31,18,0.0,8.7,7,68,09:31 PM,09:03 AM,06:19 AM,05:49 PM,15,27,27,25,11,15,61,0.1,1017,31,10,125,8,Haiti
2020-02-13,32,16,0.0,8.7,7,60,10:30 PM,09:46 AM,06:18 AM,05:49 PM,14,26,26,25,12,9,62,0.0,1017,32,10,118,8,Haiti
2020-02-14,33,17,0.0,8.7,7,53,11:30 PM,10:29 AM,06:18 AM,05:50 PM,14,26,26,25,10,3,58,0.0,1017,33,10,135,7,Haiti
2020-02-15,30,17,0.0,8.7,7,45,No moonrise,11:15 AM,06:17 AM,05:50 PM,16,26,26,24,9,22,66,0.6,1017,30,10,175,6,Haiti
2020-02-16,30,18,0.0,8.7,7,38,12:28 AM,12:01 PM,06:17 AM,05:50 PM,17,25,25,24,8,34,68,0.6,1015,30,10,174,6,Haiti
2020-02-17,30,19,0.0,7.2,6,30,01:27 AM,12:50 PM,06:16 AM,05:51 PM,18,27,27,25,6,40,72,0.7,1015,30,10,128,5,Haiti
2020-02-18,32,20,0.0,8.7,7,22,02:23 AM,01:42 PM,06:15 AM,05:51 PM,18,28,28,26,9,20,69,0.1,1016,32,10,130,7,Haiti
2020-02-19,31,18,0.0,8.7,6,15,03:19 AM,02:35 PM,06:15 AM,05:52 PM,17,26,26,25,9,32,69,0.5,1016,31,10,140,6,Haiti
2020-02-20,31,16,0.0,7.2,6,7,04:10 AM,03:29 PM,06:14 AM,05:52 PM,17,26,26,25,7,43,70,0.9,1016,31,10,150,5,Haiti
2020-02-21,29,19,0.0,8.7,6,0,04:58 AM,04:22 PM,06:14 AM,05:52 PM,17,25,25,24,10,51,74,1.5,1015,29,10,173,7,Haiti
2020-02-22,29,18,0.0,7.2,6,0,05:42 AM,05:14 PM,06:13 AM,05:53 PM,18,25,25,24,8,46,75,0.9,1015,29,10,231,6,Haiti
2020-02-23,29,19,0.0,7.2,6,0,06:22 AM,06:04 PM,06:12 AM,05:53 PM,18,25,25,24,8,52,74,1.8,1015,29,10,161,6,Haiti
2020-02-24,26,20,0.0,7.2,5,0,06:59 AM,06:53 PM,06:12 AM,05:54 PM,18,24,24,23,9,63,78,1.2,1015,26,10,158,7,Haiti
2020-02-25,30,20,0.0,7.2,6,8,07:35 AM,07:42 PM,06:11 AM,05:54 PM,18,26,26,25,8,49,74,1.6,1015,30,10,163,6,Haiti
2020-02-26,30,17,0.0,8.7,6,15,08:09 AM,08:28 PM,06:11 AM,05:54 PM,18,26,26,25,8,31,72,0.4,1016,30,10,168,5,Haiti
2020-02-27,30,17,0.0,8.7,6,23,08:43 AM,09:16 PM,06:10 AM,05:55 PM,17,26,26,24,8,36,73,0.4,1016,30,10,182,6,Haiti
2020-02-28,30,19,0.0,7.2,6,30,09:18 AM,10:04 PM,06:09 AM,05:55 PM,18,27,27,25,8,46,74,1.8,1016,30,10,229,5,Haiti
2020-02-29,30,17,0.0,7.2,6,38,09:54 AM,10:54 PM,06:08 AM,05:55 PM,17,26,26,24,8,42,71,1.0,1018,30,10,160,6,Haiti
2020-03-01,27,17,0.0,5.8,5,44,10:33 AM,11:46 PM,06:08 AM,05:56 PM,17,24,24,22,12,65,76,3.2,1018,27,9,89,8,Haiti
2020-03-02,28,15,0.0,7.2,6,51,11:16 AM,No moonset,06:07 AM,05:56 PM,17,24,24,22,10,53,77,2.9,1017,28,10,166,6,Haiti
2020-03-03,29,16,0.0,7.2,6,58,12:04 PM,12:40 AM,06:06 AM,05:56 PM,18,26,26,24,10,55,77,4.4,1016,29,10,159,6,Haiti
2020-03-04,31,18,0.0,8.7,6,65,12:57 PM,01:37 AM,06:06 AM,05:56 PM,18,27,27,25,8,46,70,2.6,1017,31,10,177,5,Haiti
2020-03-05,33,18,0.0,8.7,7,73,01:55 PM,02:34 AM,06:05 AM,05:57 PM,17,28,28,26,9,23,66,0.6,1017,33,10,134,6,Haiti
2020-03-06,30,18,0.0,8.7,6,80,02:57 PM,03:31 AM,06:04 AM,05:57 PM,18,26,26,24,10,44,71,1.7,1017,30,10,163,7,Haiti
2020-03-07,29,17,0.0,7.2,6,87,04:01 PM,04:25 AM,06:03 AM,05:57 PM,18,26,26,24,10,67,75,5.1,1015,29,10,187,7,Haiti
2020-03-08,25,16,0.0,5.8,5,95,05:06 PM,05:17 AM,06:03 AM,05:58 PM,16,22,22,21,15,61,79,1.9,1017,25,10,51,10,Haiti
2020-03-09,26,14,0.0,8.7,5,100,06:10 PM,06:06 AM,06:02 AM,05:58 PM,14,22,22,21,15,48,73,0.7,1019,26,10,94,10,Haiti
2020-03-10,28,14,0.0,7.2,5,100,07:13 PM,06:52 AM,06:01 AM,05:58 PM,16,24,24,22,12,52,75,11.5,1018,28,9,133,7,Haiti
2020-03-11,28,16,0.0,10.1,6,84,08:15 PM,07:37 AM,06:00 AM,05:58 PM,17,24,24,23,8,47,75,4.9,1015,28,9,157,5,Haiti
2020-03-12,29,17,0.0,8.7,6,76,09:17 PM,08:22 AM,06:00 AM,05:59 PM,18,25,25,24,8,56,73,7.2,1013,29,9,166,5,Haiti
2020-03-13,29,18,0.0,10.2,6,69,10:18 PM,09:08 AM,05:59 AM,05:59 PM,18,26,26,24,8,48,74,3.9,1015,29,10,168,5,Haiti
2020-03-14,29,18,0.0,11.6,6,62,11:19 PM,09:56 AM,05:58 AM,05:59 PM,18,26,26,24,7,43,75,1.3,1017,29,10,157,5,Haiti
2020-03-15,29,19,0.0,11.6,7,55,No moonrise,10:45 AM,05:57 AM,05:59 PM,17,26,26,24,9,18,67,0.4,1017,29,10,165,6,Haiti
2020-03-16,29,18,0.0,12.4,7,47,12:18 AM,11:38 AM,05:56 AM,06:00 PM,15,25,25,24,8,4,63,0.0,1017,29,10,161,6,Haiti
2020-03-17,29,18,0.0,12.4,7,40,01:15 AM,12:31 PM,05:56 AM,06:00 PM,16,25,25,24,9,6,65,0.0,1017,29,10,162,6,Haiti
2020-03-18,29,17,0.0,12.5,7,33,02:08 AM,01:25 PM,05:55 AM,06:00 PM,15,25,25,24,11,19,67,0.0,1018,29,10,137,7,Haiti
2020-03-19,29,18,0.0,12.5,6,25,02:57 AM,02:18 PM,05:54 AM,06:00 PM,18,26,26,24,10,36,72,0.7,1019,29,10,153,7,Haiti
2020-03-20,29,17,0.0,11.8,6,18,03:42 AM,03:10 PM,05:53 AM,06:00 PM,17,26,26,24,11,41,72,0.7,1019,29,10,174,8,Haiti
2020-03-21,29,17,0.0,12.5,6,11,04:22 AM,04:01 PM,05:52 AM,06:01 PM,17,25,25,24,10,50,70,1.8,1018,29,10,145,7,Haiti
2020-03-22,30,16,0.0,12.5,6,4,05:00 AM,04:50 PM,05:52 AM,06:01 PM,16,25,25,24,9,37,70,1.2,1018,30,10,152,6,Haiti
2020-03-23,30,17,0.0,12.5,6,0,05:36 AM,05:38 PM,05:51 AM,06:01 PM,16,26,26,24,8,39,68,1.3,1019,30,10,156,6,Haiti
2020-03-24,30,18,0.0,11.8,6,0,06:10 AM,06:25 PM,05:50 AM,06:01 PM,17,26,26,24,10,40,71,2.2,1018,30,10,157,6,Haiti
2020-03-25,30,18,0.0,11.8,6,3,06:44 AM,07:13 PM,05:49 AM,06:02 PM,18,26,26,24,8,47,76,2.7,1015,30,10,172,5,Haiti
2020-03-26,30,17,0.0,10.5,6,11,07:19 AM,08:01 PM,05:48 AM,06:02 PM,18,25,25,24,8,49,72,1.5,1014,30,10,217,6,Haiti
2020-03-27,31,16,0.0,11.8,6,18,07:54 AM,08:50 PM,05:47 AM,06:02 PM,18,26,26,25,8,32,71,1.5,1013,31,10,161,6,Haiti
2020-03-28,31,18,0.0,12.6,6,25,08:32 AM,09:41 PM,05:47 AM,06:02 PM,16,26,26,25,8,36,65,1.0,1015,31,10,128,5,Haiti
2020-03-29,32,19,0.0,12.6,7,32,09:13 AM,10:34 PM,05:46 AM,06:03 PM,17,25,25,25,9,33,66,0.3,1017,32,10,129,7,Haiti
2020-03-30,32,19,0.0,11.8,6,40,09:58 AM,11:29 PM,05:45 AM,06:03 PM,18,28,28,26,7,41,70,0.7,1016,32,10,162,5,Haiti
2020-03-31,30,19,0.0,12.6,6,44,10:48 AM,No moonset,05:44 AM,06:03 PM,19,27,27,25,7,45,72,1.7,1013,30,10,180,5,Haiti
2020-04-01,30,18,0.0,12.6,6,56,11:43 AM,12:23 AM,05:43 AM,06:03 PM,18,27,27,25,8,46,71,1.2,1012,30,10,211,6,Haiti
2020-04-02,29,18,0.0,7.9,6,64,12:41 PM,01:19 AM,05:43 AM,06:03 PM,19,26,26,24,9,71,76,5.9,1013,29,9,225,6,Haiti
2020-04-03,28,19,0.0,9.2,6,71,01:42 PM,02:12 AM,05:42 AM,06:04 PM,19,25,25,24,8,66,79,5.4,1013,28,9,226,6,Haiti
2020-04-04,29,19,0.0,11.9,6,79,02:45 PM,03:04 AM,05:41 AM,06:04 PM,19,27,27,25,9,59,77,2.8,1013,29,10,224,6,Haiti
2020-04-05,30,21,0.0,11.9,6,87,03:48 PM,03:53 AM,05:40 AM,06:04 PM,20,27,27,25,9,59,77,4.2,1014,30,10,192,7,Haiti
2020-04-06,31,20,0.0,12.7,6,94,04:51 PM,04:39 AM,05:39 AM,06:04 PM,20,28,28,26,8,55,76,2.8,1015,31,10,207,6,Haiti
2020-04-07,30,19,0.0,11.9,6,100,05:54 PM,05:25 AM,05:39 AM,06:05 PM,19,27,27,25,9,46,74,1.2,1016,30,10,161,7,Haiti
2020-04-08,30,21,0.0,12.7,6,100,06:57 PM,06:10 AM,05:38 AM,06:05 PM,20,28,28,26,7,48,74,1.7,1014,30,10,195,5,Haiti
2020-04-09,31,20,0.0,10.6,6,83,08:00 PM,06:56 AM,05:37 AM,06:05 PM,20,27,27,25,7,57,76,2.3,1013,31,10,221,5,Haiti
2020-04-10,31,21,0.0,11.9,6,76,09:03 PM,07:44 AM,05:36 AM,06:05 PM,21,29,29,26,9,59,77,9.0,1013,31,9,227,6,Haiti
2020-04-11,33,21,0.0,10.6,6,68,10:06 PM,08:34 AM,05:35 AM,06:05 PM,20,30,30,27,7,63,74,7.0,1015,33,9,162,5,Haiti
2020-04-12,33,19,0.0,11.9,6,61,11:06 PM,09:28 AM,05:35 AM,06:06 PM,19,29,29,26,9,48,71,5.2,1017,33,9,147,6,Haiti
2020-04-13,32,18,0.0,11.9,6,53,No moonrise,10:22 AM,05:34 AM,06:06 PM,19,28,28,26,9,42,73,3.4,1017,32,10,163,6,Haiti
2020-04-14,32,18,0.0,11.9,6,46,12:02 AM,11:18 AM,05:33 AM,06:06 PM,19,28,28,25,8,57,74,5.3,1016,32,9,154,6,Haiti
2020-04-15,30,18,0.0,12.7,6,38,12:54 AM,12:13 PM,05:32 AM,06:06 PM,20,28,28,25,8,60,77,7.8,1015,30,10,203,5,Haiti
2020-04-16,31,19,0.0,11.9,6,30,01:41 AM,01:06 PM,05:32 AM,06:07 PM,20,28,28,25,8,61,74,4.7,1016,31,10,217,6,Haiti
2020-04-17,30,19,0.0,10.6,6,23,02:22 AM,01:58 PM,05:31 AM,06:07 PM,20,28,28,26,8,63,74,4.3,1017,30,10,157,5,Haiti
2020-04-18,31,21,0.0,12.8,6,15,03:01 AM,02:47 PM,05:30 AM,06:07 PM,20,28,28,26,8,40,74,1.5,1016,31,10,165,6,Haiti
2020-04-19,32,19,0.0,11.9,6,8,03:38 AM,03:35 PM,05:30 AM,06:08 PM,19,28,28,26,8,45,70,3.7,1016,32,10,165,6,Haiti
2020-04-20,31,21,0.0,12.8,6,0,04:12 AM,04:22 PM,05:29 AM,06:08 PM,18,28,28,26,9,26,67,0.2,1016,31,10,163,6,Haiti
2020-04-21,31,21,0.0,11.9,6,0,04:45 AM,05:10 PM,05:28 AM,06:08 PM,20,28,28,26,9,40,72,2.6,1015,31,10,168,6,Haiti
2020-04-22,32,19,0.0,11.9,6,0,05:20 AM,05:58 PM,05:27 AM,06:08 PM,19,28,28,26,8,49,70,1.1,1015,32,10,162,6,Haiti
2020-04-23,32,20,0.0,11.9,6,0,05:55 AM,06:47 PM,05:27 AM,06:09 PM,19,28,28,26,8,54,71,1.3,1015,32,10,162,6,Haiti
2020-04-24,32,21,0.0,12.8,6,7,06:32 AM,07:38 PM,05:26 AM,06:09 PM,20,29,29,26,9,44,74,2.1,1015,32,10,136,6,Haiti
2020-04-25,32,18,0.0,12.8,6,15,07:12 AM,08:30 PM,05:26 AM,06:09 PM,19,27,27,26,11,43,70,0.7,1016,32,10,140,7,Haiti
2020-04-26,31,20,0.0,12.9,6,22,07:56 AM,09:24 PM,05:25 AM,06:10 PM,19,28,28,26,9,41,70,0.5,1016,31,10,150,5,Haiti
2020-04-27,33,18,0.0,12.9,7,30,08:44 AM,10:19 PM,05:24 AM,06:10 PM,18,27,27,26,10,35,65,0.8,1016,33,10,173,7,Haiti
2020-04-28,31,19,0.0,10.6,6,37,09:37 AM,11:14 PM,05:24 AM,06:10 PM,19,28,28,26,10,63,73,5.7,1016,31,9,174,7,Haiti
2020-04-29,30,17,0.0,9.3,6,45,10:32 AM,No moonset,05:23 AM,06:10 PM,19,27,27,25,8,61,76,14.1,1015,30,9,162,5,Haiti
2020-04-30,31,20,0.0,11.9,6,52,11:32 AM,12:06 AM,05:23 AM,06:11 PM,19,28,28,25,8,42,70,1.2,1015,31,10,165,5,Haiti
2020-05-01,31,20,0.0,12.9,6,58,12:31 PM,12:57 AM,05:22 AM,06:11 PM,19,28,28,26,9,36,68,0.3,1016,31,10,203,6,Haiti
2020-05-02,32,18,0.0,11.9,6,65,01:33 PM,01:45 AM,05:21 AM,06:11 PM,19,27,27,25,10,41,71,2.5,1016,32,10,177,7,Haiti
2020-05-03,31,20,0.0,11.9,6,72,02:33 PM,02:30 AM,05:21 AM,06:12 PM,20,28,28,26,8,55,72,3.5,1015,31,10,161,5,Haiti
2020-05-04,31,21,0.0,11.9,6,80,03:34 PM,03:15 AM,05:20 AM,06:12 PM,20,28,28,27,7,55,70,3.4,1014,31,9,132,5,Haiti
2020-05-05,31,21,0.0,11.9,6,87,04:36 PM,03:59 AM,05:20 AM,06:12 PM,21,29,29,26,9,69,75,12.9,1014,31,9,152,6,Haiti
2020-05-06,31,20,0.0,10.7,6,94,05:39 PM,04:43 AM,05:19 AM,06:13 PM,21,28,28,26,7,60,76,14.2,1014,31,9,167,4,Haiti
2020-05-07,32,21,0.0,11.9,6,100,06:42 PM,05:30 AM,05:19 AM,06:13 PM,21,30,30,27,7,42,76,2.7,1015,32,10,121,4,Haiti
2020-05-08,33,20,0.0,13.0,6,100,07:47 PM,06:20 AM,05:18 AM,06:13 PM,21,30,30,27,8,33,75,1.8,1015,33,10,149,5,Haiti
2020-05-09,34,18,0.0,13.0,8,84,08:49 PM,07:13 AM,05:18 AM,06:14 PM,18,30,30,28,9,20,65,0.1,1016,34,10,122,5,Haiti
2020-05-10,32,22,0.0,13.0,6,77,09:50 PM,08:08 AM,05:18 AM,06:14 PM,19,30,30,27,13,25,64,0.2,1016,32,10,116,9,Haiti
2020-05-11,31,18,0.0,10.7,6,70,10:45 PM,09:06 AM,05:17 AM,06:15 PM,18,27,27,26,9,54,66,0.2,1015,31,10,136,5,Haiti
2020-05-12,31,21,0.0,10.7,6,62,11:35 PM,10:03 AM,05:17 AM,06:15 PM,20,29,29,26,9,61,74,1.6,1015,31,10,167,6,Haiti
2020-05-13,31,21,0.0,10.7,6,55,No moonrise,10:58 AM,05:16 AM,06:15 PM,21,28,28,25,8,64,76,6.5,1015,31,10,128,5,Haiti
2020-05-14,30,21,0.0,9.4,6,48,12:20 AM,11:51 AM,05:16 AM,06:16 PM,20,28,28,25,7,75,77,9.8,1015,30,9,139,5,Haiti
2020-05-15,31,18,0.0,12.0,6,40,01:01 AM,12:42 PM,05:16 AM,06:16 PM,19,27,27,25,8,32,71,1.0,1015,31,10,127,5,Haiti
2020-05-16,33,19,0.0,13.0,7,33,01:38 AM,01:31 PM,05:15 AM,06:16 PM,19,28,28,26,8,17,68,0.1,1015,33,10,164,5,Haiti
2020-05-17,33,21,0.0,13.0,6,26,02:13 AM,02:18 PM,05:15 AM,06:17 PM,20,29,29,27,8,27,69,0.2,1015,33,10,169,5,Haiti
2020-05-18,33,18,0.0,12.0,6,19,02:47 AM,03:06 PM,05:15 AM,06:17 PM,19,29,29,27,9,46,70,4.7,1015,33,9,149,5,Haiti
2020-05-19,33,21,0.0,10.7,6,11,03:21 AM,03:54 PM,05:14 AM,06:18 PM,20,30,30,27,9,56,73,4.0,1015,33,10,173,6,Haiti
2020-05-20,31,20,0.0,12.0,6,4,03:55 AM,04:42 PM,05:14 AM,06:18 PM,20,28,28,26,8,57,75,6.1,1015,31,10,168,6,Haiti
2020-05-21,31,21,0.0,13.0,6,0,04:31 AM,05:33 PM,05:14 AM,06:18 PM,20,28,28,26,9,49,75,1.6,1015,31,10,165,6,Haiti
2020-05-22,32,22,0.0,12.0,6,0,05:11 AM,06:25 PM,05:14 AM,06:19 PM,21,30,30,27,10,61,73,13.3,1015,32,9,157,7,Haiti
2020-05-23,32,21,0.0,12.0,6,3,05:54 AM,07:20 PM,05:13 AM,06:19 PM,21,29,29,26,10,59,76,12.4,1015,32,9,165,6,Haiti
2020-05-24,32,19,0.0,12.0,6,10,06:41 AM,08:15 PM,05:13 AM,06:19 PM,20,29,29,26,10,53,75,8.4,1014,32,10,166,6,Haiti
2020-05-25,33,21,0.0,12.0,6,17,07:33 AM,09:10 PM,05:13 AM,06:20 PM,21,31,31,27,12,39,75,15.5,1014,33,9,143,7,Haiti
2020-05-26,32,22,0.0,10.7,6,25,08:28 AM,10:04 PM,05:13 AM,06:20 PM,21,30,30,27,8,65,75,6.3,1014,32,10,164,5,Haiti
2020-05-27,32,21,0.0,13.1,6,32,09:26 AM,10:55 PM,05:13 AM,06:21 PM,21,31,31,27,9,34,73,7.2,1014,32,10,168,6,Haiti
2020-05-28,32,20,0.0,12.0,6,39,10:25 AM,11:43 PM,05:13 AM,06:21 PM,20,28,28,26,9,53,75,22.2,1013,32,8,168,6,Haiti
2020-05-29,30,21,0.0,12.0,6,47,11:25 AM,No moonset,05:12 AM,06:21 PM,21,28,28,25,8,63,78,8.6,1014,30,9,132,5,Haiti
2020-05-30,32,21,0.0,13.1,6,54,12:23 PM,12:28 AM,05:12 AM,06:22 PM,21,29,29,26,5,47,76,11.1,1014,32,9,173,3,Haiti
2020-05-31,32,19,0.0,13.1,6,58,01:23 PM,01:11 AM,05:12 AM,06:22 PM,20,28,28,26,7,29,74,0.3,1016,32,10,131,5,Haiti
2020-06-01,33,22,0.0,13.1,7,71,02:21 PM,01:53 AM,05:12 AM,06:22 PM,20,30,30,28,7,21,69,1.0,1016,33,10,138,5,Haiti
2020-06-02,32,20,0.0,12.0,6,79,03:22 PM,02:35 AM,05:12 AM,06:23 PM,20,29,29,26,7,48,76,5.7,1015,32,9,168,5,Haiti
2020-06-03,32,20,0.0,12.0,6,86,04:23 PM,03:20 AM,05:12 AM,06:23 PM,21,29,29,27,7,39,75,4.7,1014,32,10,94,4,Haiti
2020-06-04,32,22,0.0,12.0,6,94,05:27 PM,04:07 AM,05:12 AM,06:24 PM,20,31,31,28,10,34,71,1.0,1015,32,10,107,7,Haiti
2020-06-05,33,21,0.0,13.1,8,100,06:30 PM,04:58 AM,05:12 AM,06:24 PM,19,30,30,27,11,2,67,0.0,1015,33,10,112,8,Haiti
2020-06-06,33,20,0.0,13.1,6,100,07:33 PM,05:52 AM,05:12 AM,06:24 PM,19,29,29,27,9,31,68,0.2,1016,33,10,138,7,Haiti
2020-06-07,30,19,0.0,13.1,6,84,08:31 PM,06:50 AM,05:12 AM,06:25 PM,19,26,26,25,7,37,75,4.0,1015,30,10,173,4,Haiti
2020-06-08,31,20,0.0,12.0,6,76,09:25 PM,07:48 AM,05:12 AM,06:25 PM,20,28,28,26,8,42,73,7.7,1015,31,9,168,5,Haiti
2020-06-09,31,20,0.0,12.0,6,69,10:13 PM,08:45 AM,05:12 AM,06:25 PM,20,27,27,25,8,42,76,6.4,1014,31,9,175,5,Haiti
2020-06-10,31,20,0.0,13.1,6,61,10:57 PM,09:41 AM,05:12 AM,06:26 PM,20,28,28,25,8,47,77,8.3,1014,31,9,159,6,Haiti
2020-06-11,30,19,0.0,13.1,6,54,11:36 PM,10:33 AM,05:12 AM,06:26 PM,20,27,27,25,8,66,78,12.2,1014,30,9,156,5,Haiti
2020-06-12,30,19,0.0,13.1,6,46,No moonrise,11:24 AM,05:13 AM,06:26 PM,20,26,26,24,7,36,77,6.0,1013,30,10,167,4,Haiti
2020-06-13,31,22,0.0,10.7,6,38,12:12 AM,12:12 PM,05:13 AM,06:26 PM,21,29,29,26,7,58,76,9.7,1013,31,9,165,4,Haiti
2020-06-14,32,20,0.0,12.0,6,31,12:46 AM,01:00 PM,05:13 AM,06:27 PM,21,29,29,26,9,46,79,13.1,1014,32,9,174,5,Haiti
2020-06-15,32,21,0.0,13.1,6,23,01:20 AM,01:48 PM,05:13 AM,06:27 PM,21,30,30,27,9,41,75,1.2,1015,32,10,166,6,Haiti
2020-06-16,33,20,0.0,13.1,6,16,01:54 AM,02:36 PM,05:13 AM,06:27 PM,20,28,28,25,9,40,73,1.2,1015,33,10,115,6,Haiti
2020-06-17,32,20,0.0,13.2,6,8,02:29 AM,03:26 PM,05:13 AM,06:28 PM,20,28,28,26,8,37,73,1.1,1015,32,10,145,5,Haiti
2020-06-18,32,24,0.0,12.0,6,1,03:08 AM,04:17 PM,05:13 AM,06:28 PM,22,30,30,27,7,41,78,5.3,1014,32,10,155,5,Haiti
2020-06-19,32,21,0.0,13.1,6,0,03:49 AM,05:11 PM,05:14 AM,06:28 PM,21,30,30,27,7,24,73,0.4,1015,32,10,161,4,Haiti
2020-06-20,32,21,0.0,13.1,6,0,04:35 AM,06:07 PM,05:14 AM,06:28 PM,20,30,30,27,8,28,69,0.9,1015,32,10,139,5,Haiti
2020-06-21,33,21,0.0,12.0,7,0,05:26 AM,07:03 PM,05:14 AM,06:28 PM,21,31,31,28,9,39,72,11.9,1016,33,9,125,6,Haiti
2020-06-22,33,20,0.0,13.2,7,7,06:21 AM,07:59 PM,05:14 AM,06:29 PM,21,31,31,28,10,25,72,1.6,1016,33,10,135,6,Haiti
2020-06-23,35,24,0.0,13.1,7,14,07:20 AM,08:52 PM,05:15 AM,06:29 PM,21,33,33,30,8,19,67,0.6,1015,35,10,138,5,Haiti
2020-06-24,32,23,0.0,13.1,6,22,08:19 AM,09:42 PM,05:15 AM,06:29 PM,22,30,30,27,7,25,73,0.7,1015,32,10,170,6,Haiti
2020-06-25,32,22,0.0,12.0,6,29,09:20 AM,10:27 PM,05:15 AM,06:29 PM,21,31,31,27,8,50,75,4.2,1015,32,10,127,6,Haiti
2020-06-26,33,20,0.0,13.1,7,37,10:19 AM,11:11 PM,05:15 AM,06:29 PM,20,30,30,27,9,10,71,0.1,1016,33,10,126,6,Haiti
2020-06-27,34,19,0.0,13.1,6,44,11:17 AM,11:53 PM,05:16 AM,06:29 PM,19,29,29,27,8,20,70,0.3,1015,34,10,127,6,Haiti
2020-06-28,33,20,0.0,13.1,6,52,12:15 PM,No moonset,05:16 AM,06:30 PM,20,30,30,27,9,35,75,0.2,1014,33,10,173,6,Haiti
2020-06-29,32,23,0.0,12.0,6,59,01:13 PM,12:34 AM,05:16 AM,06:30 PM,21,31,31,27,7,37,75,9.3,1014,32,9,153,5,Haiti
2020-06-30,31,19,0.0,13.1,6,67,02:12 PM,01:16 AM,05:17 AM,06:30 PM,19,27,27,25,8,39,76,3.7,1014,31,10,163,5,Haiti
2020-07-01,31,18,0.0,13.1,6,72,03:13 PM,02:01 AM,05:17 AM,06:30 PM,20,28,28,25,8,46,76,2.1,1014,31,10,171,5,Haiti
2020-07-02,32,22,0.0,12.0,6,79,04:15 PM,02:48 AM,05:17 AM,06:30 PM,21,30,30,26,8,37,74,4.3,1014,32,10,136,5,Haiti
2020-07-03,33,21,0.0,13.1,7,86,05:17 PM,03:40 AM,05:17 AM,06:30 PM,21,31,31,28,8,31,74,1.8,1014,33,10,172,5,Haiti
2020-07-04,33,20,0.0,12.0,6,94,06:17 PM,04:35 AM,05:18 AM,06:30 PM,20,29,29,27,9,36,74,5.5,1014,33,10,173,6,Haiti
2020-07-05,32,19,0.0,12.0,6,100,07:13 PM,05:33 AM,05:18 AM,06:30 PM,21,29,29,27,9,38,77,9.1,1015,32,9,166,5,Haiti
2020-07-06,31,21,0.0,10.7,6,100,08:04 PM,06:31 AM,05:18 AM,06:30 PM,21,29,29,26,7,53,76,1.7,1015,31,10,145,4,Haiti
2020-07-07,32,20,0.0,12.0,6,85,08:50 PM,07:29 AM,05:19 AM,06:30 PM,20,30,30,27,8,45,73,1.9,1015,32,10,168,5,Haiti
2020-07-08,32,20,0.0,12.0,6,77,09:32 PM,08:23 AM,05:19 AM,06:30 PM,20,30,30,26,9,47,77,26.9,1013,32,8,147,5,Haiti
2020-07-09,33,19,0.0,13.1,6,70,10:09 PM,09:15 AM,05:19 AM,06:30 PM,20,28,28,26,10,26,72,1.3,1014,33,10,109,6,Haiti
2020-07-10,34,22,0.0,13.1,7,63,10:44 PM,10:05 AM,05:20 AM,06:30 PM,20,31,31,28,9,22,67,0.5,1016,34,10,137,6,Haiti
2020-07-11,33,20,0.0,12.0,6,55,11:19 PM,10:53 AM,05:20 AM,06:30 PM,20,29,29,27,7,28,69,1.7,1015,33,10,144,5,Haiti
2020-07-12,33,19,0.0,13.1,6,48,11:52 PM,11:41 AM,05:21 AM,06:30 PM,20,28,28,26,6,17,72,0.5,1015,33,10,173,4,Haiti
2020-07-13,33,20,0.0,13.1,6,41,No moonrise,12:28 PM,05:21 AM,06:29 PM,20,29,29,26,7,43,74,0.7,1016,33,10,173,5,Haiti
2020-07-14,35,22,0.0,13.1,8,34,12:27 AM,01:17 PM,05:21 AM,06:29 PM,21,33,33,29,9,11,73,0.3,1016,35,10,169,6,Haiti
2020-07-15,32,22,0.0,13.1,6,26,01:04 AM,02:07 PM,05:22 AM,06:29 PM,21,31,31,27,8,32,76,5.6,1014,32,9,169,5,Haiti
2020-07-16,31,18,0.0,12.0,6,19,01:44 AM,03:00 PM,05:22 AM,06:29 PM,20,28,28,25,9,53,79,9.8,1014,31,9,156,5,Haiti
2020-07-17,31,19,0.0,13.1,6,12,02:27 AM,03:55 PM,05:22 AM,06:29 PM,19,28,28,26,8,46,75,2.2,1014,31,10,167,5,Haiti
2020-07-18,32,18,0.0,13.1,6,5,03:16 AM,04:52 PM,05:23 AM,06:29 PM,20,29,29,26,10,43,74,10.5,1013,32,9,172,6,Haiti
2020-07-19,30,19,0.0,13.1,6,0,04:10 AM,05:49 PM,05:23 AM,06:28 PM,19,25,25,23,7,42,79,14.9,1012,30,9,166,4,Haiti
2020-07-20,32,18,0.0,12.0,6,0,05:08 AM,06:43 PM,05:23 AM,06:28 PM,19,27,27,25,9,44,74,4.9,1012,32,10,169,6,Haiti
2020-07-21,32,19,0.0,13.0,6,2,06:09 AM,07:36 PM,05:24 AM,06:28 PM,20,28,28,26,8,37,74,4.3,1013,32,10,171,5,Haiti
2020-07-22,33,19,0.0,13.0,6,10,07:11 AM,08:24 PM,05:24 AM,06:27 PM,20,29,29,26,10,40,73,7.1,1014,33,9,163,6,Haiti
2020-07-23,32,19,0.0,13.0,6,17,08:11 AM,09:09 PM,05:24 AM,06:27 PM,20,28,28,26,8,44,75,2.7,1014,32,10,133,5,Haiti
2020-07-24,33,19,0.0,13.0,6,24,09:11 AM,09:52 PM,05:25 AM,06:27 PM,18,26,26,24,9,18,70,0.6,1014,33,10,105,5,Haiti
2020-07-25,32,20,0.0,13.0,6,32,10:10 AM,10:34 PM,05:25 AM,06:27 PM,19,30,30,27,8,24,69,2.0,1015,32,10,97,5,Haiti
2020-07-26,33,21,0.0,13.0,6,39,11:08 AM,11:16 PM,05:25 AM,06:26 PM,20,30,30,27,11,29,72,3.6,1015,33,10,161,7,Haiti
2020-07-27,32,20,0.0,12.0,6,46,12:07 PM,11:59 PM,05:26 AM,06:26 PM,20,30,30,27,8,42,75,2.6,1015,32,10,160,6,Haiti
2020-07-28,32,19,0.0,13.0,6,53,01:06 PM,No moonset,05:26 AM,06:25 PM,20,29,29,26,6,33,75,0.7,1015,32,10,143,5,Haiti
2020-07-29,33,20,0.0,13.0,6,61,02:06 PM,12:45 AM,05:26 AM,06:25 PM,21,30,30,27,9,19,75,0.5,1015,33,10,167,6,Haiti
2020-07-30,33,21,0.0,13.0,6,68,03:07 PM,01:34 AM,05:27 AM,06:25 PM,20,30,30,27,9,25,75,1.0,1014,33,10,162,6,Haiti
2020-07-31,31,18,0.0,13.0,6,72,04:07 PM,02:27 AM,05:27 AM,06:24 PM,20,28,28,25,14,54,78,4.4,1012,31,10,133,9,Haiti
2020-08-01,32,19,0.0,13.0,6,82,05:04 PM,03:23 AM,05:27 AM,06:24 PM,20,28,28,25,8,48,77,1.6,1013,32,10,139,5,Haiti
2020-08-02,31,21,0.0,11.9,6,90,05:56 PM,04:20 AM,05:28 AM,06:23 PM,21,29,29,26,8,59,79,9.1,1013,31,9,106,5,Haiti
2020-08-03,31,19,0.0,13.0,6,97,06:44 PM,05:17 AM,05:28 AM,06:23 PM,20,27,27,25,7,37,75,1.6,1014,31,10,143,4,Haiti
2020-08-04,33,20,0.0,12.9,6,100,07:27 PM,06:13 AM,05:28 AM,06:22 PM,20,28,28,25,9,34,76,7.3,1015,33,9,104,5,Haiti
2020-08-05,34,21,0.0,12.9,7,88,08:06 PM,07:06 AM,05:29 AM,06:22 PM,21,32,32,28,9,25,72,1.0,1015,34,10,141,6,Haiti
2020-08-06,33,20,0.0,12.9,6,81,08:42 PM,07:57 AM,05:29 AM,06:21 PM,20,29,29,26,8,36,73,1.4,1015,33,10,173,6,Haiti
2020-08-07,33,19,0.0,12.9,7,74,09:17 PM,08:46 AM,05:29 AM,06:21 PM,19,28,28,26,8,9,72,0.1,1016,33,10,146,5,Haiti
2020-08-08,33,19,0.0,12.9,6,67,09:51 PM,09:34 AM,05:30 AM,06:20 PM,19,30,30,27,11,19,69,0.6,1016,33,10,160,6,Haiti
2020-08-09,35,21,0.0,12.9,8,59,10:24 PM,10:21 AM,05:30 AM,06:20 PM,20,31,31,28,9,11,68,0.1,1016,35,10,128,6,Haiti
2020-08-10,32,19,0.0,12.9,6,52,11:00 PM,11:09 AM,05:30 AM,06:19 PM,21,29,29,26,8,36,78,1.2,1014,32,10,164,6,Haiti
2020-08-11,32,19,0.0,11.9,6,45,11:38 PM,11:59 AM,05:30 AM,06:18 PM,20,27,27,25,7,54,78,2.6,1013,32,10,159,5,Haiti
2020-08-12,32,20,0.0,12.9,6,38,No moonrise,12:50 PM,05:31 AM,06:18 PM,20,29,29,27,7,44,73,1.2,1013,32,10,171,5,Haiti
2020-08-13,34,19,0.0,11.9,7,30,12:19 AM,01:43 PM,05:31 AM,06:17 PM,20,30,30,28,9,37,72,2.2,1013,34,10,135,6,Haiti
2020-08-14,33,20,0.0,12.9,7,23,01:05 AM,02:38 PM,05:31 AM,06:16 PM,20,29,29,27,9,16,72,0.1,1012,33,10,173,6,Haiti
2020-08-15,32,20,0.0,12.9,6,16,01:56 AM,03:35 PM,05:31 AM,06:16 PM,21,30,30,26,8,49,79,7.7,1012,32,9,179,5,Haiti
2020-08-16,31,19,0.0,11.9,6,8,02:52 AM,04:30 PM,05:32 AM,06:15 PM,21,28,28,25,9,66,79,2.9,1012,31,10,165,6,Haiti
2020-08-17,33,20,0.0,11.9,6,1,03:52 AM,05:24 PM,05:32 AM,06:14 PM,21,31,31,27,8,40,76,4.9,1013,33,10,167,5,Haiti
2020-08-18,32,23,0.0,12.8,6,0,04:54 AM,06:15 PM,05:32 AM,06:14 PM,22,31,31,27,9,45,76,5.8,1012,32,9,160,6,Haiti
2020-08-19,34,21,0.0,12.8,7,0,05:57 AM,07:02 PM,05:32 AM,06:13 PM,20,31,31,28,8,15,69,0.2,1012,34,10,115,5,Haiti
2020-08-20,34,22,0.0,12.8,6,6,06:59 AM,07:48 PM,05:33 AM,06:12 PM,19,30,30,27,8,31,65,0.3,1013,34,10,174,6,Haiti
2020-08-21,33,19,0.0,12.8,6,13,08:00 AM,08:30 PM,05:33 AM,06:12 PM,20,29,29,26,9,35,73,1.0,1012,33,10,175,6,Haiti
2020-08-22,32,20,0.0,10.6,6,20,09:00 AM,09:14 PM,05:33 AM,06:11 PM,21,30,30,26,9,62,79,13.4,1011,32,9,190,5,Haiti
2020-08-23,26,19,0.0,11.9,5,28,10:00 AM,09:57 PM,05:33 AM,06:10 PM,21,25,25,23,12,63,89,32.4,1012,26,8,132,7,Haiti
2020-08-24,32,19,0.0,10.6,6,35,11:01 AM,10:43 PM,05:34 AM,06:09 PM,20,28,28,25,9,59,76,10.3,1013,32,9,132,6,Haiti
2020-08-25,31,20,0.0,10.6,6,42,12:01 PM,11:31 PM,05:34 AM,06:09 PM,21,29,29,26,7,58,79,23.3,1012,31,8,138,4,Haiti
2020-08-26,32,19,0.0,11.9,6,50,01:02 PM,No moonset,05:34 AM,06:08 PM,21,29,29,26,6,32,78,8.2,1013,32,9,102,4,Haiti
2020-08-27,32,19,0.0,11.9,6,57,02:02 PM,12:23 AM,05:34 AM,06:07 PM,21,30,30,27,7,43,76,0.8,1015,32,10,133,5,Haiti
2020-08-28,33,22,0.0,12.7,7,64,02:58 PM,01:17 AM,05:34 AM,06:06 PM,23,32,32,28,6,16,78,0.3,1015,33,10,141,5,Haiti
2020-08-29,33,22,0.0,12.7,7,71,03:52 PM,02:13 AM,05:35 AM,06:06 PM,22,32,32,27,7,28,78,2.2,1014,33,10,162,5,Haiti
2020-08-30,30,20,0.0,10.6,6,79,04:40 PM,03:10 AM,05:35 AM,06:05 PM,20,27,27,24,6,66,80,4.9,1013,30,9,154,4,Haiti
2020-08-31,32,20,0.0,12.7,6,82,05:24 PM,04:05 AM,05:35 AM,06:04 PM,21,28,28,26,7,35,78,1.1,1014,32,10,169,5,Haiti
2020-09-01,30,21,0.0,11.9,6,97,06:04 PM,04:59 AM,05:35 AM,06:03 PM,20,29,29,26,7,50,77,2.5,1013,30,10,163,5,Haiti
2020-09-02,32,19,0.0,9.2,6,100,06:41 PM,05:50 AM,05:35 AM,06:02 PM,21,28,28,25,8,69,80,9.4,1012,32,9,129,5,Haiti
2020-09-03,32,20,0.0,12.7,6,88,07:16 PM,06:40 AM,05:35 AM,06:02 PM,20,28,28,26,7,32,78,1.4,1011,32,10,183,5,Haiti
2020-09-04,31,19,0.0,11.9,6,81,07:50 PM,07:28 AM,05:36 AM,06:01 PM,20,28,28,26,9,37,75,3.1,1013,31,10,109,6,Haiti
2020-09-05,32,19,0.0,12.6,6,73,08:23 PM,08:15 AM,05:36 AM,06:00 PM,19,29,29,26,9,32,71,0.1,1014,32,10,135,6,Haiti
2020-09-06,32,20,0.0,10.2,6,66,08:58 PM,09:03 AM,05:36 AM,05:59 PM,20,28,28,25,8,37,76,4.6,1012,32,10,169,5,Haiti
2020-09-07,30,18,0.0,11.6,6,58,09:35 PM,09:52 AM,05:36 AM,05:58 PM,20,26,26,24,8,57,82,10.6,1010,30,9,162,5,Haiti
2020-09-08,31,19,0.0,10.2,6,50,10:14 PM,10:42 AM,05:36 AM,05:57 PM,20,26,26,24,8,49,81,4.6,1010,31,9,163,5,Haiti
2020-09-09,32,18,0.0,10.2,6,43,10:57 PM,11:34 AM,05:36 AM,05:56 PM,20,26,26,24,8,48,78,3.3,1012,32,10,164,5,Haiti
2020-09-10,31,20,0.0,10.2,6,35,11:45 PM,12:27 PM,05:37 AM,05:56 PM,21,29,29,26,8,46,78,5.4,1013,31,9,169,5,Haiti
2020-09-11,30,20,0.0,10.2,6,28,No moonrise,01:22 PM,05:37 AM,05:55 PM,20,26,26,24,7,40,81,8.6,1011,30,9,212,4,Haiti
2020-09-12,30,20,0.0,10.2,6,20,12:38 AM,02:16 PM,05:37 AM,05:54 PM,21,28,28,25,6,55,82,9.1,1010,30,9,199,4,Haiti
2020-09-13,30,20,0.0,11.6,6,13,01:35 AM,03:10 PM,05:37 AM,05:53 PM,21,29,29,26,8,52,81,14.6,1011,30,9,167,5,Haiti
2020-09-14,31,19,0.0,11.6,6,5,02:35 AM,04:02 PM,05:37 AM,05:52 PM,21,29,29,26,7,44,80,5.4,1013,31,10,163,4,Haiti
2020-09-15,31,20,0.0,7.5,6,0,03:38 AM,04:51 PM,05:37 AM,05:51 PM,21,29,29,26,9,61,80,15.2,1014,31,9,163,5,Haiti
2020-09-16,31,20,0.0,8.8,6,0,04:40 AM,05:38 PM,05:38 AM,05:50 PM,21,27,27,25,8,65,79,14.2,1013,31,9,124,4,Haiti
2020-09-17,32,19,0.0,11.6,6,0,05:43 AM,06:22 PM,05:38 AM,05:50 PM,20,28,28,25,7,18,77,0.4,1013,32,10,166,5,Haiti
2020-09-18,31,20,0.0,10.2,6,2,06:44 AM,07:06 PM,05:38 AM,05:49 PM,21,30,30,26,5,37,79,0.5,1012,31,10,197,4,Haiti
2020-09-19,30,19,0.0,8.8,6,10,07:47 AM,07:51 PM,05:38 AM,05:48 PM,21,28,28,25,5,57,81,1.9,1011,30,10,206,4,Haiti
2020-09-20,30,19,0.0,10.2,6,17,08:49 AM,08:37 PM,05:38 AM,05:47 PM,21,29,29,26,7,51,82,6.2,1012,30,9,200,4,Haiti
2020-09-21,30,20,0.0,7.4,6,25,09:52 AM,09:26 PM,05:38 AM,05:46 PM,21,28,28,26,7,74,82,10.9,1012,30,9,165,4,Haiti
2020-09-22,31,20,0.0,11.6,6,32,10:55 AM,10:18 PM,05:39 AM,05:45 PM,21,29,29,26,6,42,81,4.5,1012,31,9,170,4,Haiti
2020-09-23,32,21,0.0,11.6,6,40,11:56 AM,11:13 PM,05:39 AM,05:44 PM,22,31,31,27,5,30,77,5.0,1013,32,9,149,3,Haiti
2020-09-24,33,20,0.0,11.6,6,47,12:55 PM,No moonset,05:39 AM,05:44 PM,21,30,30,27,7,45,75,2.6,1014,33,10,174,5,Haiti
2020-09-25,33,20,0.0,11.6,6,55,01:49 PM,12:09 AM,05:39 AM,05:43 PM,21,30,30,27,8,30,75,4.1,1015,33,10,171,5,Haiti
2020-09-26,31,20,0.0,11.6,6,62,02:38 PM,01:05 AM,05:39 AM,05:42 PM,20,28,28,26,7,45,78,10.7,1014,31,9,166,4,Haiti
2020-09-27,31,20,0.0,11.6,6,70,03:24 PM,02:01 AM,05:39 AM,05:41 PM,19,27,27,25,5,30,75,1.3,1012,31,10,159,4,Haiti
2020-09-28,31,19,0.0,10.2,6,78,04:04 PM,02:54 AM,05:40 AM,05:40 PM,20,28,28,25,6,32,76,5.0,1011,31,10,168,4,Haiti
2020-09-29,29,20,0.0,8.8,6,85,04:41 PM,03:46 AM,05:40 AM,05:39 PM,20,28,28,25,11,51,78,4.7,1012,29,9,114,7,Haiti
2020-09-30,31,19,0.0,8.8,6,93,05:17 PM,04:35 AM,05:40 AM,05:38 PM,20,29,29,26,9,56,75,1.4,1013,31,10,98,5,Haiti
2020-10-01,32,19,0.0,10.2,6,97,05:50 PM,05:24 AM,05:40 AM,05:38 PM,20,29,29,26,11,57,76,7.5,1012,32,9,156,6,Haiti
2020-10-02,32,19,0.0,8.8,6,100,06:24 PM,06:11 AM,05:40 AM,05:37 PM,20,30,30,27,10,35,75,11.7,1011,32,9,101,6,Haiti
2020-10-03,32,20,0.0,10.2,6,89,06:58 PM,06:59 AM,05:41 AM,05:36 PM,19,29,29,27,11,16,70,0.1,1011,32,10,112,8,Haiti
2020-10-04,29,18,0.0,10.2,6,82,07:34 PM,07:48 AM,05:41 AM,05:35 PM,19,25,25,23,13,45,81,10.9,1011,29,9,103,8,Haiti
2020-10-05,30,18,0.0,10.2,6,74,08:12 PM,08:37 AM,05:41 AM,05:34 PM,19,26,26,24,6,49,76,1.3,1012,30,10,119,4,Haiti
2020-10-06,31,19,0.0,10.2,6,67,08:53 PM,09:28 AM,05:41 AM,05:34 PM,21,29,29,26,6,39,80,8.1,1012,31,9,166,4,Haiti
2020-10-07,31,18,0.0,6.0,6,60,09:39 PM,10:20 AM,05:42 AM,05:33 PM,20,27,27,25,7,76,80,19.3,1012,31,8,142,4,Haiti
2020-10-08,30,18,0.0,10.2,6,53,10:28 PM,11:13 AM,05:42 AM,05:32 PM,20,26,26,24,7,36,79,8.7,1013,30,9,144,4,Haiti
2020-10-09,31,20,0.0,11.6,6,45,11:23 PM,12:07 PM,05:42 AM,05:31 PM,21,28,28,25,8,34,81,9.0,1014,31,9,162,5,Haiti
2020-10-10,31,19,0.0,11.6,6,38,No moonrise,01:00 PM,05:42 AM,05:30 PM,21,28,28,25,6,46,82,4.4,1014,31,10,175,4,Haiti
2020-10-11,31,18,0.0,10.2,6,31,12:19 AM,01:51 PM,05:43 AM,05:30 PM,20,26,26,24,6,48,83,12.5,1013,31,9,168,4,Haiti
2020-10-12,31,19,0.0,8.8,6,23,01:20 AM,02:39 PM,05:43 AM,05:29 PM,20,26,26,24,8,63,82,16.6,1012,31,9,139,4,Haiti
2020-10-13,30,20,0.0,11.6,6,16,02:20 AM,03:26 PM,05:43 AM,05:28 PM,21,27,27,25,8,37,81,2.7,1011,30,10,155,5,Haiti
2020-10-14,31,19,0.0,11.6,6,9,03:22 AM,04:10 PM,05:43 AM,05:27 PM,20,26,26,24,8,31,78,3.7,1011,31,10,170,4,Haiti
2020-10-15,31,19,0.0,10.2,6,2,04:23 AM,04:54 PM,05:44 AM,05:27 PM,21,27,27,25,7,48,82,10.6,1012,31,9,165,4,Haiti
2020-10-16,31,20,0.0,10.2,6,0,05:26 AM,05:39 PM,05:44 AM,05:26 PM,21,28,28,25,6,38,81,9.4,1012,31,9,155,4,Haiti
2020-10-17,31,20,0.0,5.9,6,0,06:29 AM,06:25 PM,05:44 AM,05:25 PM,21,29,29,26,7,67,81,25.9,1012,31,8,113,4,Haiti
2020-10-18,30,19,0.0,7.3,6,5,07:34 AM,07:14 PM,05:44 AM,05:25 PM,21,28,28,25,7,69,82,11.4,1011,30,9,172,4,Haiti
2020-10-19,30,20,0.0,11.6,6,13,08:39 AM,08:07 PM,05:45 AM,05:24 PM,21,28,28,25,6,44,81,1.5,1010,30,10,161,4,Haiti
2020-10-20,30,17,0.0,8.7,6,20,09:44 AM,09:03 PM,05:45 AM,05:23 PM,20,27,27,24,7,53,81,12.2,1011,30,9,162,4,Haiti
2020-10-21,30,18,0.0,7.3,6,27,10:46 AM,10:00 PM,05:45 AM,05:23 PM,20,27,27,25,8,65,80,11.8,1012,30,9,148,5,Haiti
2020-10-22,30,18,0.0,7.3,6,35,11:44 AM,10:59 PM,05:46 AM,05:22 PM,20,26,26,24,8,59,82,21.4,1013,30,8,150,4,Haiti
2020-10-23,31,20,0.0,11.6,6,42,12:36 PM,11:56 PM,05:46 AM,05:21 PM,20,27,27,25,6,43,77,2.2,1013,31,10,143,4,Haiti
2020-10-24,31,19,0.0,10.2,6,49,01:23 PM,No moonset,05:46 AM,05:21 PM,21,28,28,25,8,34,79,6.1,1013,31,10,87,5,Haiti
2020-10-25,31,18,0.0,11.6,6,56,02:05 PM,12:50 AM,05:47 AM,05:20 PM,20,27,27,25,7,39,79,1.0,1013,31,10,97,4,Haiti
2020-10-26,31,18,0.0,11.6,6,64,02:43 PM,01:43 AM,05:47 AM,05:20 PM,20,27,27,24,7,27,78,0.8,1014,31,10,135,5,Haiti
2020-10-27,30,18,0.0,11.6,6,71,03:18 PM,02:32 AM,05:48 AM,05:19 PM,20,28,28,25,7,38,81,0.6,1013,30,10,125,5,Haiti
2020-10-28,30,19,0.0,11.6,6,78,03:52 PM,03:21 AM,05:48 AM,05:18 PM,20,26,26,24,8,30,80,7.5,1012,30,9,112,5,Haiti
2020-10-29,30,19,0.0,11.6,6,85,04:25 PM,04:08 AM,05:48 AM,05:18 PM,21,26,26,24,6,37,82,0.6,1011,30,10,148,4,Haiti
2020-10-30,30,20,0.0,10.2,6,93,04:59 PM,04:56 AM,05:49 AM,05:17 PM,21,28,28,25,6,36,80,7.6,1012,30,9,145,4,Haiti
2020-10-31,31,20,0.0,11.6,6,97,05:34 PM,05:44 AM,05:49 AM,05:17 PM,21,29,29,25,9,59,81,4.8,1012,31,9,111,6,Haiti
2020-11-01,30,19,0.0,11.6,6,89,06:11 PM,06:33 AM,05:50 AM,05:16 PM,20,28,28,25,11,18,76,0.1,1013,30,10,98,8,Haiti
2020-11-02,31,19,0.0,11.6,7,81,06:52 PM,07:24 AM,05:50 AM,05:16 PM,19,27,27,25,9,10,74,0.0,1011,31,10,111,6,Haiti
2020-11-03,29,20,0.0,10.2,6,74,07:36 PM,08:16 AM,05:50 AM,05:16 PM,21,27,27,24,10,68,85,19.2,1012,29,9,115,6,Haiti
2020-11-04,26,18,0.0,10.2,5,66,08:24 PM,09:09 AM,05:51 AM,05:15 PM,19,22,22,21,10,56,87,25.9,1014,26,9,110,6,Haiti
2020-11-05,28,18,0.0,11.6,6,58,09:16 PM,10:02 AM,05:51 AM,05:15 PM,18,25,25,23,7,49,76,0.7,1013,28,10,138,5,Haiti
2020-11-06,29,17,0.0,10.2,6,51,10:11 PM,10:54 AM,05:52 AM,05:14 PM,18,24,24,23,6,57,78,1.1,1011,29,10,130,4,Haiti
2020-11-07,28,18,0.0,11.6,6,43,11:08 PM,11:45 AM,05:52 AM,05:14 PM,18,24,24,23,8,49,79,0.1,1011,28,10,124,5,Haiti
2020-11-08,27,18,0.0,8.7,5,36,No moonrise,12:33 PM,05:53 AM,05:14 PM,19,23,23,22,13,57,85,1.0,1010,27,10,138,7,Haiti
2020-11-09,30,19,0.0,10.2,6,28,12:07 AM,01:18 PM,05:53 AM,05:13 PM,21,27,27,24,10,54,83,11.1,1012,30,9,144,6,Haiti
2020-11-10,30,19,0.0,10.1,6,21,01:06 AM,02:02 PM,05:54 AM,05:13 PM,19,26,26,24,6,51,80,8.3,1012,30,9,171,4,Haiti
2020-11-11,28,19,0.0,10.1,6,13,02:05 AM,02:44 PM,05:54 AM,05:13 PM,20,25,25,23,5,56,87,9.9,1011,28,9,176,4,Haiti
2020-11-12,29,18,0.0,10.1,6,6,03:05 AM,03:27 PM,05:55 AM,05:12 PM,20,25,25,23,10,43,85,6.4,1011,29,9,78,6,Haiti
2020-11-13,29,19,0.0,11.6,6,0,04:06 AM,04:11 PM,05:55 AM,05:12 PM,20,26,26,24,10,32,84,2.2,1012,29,10,80,6,Haiti
2020-11-14,29,18,0.0,11.6,7,0,05:10 AM,04:59 PM,05:56 AM,05:12 PM,19,26,26,24,10,5,77,0.0,1012,29,10,84,7,Haiti
2020-11-15,30,18,0.0,11.6,7,0,06:15 AM,05:50 PM,05:56 AM,05:12 PM,20,27,27,24,10,3,78,0.0,1013,30,10,85,7,Haiti
2020-11-16,28,19,0.0,11.6,6,2,07:22 AM,06:45 PM,05:57 AM,05:12 PM,20,25,25,24,8,24,81,0.6,1013,28,10,78,5,Haiti
2020-11-17,29,18,0.0,11.5,5,9,08:28 AM,07:45 PM,05:57 AM,05:11 PM,18,23,23,22,7,15,78,0.2,1013,29,10,172,4,Haiti
2020-11-18,29,17,0.0,10.1,6,17,09:31 AM,08:45 PM,05:58 AM,05:11 PM,18,25,25,23,8,40,80,11.1,1013,29,9,144,5,Haiti
2020-11-19,29,17,0.0,10.1,6,24,10:27 AM,09:45 PM,05:59 AM,05:11 PM,19,25,25,23,8,49,83,5.9,1014,29,9,104,5,Haiti
2020-11-20,28,19,0.0,10.1,6,32,11:18 AM,10:42 PM,05:59 AM,05:11 PM,20,25,25,23,8,51,83,10.1,1014,28,9,106,5,Haiti
2020-11-21,28,18,0.0,11.1,6,39,12:03 PM,11:37 PM,06:00 AM,05:11 PM,19,25,25,23,8,30,80,2.6,1013,28,10,75,5,Haiti
2020-11-22,29,18,0.0,10.1,6,47,12:43 PM,No moonset,06:00 AM,05:11 PM,19,26,26,24,6,46,82,3.8,1013,29,10,122,4,Haiti
2020-11-23,29,18,0.0,8.7,6,54,01:19 PM,12:28 AM,06:01 AM,05:11 PM,21,26,26,24,6,40,84,4.6,1013,29,10,177,4,Haiti
2020-11-24,28,19,0.0,5.7,5,62,01:54 PM,01:18 AM,06:01 AM,05:11 PM,19,24,24,22,10,60,85,6.4,1014,28,10,98,6,Haiti
2020-11-25,28,18,0.0,8.7,6,70,02:27 PM,02:05 AM,06:02 AM,05:11 PM,20,25,25,23,8,31,85,0.2,1015,28,10,59,5,Haiti
2020-11-26,29,17,0.0,8.7,6,77,03:00 PM,02:52 AM,06:03 AM,05:11 PM,19,25,25,23,8,25,82,0.4,1014,29,10,112,5,Haiti
2020-11-27,29,17,0.0,8.7,6,85,03:35 PM,03:40 AM,06:03 AM,05:11 PM,18,25,25,23,6,13,81,0.1,1014,29,10,152,4,Haiti
2020-11-28,29,18,0.0,8.7,7,92,04:11 PM,04:28 AM,06:04 AM,05:11 PM,18,26,26,24,5,1,76,0.0,1014,29,10,145,4,Haiti
2020-11-29,28,16,0.0,7.2,5,100,04:50 PM,05:19 AM,06:04 AM,05:11 PM,18,23,23,22,7,39,83,1.3,1015,28,10,98,5,Haiti
2020-11-30,27,17,0.0,8.7,5,100,05:34 PM,06:11 AM,06:05 AM,05:11 PM,18,24,24,22,7,22,82,0.3,1015,27,10,154,5,Haiti
2020-12-01,29,19,0.0,8.7,7,89,06:21 PM,07:04 AM,06:06 AM,05:12 PM,18,25,25,23,6,2,75,0.0,1014,29,10,165,4,Haiti
2020-12-02,28,16,0.0,8.7,5,82,07:12 PM,07:58 AM,06:06 AM,05:12 PM,18,24,24,22,7,21,79,0.1,1015,28,10,102,5,Haiti
2020-12-03,28,16,0.0,7.2,5,75,08:06 PM,08:51 AM,06:07 AM,05:12 PM,18,24,24,22,9,32,80,0.6,1015,28,10,109,6,Haiti
2020-12-04,28,17,0.0,8.7,5,67,09:03 PM,09:43 AM,06:07 AM,05:12 PM,19,24,24,22,6,31,82,0.3,1016,28,10,167,4,Haiti
2020-12-05,28,16,0.0,8.7,6,60,10:00 PM,10:31 AM,06:08 AM,05:12 PM,19,25,25,23,4,34,82,0.5,1016,28,10,161,3,Haiti
2020-12-06,28,17,0.0,8.7,6,53,10:58 PM,11:16 AM,06:09 AM,05:13 PM,18,25,25,23,5,24,79,0.2,1015,28,10,164,4,Haiti
2020-12-07,28,18,0.0,8.7,5,46,11:55 PM,11:59 AM,06:09 AM,05:13 PM,18,25,25,23,5,21,78,0.1,1014,28,10,180,3,Haiti
2020-12-08,28,17,0.0,8.7,6,38,No moonrise,12:40 PM,06:10 AM,05:13 PM,18,25,25,23,5,20,81,0.4,1015,28,10,181,3,Haiti
2020-12-09,28,17,0.0,7.2,5,31,12:52 AM,01:21 PM,06:10 AM,05:13 PM,18,24,24,22,5,30,82,0.6,1016,28,10,178,4,Haiti
2020-12-10,27,16,0.0,7.2,5,24,01:51 AM,02:03 PM,06:11 AM,05:14 PM,19,24,24,22,8,64,86,4.6,1015,27,10,147,5,Haiti
2020-12-11,28,16,0.0,7.2,6,17,02:51 AM,02:47 PM,06:12 AM,05:14 PM,18,25,25,23,8,37,83,1.7,1015,28,10,111,5,Haiti
2020-12-12,28,15,0.0,7.2,6,9,03:54 AM,03:35 PM,06:12 AM,05:15 PM,17,24,24,22,6,29,77,0.8,1015,28,10,113,4,Haiti
2020-12-13,29,17,0.0,7.2,6,2,04:58 AM,04:27 PM,06:13 AM,05:15 PM,18,24,24,22,7,16,78,0.1,1016,29,10,156,4,Haiti
2020-12-14,29,18,0.0,8.7,6,0,06:05 AM,05:25 PM,06:13 AM,05:15 PM,19,26,26,24,5,14,81,0.2,1015,29,10,173,4,Haiti
2020-12-15,29,17,0.0,8.7,6,0,07:10 AM,06:25 PM,06:14 AM,05:16 PM,19,26,26,24,5,36,82,0.4,1014,29,10,171,3,Haiti
2020-12-16,29,17,0.0,8.7,6,5,08:11 AM,07:27 PM,06:14 AM,05:16 PM,18,24,24,23,6,18,78,0.1,1014,29,10,96,4,Haiti
2020-12-17,28,17,0.0,8.7,5,12,09:06 AM,08:27 PM,06:15 AM,05:17 PM,18,24,24,22,6,16,77,0.1,1015,28,10,177,4,Haiti
2020-12-18,29,17,0.0,8.7,6,20,09:55 AM,09:25 PM,06:15 AM,05:17 PM,18,24,24,23,6,24,81,0.1,1016,29,10,99,4,Haiti
2020-12-19,29,18,0.0,8.7,6,27,10:38 AM,10:19 PM,06:16 AM,05:18 PM,19,25,25,24,7,32,81,0.3,1015,29,10,128,5,Haiti
2020-12-20,29,18,0.0,8.7,6,34,11:17 AM,11:11 PM,06:17 AM,05:18 PM,19,26,26,24,7,25,77,0.4,1015,29,10,112,5,Haiti
2020-12-21,30,18,0.0,8.7,6,41,11:53 AM,11:59 PM,06:17 AM,05:19 PM,18,25,25,23,6,14,75,0.1,1016,30,10,183,4,Haiti
2020-12-22,29,19,0.0,8.7,6,49,12:26 PM,No moonset,06:17 AM,05:19 PM,18,26,26,23,6,16,77,0.1,1016,29,10,164,4,Haiti
2020-12-23,29,17,0.0,8.7,7,56,01:00 PM,12:47 AM,06:18 AM,05:20 PM,17,24,24,23,7,10,75,0.0,1016,29,10,126,5,Haiti
2020-12-24,29,18,0.0,8.7,7,63,01:34 PM,01:35 AM,06:18 AM,05:20 PM,17,26,26,24,7,12,72,0.0,1015,29,10,154,5,Haiti
2020-12-25,28,18,0.0,8.7,6,70,02:09 PM,02:22 AM,06:19 AM,05:21 PM,18,25,25,23,5,24,79,0.4,1014,28,10,166,4,Haiti
2020-12-26,27,17,0.0,7.2,5,78,02:47 PM,03:12 AM,06:19 AM,05:21 PM,18,23,23,22,6,31,82,1.3,1012,27,10,176,4,Haiti
2020-12-27,27,17,0.0,7.2,5,85,03:29 PM,04:03 AM,06:20 AM,05:22 PM,18,25,25,23,6,60,82,4.6,1013,27,10,165,4,Haiti
2020-12-28,27,16,0.0,8.7,5,92,04:15 PM,04:57 AM,06:20 AM,05:22 PM,17,23,23,22,6,37,81,0.3,1015,27,10,174,4,Haiti
2020-12-29,27,16,0.0,8.7,6,100,05:06 PM,05:51 AM,06:21 AM,05:23 PM,17,24,24,22,10,20,79,0.0,1015,27,10,44,6,Haiti
2020-12-30,28,17,0.0,8.7,6,100,06:00 PM,06:45 AM,06:21 AM,05:24 PM,17,24,24,23,8,4,75,0.0,1015,28,10,66,6,Haiti
2020-12-31,28,17,0.0,8.7,7,89,06:57 PM,07:39 AM,06:21 AM,05:24 PM,15,24,24,23,10,3,70,0.0,1016,28,10,82,7,Haiti
2021-01-01,29,16,0.0,8.7,7,79,07:55 PM,08:28 AM,06:22 AM,05:25 PM,15,24,24,23,13,4,68,0.0,1018,29,10,89,9,Haiti
2021-01-02,29,17,0.0,8.7,7,71,08:53 PM,09:15 AM,06:22 AM,05:25 PM,17,25,25,23,10,0,71,0.0,1018,29,10,78,7,Haiti
2021-01-03,29,20,0.0,8.7,6,64,09:51 PM,09:59 AM,06:22 AM,05:26 PM,18,24,24,23,6,1,74,0.0,1017,29,10,105,5,Haiti
2021-01-04,28,19,0.0,8.7,7,57,10:47 PM,10:40 AM,06:23 AM,05:27 PM,17,25,25,23,5,1,70,0.0,1015,28,10,183,4,Haiti
2021-01-05,29,19,0.0,8.7,7,50,11:44 PM,11:21 AM,06:23 AM,05:27 PM,17,26,26,24,4,0,71,0.0,1015,29,10,177,3,Haiti
2021-01-06,28,18,0.0,8.7,6,42,No moonrise,12:00 PM,06:23 AM,05:28 PM,15,24,24,23,6,5,68,0.0,1015,28,10,113,4,Haiti
2021-01-07,26,15,0.0,8.7,5,35,12:41 AM,12:42 PM,06:23 AM,05:28 PM,14,22,22,21,8,34,69,0.7,1015,26,10,166,5,Haiti
2021-01-08,28,16,0.0,8.7,5,28,01:41 AM,01:27 PM,06:24 AM,05:29 PM,17,24,24,22,7,31,79,0.3,1015,28,10,164,5,Haiti
2021-01-09,29,18,0.0,7.2,6,20,02:42 AM,02:15 PM,06:24 AM,05:30 PM,18,24,24,23,7,29,76,0.6,1016,29,10,131,5,Haiti
2021-01-10,28,18,0.0,7.2,5,13,03:46 AM,03:09 PM,06:24 AM,05:30 PM,18,24,24,23,10,39,79,0.1,1017,28,10,111,6,Haiti
2021-01-11,30,16,0.0,8.7,7,6,04:50 AM,04:07 PM,06:24 AM,05:31 PM,17,25,25,24,9,15,73,0.0,1017,30,10,87,6,Haiti
2021-01-12,29,17,0.0,7.2,6,0,05:53 AM,05:08 PM,06:24 AM,05:32 PM,16,26,26,24,8,19,71,0.0,1018,29,10,137,5,Haiti
2021-01-13,30,16,0.0,8.7,7,0,06:51 AM,06:09 PM,06:24 AM,05:32 PM,14,25,25,23,8,9,65,0.0,1016,30,10,113,5,Haiti
2021-01-14,30,16,0.0,8.7,7,1,07:44 AM,07:09 PM,06:24 AM,05:33 PM,16,25,25,23,8,10,72,0.0,1015,30,10,173,5,Haiti
2021-01-15,29,16,0.0,7.2,6,8,08:30 AM,08:06 PM,06:24 AM,05:34 PM,16,24,24,23,6,22,70,0.1,1014,29,10,114,4,Haiti
2021-01-16,31,18,0.0,8.7,7,16,09:12 AM,09:00 PM,06:24 AM,05:34 PM,16,24,24,24,7,9,68,0.0,1015,31,10,171,4,Haiti
2021-01-17,29,17,0.0,8.7,7,23,09:49 AM,09:50 PM,06:25 AM,05:35 PM,16,25,25,23,7,8,70,0.0,1015,29,10,170,5,Haiti
2021-01-18,30,19,0.0,8.7,7,30,10:24 AM,10:39 PM,06:25 AM,05:35 PM,17,26,26,24,6,10,71,0.0,1017,30,10,164,4,Haiti
2021-01-19,29,17,0.0,8.7,7,38,10:58 AM,11:27 PM,06:25 AM,05:36 PM,17,26,26,24,8,9,76,0.0,1017,29,10,128,5,Haiti
2021-01-20,29,18,0.0,8.7,7,45,11:32 AM,No moonset,06:24 AM,05:37 PM,17,26,26,24,8,25,72,0.1,1016,29,10,135,5,Haiti
2021-01-21,28,16,0.0,8.7,5,52,12:06 PM,12:15 AM,06:24 AM,05:37 PM,17,24,24,22,7,43,78,1.1,1015,28,10,164,5,Haiti
2021-01-22,29,18,0.0,8.7,6,59,12:43 PM,01:04 AM,06:24 AM,05:38 PM,18,25,25,24,7,41,78,0.6,1015,29,10,131,5,Haiti
2021-01-23,30,18,0.0,8.7,7,67,01:23 PM,01:54 AM,06:24 AM,05:39 PM,18,26,26,24,7,15,74,0.1,1016,30,10,130,4,Haiti
2021-01-24,29,17,0.0,8.7,6,74,02:07 PM,02:46 AM,06:24 AM,05:39 PM,18,26,26,24,8,28,75,0.3,1015,29,10,167,5,Haiti
2021-01-25,29,16,0.0,8.7,7,81,02:56 PM,03:40 AM,06:24 AM,05:40 PM,17,25,25,23,9,6,73,0.0,1015,29,10,133,6,Haiti
2021-01-26,30,16,0.0,8.7,7,88,03:49 PM,04:35 AM,06:24 AM,05:40 PM,16,26,26,24,8,16,68,0.0,1016,30,10,140,5,Haiti
2021-01-27,29,18,0.0,8.7,7,96,04:46 PM,05:29 AM,06:24 AM,05:41 PM,17,26,26,24,8,9,70,0.0,1016,29,10,169,5,Haiti
2021-01-28,30,16,0.0,8.7,7,100,05:45 PM,06:21 AM,06:23 AM,05:41 PM,17,25,25,23,8,13,74,0.3,1016,30,10,191,5,Haiti
2021-01-29,29,15,0.0,8.7,7,90,06:44 PM,07:10 AM,06:23 AM,05:42 PM,16,25,25,23,9,18,73,0.1,1015,29,10,145,6,Haiti
2021-01-30,27,16,0.0,7.2,5,82,07:44 PM,07:56 AM,06:23 AM,05:43 PM,16,24,24,22,12,38,77,0.2,1017,27,10,95,7,Haiti
2021-01-31,29,16,0.0,7.2,6,79,08:42 PM,08:39 AM,06:23 AM,05:43 PM,16,24,24,23,11,35,74,0.2,1016,29,10,106,7,Haiti
2021-02-01,29,16,0.0,8.7,6,63,09:40 PM,09:20 AM,06:22 AM,05:44 PM,17,25,25,23,8,41,74,0.2,1015,29,10,168,5,Haiti
2021-02-02,29,18,0.0,7.2,6,55,10:37 PM,10:01 AM,06:22 AM,05:44 PM,18,25,25,23,7,36,76,5.6,1014,29,10,227,5,Haiti
2021-02-03,26,19,0.0,5.7,5,48,11:36 PM,10:41 AM,06:22 AM,05:45 PM,18,23,23,22,8,70,82,5.6,1015,26,10,166,6,Haiti
2021-02-04,28,17,0.0,8.7,6,40,No moonrise,11:25 AM,06:22 AM,05:45 PM,17,25,25,23,10,27,78,0.2,1016,28,10,92,7,Haiti
2021-02-05,30,17,0.0,8.7,6,33,12:35 AM,12:11 PM,06:21 AM,05:46 PM,17,25,25,24,10,37,75,0.6,1016,30,10,132,6,Haiti
2021-02-06,31,17,0.0,8.7,7,25,01:37 AM,01:01 PM,06:21 AM,05:46 PM,17,27,27,25,11,15,68,0.1,1016,31,10,103,7,Haiti
2021-02-07,30,18,0.0,8.7,7,18,02:39 AM,01:56 PM,06:20 AM,05:47 PM,16,25,25,24,8,7,65,0.0,1016,30,10,142,5,Haiti
