date_time,Latvia_maxtempC,Latvia_mintempC,Latvia_totalSnow_cm,Latvia_sunHour,Latvia_uvIndex,Latvia_moon_illumination,Latvia_moonrise,Latvia_moonset,Latvia_sunrise,Latvia_sunset,Latvia_DewPointC,Latvia_FeelsLikeC,Latvia_HeatIndexC,Latvia_WindChillC,Latvia_WindGustKmph,Latvia_cloudcover,Latvia_humidity,Latvia_precipMM,Latvia_pressure,Latvia_tempC,Latvia_visibility,Latvia_winddirDegree,Latvia_windspeedKmph,Latvia_location
2020-01-01,3,-3,0.0,5.8,1,37,12:09 PM,10:56 PM,09:01 AM,03:53 PM,-1,-2,2,-2,30,31,78,0.0,1018,3,10,273,19,Latvia
2020-01-02,5,-4,0.0,5.8,2,44,12:20 PM,No moonset,09:01 AM,03:54 PM,1,-0,4,-0,29,28,82,0.0,1014,5,10,242,17,Latvia
2020-01-03,5,1,0.0,3.7,1,51,12:31 PM,12:08 AM,09:01 AM,03:55 PM,1,-0,4,-0,35,45,79,1.7,1008,5,9,225,21,Latvia
2020-01-04,3,-1,0.2,4.5,1,59,12:43 PM,01:20 AM,09:00 AM,03:57 PM,-1,-2,3,-2,35,68,72,2.6,999,3,9,265,23,Latvia
2020-01-05,2,-2,0.0,6.6,1,66,12:56 PM,02:33 AM,09:00 AM,03:58 PM,-5,-4,1,-4,37,67,62,1.1,1017,2,7,310,25,Latvia
2020-01-06,5,-3,0.0,4.7,1,73,01:11 PM,03:49 AM,08:59 AM,03:59 PM,2,-1,3,-1,25,90,91,6.8,1018,5,6,236,16,Latvia
2020-01-07,5,0,0.0,2.8,2,80,01:31 PM,05:07 AM,08:59 AM,04:01 PM,4,1,5,1,23,97,92,1.5,1020,5,6,218,15,Latvia
2020-01-08,4,-1,0.0,2.8,1,88,01:59 PM,06:25 AM,08:58 AM,04:03 PM,1,-1,3,-1,32,91,87,2.3,1016,4,8,208,21,Latvia
2020-01-09,4,-1,0.0,7.5,1,95,02:39 PM,07:40 AM,08:57 AM,04:04 PM,1,-0,3,-0,23,47,85,0.1,1013,4,10,246,14,Latvia
2020-01-10,3,-2,0.0,2.8,1,100,03:35 PM,08:45 AM,08:56 AM,04:06 PM,2,-1,2,-1,18,97,94,4.8,1011,3,7,131,12,Latvia
2020-01-11,2,-1,0.0,7.5,2,100,04:47 PM,09:37 AM,08:55 AM,04:07 PM,-1,-1,1,-1,17,32,85,0.0,1021,2,10,119,11,Latvia
2020-01-12,5,-2,0.0,2.8,1,83,06:12 PM,10:14 AM,08:54 AM,04:09 PM,2,-0,4,-0,38,93,83,2.6,1013,5,9,229,24,Latvia
2020-01-13,5,3,0.0,6.7,1,76,07:42 PM,10:41 AM,08:53 AM,04:11 PM,3,1,4,1,20,78,91,0.0,1011,5,7,236,12,Latvia
2020-01-14,4,-0,0.0,6.8,1,69,09:13 PM,11:02 AM,08:52 AM,04:13 PM,1,-1,2,-1,30,68,89,0.4,1013,4,9,199,18,Latvia
2020-01-15,7,-3,0.0,2.9,2,61,10:42 PM,11:18 AM,08:51 AM,04:15 PM,2,0,4,0,40,87,80,0.5,1011,7,8,202,26,Latvia
2020-01-16,7,5,0.0,4.8,2,54,No moonrise,11:33 AM,08:50 AM,04:17 PM,3,2,6,2,35,75,77,0.5,1016,7,10,237,22,Latvia
2020-01-17,4,2,0.0,7.7,1,47,12:10 AM,11:47 AM,08:49 AM,04:19 PM,2,-0,3,-0,25,38,87,0.0,1026,4,10,211,16,Latvia
2020-01-18,3,-3,0.0,2.9,1,40,01:37 AM,12:02 PM,08:47 AM,04:21 PM,-1,-2,2,-2,28,69,80,0.0,1017,3,10,188,18,Latvia
2020-01-19,4,-3,0.0,7.8,2,32,03:03 AM,12:19 PM,08:46 AM,04:23 PM,1,-0,2,-0,16,49,88,0.0,1024,4,10,203,10,Latvia
2020-01-20,4,1,0.0,7.8,1,25,04:27 AM,12:41 PM,08:44 AM,04:25 PM,-0,-2,2,-2,27,30,81,0.0,1033,4,10,256,16,Latvia
2020-01-21,8,-1,0.0,2.9,2,18,05:48 AM,01:11 PM,08:43 AM,04:27 PM,4,2,6,2,37,81,84,0.2,1020,8,9,267,23,Latvia
2020-01-22,4,3,0.1,3.0,1,11,07:01 AM,01:51 PM,08:41 AM,04:29 PM,-2,-2,3,-2,45,70,69,0.8,1012,4,8,309,30,Latvia
2020-01-23,3,0,0.3,3.0,1,3,08:00 AM,02:43 PM,08:40 AM,04:31 PM,-1,-2,3,-2,33,72,73,0.4,1021,3,8,289,22,Latvia
2020-01-24,7,-1,0.0,3.0,2,0,08:46 AM,03:47 PM,08:38 AM,04:33 PM,4,3,6,3,33,91,84,0.7,1009,7,9,259,20,Latvia
2020-01-25,5,2,0.0,8.0,1,0,09:19 AM,04:58 PM,08:36 AM,04:35 PM,0,-1,4,-1,33,35,78,0.1,1008,5,10,280,21,Latvia
2020-01-26,5,-0,0.0,3.0,1,4,09:43 AM,06:12 PM,08:35 AM,04:38 PM,1,-1,3,-1,27,73,86,0.1,1013,5,10,235,17,Latvia
2020-01-27,4,3,0.0,3.0,1,11,10:01 AM,07:26 PM,08:33 AM,04:40 PM,2,1,4,1,18,100,88,0.8,1011,4,8,214,12,Latvia
2020-01-28,4,1,0.0,3.0,1,18,10:15 AM,08:39 PM,08:31 AM,04:42 PM,1,-2,2,-2,27,94,88,0.0,1003,4,9,162,18,Latvia
2020-01-29,3,-2,0.9,3.1,1,26,10:27 AM,09:52 PM,08:29 AM,04:44 PM,2,-1,2,-1,20,100,95,2.4,996,3,3,143,13,Latvia
2020-01-30,3,1,0.0,3.1,1,33,10:38 AM,11:03 PM,08:27 AM,04:47 PM,1,-0,2,-0,14,93,91,0.2,998,3,8,177,8,Latvia
2020-01-31,2,-3,0.3,3.1,1,37,10:49 AM,No moonset,08:25 AM,04:49 PM,0,-2,1,-2,18,92,92,0.4,997,2,9,138,12,Latvia
2020-02-01,5,-2,0.0,3.1,1,49,11:01 AM,12:15 AM,08:24 AM,04:51 PM,3,0,3,0,21,99,93,2.0,996,5,8,195,13,Latvia
2020-02-02,6,-1,0.1,3.1,1,57,11:15 AM,01:29 AM,08:22 AM,04:53 PM,3,1,4,1,28,94,84,0.7,987,6,9,240,19,Latvia
2020-02-03,3,2,0.0,3.1,1,64,11:33 AM,02:44 AM,08:20 AM,04:56 PM,-1,-3,2,-3,36,63,77,0.4,992,3,8,295,24,Latvia
2020-02-04,0,-2,0.0,6.9,1,72,11:56 AM,04:00 AM,08:17 AM,04:58 PM,-7,-3,0,-3,17,65,62,0.1,1000,0,10,127,11,Latvia
2020-02-05,1,-1,0.1,5.1,1,79,12:28 PM,05:16 AM,08:15 AM,05:00 PM,-7,-4,-0,-4,23,71,59,0.3,1014,1,9,205,15,Latvia
2020-02-06,3,-3,1.4,3.3,1,87,01:16 PM,06:26 AM,08:13 AM,05:03 PM,-4,-4,1,-4,35,65,71,3.2,1011,3,9,222,24,Latvia
2020-02-07,-0,-5,0.0,8.7,1,95,02:20 PM,07:25 AM,08:11 AM,05:05 PM,-10,-5,-1,-5,23,20,52,0.0,1025,-0,10,200,15,Latvia
2020-02-08,3,-4,0.0,3.4,1,100,03:40 PM,08:09 AM,08:09 AM,05:07 PM,0,-2,2,-2,23,91,88,0.4,1021,3,9,260,15,Latvia
2020-02-09,3,-1,0.0,5.2,1,100,05:11 PM,08:41 AM,08:07 AM,05:10 PM,-1,-3,1,-3,30,54,82,0.0,1014,3,10,196,19,Latvia
2020-02-10,6,-1,0.0,3.4,1,83,06:45 PM,09:05 AM,08:05 AM,05:12 PM,2,-1,4,-1,46,99,81,8.4,984,6,9,202,31,Latvia
2020-02-11,4,-4,1.3,3.4,1,75,08:18 PM,09:23 AM,08:02 AM,05:14 PM,0,-2,3,-2,33,97,79,2.5,981,4,8,225,23,Latvia
2020-02-12,4,-0,2.6,3.4,1,68,09:51 PM,09:39 AM,08:00 AM,05:17 PM,0,-1,3,-1,27,96,83,3.1,988,4,8,226,18,Latvia
2020-02-13,4,-1,0.0,8.7,2,60,11:21 PM,09:53 AM,07:58 AM,05:19 PM,-1,-2,2,-2,28,48,78,0.2,998,4,10,235,18,Latvia
2020-02-14,4,1,0.0,7.0,1,53,No moonrise,10:08 AM,07:56 AM,05:21 PM,-1,-1,2,-1,16,45,85,0.0,1013,4,10,232,10,Latvia
2020-02-15,3,0,0.0,3.6,1,45,12:50 AM,10:24 AM,07:53 AM,05:23 PM,-2,-2,1,-2,24,72,79,0.0,1020,3,10,205,15,Latvia
2020-02-16,6,1,0.0,3.7,1,38,02:16 AM,10:45 AM,07:51 AM,05:26 PM,0,-1,4,-1,43,97,76,0.5,1011,6,9,195,28,Latvia
2020-02-17,9,2,0.0,8.7,2,30,03:39 AM,11:12 AM,07:49 AM,05:28 PM,1,3,7,3,50,70,65,1.6,1002,9,7,231,31,Latvia
2020-02-18,5,2,0.0,3.7,1,22,04:54 AM,11:49 AM,07:46 AM,05:30 PM,1,0,5,0,36,95,79,1.7,1005,5,10,234,24,Latvia
2020-02-19,5,4,0.1,3.7,1,15,05:57 AM,12:36 PM,07:44 AM,05:33 PM,1,0,4,0,30,92,78,1.5,1005,5,9,226,19,Latvia
2020-02-20,5,0,0.0,5.4,1,7,06:46 AM,01:36 PM,07:41 AM,05:35 PM,2,2,4,2,14,73,85,0.6,1012,5,8,220,9,Latvia
2020-02-21,3,2,0.1,3.7,1,0,07:22 AM,02:44 PM,07:39 AM,05:37 PM,-0,-2,3,-2,34,60,83,0.7,1009,3,8,194,23,Latvia
2020-02-22,4,-1,0.0,3.8,1,0,07:48 AM,03:58 PM,07:36 AM,05:39 PM,1,-1,3,-1,43,86,86,9.3,1005,4,8,211,28,Latvia
2020-02-23,4,1,7.1,3.8,1,0,08:07 AM,05:12 PM,07:34 AM,05:42 PM,-0,-2,3,-2,40,91,78,10.0,992,4,6,249,27,Latvia
2020-02-24,3,-2,0.1,5.4,1,0,08:22 AM,06:25 PM,07:31 AM,05:44 PM,-3,-2,2,-2,32,54,70,0.3,1001,3,9,290,21,Latvia
2020-02-25,2,-3,4.7,3.8,1,8,08:35 AM,07:39 PM,07:29 AM,05:46 PM,-1,-3,1,-3,23,89,86,5.5,995,2,8,177,16,Latvia
2020-02-26,3,-3,1.2,3.8,1,15,08:46 AM,08:50 PM,07:26 AM,05:48 PM,0,-3,2,-3,34,99,89,2.5,985,3,5,205,24,Latvia
2020-02-27,1,-1,1.4,3.9,1,23,08:57 AM,10:02 PM,07:24 AM,05:51 PM,-3,-4,0,-4,24,90,78,2.0,995,1,6,281,17,Latvia
2020-02-28,1,-3,0.4,3.9,1,30,09:08 AM,11:15 PM,07:21 AM,05:53 PM,-4,-5,-1,-5,18,85,79,0.6,997,1,9,163,13,Latvia
2020-02-29,3,-2,0.0,3.9,1,38,09:21 AM,No moonset,07:19 AM,05:55 PM,-2,-3,1,-3,17,67,82,0.1,1006,3,9,217,11,Latvia
2020-03-01,7,2,0.0,5.5,2,44,09:36 AM,12:28 AM,07:16 AM,05:57 PM,1,0,4,0,31,78,81,1.1,997,7,8,190,20,Latvia
2020-03-02,7,3,0.0,7.1,2,51,09:55 AM,01:43 AM,07:13 AM,05:59 PM,2,2,5,2,24,65,83,0.1,998,7,10,179,15,Latvia
2020-03-03,8,5,0.0,5.5,2,58,10:22 AM,02:58 AM,07:11 AM,06:01 PM,5,3,6,3,21,99,90,4.0,1000,8,10,137,13,Latvia
2020-03-04,7,3,0.0,5.5,2,65,11:01 AM,04:08 AM,07:08 AM,06:04 PM,3,2,6,2,33,92,83,15.9,1002,7,9,171,21,Latvia
2020-03-05,5,3,0.0,5.5,1,73,11:56 AM,05:11 AM,07:05 AM,06:06 PM,1,1,4,1,20,90,81,0.0,1006,5,10,209,13,Latvia
2020-03-06,7,1,0.0,10.1,1,80,01:07 PM,06:01 AM,07:03 AM,06:08 PM,-0,2,4,2,15,49,77,0.0,1006,7,10,156,9,Latvia
2020-03-07,6,4,0.0,5.6,1,87,02:32 PM,06:37 AM,07:00 AM,06:10 PM,2,2,4,2,17,98,85,2.2,1007,6,10,117,11,Latvia
2020-03-08,5,3,0.0,7.2,1,95,04:06 PM,07:05 AM,06:57 AM,06:12 PM,3,3,4,3,10,84,91,3.6,1012,5,8,132,7,Latvia
2020-03-09,7,2,0.0,5.8,2,100,05:42 PM,07:25 AM,06:55 AM,06:14 PM,1,4,5,4,9,79,80,0.2,1012,7,9,148,5,Latvia
2020-03-10,7,3,0.0,5.8,2,100,07:17 PM,07:42 AM,06:52 AM,06:17 PM,2,1,5,1,25,66,81,0.3,1009,7,10,194,15,Latvia
2020-03-11,8,5,0.0,7.3,2,84,08:52 PM,07:57 AM,06:49 AM,06:19 PM,2,2,6,2,40,79,73,3.1,994,8,10,223,26,Latvia
2020-03-12,7,2,0.0,5.9,2,76,10:25 PM,08:12 AM,06:46 AM,06:21 PM,1,0,5,0,41,73,76,4.5,992,7,9,241,27,Latvia
2020-03-13,5,0,4.5,5.9,1,69,11:57 PM,08:28 AM,06:44 AM,06:23 PM,0,-1,3,-1,35,100,81,9.0,994,5,8,282,24,Latvia
2020-03-14,-1,-3,0.2,7.3,1,62,No moonrise,08:47 AM,06:41 AM,06:25 PM,-8,-8,-1,-8,42,86,59,3.8,1012,-1,3,300,31,Latvia
2020-03-15,4,-3,0.2,11.6,2,55,01:25 AM,09:12 AM,06:38 AM,06:27 PM,-6,-4,1,-4,28,30,63,0.3,1023,4,9,246,18,Latvia
2020-03-16,4,-1,0.0,7.4,1,47,02:45 AM,09:46 AM,06:35 AM,06:30 PM,-2,-2,2,-2,38,73,71,2.3,1014,4,9,228,24,Latvia
2020-03-17,6,-3,0.0,10.2,1,40,03:54 AM,10:30 AM,06:33 AM,06:32 PM,-0,0,3,0,18,43,77,0.0,1022,6,10,216,12,Latvia
2020-03-18,9,5,0.0,6.0,2,33,04:47 AM,11:28 AM,06:30 AM,06:34 PM,3,3,7,3,36,95,81,0.8,1017,9,9,231,22,Latvia
2020-03-19,7,4,0.0,10.2,2,25,05:27 AM,12:34 PM,06:27 AM,06:36 PM,-0,2,5,2,28,43,69,0.3,1016,7,10,267,18,Latvia
2020-03-20,3,0,0.0,8.8,1,18,05:55 AM,01:46 PM,06:25 AM,06:38 PM,-2,-2,2,-2,27,35,74,0.1,1022,3,10,292,19,Latvia
2020-03-21,1,-1,0.1,11.6,1,11,06:15 AM,03:00 PM,06:22 AM,06:40 PM,-8,-5,0,-5,28,33,54,0.2,1029,1,10,60,20,Latvia
2020-03-22,2,-1,0.0,11.6,2,4,06:30 AM,04:14 PM,06:19 AM,06:42 PM,-11,-4,0,-4,24,2,44,0.0,1037,2,10,44,17,Latvia
2020-03-23,4,-1,0.0,11.6,2,0,06:43 AM,05:27 PM,06:16 AM,06:45 PM,-10,-0,1,-0,7,2,45,0.0,1042,4,10,150,5,Latvia
2020-03-24,6,-2,0.0,10.2,1,0,06:54 AM,06:39 PM,06:14 AM,06:47 PM,-7,-2,1,-2,17,38,53,0.0,1040,6,10,233,11,Latvia
2020-03-25,8,-1,0.0,11.6,2,3,07:05 AM,07:52 PM,06:11 AM,06:49 PM,-3,-1,3,-1,23,10,64,0.0,1036,8,10,230,15,Latvia
2020-03-26,10,1,0.0,11.6,3,11,07:16 AM,09:04 PM,06:08 AM,06:51 PM,-4,3,5,3,16,4,54,0.0,1035,10,10,213,10,Latvia
2020-03-27,10,2,0.0,11.6,3,18,07:27 AM,10:17 PM,06:06 AM,06:53 PM,-2,4,6,4,15,33,58,0.0,1031,10,10,159,9,Latvia
2020-03-28,10,4,0.0,11.6,3,25,07:41 AM,11:32 PM,06:03 AM,06:55 PM,-0,5,6,5,12,11,62,0.0,1021,10,10,164,7,Latvia
2020-03-29,1,-0,0.0,10.5,1,32,07:58 AM,No moonset,06:00 AM,06:57 PM,-6,-5,1,-5,38,66,61,1.0,1018,1,8,128,28,Latvia
2020-03-30,4,-1,0.0,13.4,2,40,08:22 AM,12:46 AM,05:58 AM,07:00 PM,-11,-1,1,-1,12,28,39,0.0,1020,4,10,90,8,Latvia
2020-03-31,2,-1,0.0,13.3,1,44,08:55 AM,01:58 AM,05:55 AM,07:02 PM,-12,-3,0,-3,15,44,39,0.0,1023,2,10,191,11,Latvia
2020-04-01,6,-0,0.0,9.7,1,56,09:42 AM,03:03 AM,05:52 AM,07:04 PM,-1,-1,3,-1,25,90,76,0.9,1007,6,10,263,17,Latvia
2020-04-02,7,3,0.0,9.7,2,64,10:44 AM,03:56 AM,05:50 AM,07:06 PM,1,1,5,1,31,89,77,0.4,997,7,10,231,21,Latvia
2020-04-03,7,1,0.4,12.1,2,71,12:01 PM,04:36 AM,05:47 AM,07:08 PM,-3,0,5,0,39,55,57,2.9,994,7,8,249,28,Latvia
2020-04-04,6,1,0.9,8.5,1,79,01:29 PM,05:06 AM,05:44 AM,07:10 PM,-5,-1,3,-1,27,80,58,1.9,1014,6,9,285,19,Latvia
2020-04-05,9,1,0.0,12.1,2,87,03:02 PM,05:28 AM,05:42 AM,07:13 PM,-0,2,5,2,21,55,69,0.2,1030,9,10,250,13,Latvia
2020-04-06,13,4,0.0,13.8,3,94,04:37 PM,05:46 AM,05:39 AM,07:15 PM,2,6,8,6,18,27,68,0.0,1033,13,10,222,11,Latvia
2020-04-07,15,7,0.0,13.8,4,100,06:13 PM,06:01 AM,05:36 AM,07:17 PM,4,8,10,8,30,22,64,0.0,1029,15,10,216,18,Latvia
2020-04-08,12,5,0.0,12.2,2,100,07:49 PM,06:15 AM,05:34 AM,07:19 PM,2,7,9,7,19,43,65,0.0,1027,12,10,287,12,Latvia
2020-04-09,9,4,0.0,11.0,2,83,09:24 PM,06:30 AM,05:31 AM,07:21 PM,1,3,7,3,29,66,68,0.2,1015,9,10,272,19,Latvia
2020-04-10,5,3,0.0,14.0,2,76,10:58 PM,06:48 AM,05:28 AM,07:23 PM,-2,-1,4,-1,34,10,65,0.0,1021,5,10,315,24,Latvia
2020-04-11,7,2,0.0,14.0,3,68,No moonrise,07:10 AM,05:26 AM,07:25 PM,-3,2,4,2,18,16,59,0.0,1026,7,10,289,13,Latvia
2020-04-12,7,3,0.0,8.8,2,61,12:26 AM,07:40 AM,05:23 AM,07:28 PM,1,2,6,2,31,93,71,7.9,1015,7,7,207,20,Latvia
2020-04-13,8,2,0.3,8.8,2,53,01:43 AM,08:21 AM,05:20 AM,07:30 PM,0,1,5,1,34,82,69,1.5,1000,8,8,260,23,Latvia
2020-04-14,3,1,1.7,8.8,1,46,02:44 AM,09:16 AM,05:18 AM,07:32 PM,-1,-4,2,-4,39,97,85,9.4,1002,3,3,284,28,Latvia
2020-04-15,7,-4,0.1,8.9,2,38,03:30 AM,10:21 AM,05:15 AM,07:34 PM,1,1,4,1,29,93,78,1.9,1004,7,10,280,19,Latvia
2020-04-16,7,4,0.0,11.1,2,30,04:01 AM,11:34 AM,05:12 AM,07:36 PM,1,1,5,1,45,81,72,0.3,1000,7,10,279,31,Latvia
2020-04-17,6,4,0.0,11.2,1,23,04:23 AM,12:48 PM,05:10 AM,07:38 PM,-2,-1,4,-1,46,49,65,1.6,1009,6,9,306,32,Latvia
2020-04-18,6,4,0.0,13.4,2,15,04:40 AM,02:02 PM,05:07 AM,07:40 PM,-1,-0,5,-0,38,38,68,0.3,1015,6,10,319,27,Latvia
2020-04-19,6,3,0.0,13.4,1,8,04:53 AM,03:16 PM,05:05 AM,07:42 PM,-1,0,4,0,28,27,70,0.0,1019,6,10,326,20,Latvia
2020-04-20,8,3,0.0,13.4,2,0,05:04 AM,04:28 PM,05:02 AM,07:45 PM,1,3,6,3,18,44,75,0.0,1026,8,10,321,13,Latvia
2020-04-21,9,4,0.0,12.4,2,0,05:15 AM,05:41 PM,04:59 AM,07:47 PM,3,5,7,5,17,31,75,0.0,1029,9,10,224,10,Latvia
2020-04-22,11,5,0.0,14.5,3,0,05:25 AM,06:53 PM,04:57 AM,07:49 PM,1,6,8,6,16,11,64,0.0,1027,11,10,191,10,Latvia
2020-04-23,10,4,0.0,13.5,2,0,05:36 AM,08:07 PM,04:54 AM,07:51 PM,3,4,7,4,18,30,77,0.0,1019,10,10,276,12,Latvia
2020-04-24,13,4,0.0,12.5,2,7,05:48 AM,09:22 PM,04:52 AM,07:53 PM,3,6,8,6,19,52,71,1.4,1006,13,10,276,12,Latvia
2020-04-25,7,4,0.0,14.5,3,15,06:04 AM,10:37 PM,04:49 AM,07:55 PM,-1,2,5,2,21,15,64,0.0,1004,7,10,198,16,Latvia
2020-04-26,10,2,0.0,11.5,2,22,06:25 AM,11:51 PM,04:47 AM,07:57 PM,0,4,6,4,14,48,69,0.8,1006,10,10,308,10,Latvia
2020-04-27,8,4,0.0,12.5,2,30,06:54 AM,No moonset,04:44 AM,07:59 PM,-0,3,6,3,18,41,66,0.0,1010,8,10,238,12,Latvia
2020-04-28,12,5,0.0,9.7,2,37,07:35 AM,12:58 AM,04:42 AM,08:01 PM,4,5,8,5,24,90,77,7.1,1004,12,10,211,16,Latvia
2020-04-29,6,4,0.0,11.7,2,45,08:31 AM,01:55 AM,04:40 AM,08:03 PM,1,2,6,2,25,60,74,0.7,1005,6,10,282,18,Latvia
2020-04-30,10,2,0.0,14.5,3,52,09:43 AM,02:38 AM,04:37 AM,08:06 PM,-1,4,6,4,13,22,62,0.0,1013,10,10,69,9,Latvia
2020-05-01,14,5,0.0,14.5,3,58,11:05 AM,03:10 AM,04:35 AM,08:08 PM,1,7,9,7,28,44,55,0.0,1011,14,10,143,19,Latvia
2020-05-02,14,8,0.0,9.9,3,65,12:33 PM,03:34 AM,04:32 AM,08:10 PM,7,9,11,9,18,78,80,2.3,1004,14,8,167,11,Latvia
2020-05-03,12,8,0.0,9.9,3,72,02:04 PM,03:52 AM,04:30 AM,08:12 PM,7,9,10,9,12,77,82,1.9,1006,12,8,289,8,Latvia
2020-05-04,16,7,0.0,14.5,3,80,03:37 PM,04:06 AM,04:28 AM,08:14 PM,5,11,11,11,8,20,70,0.1,1012,16,10,262,6,Latvia
2020-05-05,10,7,0.0,11.8,2,87,05:11 PM,04:20 AM,04:26 AM,08:16 PM,4,7,9,7,19,52,73,0.0,1012,10,10,248,13,Latvia
2020-05-06,10,7,0.0,14.5,3,94,06:46 PM,04:34 AM,04:23 AM,08:18 PM,3,6,9,6,31,41,65,0.0,1012,10,10,273,21,Latvia
2020-05-07,9,6,0.0,14.5,2,100,08:21 PM,04:49 AM,04:21 AM,08:20 PM,2,4,8,4,31,17,65,0.0,1013,9,10,337,23,Latvia
2020-05-08,13,5,0.0,13.6,3,100,09:55 PM,05:09 AM,04:19 AM,08:22 PM,2,7,9,7,21,37,64,0.1,1014,13,10,252,14,Latvia
2020-05-09,14,5,0.0,14.5,4,84,11:21 PM,05:35 AM,04:17 AM,08:24 PM,4,7,9,7,18,29,72,0.0,1011,14,10,226,12,Latvia
2020-05-10,17,7,0.0,14.5,4,77,No moonrise,06:10 AM,04:15 AM,08:26 PM,4,11,12,11,15,10,58,0.0,1011,17,10,137,9,Latvia
2020-05-11,14,4,0.4,10.1,3,70,12:32 AM,07:00 AM,04:13 AM,08:28 PM,6,7,10,7,35,78,81,8.7,999,14,8,238,23,Latvia
2020-05-12,9,3,0.0,12.7,2,62,01:27 AM,08:03 AM,04:11 AM,08:30 PM,-2,3,6,3,28,43,55,0.3,1004,9,10,332,21,Latvia
2020-05-13,8,3,0.0,10.1,2,55,02:04 AM,09:15 AM,04:09 AM,08:32 PM,1,2,5,2,23,96,75,7.4,1006,8,9,219,16,Latvia
2020-05-14,9,5,0.0,11.0,2,48,02:30 AM,10:31 AM,04:07 AM,08:34 PM,-1,4,6,4,22,65,61,1.5,1011,9,10,308,16,Latvia
2020-05-15,12,-0,0.0,11.9,2,40,02:48 AM,11:47 AM,04:05 AM,08:36 PM,2,4,7,4,19,52,73,3.0,1011,12,10,245,12,Latvia
2020-05-16,11,5,0.0,12.8,2,33,03:03 AM,01:01 PM,04:03 AM,08:38 PM,3,5,8,5,29,56,72,1.3,1008,11,10,247,20,Latvia
2020-05-17,12,4,0.0,10.2,2,26,03:14 AM,02:14 PM,04:01 AM,08:40 PM,3,6,8,6,20,76,70,2.5,1014,12,9,246,14,Latvia
2020-05-18,10,6,0.0,14.5,3,19,03:24 AM,03:27 PM,03:59 AM,08:42 PM,2,6,8,6,19,30,65,0.1,1013,10,10,293,14,Latvia
2020-05-19,12,5,0.0,13.7,2,11,03:34 AM,04:39 PM,03:58 AM,08:44 PM,2,6,8,6,17,37,67,0.5,1011,12,10,261,11,Latvia
2020-05-20,10,6,0.0,13.7,2,4,03:45 AM,05:53 PM,03:56 AM,08:46 PM,2,5,8,5,33,24,64,0.2,1017,10,10,327,24,Latvia
2020-05-21,10,7,0.0,12.9,2,0,03:56 AM,07:09 PM,03:54 AM,08:48 PM,3,5,9,5,39,49,67,0.0,1019,10,10,339,29,Latvia
2020-05-22,11,6,0.0,12.9,2,0,04:10 AM,08:25 PM,03:52 AM,08:49 PM,2,6,9,6,26,32,65,0.0,1022,11,10,252,18,Latvia
2020-05-23,16,6,0.0,13.7,3,3,04:29 AM,09:41 PM,03:51 AM,08:51 PM,2,11,11,11,14,38,55,0.0,1024,16,10,149,9,Latvia
2020-05-24,12,9,0.0,10.7,3,10,04:55 AM,10:52 PM,03:49 AM,08:53 PM,7,9,10,9,15,90,81,4.4,1018,12,8,177,10,Latvia
2020-05-25,13,8,0.0,13.0,3,17,05:33 AM,11:53 PM,03:48 AM,08:55 PM,8,10,11,10,14,56,82,0.5,1021,13,9,302,10,Latvia
2020-05-26,15,8,0.0,14.5,4,25,06:24 AM,No moonset,03:46 AM,08:56 PM,5,10,12,10,22,21,65,2.2,1030,15,10,210,14,Latvia
2020-05-27,18,10,0.0,14.5,3,32,07:31 AM,12:41 AM,03:45 AM,08:58 PM,6,13,14,13,12,17,64,0.1,1027,18,10,295,8,Latvia
2020-05-28,13,10,0.0,16.0,3,39,08:50 AM,01:16 AM,03:44 AM,09:00 PM,7,9,11,9,23,51,76,1.5,1023,13,9,326,17,Latvia
2020-05-29,13,9,0.0,17.4,4,47,10:15 AM,01:41 AM,03:42 AM,09:01 PM,5,9,11,9,34,11,67,0.0,1025,13,10,211,25,Latvia
2020-05-30,18,10,0.0,17.4,5,54,11:44 AM,01:59 AM,03:41 AM,09:03 PM,6,13,14,13,35,11,58,0.0,1021,18,10,24,23,Latvia
2020-05-31,17,12,0.0,17.4,5,58,01:13 PM,02:14 AM,03:40 AM,09:04 PM,5,13,14,13,37,2,52,0.0,1022,17,10,31,25,Latvia
2020-06-01,14,10,0.0,16.0,3,71,02:43 PM,02:28 AM,03:39 AM,09:06 PM,6,11,12,11,26,43,64,0.2,1024,14,10,103,17,Latvia
2020-06-02,16,9,0.0,17.4,4,79,04:14 PM,02:40 AM,03:38 AM,09:07 PM,4,11,13,11,26,15,56,0.0,1017,16,10,71,18,Latvia
2020-06-03,15,9,0.0,15.3,3,86,05:48 PM,02:54 AM,03:37 AM,09:08 PM,6,11,12,11,19,46,68,0.2,1010,15,10,95,12,Latvia
2020-06-04,16,10,0.0,17.4,3,94,07:21 PM,03:11 AM,03:36 AM,09:10 PM,10,13,13,13,15,38,79,0.8,1003,16,10,128,10,Latvia
2020-06-05,21,11,0.0,16.7,4,100,08:51 PM,03:33 AM,03:35 AM,09:11 PM,10,16,17,16,15,28,69,0.0,998,21,9,129,10,Latvia
2020-06-06,19,14,0.0,15.4,4,100,10:12 PM,04:02 AM,03:34 AM,09:12 PM,10,16,16,16,30,61,68,1.5,1001,19,10,193,20,Latvia
2020-06-07,20,13,0.0,13.4,4,84,11:16 PM,04:45 AM,03:33 AM,09:13 PM,12,15,16,15,17,87,77,13.5,1011,20,8,164,11,Latvia
2020-06-08,19,16,0.0,13.4,4,76,No moonrise,05:43 AM,03:32 AM,09:14 PM,16,18,18,18,11,77,89,5.8,1009,19,9,224,7,Latvia
2020-06-09,16,13,0.0,15.4,4,69,12:01 AM,06:52 AM,03:32 AM,09:15 PM,13,14,15,14,16,73,89,0.6,1013,16,9,329,11,Latvia
2020-06-10,21,14,0.0,15.4,4,61,12:33 AM,08:09 AM,03:31 AM,09:16 PM,16,18,18,18,20,65,86,1.0,1013,21,7,171,12,Latvia
2020-06-11,22,17,0.0,13.4,4,54,12:54 AM,09:27 AM,03:31 AM,09:17 PM,17,19,20,19,27,82,88,1.3,1013,22,10,28,16,Latvia
2020-06-12,20,18,0.0,13.4,4,46,01:10 AM,10:44 AM,03:30 AM,09:18 PM,16,18,18,18,27,73,88,6.7,1016,20,8,62,16,Latvia
2020-06-13,22,16,0.0,17.4,5,38,01:23 AM,11:58 AM,03:30 AM,09:19 PM,10,19,19,19,29,10,58,0.0,1021,22,10,64,19,Latvia
2020-06-14,17,13,0.0,14.1,4,31,01:34 AM,01:11 PM,03:30 AM,09:19 PM,10,14,15,14,26,60,74,2.8,1019,17,10,64,17,Latvia
2020-06-15,21,9,0.0,13.4,4,23,01:43 AM,02:24 PM,03:29 AM,09:20 PM,15,16,17,16,18,89,88,10.5,1013,21,8,111,12,Latvia
2020-06-16,22,14,0.0,17.4,5,16,01:53 AM,03:37 PM,03:29 AM,09:20 PM,13,18,19,18,8,7,74,0.0,1014,22,10,147,5,Latvia
2020-06-17,22,13,0.0,17.4,5,8,02:04 AM,04:52 PM,03:29 AM,09:21 PM,14,18,19,18,14,21,73,1.6,1014,22,10,103,9,Latvia
2020-06-18,26,18,0.0,15.4,5,1,02:17 AM,06:08 PM,03:29 AM,09:21 PM,18,23,23,22,11,57,78,6.7,1012,26,10,134,7,Latvia
2020-06-19,28,19,0.0,15.4,5,0,02:34 AM,07:25 PM,03:29 AM,09:22 PM,17,24,24,23,12,65,73,14.9,1012,28,9,104,7,Latvia
2020-06-20,25,19,0.0,14.1,5,0,02:57 AM,08:39 PM,03:29 AM,09:22 PM,18,23,23,22,11,73,78,10.4,1014,25,9,95,7,Latvia
2020-06-21,25,17,0.0,16.7,5,0,03:30 AM,09:46 PM,03:29 AM,09:22 PM,15,21,22,21,22,46,70,0.1,1015,25,10,72,14,Latvia
2020-06-22,25,16,0.0,17.4,5,7,04:17 AM,10:39 PM,03:30 AM,09:22 PM,14,21,21,21,16,25,66,0.0,1015,25,10,69,10,Latvia
2020-06-23,23,17,0.0,17.4,6,14,05:20 AM,11:19 PM,03:30 AM,09:22 PM,13,20,21,20,20,19,68,0.0,1018,23,10,60,12,Latvia
2020-06-24,23,17,0.0,17.4,5,22,06:36 AM,11:47 PM,03:30 AM,09:22 PM,12,20,21,20,16,30,59,0.0,1025,23,10,165,10,Latvia
2020-06-25,24,17,0.0,17.4,6,29,08:02 AM,No moonset,03:31 AM,09:22 PM,11,22,22,21,11,9,56,0.0,1028,24,10,110,7,Latvia
2020-06-26,27,18,0.0,17.4,6,37,09:30 AM,12:07 AM,03:31 AM,09:22 PM,15,24,24,23,12,10,63,0.0,1024,27,10,175,7,Latvia
2020-06-27,27,19,0.0,17.4,6,44,10:58 AM,12:23 AM,03:32 AM,09:22 PM,16,24,24,23,13,13,67,0.0,1015,27,10,146,8,Latvia
2020-06-28,25,19,0.0,16.1,5,52,12:26 PM,12:36 AM,03:33 AM,09:21 PM,16,23,23,22,16,39,71,0.5,1009,25,10,199,10,Latvia
2020-06-29,22,16,0.0,13.4,4,59,01:55 PM,12:49 AM,03:33 AM,09:21 PM,17,19,20,19,14,88,87,15.6,1007,22,9,250,9,Latvia
2020-06-30,21,16,0.0,15.4,4,67,03:25 PM,01:02 AM,03:34 AM,09:21 PM,13,18,19,18,24,60,73,1.8,1004,21,10,246,18,Latvia
2020-07-01,21,15,0.0,15.4,4,72,04:56 PM,01:17 AM,03:35 AM,09:20 PM,12,17,17,17,36,76,72,4.3,1001,21,10,231,25,Latvia
2020-07-02,21,14,0.0,16.1,4,79,06:26 PM,01:35 AM,03:36 AM,09:19 PM,14,18,18,18,27,47,78,0.6,1005,21,10,220,19,Latvia
2020-07-03,20,13,0.0,15.4,4,86,07:50 PM,02:00 AM,03:37 AM,09:19 PM,13,16,16,16,18,51,80,7.1,1010,20,10,235,12,Latvia
2020-07-04,21,12,0.0,14.7,4,94,09:01 PM,02:36 AM,03:38 AM,09:18 PM,12,16,17,16,23,67,77,0.7,1011,21,9,228,17,Latvia
2020-07-05,20,15,0.0,13.3,4,100,09:55 PM,03:27 AM,03:39 AM,09:17 PM,15,17,18,17,30,91,84,6.4,1007,20,7,216,21,Latvia
2020-07-06,21,13,0.0,16.7,4,100,10:32 PM,04:31 AM,03:40 AM,09:16 PM,12,18,18,18,33,45,68,0.4,1003,21,9,228,22,Latvia
2020-07-07,18,13,0.0,14.7,4,85,10:58 PM,05:46 AM,03:41 AM,09:15 PM,11,15,16,15,28,56,72,3.4,1007,18,10,226,20,Latvia
2020-07-08,17,11,0.0,14.0,3,77,11:16 PM,07:05 AM,03:43 AM,09:14 PM,10,13,14,13,24,57,79,5.6,1008,17,9,225,17,Latvia
2020-07-09,19,10,0.0,14.6,4,70,11:30 PM,08:23 AM,03:44 AM,09:13 PM,9,14,15,14,20,55,68,1.2,1011,19,10,180,14,Latvia
2020-07-10,19,11,0.0,15.3,4,63,11:41 PM,09:40 AM,03:45 AM,09:12 PM,11,14,15,14,20,53,80,1.9,1013,19,10,182,14,Latvia
2020-07-11,19,15,0.0,13.2,4,55,11:51 PM,10:54 AM,03:47 AM,09:11 PM,12,16,16,16,31,80,75,1.8,1010,19,10,227,21,Latvia
2020-07-12,19,11,0.0,16.0,4,48,No moonrise,12:07 PM,03:48 AM,09:10 PM,9,15,15,15,19,44,69,0.3,1018,19,10,240,13,Latvia
2020-07-13,19,10,0.0,16.0,4,41,12:01 AM,01:20 PM,03:50 AM,09:09 PM,9,15,15,15,17,42,70,0.6,1016,19,10,269,11,Latvia
2020-07-14,21,13,0.0,16.0,4,34,12:11 AM,02:33 PM,03:51 AM,09:07 PM,11,17,17,17,8,55,70,0.8,1016,21,10,203,5,Latvia
2020-07-15,21,13,0.0,17.4,5,26,12:23 AM,03:49 PM,03:53 AM,09:06 PM,9,17,17,17,8,18,60,0.0,1015,21,10,140,6,Latvia
2020-07-16,21,15,0.0,17.4,5,19,12:38 AM,05:05 PM,03:54 AM,09:04 PM,11,18,19,18,12,6,63,0.0,1013,21,10,53,9,Latvia
2020-07-17,21,16,0.0,17.4,5,12,12:58 AM,06:20 PM,03:56 AM,09:03 PM,12,19,20,19,13,21,64,0.0,1016,21,10,196,9,Latvia
2020-07-18,22,17,0.0,17.4,6,5,01:27 AM,07:31 PM,03:57 AM,09:01 PM,13,20,21,20,10,7,64,0.0,1019,22,10,197,7,Latvia
2020-07-19,24,17,0.0,16.0,5,0,02:07 AM,08:30 PM,03:59 AM,09:00 PM,14,21,21,21,8,38,64,0.2,1019,24,10,69,5,Latvia
2020-07-20,26,17,0.0,12.8,5,0,03:04 AM,09:16 PM,04:01 AM,08:58 PM,15,22,22,21,9,47,68,1.4,1014,26,10,152,5,Latvia
2020-07-21,21,16,0.0,12.0,4,2,04:17 AM,09:49 PM,04:03 AM,08:56 PM,13,19,19,19,23,49,70,2.7,1011,21,10,262,16,Latvia
2020-07-22,18,13,0.0,10.3,4,10,05:43 AM,10:12 PM,04:04 AM,08:55 PM,10,15,15,15,28,69,70,1.9,1009,18,10,278,20,Latvia
2020-07-23,18,11,0.0,10.3,4,17,07:12 AM,10:30 PM,04:06 AM,08:53 PM,9,14,15,14,24,71,68,5.9,1009,18,10,271,16,Latvia
2020-07-24,20,11,0.0,12.0,4,24,08:43 AM,10:44 PM,04:08 AM,08:51 PM,10,15,16,15,25,56,70,1.9,1008,20,10,219,17,Latvia
2020-07-25,20,11,0.0,12.8,4,32,10:13 AM,10:57 PM,04:10 AM,08:49 PM,12,16,17,16,22,59,76,3.3,1009,20,10,266,15,Latvia
2020-07-26,24,14,0.0,14.5,5,39,11:42 AM,11:10 PM,04:11 AM,08:47 PM,11,18,19,18,10,10,64,0.0,1016,24,10,175,6,Latvia
2020-07-27,23,15,0.0,13.6,5,46,01:11 PM,11:24 PM,04:13 AM,08:45 PM,14,19,19,19,16,42,76,4.8,1016,23,10,132,9,Latvia
2020-07-28,22,18,0.0,12.8,5,53,02:40 PM,11:41 PM,04:15 AM,08:43 PM,16,20,20,20,12,51,80,0.5,1012,22,10,279,8,Latvia
2020-07-29,22,16,0.0,13.6,4,61,04:09 PM,No moonset,04:17 AM,08:41 PM,14,19,19,19,21,47,73,2.5,1009,22,10,238,15,Latvia
2020-07-30,18,14,0.0,10.1,4,68,05:34 PM,12:03 AM,04:19 AM,08:39 PM,13,15,16,15,34,85,81,12.5,1009,18,9,231,21,Latvia
2020-07-31,19,15,0.0,11.0,4,72,06:48 PM,12:33 AM,04:21 AM,08:37 PM,14,16,17,16,32,82,82,5.4,1006,19,10,276,22,Latvia
2020-08-01,19,16,0.0,13.6,4,82,07:48 PM,01:17 AM,04:23 AM,08:35 PM,12,17,17,17,21,44,72,0.5,1014,19,10,179,15,Latvia
2020-08-02,22,14,0.0,13.6,4,90,08:30 PM,02:16 AM,04:25 AM,08:33 PM,11,18,19,18,9,42,67,0.0,1014,22,10,203,5,Latvia
2020-08-03,23,14,0.0,13.6,4,97,09:00 PM,03:27 AM,04:27 AM,08:31 PM,13,18,19,18,21,49,74,0.5,1010,23,10,187,13,Latvia
2020-08-04,18,16,0.0,10.0,4,100,09:21 PM,04:44 AM,04:29 AM,08:29 PM,16,17,17,17,16,94,94,47.8,1009,18,7,186,10,Latvia
2020-08-05,22,14,0.0,14.5,4,88,09:36 PM,06:03 AM,04:31 AM,08:26 PM,12,18,19,18,13,33,71,0.9,1017,22,8,239,9,Latvia
2020-08-06,23,13,0.0,11.8,4,81,09:48 PM,07:21 AM,04:33 AM,08:24 PM,13,18,19,18,15,55,73,0.4,1024,23,10,249,10,Latvia
2020-08-07,24,16,0.0,14.5,6,74,09:59 PM,08:36 AM,04:35 AM,08:22 PM,13,20,21,20,12,10,64,0.0,1028,24,10,205,7,Latvia
2020-08-08,24,17,0.0,14.5,6,67,10:08 PM,09:50 AM,04:37 AM,08:20 PM,13,21,21,21,8,16,63,0.0,1025,24,10,190,5,Latvia
2020-08-09,24,18,0.0,14.5,6,59,10:18 PM,11:03 AM,04:39 AM,08:17 PM,13,22,22,21,9,8,60,0.0,1021,24,10,224,6,Latvia
2020-08-10,22,19,0.0,14.5,6,52,10:29 PM,12:16 PM,04:41 AM,08:15 PM,15,20,21,20,16,17,74,0.0,1019,22,10,256,11,Latvia
2020-08-11,20,15,0.0,13.6,4,45,10:42 PM,01:31 PM,04:43 AM,08:13 PM,10,18,18,18,23,23,61,0.0,1023,20,10,111,15,Latvia
2020-08-12,19,14,0.0,14.5,5,38,11:00 PM,02:45 PM,04:45 AM,08:10 PM,9,16,16,16,12,6,63,0.0,1024,19,10,123,9,Latvia
2020-08-13,21,13,0.0,14.5,4,30,11:24 PM,04:01 PM,04:47 AM,08:08 PM,10,17,18,17,8,35,65,0.0,1020,21,10,213,5,Latvia
2020-08-14,22,13,0.0,10.7,4,23,11:58 PM,05:14 PM,04:49 AM,08:05 PM,13,17,18,17,12,51,75,0.2,1018,22,10,208,7,Latvia
2020-08-15,24,16,0.0,14.5,6,16,No moonrise,06:18 PM,04:52 AM,08:03 PM,14,20,21,20,9,22,69,0.0,1018,24,10,236,5,Latvia
2020-08-16,26,17,0.0,14.5,6,8,12:47 AM,07:10 PM,04:54 AM,08:01 PM,14,22,22,21,12,8,65,0.0,1017,26,10,253,7,Latvia
2020-08-17,24,17,0.0,14.5,6,1,01:53 AM,07:48 PM,04:56 AM,07:58 PM,14,21,21,21,13,7,68,0.0,1015,24,10,234,8,Latvia
2020-08-18,24,16,0.0,14.5,6,0,03:15 AM,08:15 PM,04:58 AM,07:56 PM,11,19,20,19,15,14,57,0.0,1012,24,10,133,9,Latvia
2020-08-19,24,15,0.0,14.5,6,0,04:44 AM,08:35 PM,05:00 AM,07:53 PM,10,19,20,19,17,11,57,0.0,1010,24,10,74,11,Latvia
2020-08-20,24,16,0.0,14.5,6,6,06:17 AM,08:50 PM,05:02 AM,07:51 PM,14,20,20,20,12,31,71,0.0,1012,24,10,133,7,Latvia
2020-08-21,24,17,0.0,11.2,5,13,07:51 AM,09:04 PM,05:04 AM,07:48 PM,16,20,20,20,9,62,80,7.7,1016,24,9,177,6,Latvia
2020-08-22,24,16,0.0,10.1,5,20,09:24 AM,09:17 PM,05:06 AM,07:46 PM,17,20,21,20,26,70,81,4.2,1015,24,10,167,17,Latvia
2020-08-23,22,17,0.0,12.3,5,28,10:55 AM,09:30 PM,05:08 AM,07:43 PM,16,19,20,19,22,49,80,4.2,1008,22,10,229,14,Latvia
2020-08-24,20,15,0.0,10.1,4,35,12:27 PM,09:46 PM,05:10 AM,07:41 PM,13,17,18,17,27,56,77,4.5,1007,20,10,228,18,Latvia
2020-08-25,18,13,0.0,10.0,4,42,01:57 PM,10:06 PM,05:12 AM,07:38 PM,12,14,15,14,21,71,81,12.8,1009,18,8,234,14,Latvia
2020-08-26,17,11,0.0,10.0,3,50,03:24 PM,10:34 PM,05:14 AM,07:35 PM,11,13,14,13,22,61,86,2.5,1004,17,9,189,14,Latvia
2020-08-27,19,10,0.0,11.1,4,57,04:41 PM,11:13 PM,05:16 AM,07:33 PM,13,15,16,15,15,67,82,1.6,1001,19,9,86,10,Latvia
2020-08-28,19,13,0.0,14.1,5,64,05:45 PM,No moonset,05:19 AM,07:30 PM,8,16,16,16,10,33,60,0.2,1009,19,10,128,7,Latvia
2020-08-29,14,8,0.0,9.9,3,71,06:31 PM,12:06 AM,05:21 AM,07:27 PM,10,11,13,11,23,69,83,13.0,1008,14,8,149,15,Latvia
2020-08-30,20,8,0.0,11.1,4,79,07:04 PM,01:13 AM,05:23 AM,07:25 PM,13,15,16,15,21,53,83,0.3,1008,20,8,204,14,Latvia
2020-08-31,17,14,0.0,11.0,4,82,07:27 PM,02:28 AM,05:25 AM,07:22 PM,13,16,16,16,21,67,83,1.2,1009,17,10,196,14,Latvia
2020-09-01,17,12,0.0,12.2,4,97,07:43 PM,03:47 AM,05:27 AM,07:19 PM,9,14,15,14,24,49,71,0.2,1018,17,10,159,16,Latvia
2020-09-02,20,14,0.0,9.8,4,100,07:56 PM,05:05 AM,05:29 AM,07:17 PM,13,16,17,16,23,71,81,1.1,1018,20,9,96,14,Latvia
2020-09-03,19,15,0.0,11.0,4,88,08:06 PM,06:21 AM,05:31 AM,07:14 PM,14,17,17,17,24,74,81,2.9,1016,19,10,162,17,Latvia
2020-09-04,18,15,0.0,11.0,4,81,08:16 PM,07:36 AM,05:33 AM,07:11 PM,12,15,16,15,27,64,80,0.3,1016,18,10,206,18,Latvia
2020-09-05,19,13,0.0,9.8,4,73,08:25 PM,08:49 AM,05:35 AM,07:08 PM,13,15,16,15,24,67,83,11.3,1012,19,9,202,16,Latvia
2020-09-06,18,12,0.0,10.9,4,66,08:35 PM,10:02 AM,05:37 AM,07:06 PM,11,14,14,14,21,61,81,3.4,1012,18,9,223,14,Latvia
2020-09-07,16,11,0.0,9.7,3,58,08:47 PM,11:16 AM,05:39 AM,07:03 PM,10,12,13,12,18,71,84,1.3,1016,16,8,212,11,Latvia
2020-09-08,16,10,0.0,9.7,3,50,09:02 PM,12:30 PM,05:41 AM,07:00 PM,10,11,13,11,31,64,85,9.8,1013,16,9,235,20,Latvia
2020-09-09,16,10,0.0,10.7,3,43,09:23 PM,01:45 PM,05:43 AM,06:57 PM,11,13,14,13,29,62,79,1.5,1012,16,9,251,19,Latvia
2020-09-10,15,12,0.0,9.5,3,35,09:51 PM,02:58 PM,05:45 AM,06:55 PM,10,12,14,12,43,73,75,13.1,1005,15,9,274,28,Latvia
2020-09-11,16,9,0.0,10.7,3,28,10:32 PM,04:05 PM,05:47 AM,06:52 PM,7,11,12,11,24,57,73,0.6,1015,16,10,236,15,Latvia
2020-09-12,18,11,0.0,13.0,4,20,11:30 PM,05:01 PM,05:49 AM,06:49 PM,10,13,14,13,26,41,74,0.3,1017,18,10,202,17,Latvia
2020-09-13,16,13,0.0,8.1,3,13,No moonrise,05:44 PM,05:51 AM,06:46 PM,9,14,15,14,34,81,70,1.5,1014,16,9,247,24,Latvia
2020-09-14,18,10,0.0,10.6,4,5,12:44 AM,06:15 PM,05:53 AM,06:44 PM,12,15,16,15,27,68,77,4.7,1020,18,10,284,18,Latvia
2020-09-15,20,14,0.0,12.9,4,0,02:10 AM,06:38 PM,05:55 AM,06:41 PM,14,16,17,16,16,37,83,0.0,1022,20,9,200,10,Latvia
2020-09-16,24,14,0.0,12.8,5,0,03:43 AM,06:55 PM,05:57 AM,06:38 PM,14,19,20,19,25,30,79,0.6,1015,24,9,217,16,Latvia
2020-09-17,13,12,0.0,8.0,3,0,05:17 AM,07:09 PM,05:59 AM,06:35 PM,8,10,13,10,56,99,72,4.8,1012,13,9,324,39,Latvia
2020-09-18,14,12,0.0,11.6,3,2,06:52 AM,07:22 PM,06:01 AM,06:33 PM,7,11,13,11,37,46,66,0.8,1021,14,10,326,26,Latvia
2020-09-19,15,11,0.0,11.6,4,10,08:28 AM,07:35 PM,06:03 AM,06:30 PM,8,12,13,12,25,18,73,0.0,1021,15,10,314,17,Latvia
2020-09-20,16,10,0.0,11.6,4,17,10:03 AM,07:50 PM,06:05 AM,06:27 PM,7,12,13,12,16,26,69,0.0,1023,16,10,259,10,Latvia
2020-09-21,19,10,0.0,11.6,5,25,11:38 AM,08:09 PM,06:07 AM,06:24 PM,10,13,14,13,23,18,75,0.0,1017,19,10,224,15,Latvia
2020-09-22,20,12,0.0,11.6,5,32,01:10 PM,08:34 PM,06:09 AM,06:22 PM,9,14,15,14,24,3,68,0.0,1013,20,10,223,15,Latvia
2020-09-23,22,13,0.0,11.6,5,40,02:33 PM,09:10 PM,06:11 AM,06:19 PM,12,16,17,16,27,10,74,0.0,1009,22,10,180,15,Latvia
2020-09-24,21,14,0.0,11.6,4,47,03:43 PM,09:59 PM,06:13 AM,06:16 PM,13,17,17,17,25,26,78,0.0,1007,21,10,168,15,Latvia
2020-09-25,21,15,0.0,8.8,4,55,04:34 PM,11:03 PM,06:15 AM,06:13 PM,14,17,17,17,23,57,81,3.6,1005,21,10,146,15,Latvia
2020-09-26,22,15,0.0,11.6,4,62,05:10 PM,No moonset,06:17 AM,06:11 PM,12,18,19,18,32,27,68,0.1,1005,22,10,127,20,Latvia
2020-09-27,21,15,0.0,11.6,5,70,05:34 PM,12:16 AM,06:19 AM,06:08 PM,11,18,18,18,31,20,63,0.1,1010,21,10,104,19,Latvia
2020-09-28,15,10,0.0,5.9,3,78,05:51 PM,01:34 AM,06:21 AM,06:05 PM,10,12,14,12,19,75,79,7.8,1014,15,8,150,13,Latvia
2020-09-29,17,11,0.0,11.6,4,85,06:04 PM,02:51 AM,06:23 AM,06:03 PM,9,13,14,13,12,41,76,0.5,1018,17,8,162,7,Latvia
2020-09-30,17,11,0.0,11.6,4,93,06:15 PM,04:08 AM,06:25 AM,06:00 PM,9,13,13,13,16,4,76,0.0,1018,17,10,65,10,Latvia
2020-10-01,17,11,0.0,8.7,4,97,06:24 PM,05:23 AM,06:28 AM,05:57 PM,8,13,14,13,22,16,69,0.0,1015,17,10,101,14,Latvia
2020-10-02,17,11,0.0,8.7,3,100,06:34 PM,06:36 AM,06:30 AM,05:55 PM,7,12,14,12,25,28,67,0.0,1016,17,10,116,16,Latvia
2020-10-03,17,11,0.0,5.7,3,89,06:43 PM,07:50 AM,06:32 AM,05:52 PM,9,12,14,12,30,51,73,0.1,1016,17,10,117,21,Latvia
2020-10-04,19,14,0.0,4.2,4,82,06:54 PM,09:03 AM,06:34 AM,05:49 PM,13,16,17,16,37,80,79,3.2,1010,19,7,135,24,Latvia
2020-10-05,19,13,0.0,7.2,4,74,07:08 PM,10:18 AM,06:36 AM,05:47 PM,13,16,16,16,24,49,81,0.3,1012,19,10,151,15,Latvia
2020-10-06,16,14,0.0,4.1,4,67,07:25 PM,11:33 AM,06:38 AM,05:44 PM,11,15,15,15,32,81,76,2.5,1007,16,10,170,21,Latvia
2020-10-07,17,12,0.0,8.7,3,60,07:50 PM,12:46 PM,06:40 AM,05:41 PM,9,13,14,13,23,48,73,0.1,1010,17,10,161,14,Latvia
2020-10-08,16,11,0.0,5.6,3,53,08:24 PM,01:55 PM,06:42 AM,05:39 PM,10,12,13,12,19,55,82,0.4,1014,16,10,189,12,Latvia
2020-10-09,13,10,0.0,4.1,3,45,09:14 PM,02:55 PM,06:44 AM,05:36 PM,9,9,11,9,28,88,85,2.1,1014,13,9,197,18,Latvia
2020-10-10,14,8,0.0,8.7,3,38,10:19 PM,03:42 PM,06:47 AM,05:34 PM,8,9,11,9,21,34,82,0.1,1016,14,10,181,13,Latvia
2020-10-11,12,7,0.0,4.1,3,31,11:39 PM,04:16 PM,06:49 AM,05:31 PM,8,10,11,10,11,87,82,7.1,1015,12,9,279,7,Latvia
2020-10-12,12,7,0.0,7.1,2,23,No moonrise,04:41 PM,06:51 AM,05:28 PM,6,9,10,9,13,51,77,0.0,1016,12,10,220,8,Latvia
2020-10-13,12,8,0.0,8.7,3,16,01:07 AM,05:00 PM,06:53 AM,05:26 PM,6,9,10,9,14,42,80,0.2,1018,12,10,136,9,Latvia
2020-10-14,11,8,0.0,4.0,2,9,02:39 AM,05:14 PM,06:55 AM,05:23 PM,6,6,9,6,37,79,77,8.1,1014,11,9,57,25,Latvia
2020-10-15,9,8,0.0,4.0,2,2,04:13 AM,05:27 PM,06:57 AM,05:20 PM,6,6,9,6,29,92,84,20.6,1012,9,8,38,20,Latvia
2020-10-16,7,6,0.0,4.0,2,0,05:49 AM,05:40 PM,06:59 AM,05:18 PM,2,4,7,4,20,82,71,0.2,1017,7,10,38,14,Latvia
2020-10-17,7,4,0.0,8.7,3,0,07:27 AM,05:53 PM,07:02 AM,05:15 PM,-1,4,5,4,10,42,67,0.0,1019,7,10,159,7,Latvia
2020-10-18,7,3,0.0,3.8,2,5,09:05 AM,06:10 PM,07:04 AM,05:13 PM,1,1,5,1,33,67,77,6.5,1002,7,9,244,22,Latvia
2020-10-19,8,4,0.0,5.4,2,13,10:42 AM,06:32 PM,07:06 AM,05:10 PM,-1,1,6,1,42,69,64,2.9,1009,8,10,274,28,Latvia
2020-10-20,8,5,0.0,3.8,2,20,12:14 PM,07:03 PM,07:08 AM,05:08 PM,1,4,7,4,29,80,66,0.5,1019,8,10,259,19,Latvia
2020-10-21,9,6,0.0,5.4,2,27,01:33 PM,07:49 PM,07:10 AM,05:05 PM,6,5,8,5,21,89,88,2.4,1013,9,10,170,15,Latvia
2020-10-22,14,4,0.0,3.7,3,35,02:33 PM,08:49 PM,07:13 AM,05:03 PM,10,9,11,9,35,97,87,8.8,1005,14,7,213,22,Latvia
2020-10-23,13,10,0.0,3.7,3,42,03:14 PM,10:02 PM,07:15 AM,05:00 PM,9,10,12,10,33,90,81,1.4,1004,13,10,238,21,Latvia
2020-10-24,11,8,0.0,3.5,2,49,03:42 PM,11:20 PM,07:17 AM,04:58 PM,8,7,9,7,25,67,88,1.7,1004,11,9,230,16,Latvia
2020-10-25,11,5,0.0,8.7,2,56,04:01 PM,No moonset,07:19 AM,04:55 PM,8,7,9,7,18,43,88,0.1,1013,11,10,213,11,Latvia
2020-10-26,13,9,0.0,8.7,3,64,04:14 PM,12:39 AM,07:22 AM,04:53 PM,9,9,11,9,29,57,86,0.1,1012,13,10,165,19,Latvia
2020-10-27,13,11,0.0,3.5,3,71,04:25 PM,01:56 AM,07:24 AM,04:50 PM,10,10,12,10,28,93,88,1.3,1009,13,10,180,18,Latvia
2020-10-28,11,8,0.0,7.0,2,78,04:35 PM,03:11 AM,07:26 AM,04:48 PM,8,8,10,8,24,69,85,12.3,1012,11,9,203,16,Latvia
2020-10-29,11,7,0.0,3.4,3,85,04:43 PM,04:25 AM,07:28 AM,04:46 PM,8,8,10,8,20,87,85,0.5,1011,11,9,195,14,Latvia
2020-10-30,9,8,0.0,3.4,2,93,04:52 PM,05:38 AM,07:30 AM,04:43 PM,8,8,9,8,8,98,93,2.7,1011,9,5,169,6,Latvia
2020-10-31,10,7,0.0,8.7,3,97,05:03 PM,06:52 AM,07:33 AM,04:41 PM,7,7,8,7,12,34,90,0.0,1022,10,9,63,7,Latvia
2020-11-01,10,6,0.0,8.7,2,89,05:15 PM,08:06 AM,07:35 AM,04:39 PM,6,5,8,5,22,31,89,0.0,1023,10,8,155,13,Latvia
2020-11-02,9,4,0.0,3.4,2,81,05:30 PM,09:22 AM,07:37 AM,04:36 PM,6,4,7,4,33,82,89,0.4,1013,9,9,166,22,Latvia
2020-11-03,13,3,0.0,5.1,3,74,05:52 PM,10:37 AM,07:39 AM,04:34 PM,8,8,10,8,30,66,86,0.5,1014,13,9,208,19,Latvia
2020-11-04,9,6,0.0,3.3,2,66,06:22 PM,11:48 AM,07:42 AM,04:32 PM,5,5,8,5,24,47,86,0.0,1022,9,8,210,15,Latvia
2020-11-05,9,4,0.0,5.1,2,58,07:06 PM,12:51 PM,07:44 AM,04:30 PM,5,5,8,5,29,74,80,0.2,1021,9,10,245,19,Latvia
2020-11-06,12,5,0.0,8.7,4,51,08:05 PM,01:42 PM,07:46 AM,04:28 PM,9,8,10,8,28,42,87,0.2,1021,12,10,277,18,Latvia
2020-11-07,13,8,0.0,8.7,3,43,09:18 PM,02:19 PM,07:48 AM,04:26 PM,8,8,10,8,27,28,88,0.1,1025,13,10,244,16,Latvia
2020-11-08,11,7,0.0,5.1,2,36,10:41 PM,02:46 PM,07:50 AM,04:24 PM,6,7,10,7,27,61,75,0.9,1022,11,9,288,17,Latvia
2020-11-09,7,1,0.0,8.7,3,28,No moonrise,03:06 PM,07:53 AM,04:22 PM,2,4,6,4,11,23,75,0.0,1029,7,10,243,7,Latvia
2020-11-10,9,3,0.0,5.1,2,21,12:09 AM,03:21 PM,07:55 AM,04:20 PM,4,6,7,6,9,55,81,0.2,1032,9,10,215,5,Latvia
2020-11-11,6,4,0.0,8.6,2,13,01:39 AM,03:34 PM,07:57 AM,04:18 PM,3,3,5,3,14,33,87,0.0,1033,6,10,171,9,Latvia
2020-11-12,5,3,0.0,5.0,1,6,03:12 AM,03:46 PM,07:59 AM,04:16 PM,2,0,3,0,20,44,88,0.0,1028,5,10,149,13,Latvia
2020-11-13,5,-2,0.0,3.0,1,0,04:46 AM,03:58 PM,08:01 AM,04:14 PM,2,1,4,1,20,88,85,0.4,1025,5,10,141,14,Latvia
2020-11-14,6,-0,0.0,3.0,2,0,06:23 AM,04:12 PM,08:03 AM,04:12 PM,4,2,5,2,20,98,89,0.3,1021,6,9,150,14,Latvia
2020-11-15,6,1,0.0,3.0,1,0,08:02 AM,04:30 PM,08:05 AM,04:10 PM,2,0,4,0,23,87,88,0.0,1021,6,10,143,16,Latvia
2020-11-16,6,1,0.0,3.0,2,2,09:40 AM,04:56 PM,08:07 AM,04:09 PM,4,2,6,2,37,100,88,7.5,1018,6,5,155,25,Latvia
2020-11-17,8,1,0.0,3.0,2,9,11:09 AM,05:35 PM,08:10 AM,04:07 PM,6,4,7,4,28,96,90,3.2,1020,8,7,173,19,Latvia
2020-11-18,11,2,0.0,3.0,3,17,12:21 PM,06:30 PM,08:12 AM,04:05 PM,8,6,9,6,35,100,89,5.9,1018,11,8,213,22,Latvia
2020-11-19,10,8,0.0,3.0,2,24,01:13 PM,07:41 PM,08:14 AM,04:04 PM,6,6,10,6,43,98,79,4.2,1006,10,10,211,28,Latvia
2020-11-20,4,1,1.8,2.9,1,32,01:46 PM,09:01 PM,08:16 AM,04:02 PM,-1,-1,4,-1,43,86,67,5.2,1010,4,6,266,30,Latvia
2020-11-21,4,0,0.3,6.8,1,39,02:08 PM,10:22 PM,08:18 AM,04:01 PM,-0,-0,4,-0,31,77,73,1.9,1022,4,9,246,21,Latvia
2020-11-22,7,2,0.0,6.7,2,47,02:24 PM,11:41 PM,08:20 AM,03:59 PM,3,2,6,2,33,64,83,7.2,1009,7,9,230,21,Latvia
2020-11-23,7,3,0.0,2.8,2,54,02:35 PM,No moonset,08:22 AM,03:58 PM,2,3,6,3,36,86,74,1.2,1005,7,10,257,23,Latvia
2020-11-24,7,1,0.0,6.7,2,62,02:45 PM,12:58 AM,08:24 AM,03:56 PM,2,2,6,2,32,60,74,2.7,1014,7,9,281,21,Latvia
2020-11-25,9,0,0.0,2.7,2,70,02:54 PM,02:12 AM,08:26 AM,03:55 PM,7,6,8,6,25,98,89,4.7,1015,9,10,247,16,Latvia
2020-11-26,8,5,0.0,2.7,2,77,03:02 PM,03:25 AM,08:28 AM,03:54 PM,5,4,7,4,25,98,85,3.4,1012,8,9,233,17,Latvia
2020-11-27,6,1,1.1,2.7,1,85,03:12 PM,04:38 AM,08:30 AM,03:53 PM,1,-0,4,-0,29,91,80,4.8,1011,6,8,246,20,Latvia
2020-11-28,3,1,0.0,2.7,1,92,03:23 PM,05:53 AM,08:31 AM,03:51 PM,-1,-2,2,-2,24,81,81,0.1,1021,3,10,40,17,Latvia
2020-11-29,1,-1,0.0,4.7,1,100,03:37 PM,07:09 AM,08:33 AM,03:50 PM,-2,-3,1,-3,19,86,80,0.1,1025,1,10,68,13,Latvia
2020-11-30,-0,-4,0.1,4.7,1,100,03:56 PM,08:25 AM,08:35 AM,03:49 PM,-2,-3,-1,-3,13,79,87,0.2,1020,-0,9,151,9,Latvia
2020-12-01,1,-2,0.3,2.7,1,89,04:23 PM,09:39 AM,08:37 AM,03:48 PM,-1,-4,0,-4,24,100,89,0.5,1023,1,8,192,17,Latvia
2020-12-02,-1,-2,0.0,7.1,2,82,05:03 PM,10:46 AM,08:38 AM,03:48 PM,-4,-6,-2,-6,20,22,85,0.0,1029,-1,10,158,13,Latvia
2020-12-03,-1,-6,0.0,2.7,1,75,05:57 PM,11:42 AM,08:40 AM,03:47 PM,-4,-7,-2,-7,27,81,85,0.0,1021,-1,10,150,19,Latvia
2020-12-04,4,-6,0.0,2.6,1,67,07:07 PM,12:23 PM,08:42 AM,03:46 PM,-0,-3,2,-3,41,100,83,0.2,1013,4,10,153,28,Latvia
2020-12-05,7,-2,0.0,2.6,2,60,08:26 PM,12:52 PM,08:43 AM,03:45 PM,3,1,5,1,42,99,83,0.0,1015,7,10,158,28,Latvia
2020-12-06,6,0,0.0,2.6,1,53,09:51 PM,01:14 PM,08:45 AM,03:45 PM,1,-1,4,-1,40,67,78,0.0,1022,6,10,158,27,Latvia
2020-12-07,1,-1,0.0,7.0,2,46,11:18 PM,01:29 PM,08:46 AM,03:44 PM,-8,-6,0,-6,40,10,54,0.0,1025,1,10,148,28,Latvia
2020-12-08,-1,-2,0.0,7.0,2,38,No moonrise,01:42 PM,08:48 AM,03:44 PM,-8,-8,-2,-8,34,3,62,0.0,1026,-1,10,141,24,Latvia
2020-12-09,-3,-5,0.0,6.9,2,31,12:46 AM,01:53 PM,08:49 AM,03:43 PM,-9,-9,-3,-9,27,26,66,0.0,1026,-3,10,140,19,Latvia
2020-12-10,-2,-4,0.0,2.6,1,24,02:16 AM,02:04 PM,08:50 AM,03:43 PM,-7,-8,-3,-8,23,75,75,0.1,1022,-2,10,129,16,Latvia
2020-12-11,1,-3,0.0,2.6,1,17,03:48 AM,02:16 PM,08:52 AM,03:42 PM,-2,-5,-1,-5,26,92,88,1.0,1016,1,7,129,17,Latvia
2020-12-12,1,-3,0.0,6.7,1,9,05:23 AM,02:32 PM,08:53 AM,03:42 PM,-3,-5,-0,-5,28,79,81,1.8,1015,1,10,142,19,Latvia
2020-12-13,-1,-7,0.0,2.6,1,2,07:00 AM,02:53 PM,08:54 AM,03:42 PM,-5,-7,-2,-7,19,97,78,0.0,1017,-1,10,139,14,Latvia
2020-12-14,1,-7,0.0,2.6,1,0,08:34 AM,03:24 PM,08:55 AM,03:42 PM,-0,-3,-0,-3,9,100,95,1.2,1018,1,6,141,6,Latvia
2020-12-15,1,-5,0.0,2.6,1,0,09:58 AM,04:10 PM,08:56 AM,03:42 PM,-1,-4,-1,-4,19,83,91,0.0,1021,1,9,170,13,Latvia
2020-12-16,2,-2,0.0,2.6,1,5,11:01 AM,05:15 PM,08:57 AM,03:42 PM,0,-3,1,-3,29,94,90,5.1,1016,2,10,203,18,Latvia
2020-12-17,3,-2,0.0,2.6,1,12,11:44 AM,06:33 PM,08:58 AM,03:42 PM,2,-1,2,-1,21,82,95,0.2,1023,3,5,229,12,Latvia
2020-12-18,6,2,0.0,2.6,1,20,12:11 PM,07:57 PM,08:58 AM,03:43 PM,3,0,4,0,29,98,92,4.6,1019,6,10,204,18,Latvia
2020-12-19,5,1,0.0,2.6,2,27,12:30 PM,09:20 PM,08:59 AM,03:43 PM,4,2,5,2,20,93,92,1.3,1022,5,5,224,12,Latvia
2020-12-20,3,1,0.0,6.4,2,34,12:43 PM,10:39 PM,09:00 AM,03:43 PM,0,-2,2,-2,27,35,90,0.0,1025,3,10,182,17,Latvia
2020-12-21,2,1,0.0,6.4,1,41,12:54 PM,11:56 PM,09:00 AM,03:44 PM,-0,-4,1,-4,30,63,89,0.1,1024,2,10,184,21,Latvia
2020-12-22,3,-1,0.0,1.6,1,49,01:03 PM,No moonset,09:01 AM,03:44 PM,1,-3,2,-3,32,99,91,4.2,1016,3,10,169,22,Latvia
2020-12-23,5,1,0.0,1.6,1,56,01:12 PM,01:10 AM,09:01 AM,03:45 PM,2,0,4,0,26,92,90,4.5,1005,5,9,210,16,Latvia
2020-12-24,3,-5,0.0,1.6,1,63,01:21 PM,02:23 AM,09:01 AM,03:46 PM,1,-1,1,-1,16,91,90,0.1,1006,3,10,158,10,Latvia
2020-12-25,3,-4,0.0,1.6,1,70,01:31 PM,03:37 AM,09:02 AM,03:46 PM,-1,-3,1,-3,30,99,81,0.2,1003,3,10,192,21,Latvia
2020-12-26,1,-4,2.1,1.6,1,78,01:44 PM,04:52 AM,09:02 AM,03:47 PM,-1,-4,0,-4,23,99,91,3.1,1008,1,6,329,16,Latvia
2020-12-27,-0,-1,0.0,1.6,1,85,02:01 PM,06:08 AM,09:02 AM,03:48 PM,-3,-6,-1,-6,31,76,84,0.1,1012,-0,10,186,21,Latvia
2020-12-28,2,-4,0.0,1.6,1,92,02:24 PM,07:24 AM,09:02 AM,03:49 PM,-3,-6,-0,-6,43,80,78,0.2,1006,2,10,141,29,Latvia
2020-12-29,5,-2,0.0,1.6,1,100,02:59 PM,08:35 AM,09:02 AM,03:50 PM,2,-1,4,-1,41,95,84,3.8,999,5,8,139,26,Latvia
2020-12-30,3,-1,0.0,3.7,1,100,03:49 PM,09:36 AM,09:02 AM,03:51 PM,0,-2,3,-2,29,80,85,2.9,1004,3,8,167,19,Latvia
2020-12-31,3,-4,0.0,1.6,1,89,04:55 PM,10:23 AM,09:02 AM,03:52 PM,1,-1,2,-1,16,77,93,2.4,1007,3,6,182,10,Latvia
2021-01-01,0,-4,0.0,1.6,1,79,06:13 PM,10:56 AM,09:01 AM,03:54 PM,-1,-3,0,-3,11,62,92,0.0,1013,0,8,118,7,Latvia
2021-01-02,0,-2,0.4,1.6,1,71,07:38 PM,11:20 AM,09:01 AM,03:55 PM,-1,-2,-0,-2,10,71,92,0.5,1014,0,8,161,6,Latvia
2021-01-03,1,-3,0.2,1.6,1,64,09:05 PM,11:37 AM,09:01 AM,03:56 PM,-1,-2,0,-2,10,92,92,0.3,1022,1,8,207,7,Latvia
2021-01-04,-1,-8,0.2,4.5,1,57,10:32 PM,11:51 AM,09:00 AM,03:58 PM,-3,-5,-2,-5,17,79,90,0.2,1024,-1,10,59,12,Latvia
2021-01-05,1,-2,0.3,2.6,1,50,11:59 PM,12:02 PM,08:59 AM,03:59 PM,-2,-5,-1,-5,23,98,91,1.5,1024,1,8,65,15,Latvia
2021-01-06,1,-2,0.0,2.8,1,42,No moonrise,12:12 PM,08:59 AM,04:01 PM,-1,-4,0,-4,22,100,89,0.1,1019,1,10,79,15,Latvia
2021-01-07,-1,-7,0.7,2.8,1,35,01:28 AM,12:24 PM,08:58 AM,04:02 PM,-3,-6,-2,-6,19,92,90,0.9,1013,-1,8,99,13,Latvia
2021-01-08,-1,-4,0.0,2.8,1,28,02:59 AM,12:37 PM,08:57 AM,04:04 PM,-3,-6,-2,-6,18,95,89,0.3,1013,-1,7,71,13,Latvia
2021-01-09,-5,-7,0.0,4.8,1,20,04:31 AM,12:55 PM,08:56 AM,04:05 PM,-7,-10,-5,-10,14,63,88,0.2,1019,-5,9,65,10,Latvia
2021-01-10,-6,-11,0.0,7.5,1,13,06:05 AM,01:20 PM,08:56 AM,04:07 PM,-8,-10,-7,-10,12,40,91,0.0,1020,-6,10,152,8,Latvia
2021-01-11,-0,-10,0.8,6.7,1,6,07:32 AM,01:58 PM,08:55 AM,04:09 PM,-3,-7,-3,-7,25,72,92,1.5,1014,-0,8,197,16,Latvia
2021-01-12,-0,-7,4.6,2.8,1,0,08:44 AM,02:52 PM,08:54 AM,04:11 PM,-2,-7,-2,-7,40,100,95,14.2,1004,-0,1,173,27,Latvia
2021-01-13,-1,-8,2.1,2.8,1,0,09:36 AM,04:05 PM,08:53 AM,04:12 PM,-3,-8,-3,-8,30,100,93,3.8,1005,-1,5,130,21,Latvia
2021-01-14,-6,-11,0.0,4.8,1,1,10:10 AM,05:28 PM,08:51 AM,04:14 PM,-9,-14,-8,-14,24,74,90,0.1,1015,-6,10,53,16,Latvia
2021-01-15,-9,-11,0.2,2.9,1,8,10:33 AM,06:53 PM,08:50 AM,04:16 PM,-12,-17,-10,-17,26,87,84,0.2,1017,-9,9,35,17,Latvia
2021-01-16,-10,-17,0.0,6.8,1,16,10:49 AM,08:15 PM,08:49 AM,04:18 PM,-14,-18,-12,-18,19,65,84,0.0,1019,-10,10,55,13,Latvia
2021-01-17,-11,-15,0.0,7.7,1,23,11:01 AM,09:35 PM,08:48 AM,04:20 PM,-14,-16,-13,-16,8,31,92,0.0,1021,-11,6,176,5,Latvia
2021-01-18,-8,-13,0.2,2.9,1,30,11:11 AM,10:51 PM,08:46 AM,04:22 PM,-11,-16,-11,-16,19,72,93,0.3,1019,-8,8,187,12,Latvia
2021-01-19,-10,-12,0.6,7.8,1,38,11:20 AM,No moonset,08:45 AM,04:24 PM,-13,-18,-10,-18,24,48,84,0.8,1014,-10,8,170,16,Latvia
2021-01-20,-6,-11,0.3,2.9,1,45,11:28 AM,12:06 AM,08:43 AM,04:26 PM,-9,-16,-8,-16,36,86,89,3.7,1007,-6,7,156,24,Latvia
2021-01-21,2,-10,0.0,2.9,1,52,11:38 AM,01:20 AM,08:42 AM,04:28 PM,0,-5,0,-5,32,89,95,2.0,1001,2,7,182,20,Latvia
2021-01-22,1,-1,0.0,3.0,1,59,11:49 AM,02:34 AM,08:40 AM,04:31 PM,-1,-5,1,-5,32,82,92,0.0,998,1,10,174,21,Latvia
2021-01-23,2,-3,0.0,3.0,1,67,12:04 PM,03:50 AM,08:39 AM,04:33 PM,1,-2,1,-2,21,91,97,0.5,999,2,5,168,13,Latvia
2021-01-24,3,-5,0.0,3.0,1,74,12:24 PM,05:06 AM,08:37 AM,04:35 PM,1,-2,1,-2,26,100,93,2.6,996,3,9,165,16,Latvia
2021-01-25,2,-5,0.3,3.0,1,81,12:54 PM,06:18 AM,08:35 AM,04:37 PM,0,-3,1,-3,20,100,92,2.2,996,2,9,160,13,Latvia
2021-01-26,2,-3,1.9,3.0,1,88,01:38 PM,07:24 AM,08:33 AM,04:39 PM,1,-4,1,-4,28,100,97,10.3,995,2,6,213,18,Latvia
2021-01-27,2,-4,1.5,3.0,1,96,02:38 PM,08:17 AM,08:32 AM,04:41 PM,-0,-5,0,-5,34,98,92,5.3,1001,2,6,294,23,Latvia
2021-01-28,-1,-5,0.0,3.1,1,100,03:54 PM,08:56 AM,08:30 AM,04:44 PM,-3,-5,-2,-5,18,81,86,0.1,1004,-1,10,206,12,Latvia
2021-01-29,-2,-7,1.8,3.1,1,90,05:19 PM,09:24 AM,08:28 AM,04:46 PM,-4,-6,-2,-6,19,100,88,2.1,994,-2,8,174,14,Latvia
2021-01-30,-1,-7,8.3,3.1,1,82,06:47 PM,09:43 AM,08:26 AM,04:48 PM,-3,-8,-2,-8,30,97,92,9.8,989,-1,3,296,22,Latvia
2021-01-31,-1,-4,7.1,3.1,1,79,08:17 PM,09:58 AM,08:24 AM,04:51 PM,-4,-8,-2,-8,29,85,86,8.5,994,-1,5,273,20,Latvia
2021-02-01,-2,-5,4.0,5.0,1,63,09:46 PM,10:10 AM,08:22 AM,04:53 PM,-5,-8,-4,-8,17,70,94,4.7,1002,-2,6,195,10,Latvia
2021-02-02,-4,-10,1.6,3.1,1,55,11:15 PM,10:20 AM,08:20 AM,04:55 PM,-6,-11,-5,-11,28,97,87,1.9,1007,-4,8,174,19,Latvia
2021-02-03,-2,-10,0.7,3.1,1,48,No moonrise,10:31 AM,08:18 AM,04:57 PM,-6,-8,-4,-8,16,91,88,0.9,1004,-2,9,231,10,Latvia
2021-02-04,-5,-6,0.4,3.3,1,40,12:45 AM,10:44 AM,08:16 AM,05:00 PM,-7,-11,-5,-11,24,97,83,0.6,1011,-5,8,184,16,Latvia
2021-02-05,-5,-8,4.4,3.3,1,33,02:16 AM,11:00 AM,08:14 AM,05:02 PM,-8,-11,-6,-11,22,100,85,5.2,1018,-5,3,281,15,Latvia
2021-02-06,-7,-11,2.6,3.3,1,25,03:48 AM,11:21 AM,08:12 AM,05:04 PM,-11,-15,-9,-15,18,96,86,3.4,1023,-7,3,29,12,Latvia
2021-02-07,-6,-13,0.8,3.4,1,18,05:15 AM,11:53 AM,08:10 AM,05:07 PM,-10,-12,-9,-12,9,75,91,0.9,1023,-6,8,193,5,Latvia
