date_time,Mauritius_maxtempC,Mauritius_mintempC,Mauritius_totalSnow_cm,Mauritius_sunHour,Mauritius_uvIndex,Mauritius_moon_illumination,Mauritius_moonrise,Mauritius_moonset,Mauritius_sunrise,Mauritius_sunset,Mauritius_DewPointC,Mauritius_FeelsLikeC,Mauritius_HeatIndexC,Mauritius_WindChillC,Mauritius_WindGustKmph,Mauritius_cloudcover,Mauritius_humidity,Mauritius_precipMM,Mauritius_pressure,Mauritius_tempC,Mauritius_visibility,Mauritius_winddirDegree,Mauritius_windspeedKmph,Mauritius_location
2020-01-01,28,25,0.0,8.2,6,37,10:45 AM,11:28 PM,05:34 AM,06:53 PM,23,30,30,26,15,66,82,0.8,1005,28,10,251,12,Mauritius
2020-01-02,28,25,0.0,13.2,6,44,11:34 AM,No moonset,05:34 AM,06:53 PM,23,30,30,27,10,42,82,0.8,1010,28,10,287,9,Mauritius
2020-01-03,27,25,0.0,12.0,6,51,12:21 PM,12:02 AM,05:35 AM,06:54 PM,21,28,28,26,7,60,74,2.1,1014,27,10,97,5,Mauritius
2020-01-04,25,24,0.0,8.2,5,59,01:10 PM,12:35 AM,05:35 AM,06:54 PM,22,26,26,24,19,85,90,37.9,1013,25,7,85,13,Mauritius
2020-01-05,25,16,0.0,8.2,5,66,02:00 PM,01:10 AM,05:36 AM,06:54 PM,22,25,25,23,12,79,88,41.4,1009,25,8,150,8,Mauritius
2020-01-06,27,24,0.0,8.2,6,73,02:52 PM,01:47 AM,05:37 AM,06:55 PM,23,29,29,26,22,79,84,24.1,1011,27,8,68,15,Mauritius
2020-01-07,29,26,0.0,12.0,6,80,03:48 PM,02:27 AM,05:37 AM,06:55 PM,23,30,30,27,9,55,78,6.7,1012,29,10,185,7,Mauritius
2020-01-08,29,26,0.0,8.2,6,88,04:45 PM,03:12 AM,05:38 AM,06:55 PM,23,30,30,27,8,66,78,3.6,1011,29,9,274,6,Mauritius
2020-01-09,27,24,0.0,13.2,6,95,05:45 PM,04:02 AM,05:39 AM,06:55 PM,21,27,27,25,19,39,77,0.0,1011,27,10,138,15,Mauritius
2020-01-10,26,23,0.0,10.7,6,100,06:44 PM,04:57 AM,05:39 AM,06:55 PM,19,26,26,24,21,39,73,0.5,1012,26,10,133,16,Mauritius
2020-01-11,27,24,0.0,8.2,6,100,07:41 PM,05:58 AM,05:40 AM,06:55 PM,21,28,28,25,20,76,78,3.0,1012,27,9,131,16,Mauritius
2020-01-12,29,24,0.0,10.7,6,83,08:35 PM,07:01 AM,05:41 AM,06:56 PM,22,28,28,26,21,60,77,4.3,1012,29,10,105,16,Mauritius
2020-01-13,29,25,0.0,8.2,6,76,09:25 PM,08:05 AM,05:41 AM,06:56 PM,22,29,29,26,21,71,79,2.2,1012,29,9,96,16,Mauritius
2020-01-14,29,25,0.0,12.0,6,69,10:10 PM,09:08 AM,05:42 AM,06:56 PM,23,30,30,27,21,57,80,6.7,1012,29,10,89,16,Mauritius
2020-01-15,29,26,0.0,12.0,6,61,10:53 PM,10:09 AM,05:43 AM,06:56 PM,23,30,30,27,26,55,80,0.3,1013,29,10,100,21,Mauritius
2020-01-16,28,25,0.0,8.2,6,54,11:35 PM,11:09 AM,05:43 AM,06:56 PM,23,30,30,27,30,67,79,1.1,1013,28,10,98,24,Mauritius
2020-01-17,29,25,0.0,9.5,6,47,No moonrise,12:08 PM,05:44 AM,06:56 PM,23,30,30,27,25,67,78,0.7,1012,29,10,95,20,Mauritius
2020-01-18,29,25,0.0,8.2,6,40,12:15 AM,01:06 PM,05:45 AM,06:56 PM,23,30,30,27,23,71,78,0.6,1011,29,10,87,18,Mauritius
2020-01-19,29,25,0.0,12.0,6,32,12:58 AM,02:04 PM,05:45 AM,06:56 PM,23,30,30,27,18,55,80,0.2,1010,29,10,52,14,Mauritius
2020-01-20,29,26,0.0,12.0,6,25,01:42 AM,03:03 PM,05:46 AM,06:56 PM,23,30,30,27,17,54,80,1.7,1007,29,10,216,13,Mauritius
2020-01-21,27,25,0.0,8.2,6,18,02:29 AM,04:01 PM,05:47 AM,06:56 PM,23,29,29,26,21,83,85,12.7,1004,27,8,258,14,Mauritius
2020-01-22,28,25,0.0,8.2,6,11,03:19 AM,04:58 PM,05:47 AM,06:55 PM,24,30,30,26,30,85,87,29.5,1003,28,8,258,18,Mauritius
2020-01-23,27,19,0.0,9.4,6,3,04:12 AM,05:53 PM,05:48 AM,06:55 PM,24,28,28,24,27,69,89,41.0,1004,27,8,242,18,Mauritius
2020-01-24,27,26,0.0,8.2,6,0,05:07 AM,06:43 PM,05:49 AM,06:55 PM,24,30,30,27,27,84,85,28.7,1005,27,8,262,16,Mauritius
2020-01-25,29,23,0.0,10.7,6,0,06:01 AM,07:30 PM,05:49 AM,06:55 PM,23,29,29,26,24,62,82,7.7,1006,29,9,187,18,Mauritius
2020-01-26,28,25,0.0,13.1,6,4,06:55 AM,08:11 PM,05:50 AM,06:55 PM,22,28,28,26,25,58,78,2.4,1010,28,10,170,19,Mauritius
2020-01-27,27,24,0.0,8.2,6,11,07:47 AM,08:50 PM,05:51 AM,06:55 PM,20,27,27,25,21,66,74,2.0,1011,27,10,148,17,Mauritius
2020-01-28,26,22,0.0,12.0,5,18,08:37 AM,09:26 PM,05:51 AM,06:54 PM,17,25,25,24,11,34,68,0.1,1010,26,10,160,8,Mauritius
2020-01-29,27,22,0.0,12.0,6,26,09:27 AM,10:00 PM,05:52 AM,06:54 PM,17,26,26,24,8,30,65,0.0,1012,27,10,176,6,Mauritius
2020-01-30,26,23,0.0,9.4,5,33,10:14 AM,10:33 PM,05:52 AM,06:54 PM,19,26,26,24,19,53,73,1.4,1014,26,10,113,14,Mauritius
2020-01-31,27,24,0.0,13.0,6,37,11:03 AM,11:07 PM,05:53 AM,06:54 PM,21,27,27,25,26,45,79,0.5,1013,27,10,119,20,Mauritius
2020-02-01,28,24,0.0,9.4,6,49,11:51 AM,11:43 PM,05:54 AM,06:53 PM,22,28,28,26,29,63,78,0.7,1013,28,10,119,23,Mauritius
2020-02-02,28,25,0.0,10.7,6,57,12:41 PM,No moonset,05:54 AM,06:53 PM,22,29,29,26,32,51,77,0.5,1014,28,10,118,25,Mauritius
2020-02-03,28,25,0.0,8.1,6,64,01:34 PM,12:20 AM,05:55 AM,06:53 PM,22,29,29,26,34,69,80,1.9,1013,28,10,111,26,Mauritius
2020-02-04,28,25,0.0,9.4,6,72,02:29 PM,01:02 AM,05:55 AM,06:52 PM,21,28,28,26,31,66,76,0.7,1013,28,10,124,25,Mauritius
2020-02-05,28,24,0.0,10.7,6,79,03:27 PM,01:48 AM,05:56 AM,06:52 PM,22,29,29,26,30,62,77,1.1,1012,28,10,131,23,Mauritius
2020-02-06,28,25,0.0,10.7,6,87,04:25 PM,02:40 AM,05:56 AM,06:51 PM,22,28,28,26,30,63,77,1.3,1012,28,10,115,24,Mauritius
2020-02-07,28,24,0.0,8.1,6,95,05:24 PM,03:38 AM,05:57 AM,06:51 PM,21,28,28,26,28,72,76,1.3,1014,28,10,123,22,Mauritius
2020-02-08,28,24,0.0,12.9,6,100,06:20 PM,04:40 AM,05:58 AM,06:50 PM,21,28,28,26,25,52,74,0.4,1014,28,10,133,20,Mauritius
2020-02-09,28,23,0.0,11.9,6,100,07:13 PM,05:46 AM,05:58 AM,06:50 PM,21,27,27,25,29,49,76,1.5,1013,28,10,148,22,Mauritius
2020-02-10,28,24,0.0,12.9,6,83,08:02 PM,06:51 AM,05:59 AM,06:49 PM,21,28,28,26,26,52,77,2.3,1010,28,10,157,20,Mauritius
2020-02-11,29,26,0.0,9.4,6,75,08:47 PM,07:55 AM,05:59 AM,06:49 PM,23,30,30,27,31,66,79,1.1,1006,29,10,131,24,Mauritius
2020-02-12,29,25,0.0,9.1,6,68,09:31 PM,08:58 AM,06:00 AM,06:48 PM,23,30,30,27,36,62,80,3.6,1008,29,10,81,26,Mauritius
2020-02-13,29,25,0.0,12.5,6,60,10:13 PM,09:59 AM,06:00 AM,06:48 PM,22,29,29,26,28,30,76,0.0,1012,29,10,77,22,Mauritius
2020-02-14,30,25,0.0,10.3,6,53,10:56 PM,10:59 AM,06:01 AM,06:47 PM,23,30,30,27,16,37,79,0.2,1013,30,10,98,13,Mauritius
2020-02-15,29,25,0.0,8.9,6,45,11:41 PM,11:59 AM,06:01 AM,06:47 PM,23,29,29,26,28,61,81,2.7,1012,29,10,101,22,Mauritius
2020-02-16,28,24,0.0,10.3,6,38,No moonrise,12:58 PM,06:02 AM,06:46 PM,21,28,28,26,28,44,75,0.5,1013,28,10,111,23,Mauritius
2020-02-17,28,23,0.0,8.9,6,30,12:27 AM,01:57 PM,06:02 AM,06:45 PM,21,28,28,25,26,55,75,0.9,1014,28,10,119,21,Mauritius
2020-02-18,28,24,0.0,8.9,6,22,01:16 AM,02:54 PM,06:03 AM,06:45 PM,21,28,28,26,26,52,77,0.6,1013,28,10,124,20,Mauritius
2020-02-19,28,24,0.0,10.3,6,15,02:08 AM,03:49 PM,06:03 AM,06:44 PM,20,27,27,26,24,38,73,0.9,1012,28,10,131,18,Mauritius
2020-02-20,28,24,0.0,8.9,6,7,03:01 AM,04:39 PM,06:04 AM,06:44 PM,21,27,27,25,22,51,75,1.8,1011,28,10,122,17,Mauritius
2020-02-21,28,24,0.0,10.2,6,0,03:55 AM,05:27 PM,06:04 AM,06:43 PM,20,27,27,25,23,45,72,1.2,1012,28,10,111,18,Mauritius
2020-02-22,30,23,0.0,11.6,6,0,04:48 AM,06:09 PM,06:04 AM,06:42 PM,19,27,27,25,18,26,68,0.2,1013,30,10,109,14,Mauritius
2020-02-23,28,24,0.0,6.2,6,0,05:41 AM,06:49 PM,06:05 AM,06:42 PM,22,28,28,26,9,66,79,1.9,1011,28,10,152,7,Mauritius
2020-02-24,28,25,0.0,8.9,6,0,06:31 AM,07:26 PM,06:05 AM,06:41 PM,22,29,29,26,6,54,78,1.2,1009,28,10,245,5,Mauritius
2020-02-25,29,22,0.0,7.5,6,8,07:21 AM,08:00 PM,06:06 AM,06:40 PM,23,28,28,26,13,62,81,9.6,1008,29,9,262,10,Mauritius
2020-02-26,25,23,0.0,6.2,5,15,08:09 AM,08:33 PM,06:06 AM,06:39 PM,23,27,27,24,18,81,90,20.3,1010,25,8,82,14,Mauritius
2020-02-27,25,24,0.0,6.2,5,23,08:57 AM,09:07 PM,06:06 AM,06:39 PM,23,27,27,24,18,73,92,27.1,1010,25,8,97,13,Mauritius
2020-02-28,27,25,0.0,8.9,6,30,09:46 AM,09:41 PM,06:07 AM,06:38 PM,23,29,29,26,38,63,87,60.9,1009,27,5,70,20,Mauritius
2020-02-29,29,23,0.0,6.2,6,38,10:34 AM,10:17 PM,06:07 AM,06:37 PM,24,30,30,26,15,74,85,19.6,1005,29,9,111,10,Mauritius
2020-03-01,29,25,0.0,6.1,6,44,11:26 AM,10:56 PM,06:08 AM,06:36 PM,23,30,30,27,16,73,82,27.7,1005,29,8,52,9,Mauritius
2020-03-02,29,25,0.0,6.1,6,51,12:18 PM,11:39 PM,06:08 AM,06:36 PM,24,31,31,27,8,79,82,23.1,1007,29,8,152,5,Mauritius
2020-03-03,30,26,0.0,8.9,6,58,01:13 PM,No moonset,06:08 AM,06:35 PM,24,31,31,27,15,64,83,2.5,1008,30,10,127,10,Mauritius
2020-03-04,29,26,0.0,6.1,6,65,02:10 PM,12:27 AM,06:09 AM,06:34 PM,24,31,31,27,20,77,84,11.1,1008,29,9,102,13,Mauritius
2020-03-05,29,26,0.0,6.1,6,73,03:07 PM,01:21 AM,06:09 AM,06:33 PM,24,31,31,27,22,72,85,7.5,1009,29,9,90,15,Mauritius
2020-03-06,28,26,0.0,10.2,6,80,04:03 PM,02:20 AM,06:09 AM,06:32 PM,24,30,30,27,20,61,83,2.0,1009,28,10,85,15,Mauritius
2020-03-07,28,25,0.0,6.1,6,87,04:57 PM,03:23 AM,06:10 AM,06:31 PM,23,29,29,26,24,66,83,7.3,1010,28,9,103,16,Mauritius
2020-03-08,28,25,0.0,8.9,6,95,05:48 PM,04:27 AM,06:10 AM,06:31 PM,23,29,29,26,26,60,81,2.1,1011,28,10,109,20,Mauritius
2020-03-09,28,24,0.0,7.5,6,100,06:35 PM,05:33 AM,06:10 AM,06:30 PM,22,28,28,26,35,71,81,2.2,1011,28,10,106,26,Mauritius
2020-03-10,26,22,0.0,6.1,5,100,07:21 PM,06:37 AM,06:11 AM,06:29 PM,22,27,27,24,37,85,88,12.3,1010,26,9,98,26,Mauritius
2020-03-11,25,23,0.0,6.1,5,84,08:05 PM,07:41 AM,06:11 AM,06:28 PM,23,27,27,24,28,81,91,11.0,1008,25,9,93,21,Mauritius
2020-03-12,25,22,0.0,6.1,5,76,08:49 PM,08:44 AM,06:11 AM,06:27 PM,23,27,27,24,35,83,91,26.4,1008,25,8,107,22,Mauritius
2020-03-13,29,26,0.0,6.1,6,69,09:35 PM,09:47 AM,06:12 AM,06:26 PM,24,31,31,27,25,81,84,15.9,1010,29,9,92,16,Mauritius
2020-03-14,29,25,0.0,11.6,7,62,10:22 PM,10:49 AM,06:12 AM,06:26 PM,23,29,29,26,17,40,82,2.1,1010,29,10,118,13,Mauritius
2020-03-15,27,24,0.0,6.1,6,55,11:12 PM,11:50 AM,06:12 AM,06:25 PM,23,28,28,26,15,64,86,13.4,1007,27,9,135,10,Mauritius
2020-03-16,26,17,0.0,7.4,5,47,No moonrise,12:49 PM,06:13 AM,06:24 PM,20,25,25,23,18,53,83,5.7,1006,26,10,118,13,Mauritius
2020-03-17,28,21,0.0,7.4,6,40,12:04 AM,01:45 PM,06:13 AM,06:23 PM,21,27,27,25,27,62,77,9.1,1004,28,10,186,20,Mauritius
2020-03-18,28,24,0.0,6.0,6,33,12:57 AM,02:37 PM,06:13 AM,06:22 PM,22,28,28,26,16,62,81,1.3,1009,28,10,234,12,Mauritius
2020-03-19,28,23,0.0,11.6,7,25,01:51 AM,03:26 PM,06:13 AM,06:21 PM,20,27,27,25,13,10,76,0.0,1011,28,10,184,10,Mauritius
2020-03-20,27,22,0.0,10.2,5,18,02:44 AM,04:09 PM,06:14 AM,06:20 PM,19,26,26,24,12,21,73,0.0,1014,27,10,168,9,Mauritius
2020-03-21,27,22,0.0,11.6,6,11,03:37 AM,04:49 PM,06:14 AM,06:19 PM,17,26,26,24,19,8,68,0.0,1015,27,10,124,14,Mauritius
2020-03-22,27,22,0.0,6.0,6,4,04:28 AM,05:26 PM,06:14 AM,06:19 PM,20,27,27,25,24,55,78,0.6,1016,27,10,117,18,Mauritius
2020-03-23,28,24,0.0,7.4,6,0,05:18 AM,06:01 PM,06:15 AM,06:18 PM,22,28,28,26,31,61,81,1.5,1015,28,10,123,24,Mauritius
2020-03-24,28,24,0.0,7.4,6,0,06:06 AM,06:34 PM,06:15 AM,06:17 PM,23,29,29,26,29,65,83,2.5,1013,28,10,116,21,Mauritius
2020-03-25,28,25,0.0,8.8,6,3,06:54 AM,07:08 PM,06:15 AM,06:16 PM,23,29,29,26,28,56,85,9.7,1011,28,10,104,19,Mauritius
2020-03-26,27,24,0.0,11.6,6,11,07:42 AM,07:42 PM,06:15 AM,06:15 PM,21,27,27,25,27,44,79,0.1,1012,27,10,109,21,Mauritius
2020-03-27,28,24,0.0,7.4,6,18,08:31 AM,08:17 PM,06:16 AM,06:14 PM,22,28,28,26,25,52,82,1.0,1013,28,10,112,19,Mauritius
2020-03-28,29,24,0.0,7.4,6,25,09:21 AM,08:55 PM,06:16 AM,06:13 PM,23,29,29,26,16,50,82,1.9,1013,29,10,120,12,Mauritius
2020-03-29,28,25,0.0,7.4,6,32,10:13 AM,09:36 PM,06:16 AM,06:13 PM,23,29,29,26,20,66,86,5.2,1010,28,10,126,15,Mauritius
2020-03-30,29,25,0.0,8.8,6,40,11:06 AM,10:21 PM,06:16 AM,06:12 PM,24,30,30,27,26,59,85,10.3,1009,29,9,96,18,Mauritius
2020-03-31,29,26,0.0,7.4,6,44,12:01 PM,11:11 PM,06:17 AM,06:11 PM,24,30,30,27,23,74,84,5.5,1009,29,10,88,17,Mauritius
2020-04-01,29,25,0.0,7.4,6,56,12:57 PM,No moonset,06:17 AM,06:10 PM,24,30,30,27,19,73,84,13.9,1009,29,9,77,12,Mauritius
2020-04-02,28,25,0.0,8.8,6,64,01:52 PM,12:06 AM,06:17 AM,06:09 PM,22,29,29,26,7,65,79,14.9,1008,28,9,157,5,Mauritius
2020-04-03,28,24,0.0,8.8,6,71,02:44 PM,01:06 AM,06:18 AM,06:08 PM,22,28,28,26,12,62,81,12.5,1008,28,9,157,8,Mauritius
2020-04-04,27,24,0.0,8.8,6,79,03:35 PM,02:07 AM,06:18 AM,06:07 PM,21,27,27,25,19,43,79,0.6,1010,27,10,132,15,Mauritius
2020-04-05,27,23,0.0,11.6,6,87,04:23 PM,03:11 AM,06:18 AM,06:07 PM,21,27,27,25,25,46,80,0.5,1013,27,10,130,19,Mauritius
2020-04-06,27,24,0.0,7.4,6,94,05:08 PM,04:15 AM,06:18 AM,06:06 PM,21,27,27,25,30,67,79,0.7,1015,27,10,116,23,Mauritius
2020-04-07,27,24,0.0,8.8,6,100,05:53 PM,05:19 AM,06:19 AM,06:05 PM,21,27,27,25,32,64,79,1.3,1016,27,10,104,25,Mauritius
2020-04-08,27,23,0.0,10.2,6,100,06:37 PM,06:22 AM,06:19 AM,06:04 PM,21,27,27,25,33,48,78,0.8,1017,27,10,103,26,Mauritius
2020-04-09,27,23,0.0,5.9,6,83,07:23 PM,07:26 AM,06:19 AM,06:03 PM,22,28,28,25,31,64,79,1.1,1017,27,10,97,24,Mauritius
2020-04-10,27,24,0.0,7.3,6,76,08:10 PM,08:30 AM,06:19 AM,06:03 PM,21,27,27,25,31,53,76,0.7,1017,27,10,108,23,Mauritius
2020-04-11,27,24,0.0,8.8,6,68,09:01 PM,09:34 AM,06:20 AM,06:02 PM,20,27,27,25,37,57,77,0.6,1017,27,10,110,29,Mauritius
2020-04-12,27,21,0.0,7.3,6,61,09:54 PM,10:37 AM,06:20 AM,06:01 PM,20,26,26,24,35,62,77,1.3,1017,27,10,101,27,Mauritius
2020-04-13,26,24,0.0,5.9,6,53,10:49 PM,11:37 AM,06:20 AM,06:00 PM,21,27,27,25,33,67,78,1.2,1017,26,10,100,25,Mauritius
2020-04-14,27,23,0.0,8.7,7,46,11:45 PM,12:32 PM,06:21 AM,05:59 PM,20,27,27,25,32,32,75,0.3,1017,27,10,103,25,Mauritius
2020-04-15,27,24,0.0,5.7,6,38,No moonrise,01:23 PM,06:21 AM,05:59 PM,21,27,27,25,41,71,79,1.2,1018,27,10,111,32,Mauritius
2020-04-16,26,23,0.0,7.2,5,30,12:39 AM,02:09 PM,06:21 AM,05:58 PM,20,26,26,24,39,60,78,1.0,1017,26,10,117,30,Mauritius
2020-04-17,25,23,0.0,5.7,5,23,01:33 AM,02:50 PM,06:21 AM,05:57 PM,19,26,26,24,36,43,77,0.6,1016,25,10,113,28,Mauritius
2020-04-18,26,23,0.0,5.7,6,15,02:24 AM,03:28 PM,06:22 AM,05:56 PM,21,27,27,24,37,60,79,1.2,1016,26,10,114,29,Mauritius
2020-04-19,26,23,0.0,8.7,6,8,03:14 AM,04:03 PM,06:22 AM,05:56 PM,19,26,26,24,33,26,74,0.0,1015,26,10,112,26,Mauritius
2020-04-20,26,23,0.0,7.2,5,0,04:03 AM,04:36 PM,06:22 AM,05:55 PM,19,26,26,24,32,41,76,1.9,1015,26,10,113,24,Mauritius
2020-04-21,25,23,0.0,7.2,5,0,04:51 AM,05:10 PM,06:23 AM,05:54 PM,19,26,26,24,34,57,75,1.5,1016,25,10,109,26,Mauritius
2020-04-22,26,23,0.0,7.2,5,0,05:39 AM,05:43 PM,06:23 AM,05:54 PM,20,26,26,24,29,57,78,1.3,1015,26,10,106,22,Mauritius
2020-04-23,26,23,0.0,5.7,5,0,06:27 AM,06:18 PM,06:23 AM,05:53 PM,20,26,26,24,30,70,80,1.3,1015,26,10,109,23,Mauritius
2020-04-24,27,23,0.0,4.2,6,7,07:18 AM,06:55 PM,06:24 AM,05:52 PM,21,27,27,25,23,79,81,1.3,1014,27,10,101,17,Mauritius
2020-04-25,28,24,0.0,7.2,6,15,08:09 AM,07:35 PM,06:24 AM,05:52 PM,22,28,28,26,16,62,82,3.0,1013,28,10,82,12,Mauritius
2020-04-26,28,24,0.0,8.7,7,22,09:02 AM,08:19 PM,06:24 AM,05:51 PM,22,28,28,26,12,21,80,0.2,1014,28,10,66,9,Mauritius
2020-04-27,28,24,0.0,5.7,6,30,09:57 AM,09:07 PM,06:25 AM,05:50 PM,22,28,28,26,14,45,79,0.5,1015,28,10,165,11,Mauritius
2020-04-28,24,21,0.0,7.2,5,37,10:52 AM,10:00 PM,06:25 AM,05:50 PM,17,25,25,22,29,55,74,0.5,1019,24,10,136,23,Mauritius
2020-04-29,24,19,0.0,4.2,5,45,11:47 AM,10:57 PM,06:25 AM,05:49 PM,18,24,24,22,34,72,78,2.6,1019,24,10,125,26,Mauritius
2020-04-30,25,20,0.0,8.7,5,52,12:38 PM,11:56 PM,06:26 AM,05:48 PM,18,25,25,23,36,52,74,0.5,1020,25,10,112,28,Mauritius
2020-05-01,25,22,0.0,7.2,5,58,01:29 PM,No moonset,06:26 AM,05:48 PM,18,25,25,23,33,50,73,1.3,1020,25,10,109,25,Mauritius
2020-05-02,25,22,0.0,7.2,5,65,02:15 PM,12:57 AM,06:26 AM,05:47 PM,19,25,25,23,31,50,76,0.9,1018,25,10,111,23,Mauritius
2020-05-03,26,22,0.0,5.7,5,72,03:00 PM,01:59 AM,06:27 AM,05:47 PM,20,26,26,24,30,66,82,0.6,1016,26,10,105,23,Mauritius
2020-05-04,26,23,0.0,8.7,5,80,03:43 PM,03:00 AM,06:27 AM,05:46 PM,21,26,26,24,29,50,80,0.0,1017,26,10,99,22,Mauritius
2020-05-05,27,23,0.0,7.2,5,87,04:26 PM,04:02 AM,06:28 AM,05:46 PM,21,26,26,24,25,44,82,0.3,1017,27,10,97,19,Mauritius
2020-05-06,27,23,0.0,7.2,6,94,05:10 PM,05:05 AM,06:28 AM,05:45 PM,21,26,26,24,24,49,82,1.5,1017,27,10,90,18,Mauritius
2020-05-07,27,23,0.0,7.2,6,100,05:57 PM,06:08 AM,06:28 AM,05:45 PM,21,27,27,24,15,54,82,0.6,1016,27,10,99,11,Mauritius
2020-05-08,27,23,0.0,8.7,6,100,06:46 PM,07:13 AM,06:29 AM,05:44 PM,21,27,27,25,11,36,80,0.8,1015,27,10,182,8,Mauritius
2020-05-09,26,23,0.0,7.2,5,84,07:39 PM,08:17 AM,06:29 AM,05:44 PM,21,26,26,24,14,36,82,1.2,1016,26,10,139,10,Mauritius
2020-05-10,25,21,0.0,8.7,6,77,08:35 PM,09:21 AM,06:29 AM,05:43 PM,18,24,24,23,20,8,76,0.0,1017,25,10,147,15,Mauritius
2020-05-11,23,19,0.0,8.7,6,70,09:32 PM,10:20 AM,06:30 AM,05:43 PM,16,21,23,21,25,36,75,0.2,1018,23,10,138,19,Mauritius
2020-05-12,23,17,0.0,8.7,6,62,10:29 PM,11:15 AM,06:30 AM,05:42 PM,16,21,22,21,24,25,71,0.0,1018,23,10,124,18,Mauritius
2020-05-13,24,18,0.0,8.7,6,55,11:25 PM,12:04 PM,06:31 AM,05:42 PM,16,23,23,21,25,38,72,0.1,1017,24,10,109,18,Mauritius
2020-05-14,24,21,0.0,5.7,5,48,No moonrise,12:48 PM,06:31 AM,05:42 PM,18,23,23,22,24,57,78,0.7,1016,24,10,102,18,Mauritius
2020-05-15,25,21,0.0,8.7,6,40,12:18 AM,01:28 PM,06:31 AM,05:41 PM,18,24,24,23,18,15,77,0.0,1015,25,10,82,12,Mauritius
2020-05-16,27,22,0.0,8.7,6,33,01:09 AM,02:04 PM,06:32 AM,05:41 PM,20,26,26,24,8,27,79,0.1,1015,27,10,122,6,Mauritius
2020-05-17,26,22,0.0,4.2,5,26,01:58 AM,02:38 PM,06:32 AM,05:41 PM,20,26,26,24,18,63,80,1.9,1017,26,10,151,14,Mauritius
2020-05-18,24,20,0.0,8.7,5,19,02:47 AM,03:11 PM,06:33 AM,05:40 PM,16,22,22,22,25,26,72,0.1,1019,24,10,161,18,Mauritius
2020-05-19,24,20,0.0,8.7,5,11,03:35 AM,03:44 PM,06:33 AM,05:40 PM,16,22,22,21,27,40,72,0.4,1019,24,10,140,20,Mauritius
2020-05-20,24,20,0.0,7.2,5,4,04:23 AM,04:18 PM,06:33 AM,05:40 PM,16,21,22,21,32,52,72,0.4,1020,24,10,133,24,Mauritius
2020-05-21,25,21,0.0,4.1,5,0,05:13 AM,04:54 PM,06:34 AM,05:39 PM,18,24,24,23,40,65,76,1.5,1021,25,10,128,30,Mauritius
2020-05-22,25,22,0.0,4.1,5,0,06:04 AM,05:34 PM,06:34 AM,05:39 PM,19,25,25,23,45,67,77,1.2,1021,25,10,119,35,Mauritius
2020-05-23,23,21,0.0,5.7,5,3,06:57 AM,06:16 PM,06:35 AM,05:39 PM,17,23,23,22,34,52,76,0.3,1020,23,10,116,27,Mauritius
2020-05-24,24,20,0.0,8.7,5,10,07:52 AM,07:04 PM,06:35 AM,05:39 PM,17,22,22,22,26,26,74,0.6,1019,24,10,122,19,Mauritius
2020-05-25,25,20,0.0,7.2,5,17,08:48 AM,07:56 PM,06:35 AM,05:39 PM,18,23,23,22,25,56,77,0.5,1019,25,10,114,18,Mauritius
2020-05-26,25,22,0.0,7.2,5,25,09:43 AM,08:52 PM,06:36 AM,05:38 PM,19,25,25,23,31,57,77,0.4,1019,25,10,100,23,Mauritius
2020-05-27,25,22,0.0,8.7,6,32,10:36 AM,09:51 PM,06:36 AM,05:38 PM,20,25,25,23,32,40,80,0.1,1020,25,10,106,24,Mauritius
2020-05-28,25,23,0.0,7.2,5,39,11:27 AM,10:50 PM,06:37 AM,05:38 PM,20,25,25,23,34,54,80,0.3,1020,25,10,98,26,Mauritius
2020-05-29,25,22,0.0,7.2,5,47,12:13 PM,11:51 PM,06:37 AM,05:38 PM,19,25,25,23,31,40,80,0.4,1020,25,10,94,23,Mauritius
2020-05-30,25,21,0.0,5.7,5,54,12:57 PM,No moonset,06:37 AM,05:38 PM,18,24,24,22,20,46,78,0.7,1019,25,10,94,14,Mauritius
2020-05-31,25,21,0.0,7.2,5,58,01:40 PM,12:50 AM,06:38 AM,05:38 PM,18,23,23,22,19,23,78,0.1,1019,25,10,122,13,Mauritius
2020-06-01,25,21,0.0,8.7,6,71,02:21 PM,01:50 AM,06:38 AM,05:38 PM,19,24,24,23,25,22,79,0.3,1019,25,10,140,19,Mauritius
2020-06-02,24,22,0.0,4.1,5,79,03:03 PM,02:50 AM,06:39 AM,05:38 PM,19,25,25,23,29,69,82,1.1,1019,24,10,128,22,Mauritius
2020-06-03,24,21,0.0,8.7,5,86,03:47 PM,03:51 AM,06:39 AM,05:38 PM,18,24,24,22,35,47,78,0.4,1020,24,10,129,28,Mauritius
2020-06-04,23,20,0.0,8.7,6,94,04:33 PM,04:54 AM,06:39 AM,05:38 PM,17,21,22,21,36,24,74,0.2,1021,23,10,118,27,Mauritius
2020-06-05,23,20,0.0,7.2,5,100,05:25 PM,05:58 AM,06:40 AM,05:38 PM,17,21,22,21,29,52,78,0.4,1020,23,10,124,22,Mauritius
2020-06-06,24,19,0.0,7.2,5,100,06:19 PM,07:02 AM,06:40 AM,05:38 PM,16,21,22,21,20,47,72,0.4,1019,24,10,139,14,Mauritius
2020-06-07,22,19,0.0,4.1,5,84,07:16 PM,08:04 AM,06:40 AM,05:38 PM,16,20,21,20,40,60,75,0.7,1020,22,10,140,31,Mauritius
2020-06-08,21,18,0.0,8.7,5,76,08:14 PM,09:02 AM,06:41 AM,05:38 PM,14,20,20,20,41,28,72,0.1,1021,21,10,119,33,Mauritius
2020-06-09,22,19,0.0,7.2,5,69,09:12 PM,09:55 AM,06:41 AM,05:38 PM,15,20,21,20,36,41,73,2.3,1020,22,10,120,27,Mauritius
2020-06-10,23,20,0.0,8.7,5,61,10:08 PM,10:42 AM,06:41 AM,05:38 PM,16,21,22,21,39,54,74,0.6,1020,23,10,126,30,Mauritius
2020-06-11,23,20,0.0,4.1,5,54,11:01 PM,11:24 AM,06:42 AM,05:38 PM,16,21,22,21,45,77,75,1.9,1020,23,9,122,34,Mauritius
2020-06-12,23,20,0.0,4.1,5,46,11:52 PM,12:02 PM,06:42 AM,05:38 PM,17,23,23,22,39,69,78,1.9,1019,23,10,109,29,Mauritius
2020-06-13,24,21,0.0,5.6,5,38,No moonrise,12:37 PM,06:42 AM,05:38 PM,18,23,23,22,33,63,79,1.4,1018,24,10,107,25,Mauritius
2020-06-14,23,20,0.0,4.1,5,31,12:40 AM,01:11 PM,06:43 AM,05:38 PM,18,21,22,21,26,59,80,1.0,1019,23,10,124,19,Mauritius
2020-06-15,23,20,0.0,8.7,6,23,01:29 AM,01:44 PM,06:43 AM,05:38 PM,16,21,22,21,30,8,73,0.0,1020,23,10,132,23,Mauritius
2020-06-16,22,20,0.0,7.2,5,16,02:17 AM,02:17 PM,06:43 AM,05:39 PM,17,20,22,20,29,63,81,3.3,1020,22,10,137,21,Mauritius
2020-06-17,21,20,0.0,5.6,5,8,03:06 AM,02:52 PM,06:43 AM,05:39 PM,18,21,22,21,39,68,83,2.1,1019,21,9,145,29,Mauritius
2020-06-18,22,20,0.0,5.6,5,1,03:56 AM,03:31 PM,06:44 AM,05:39 PM,17,21,22,21,40,73,80,2.7,1021,22,9,131,31,Mauritius
2020-06-19,21,18,0.0,4.1,5,0,04:49 AM,04:12 PM,06:44 AM,05:39 PM,17,20,21,20,41,66,79,0.6,1021,21,9,122,32,Mauritius
2020-06-20,22,19,0.0,8.7,5,0,05:44 AM,04:58 PM,06:44 AM,05:39 PM,16,21,22,21,44,37,74,0.1,1021,22,10,112,34,Mauritius
2020-06-21,23,20,0.0,4.1,5,0,06:40 AM,05:50 PM,06:44 AM,05:39 PM,16,21,22,21,37,72,74,1.5,1020,23,10,101,28,Mauritius
2020-06-22,23,20,0.0,8.7,5,7,07:37 AM,06:45 PM,06:45 AM,05:40 PM,16,21,22,21,27,43,74,0.6,1019,23,10,106,20,Mauritius
2020-06-23,23,20,0.0,8.7,5,14,08:31 AM,07:44 PM,06:45 AM,05:40 PM,17,21,22,21,26,37,78,0.3,1018,23,10,121,20,Mauritius
2020-06-24,23,19,0.0,4.1,5,22,09:24 AM,08:44 PM,06:45 AM,05:40 PM,18,21,22,21,30,80,78,1.1,1019,23,10,115,23,Mauritius
2020-06-25,23,21,0.0,7.2,5,29,10:12 AM,09:45 PM,06:45 AM,05:40 PM,17,23,23,22,37,50,76,1.1,1019,23,10,112,29,Mauritius
2020-06-26,23,21,0.0,5.6,5,37,10:57 AM,10:45 PM,06:45 AM,05:41 PM,17,23,23,22,41,68,75,2.3,1020,23,10,107,30,Mauritius
2020-06-27,23,21,0.0,4.1,5,44,11:40 AM,11:44 PM,06:45 AM,05:41 PM,18,24,24,22,37,62,80,1.5,1020,23,10,103,28,Mauritius
2020-06-28,24,20,0.0,4.1,5,52,12:20 PM,No moonset,06:46 AM,05:41 PM,18,22,22,21,27,63,80,0.6,1019,24,10,99,20,Mauritius
2020-06-29,23,20,0.0,7.2,5,59,01:01 PM,12:42 AM,06:46 AM,05:42 PM,17,21,22,21,20,45,79,0.5,1018,23,10,111,15,Mauritius
2020-06-30,23,19,0.0,8.7,6,67,01:43 PM,01:42 AM,06:46 AM,05:42 PM,16,21,22,21,18,12,77,0.0,1017,23,10,126,13,Mauritius
2020-07-01,24,19,0.0,8.7,6,72,02:27 PM,02:42 AM,06:46 AM,05:42 PM,16,21,22,21,14,8,74,0.0,1017,24,10,155,10,Mauritius
2020-07-02,22,19,0.0,4.1,5,79,03:15 PM,03:44 AM,06:46 AM,05:43 PM,17,20,21,20,27,60,79,0.8,1018,22,10,146,21,Mauritius
2020-07-03,22,20,0.0,8.7,6,86,04:06 PM,04:46 AM,06:46 AM,05:43 PM,16,20,22,20,36,21,77,0.0,1020,22,10,117,27,Mauritius
2020-07-04,23,19,0.0,8.7,5,94,05:02 PM,05:48 AM,06:46 AM,05:43 PM,15,20,21,20,28,36,73,0.3,1020,23,10,109,21,Mauritius
2020-07-05,22,20,0.0,7.2,5,100,06:00 PM,06:48 AM,06:46 AM,05:44 PM,17,21,22,21,32,51,81,0.3,1019,22,10,126,25,Mauritius
2020-07-06,23,18,0.0,5.6,5,100,06:58 PM,07:44 AM,06:46 AM,05:44 PM,19,23,23,21,29,61,84,0.5,1018,23,10,124,22,Mauritius
2020-07-07,25,22,0.0,7.2,5,85,07:55 PM,08:33 AM,06:46 AM,05:44 PM,20,25,25,23,27,69,84,2.1,1019,25,10,114,21,Mauritius
2020-07-08,23,19,0.0,8.7,5,77,08:50 PM,09:18 AM,06:46 AM,05:45 PM,17,21,22,21,29,32,77,0.2,1021,23,10,120,22,Mauritius
2020-07-09,22,19,0.0,4.1,5,70,09:43 PM,09:58 AM,06:46 AM,05:45 PM,15,20,21,20,32,67,71,0.6,1022,22,10,128,25,Mauritius
2020-07-10,21,20,0.0,4.1,5,63,10:32 PM,10:35 AM,06:46 AM,05:45 PM,16,20,21,20,41,71,75,2.9,1022,21,10,112,31,Mauritius
2020-07-11,22,19,0.0,4.1,5,55,11:22 PM,11:09 AM,06:46 AM,05:46 PM,15,21,22,21,39,70,71,2.1,1023,22,9,105,29,Mauritius
2020-07-12,23,20,0.0,7.2,5,48,No moonrise,11:43 AM,06:46 AM,05:46 PM,16,21,22,21,35,73,71,1.8,1022,23,10,99,27,Mauritius
2020-07-13,23,20,0.0,7.2,5,41,12:09 AM,12:16 PM,06:46 AM,05:46 PM,17,21,22,21,31,45,75,0.3,1018,23,10,97,23,Mauritius
2020-07-14,24,20,0.0,8.7,6,34,12:58 AM,12:50 PM,06:45 AM,05:47 PM,17,23,23,22,22,17,76,0.0,1018,24,10,97,17,Mauritius
2020-07-15,23,21,0.0,7.2,5,26,01:48 AM,01:27 PM,06:45 AM,05:47 PM,17,23,23,22,30,61,77,0.5,1020,23,10,107,23,Mauritius
2020-07-16,23,19,0.0,8.7,6,19,02:39 AM,02:06 PM,06:45 AM,05:47 PM,16,21,22,21,20,10,73,0.0,1018,23,10,123,15,Mauritius
2020-07-17,23,19,0.0,8.7,6,12,03:33 AM,02:50 PM,06:45 AM,05:48 PM,16,21,21,21,23,25,74,0.1,1017,23,10,151,18,Mauritius
2020-07-18,22,16,0.0,8.7,5,5,04:28 AM,03:40 PM,06:45 AM,05:48 PM,15,20,20,20,31,36,74,0.4,1019,22,10,148,24,Mauritius
2020-07-19,21,17,0.0,7.2,4,0,05:25 AM,04:33 PM,06:44 AM,05:49 PM,14,19,20,19,34,58,71,0.9,1021,21,10,133,26,Mauritius
2020-07-20,21,18,0.0,7.2,4,0,06:21 AM,05:33 PM,06:44 AM,05:49 PM,14,19,20,19,32,60,70,0.4,1021,21,10,125,25,Mauritius
2020-07-21,21,18,0.0,4.1,4,2,07:16 AM,06:34 PM,06:44 AM,05:49 PM,14,19,19,19,28,69,69,0.9,1020,21,10,125,22,Mauritius
2020-07-22,20,15,0.0,7.2,4,10,08:07 AM,07:36 PM,06:44 AM,05:50 PM,13,18,19,18,27,49,67,0.3,1018,20,10,143,21,Mauritius
2020-07-23,22,17,0.0,7.2,4,17,08:54 AM,08:37 PM,06:43 AM,05:50 PM,14,19,20,19,35,70,72,1.2,1018,22,10,137,27,Mauritius
2020-07-24,20,17,0.0,4.2,4,24,09:39 AM,09:38 PM,06:43 AM,05:50 PM,13,18,19,18,36,67,68,0.6,1020,20,10,122,29,Mauritius
2020-07-25,20,18,0.0,4.2,4,32,10:20 AM,10:37 PM,06:43 AM,05:51 PM,13,19,19,19,34,63,68,1.1,1022,20,10,129,26,Mauritius
2020-07-26,21,17,0.0,8.7,5,39,11:01 AM,11:37 PM,06:42 AM,05:51 PM,14,19,20,19,36,55,72,1.0,1023,21,10,114,28,Mauritius
2020-07-27,22,19,0.0,7.2,5,46,11:43 AM,No moonset,06:42 AM,05:51 PM,16,20,21,20,28,60,78,1.0,1020,22,10,107,21,Mauritius
2020-07-28,23,19,0.0,8.7,6,53,12:25 PM,12:36 AM,06:41 AM,05:52 PM,16,21,21,21,15,28,77,0.0,1019,23,10,118,11,Mauritius
2020-07-29,23,19,0.0,7.2,5,61,01:11 PM,01:36 AM,06:41 AM,05:52 PM,17,21,22,21,25,55,78,0.2,1021,23,10,116,19,Mauritius
2020-07-30,23,19,0.0,7.2,5,68,02:00 PM,02:37 AM,06:41 AM,05:52 PM,17,21,22,21,25,45,78,0.1,1020,23,10,111,18,Mauritius
2020-07-31,24,20,0.0,8.7,6,72,02:53 PM,03:39 AM,06:40 AM,05:53 PM,18,22,22,21,13,35,80,0.0,1019,24,10,140,9,Mauritius
2020-08-01,24,20,0.0,7.2,5,82,03:49 PM,04:38 AM,06:40 AM,05:53 PM,18,23,23,22,21,42,79,0.2,1020,24,10,134,16,Mauritius
2020-08-02,22,20,0.0,7.2,5,90,04:47 PM,05:34 AM,06:39 AM,05:53 PM,17,21,22,21,30,63,80,0.9,1023,22,10,136,24,Mauritius
2020-08-03,21,17,0.0,8.7,4,97,05:44 PM,06:25 AM,06:39 AM,05:54 PM,15,19,20,19,34,52,73,0.6,1024,21,10,139,27,Mauritius
2020-08-04,20,18,0.0,4.2,4,100,06:40 PM,07:12 AM,06:38 AM,05:54 PM,14,19,19,19,33,66,72,0.9,1022,20,10,122,27,Mauritius
2020-08-05,20,18,0.0,7.2,4,88,07:33 PM,07:54 AM,06:38 AM,05:54 PM,13,19,19,19,26,52,69,0.4,1021,20,10,109,21,Mauritius
2020-08-06,21,18,0.0,5.7,4,81,08:24 PM,08:32 AM,06:37 AM,05:55 PM,13,19,19,19,25,63,67,0.5,1020,21,10,114,18,Mauritius
2020-08-07,21,18,0.0,4.2,4,74,09:14 PM,09:07 AM,06:37 AM,05:55 PM,14,19,19,19,25,62,71,0.9,1020,21,10,106,19,Mauritius
2020-08-08,22,18,0.0,5.7,5,67,10:02 PM,09:41 AM,06:36 AM,05:55 PM,15,20,21,20,13,68,76,1.6,1018,22,10,155,9,Mauritius
2020-08-09,21,18,0.0,8.7,4,59,10:50 PM,10:14 AM,06:35 AM,05:56 PM,15,19,20,19,26,27,74,0.2,1018,21,10,149,21,Mauritius
2020-08-10,21,17,0.0,8.7,5,52,11:40 PM,10:48 AM,06:35 AM,05:56 PM,13,19,19,19,23,5,69,0.0,1019,21,10,119,18,Mauritius
2020-08-11,23,18,0.0,8.7,6,45,No moonrise,11:23 AM,06:34 AM,05:56 PM,13,20,20,20,12,10,64,0.0,1018,23,10,146,9,Mauritius
2020-08-12,22,17,0.0,8.7,5,38,12:29 AM,12:01 PM,06:34 AM,05:57 PM,12,19,19,19,24,7,65,0.0,1019,22,10,137,18,Mauritius
2020-08-13,22,18,0.0,8.7,6,30,01:22 AM,12:42 PM,06:33 AM,05:57 PM,15,20,21,20,29,24,73,0.0,1019,22,10,110,23,Mauritius
2020-08-14,24,19,0.0,8.7,6,23,02:15 AM,01:29 PM,06:32 AM,05:57 PM,14,21,22,21,13,26,68,0.0,1018,24,10,156,9,Mauritius
2020-08-15,23,19,0.0,8.7,6,16,03:11 AM,02:20 PM,06:31 AM,05:57 PM,15,21,21,21,24,19,72,0.3,1018,23,10,128,18,Mauritius
2020-08-16,23,18,0.0,8.7,5,8,04:08 AM,03:17 PM,06:31 AM,05:58 PM,16,21,22,21,33,46,73,0.8,1020,23,10,99,26,Mauritius
2020-08-17,23,20,0.0,7.2,5,1,05:03 AM,04:17 PM,06:30 AM,05:58 PM,16,21,22,21,30,50,72,0.9,1020,23,10,94,23,Mauritius
2020-08-18,23,20,0.0,5.7,5,0,05:56 AM,05:20 PM,06:29 AM,05:58 PM,16,21,22,21,31,51,72,0.8,1020,23,10,102,24,Mauritius
2020-08-19,23,19,0.0,8.7,5,0,06:46 AM,06:23 PM,06:29 AM,05:59 PM,16,21,22,21,31,30,73,0.5,1019,23,10,99,24,Mauritius
2020-08-20,23,19,0.0,8.7,5,6,07:33 AM,07:26 PM,06:28 AM,05:59 PM,16,21,21,21,23,42,74,0.3,1019,23,10,94,18,Mauritius
2020-08-21,23,19,0.0,8.7,5,13,08:16 AM,08:27 PM,06:27 AM,05:59 PM,15,20,21,20,22,17,72,0.3,1020,23,10,113,17,Mauritius
2020-08-22,23,19,0.0,5.7,5,20,08:58 AM,09:29 PM,06:26 AM,05:59 PM,16,21,22,21,23,60,76,0.9,1020,23,10,122,18,Mauritius
2020-08-23,23,20,0.0,7.3,5,28,09:41 AM,10:29 PM,06:26 AM,06:00 PM,16,21,22,21,29,62,74,2.6,1020,23,10,113,23,Mauritius
2020-08-24,23,19,0.0,10.2,5,35,10:23 AM,11:31 PM,06:25 AM,06:00 PM,16,21,22,21,31,52,75,0.4,1020,23,10,106,24,Mauritius
2020-08-25,24,20,0.0,11.6,5,42,11:09 AM,No moonset,06:24 AM,06:00 PM,17,21,22,21,28,39,75,0.5,1021,24,10,106,21,Mauritius
2020-08-26,24,20,0.0,7.3,5,50,11:57 AM,12:32 AM,06:23 AM,06:00 PM,17,23,23,21,27,56,75,0.9,1021,24,10,104,21,Mauritius
2020-08-27,23,19,0.0,8.7,5,57,12:49 PM,01:33 AM,06:22 AM,06:01 PM,17,21,22,21,27,51,76,1.2,1020,23,10,101,20,Mauritius
2020-08-28,24,20,0.0,11.6,6,64,01:44 PM,02:32 AM,06:22 AM,06:01 PM,16,21,22,21,27,22,74,0.1,1019,24,10,111,21,Mauritius
2020-08-29,23,20,0.0,11.6,5,71,02:40 PM,03:29 AM,06:21 AM,06:01 PM,17,21,22,21,32,37,77,0.1,1019,23,10,115,26,Mauritius
2020-08-30,23,19,0.0,10.2,5,79,03:37 PM,04:21 AM,06:20 AM,06:01 PM,16,23,23,21,36,59,73,0.6,1020,23,10,109,29,Mauritius
2020-08-31,23,20,0.0,7.3,5,82,04:32 PM,05:09 AM,06:19 AM,06:01 PM,17,23,23,22,37,73,75,2.2,1020,23,9,110,29,Mauritius
2020-09-01,23,20,0.0,8.8,5,97,05:26 PM,05:51 AM,06:18 AM,06:02 PM,17,23,23,22,36,47,76,1.1,1020,23,10,106,28,Mauritius
2020-09-02,25,20,0.0,5.9,5,100,06:17 PM,06:30 AM,06:17 AM,06:02 PM,18,23,23,22,20,75,76,2.6,1017,25,9,127,15,Mauritius
2020-09-03,24,21,0.0,5.9,5,88,07:08 PM,07:06 AM,06:17 AM,06:02 PM,18,23,23,22,15,63,77,2.4,1015,24,10,196,12,Mauritius
2020-09-04,23,19,0.0,11.6,6,81,07:56 PM,07:41 AM,06:16 AM,06:02 PM,15,21,21,21,23,20,69,0.0,1014,23,10,200,19,Mauritius
2020-09-05,24,19,0.0,10.2,5,73,08:44 PM,08:13 AM,06:15 AM,06:02 PM,16,21,22,21,21,55,71,0.5,1014,24,10,179,17,Mauritius
2020-09-06,23,19,0.0,11.6,5,66,09:33 PM,08:47 AM,06:14 AM,06:03 PM,16,21,23,21,20,41,73,0.4,1015,23,10,104,15,Mauritius
2020-09-07,25,21,0.0,6.0,5,58,10:22 PM,09:21 AM,06:13 AM,06:03 PM,19,23,23,22,22,83,83,15.3,1017,25,9,98,16,Mauritius
2020-09-08,25,19,0.0,10.2,5,50,11:13 PM,09:57 AM,06:12 AM,06:03 PM,19,25,25,22,28,54,78,0.5,1020,25,10,100,21,Mauritius
2020-09-09,23,20,0.0,6.0,5,43,No moonrise,10:36 AM,06:11 AM,06:03 PM,18,24,24,22,35,78,79,1.8,1022,23,10,106,27,Mauritius
2020-09-10,23,18,0.0,10.2,5,35,12:05 AM,11:20 AM,06:10 AM,06:04 PM,16,21,22,21,36,66,72,1.7,1020,23,10,110,28,Mauritius
2020-09-11,23,21,0.0,10.2,5,28,01:00 AM,12:08 PM,06:09 AM,06:04 PM,17,23,23,22,34,48,75,0.8,1019,23,10,104,27,Mauritius
2020-09-12,24,20,0.0,7.4,5,20,01:55 AM,01:01 PM,06:09 AM,06:04 PM,17,23,23,22,29,70,76,1.5,1019,24,10,110,23,Mauritius
2020-09-13,24,20,0.0,11.6,5,13,02:49 AM,01:59 PM,06:08 AM,06:04 PM,17,22,22,22,27,23,76,0.1,1020,24,10,127,21,Mauritius
2020-09-14,22,18,0.0,11.6,5,5,03:43 AM,03:00 PM,06:07 AM,06:04 PM,15,20,21,20,34,40,74,0.2,1021,22,10,134,27,Mauritius
2020-09-15,19,15,0.0,7.4,4,0,04:33 AM,04:03 PM,06:06 AM,06:05 PM,13,18,18,18,32,62,71,0.4,1021,19,10,111,26,Mauritius
2020-09-16,22,17,0.0,8.8,5,0,05:22 AM,05:07 PM,06:05 AM,06:05 PM,13,19,20,19,21,55,68,0.4,1020,22,10,96,18,Mauritius
2020-09-17,22,19,0.0,10.2,5,0,06:07 AM,06:10 PM,06:04 AM,06:05 PM,15,20,21,20,25,49,72,0.3,1021,22,10,107,19,Mauritius
2020-09-18,23,19,0.0,6.0,5,2,06:50 AM,07:13 PM,06:03 AM,06:05 PM,15,21,22,21,27,74,68,0.8,1021,23,10,102,21,Mauritius
2020-09-19,23,20,0.0,10.2,5,10,07:34 AM,08:15 PM,06:02 AM,06:05 PM,15,21,22,21,28,52,69,0.3,1021,23,10,105,21,Mauritius
2020-09-20,23,19,0.0,10.2,5,17,08:17 AM,09:19 PM,06:01 AM,06:06 PM,16,21,22,21,29,41,73,0.2,1020,23,10,111,22,Mauritius
2020-09-21,24,20,0.0,8.9,5,25,09:03 AM,10:22 PM,06:00 AM,06:06 PM,16,23,23,21,31,56,70,0.6,1021,24,10,102,25,Mauritius
2020-09-22,23,20,0.0,12.5,6,32,09:52 AM,11:26 PM,05:59 AM,06:06 PM,15,21,22,21,26,21,69,0.0,1020,23,10,103,21,Mauritius
2020-09-23,23,19,0.0,10.5,5,40,10:44 AM,No moonset,05:59 AM,06:06 PM,15,21,22,21,22,50,71,0.6,1019,23,10,119,18,Mauritius
2020-09-24,22,19,0.0,9.1,5,47,11:39 AM,12:27 AM,05:58 AM,06:06 PM,15,21,21,21,21,49,72,1.2,1019,22,10,127,16,Mauritius
2020-09-25,23,19,0.0,12.5,5,55,12:35 PM,01:26 AM,05:57 AM,06:07 PM,15,21,22,21,23,32,71,0.4,1019,23,10,121,18,Mauritius
2020-09-26,24,20,0.0,10.5,5,62,01:32 PM,02:19 AM,05:56 AM,06:07 PM,16,22,22,21,22,50,71,1.3,1018,24,10,96,17,Mauritius
2020-09-27,24,20,0.0,11.8,5,70,02:27 PM,03:08 AM,05:55 AM,06:07 PM,16,23,23,22,22,43,73,1.6,1017,24,10,91,17,Mauritius
2020-09-28,25,20,0.0,12.5,5,78,03:22 PM,03:51 AM,05:54 AM,06:07 PM,17,24,24,22,22,28,74,0.4,1019,25,10,104,17,Mauritius
2020-09-29,25,21,0.0,12.6,5,85,04:13 PM,04:30 AM,05:53 AM,06:08 PM,18,24,24,23,21,29,76,0.1,1019,25,10,110,17,Mauritius
2020-09-30,24,21,0.0,12.6,6,93,05:03 PM,05:07 AM,05:52 AM,06:08 PM,17,24,24,22,21,22,72,0.0,1017,24,10,100,17,Mauritius
2020-10-01,26,20,0.0,12.6,6,97,05:52 PM,05:42 AM,05:51 AM,06:08 PM,16,23,23,22,11,2,70,0.0,1017,26,10,105,9,Mauritius
2020-10-02,26,20,0.0,12.6,6,100,06:40 PM,06:14 AM,05:51 AM,06:08 PM,18,24,24,23,9,28,74,0.0,1016,26,10,171,8,Mauritius
2020-10-03,26,21,0.0,12.6,6,89,07:29 PM,06:47 AM,05:50 AM,06:09 PM,17,24,24,23,8,11,72,0.0,1017,26,10,173,6,Mauritius
2020-10-04,25,21,0.0,12.6,5,82,08:18 PM,07:21 AM,05:49 AM,06:09 PM,18,24,24,23,11,31,74,0.0,1017,25,10,107,9,Mauritius
2020-10-05,26,21,0.0,12.6,5,74,09:08 PM,07:56 AM,05:48 AM,06:09 PM,18,24,24,23,11,52,76,3.1,1017,26,10,121,9,Mauritius
2020-10-06,24,21,0.0,12.6,5,67,09:59 PM,08:34 AM,05:47 AM,06:09 PM,19,25,25,23,10,52,77,0.6,1016,24,10,195,8,Mauritius
2020-10-07,26,22,0.0,10.5,5,60,10:52 PM,09:16 AM,05:46 AM,06:10 PM,20,26,26,24,6,44,79,1.1,1017,26,10,108,5,Mauritius
2020-10-08,26,22,0.0,10.5,5,53,11:46 PM,10:01 AM,05:45 AM,06:10 PM,19,25,25,23,22,65,79,0.6,1017,26,10,86,18,Mauritius
2020-10-09,26,22,0.0,12.7,5,45,No moonrise,10:51 AM,05:45 AM,06:10 PM,19,26,26,24,14,27,77,0.1,1016,26,10,83,11,Mauritius
2020-10-10,27,22,0.0,12.7,7,38,12:40 AM,11:46 AM,05:44 AM,06:11 PM,20,27,27,24,13,23,78,0.1,1016,27,10,96,10,Mauritius
2020-10-11,26,23,0.0,11.9,5,31,01:32 AM,12:44 PM,05:43 AM,06:11 PM,20,26,26,24,18,52,79,0.5,1017,26,10,92,15,Mauritius
2020-10-12,25,22,0.0,12.7,5,23,02:22 AM,01:45 PM,05:42 AM,06:11 PM,19,25,25,23,23,55,77,1.3,1017,25,10,100,18,Mauritius
2020-10-13,26,21,0.0,12.7,6,16,03:10 AM,02:46 PM,05:41 AM,06:11 PM,19,26,26,23,23,32,75,0.1,1017,26,10,95,19,Mauritius
2020-10-14,26,22,0.0,12.7,6,9,03:56 AM,03:49 PM,05:40 AM,06:12 PM,19,26,26,24,23,18,74,0.0,1018,26,10,90,19,Mauritius
2020-10-15,26,22,0.0,9.3,5,2,04:39 AM,04:51 PM,05:40 AM,06:12 PM,18,26,26,24,13,52,72,1.0,1018,26,10,106,10,Mauritius
2020-10-16,26,22,0.0,9.3,5,0,05:23 AM,05:54 PM,05:39 AM,06:13 PM,18,26,26,24,16,58,71,1.1,1016,26,10,101,13,Mauritius
2020-10-17,26,21,0.0,12.8,6,0,06:06 AM,06:59 PM,05:38 AM,06:13 PM,17,25,25,23,19,14,70,0.1,1016,26,10,113,16,Mauritius
2020-10-18,26,21,0.0,12.8,5,5,06:52 AM,08:04 PM,05:37 AM,06:13 PM,17,25,25,23,23,26,68,0.7,1016,26,10,114,19,Mauritius
2020-10-19,26,22,0.0,12.8,5,13,07:41 AM,09:10 PM,05:37 AM,06:14 PM,18,25,25,23,26,27,71,0.1,1016,26,10,116,21,Mauritius
2020-10-20,26,22,0.0,12.8,5,20,08:33 AM,10:15 PM,05:36 AM,06:14 PM,18,26,26,24,27,32,73,0.1,1016,26,10,114,22,Mauritius
2020-10-21,26,22,0.0,12.8,6,27,09:29 AM,11:17 PM,05:35 AM,06:14 PM,18,26,26,24,27,25,71,0.0,1017,26,10,111,22,Mauritius
2020-10-22,26,22,0.0,12.8,5,35,10:27 AM,No moonset,05:35 AM,06:15 PM,18,26,26,24,24,33,70,0.6,1018,26,10,112,20,Mauritius
2020-10-23,25,21,0.0,12.8,5,42,11:26 AM,12:14 AM,05:34 AM,06:15 PM,17,25,25,23,23,30,70,0.3,1018,25,10,131,19,Mauritius
2020-10-24,25,21,0.0,12.8,5,49,12:22 PM,01:06 AM,05:33 AM,06:16 PM,15,25,25,23,24,20,64,0.0,1017,25,10,121,20,Mauritius
2020-10-25,24,21,0.0,11.9,5,56,01:17 PM,01:51 AM,05:32 AM,06:16 PM,18,25,25,23,32,68,76,3.5,1017,24,10,111,25,Mauritius
2020-10-26,25,22,0.0,12.8,5,64,02:10 PM,02:32 AM,05:32 AM,06:16 PM,18,25,25,23,30,52,74,0.2,1017,25,10,101,25,Mauritius
2020-10-27,26,21,0.0,12.9,5,71,03:00 PM,03:09 AM,05:31 AM,06:17 PM,17,24,24,23,14,32,70,0.0,1016,26,10,88,11,Mauritius
2020-10-28,25,21,0.0,10.6,5,78,03:49 PM,03:44 AM,05:31 AM,06:17 PM,18,25,25,23,15,54,74,0.4,1017,25,10,112,12,Mauritius
2020-10-29,25,21,0.0,10.6,5,85,04:37 PM,04:16 AM,05:30 AM,06:18 PM,17,24,24,22,30,51,71,0.4,1019,25,10,134,25,Mauritius
2020-10-30,22,19,0.0,11.9,5,93,05:26 PM,04:49 AM,05:29 AM,06:18 PM,13,20,21,20,40,48,64,0.5,1020,22,10,137,33,Mauritius
2020-10-31,23,18,0.0,12.9,6,97,06:14 PM,05:22 AM,05:29 AM,06:19 PM,13,20,21,20,30,16,62,0.1,1017,23,10,153,24,Mauritius
2020-11-01,23,19,0.0,9.4,5,89,07:04 PM,05:57 AM,05:28 AM,06:19 PM,15,22,22,21,20,56,67,0.3,1016,23,10,178,16,Mauritius
2020-11-02,24,20,0.0,10.6,5,81,07:55 PM,06:34 AM,05:28 AM,06:20 PM,15,23,23,22,10,48,66,0.1,1017,24,10,173,8,Mauritius
2020-11-03,24,20,0.0,10.6,5,74,08:48 PM,07:14 AM,05:27 AM,06:20 PM,17,23,23,21,23,46,76,0.4,1019,24,10,124,18,Mauritius
2020-11-04,24,20,0.0,12.9,5,66,09:42 PM,07:58 AM,05:27 AM,06:21 PM,17,22,22,21,24,37,76,0.1,1018,24,10,117,20,Mauritius
2020-11-05,24,21,0.0,11.9,5,58,10:35 PM,08:47 AM,05:26 AM,06:21 PM,18,24,24,22,23,54,77,0.6,1018,24,10,105,19,Mauritius
2020-11-06,25,21,0.0,13.0,6,51,11:27 PM,09:40 AM,05:26 AM,06:22 PM,18,25,25,23,26,39,76,0.2,1018,25,10,111,22,Mauritius
2020-11-07,25,21,0.0,13.0,5,43,No moonrise,10:35 AM,05:25 AM,06:22 PM,17,24,24,23,24,38,72,0.1,1019,25,10,106,20,Mauritius
2020-11-08,26,21,0.0,11.9,5,36,12:17 AM,11:33 AM,05:25 AM,06:23 PM,19,25,25,23,28,52,77,0.6,1020,26,10,110,23,Mauritius
2020-11-09,25,22,0.0,10.7,5,28,01:04 AM,12:32 PM,05:25 AM,06:23 PM,19,26,26,24,30,56,75,1.6,1020,25,10,107,24,Mauritius
2020-11-10,25,21,0.0,10.7,5,21,01:48 AM,01:32 PM,05:24 AM,06:24 PM,18,25,25,23,25,59,72,1.1,1018,25,10,112,20,Mauritius
2020-11-11,26,22,0.0,12.0,5,13,02:31 AM,02:32 PM,05:24 AM,06:24 PM,19,26,26,24,26,51,75,0.7,1016,26,10,101,21,Mauritius
2020-11-12,25,22,0.0,13.0,5,6,03:13 AM,03:33 PM,05:24 AM,06:25 PM,19,25,25,23,24,41,75,0.9,1015,25,10,83,19,Mauritius
2020-11-13,27,22,0.0,13.0,7,0,03:55 AM,04:35 PM,05:23 AM,06:26 PM,20,27,27,25,17,48,75,0.6,1014,27,10,70,14,Mauritius
2020-11-14,27,23,0.0,12.0,6,0,04:38 AM,05:40 PM,05:23 AM,06:26 PM,20,27,27,25,13,40,75,1.5,1012,27,10,183,10,Mauritius
2020-11-15,25,21,0.0,13.0,5,0,05:26 AM,06:46 PM,05:23 AM,06:27 PM,18,25,25,23,22,32,74,0.0,1013,25,10,148,18,Mauritius
2020-11-16,23,20,0.0,13.1,6,2,06:16 AM,07:54 PM,05:22 AM,06:27 PM,15,22,22,21,24,8,66,0.0,1014,23,10,134,20,Mauritius
2020-11-17,24,20,0.0,12.0,5,9,07:12 AM,09:00 PM,05:22 AM,06:28 PM,15,24,24,22,16,38,65,0.1,1013,24,10,125,13,Mauritius
2020-11-18,25,21,0.0,13.1,5,17,08:11 AM,10:02 PM,05:22 AM,06:29 PM,17,24,24,23,23,44,69,1.3,1012,25,10,124,19,Mauritius
2020-11-19,26,21,0.0,13.1,5,24,09:12 AM,10:58 PM,05:22 AM,06:29 PM,17,25,25,23,20,36,70,0.4,1012,26,10,122,17,Mauritius
2020-11-20,26,21,0.0,13.1,6,32,10:12 AM,11:47 PM,05:22 AM,06:30 PM,18,25,25,23,12,32,73,0.1,1012,26,10,177,10,Mauritius
2020-11-21,25,22,0.0,13.1,5,39,11:09 AM,No moonset,05:22 AM,06:30 PM,18,26,26,24,8,28,70,0.2,1013,25,10,223,7,Mauritius
2020-11-22,28,22,0.0,13.1,7,47,12:04 PM,12:30 AM,05:22 AM,06:31 PM,18,26,26,25,6,16,65,0.0,1015,28,10,130,5,Mauritius
2020-11-23,26,22,0.0,12.0,6,54,12:56 PM,01:09 AM,05:21 AM,06:32 PM,19,26,26,24,18,54,74,1.2,1016,26,10,107,14,Mauritius
2020-11-24,26,23,0.0,13.1,6,62,01:45 PM,01:45 AM,05:21 AM,06:32 PM,19,26,26,24,26,57,75,1.0,1016,26,10,106,21,Mauritius
2020-11-25,27,23,0.0,12.0,6,70,02:33 PM,02:18 AM,05:21 AM,06:33 PM,20,27,27,25,29,58,77,0.7,1015,27,10,105,23,Mauritius
2020-11-26,26,23,0.0,10.7,5,77,03:22 PM,02:51 AM,05:21 AM,06:34 PM,20,26,26,24,32,69,77,1.1,1016,26,10,101,26,Mauritius
2020-11-27,25,22,0.0,12.0,5,85,04:10 PM,03:24 AM,05:21 AM,06:34 PM,19,26,26,24,27,52,76,0.4,1016,25,10,107,22,Mauritius
2020-11-28,26,22,0.0,13.1,5,92,04:59 PM,03:57 AM,05:21 AM,06:35 PM,18,26,26,24,24,32,71,0.2,1015,26,10,102,19,Mauritius
2020-11-29,26,22,0.0,12.0,5,100,05:51 PM,04:33 AM,05:21 AM,06:36 PM,19,26,26,24,26,54,74,0.9,1014,26,10,111,22,Mauritius
2020-11-30,27,23,0.0,13.2,6,100,06:43 PM,05:13 AM,05:21 AM,06:36 PM,20,27,27,25,26,41,76,0.3,1013,27,10,107,21,Mauritius
2020-12-01,28,23,0.0,10.7,6,89,07:37 PM,05:56 AM,05:22 AM,06:37 PM,21,28,28,25,22,67,79,3.7,1013,28,10,97,17,Mauritius
2020-12-02,28,24,0.0,13.2,6,82,08:31 PM,06:43 AM,05:22 AM,06:38 PM,22,28,28,26,17,49,78,0.6,1015,28,10,70,14,Mauritius
2020-12-03,28,24,0.0,13.2,6,75,09:24 PM,07:36 AM,05:22 AM,06:38 PM,22,28,28,26,18,43,78,0.4,1016,28,10,92,14,Mauritius
2020-12-04,28,24,0.0,13.2,7,67,10:14 PM,08:30 AM,05:22 AM,06:39 PM,21,27,27,25,23,32,75,0.1,1015,28,10,105,18,Mauritius
2020-12-05,29,23,0.0,13.2,6,60,11:02 PM,09:28 AM,05:22 AM,06:40 PM,21,28,28,26,12,23,74,0.4,1014,29,10,114,10,Mauritius
2020-12-06,27,23,0.0,13.2,6,53,11:47 PM,10:25 AM,05:22 AM,06:40 PM,20,27,27,25,20,30,74,0.2,1015,27,10,115,16,Mauritius
2020-12-07,30,24,0.0,13.2,6,46,No moonrise,11:24 AM,05:23 AM,06:41 PM,20,28,28,26,14,33,71,0.6,1015,30,10,85,11,Mauritius
2020-12-08,29,24,0.0,13.2,6,38,12:28 AM,12:21 PM,05:23 AM,06:41 PM,21,28,28,26,7,30,73,0.6,1014,29,10,152,6,Mauritius
2020-12-09,28,24,0.0,13.2,7,31,01:08 AM,01:20 PM,05:23 AM,06:42 PM,20,28,28,26,18,26,72,0.1,1013,28,10,111,15,Mauritius
2020-12-10,26,24,0.0,8.3,6,24,01:49 AM,02:19 PM,05:23 AM,06:43 PM,21,27,27,25,34,85,81,10.2,1014,26,10,105,25,Mauritius
2020-12-11,26,23,0.0,13.2,5,17,02:29 AM,03:20 PM,05:24 AM,06:43 PM,19,26,26,24,27,48,74,0.1,1015,26,10,122,22,Mauritius
2020-12-12,26,23,0.0,13.2,7,9,03:13 AM,04:24 PM,05:24 AM,06:44 PM,19,26,26,24,27,29,72,0.3,1015,26,10,123,23,Mauritius
2020-12-13,27,23,0.0,13.2,6,2,04:01 AM,05:30 PM,05:24 AM,06:44 PM,20,27,27,25,26,51,74,0.4,1013,27,10,135,21,Mauritius
2020-12-14,28,24,0.0,13.2,6,0,04:54 AM,06:36 PM,05:25 AM,06:45 PM,21,28,28,26,26,42,76,0.3,1011,28,10,119,21,Mauritius
2020-12-15,28,24,0.0,12.0,6,0,05:51 AM,07:42 PM,05:25 AM,06:46 PM,22,28,28,26,30,62,77,3.7,1012,28,10,101,23,Mauritius
2020-12-16,28,25,0.0,10.8,6,5,06:52 AM,08:42 PM,05:26 AM,06:46 PM,22,28,28,26,31,62,78,1.3,1014,28,10,98,25,Mauritius
2020-12-17,27,24,0.0,10.8,6,12,07:54 AM,09:36 PM,05:26 AM,06:47 PM,21,27,27,25,30,60,79,0.8,1014,27,10,103,25,Mauritius
2020-12-18,27,24,0.0,13.2,6,20,08:55 AM,10:23 PM,05:26 AM,06:47 PM,20,27,27,25,29,40,74,0.7,1014,27,10,105,24,Mauritius
2020-12-19,28,23,0.0,13.2,6,27,09:53 AM,11:06 PM,05:27 AM,06:48 PM,21,28,28,26,23,33,76,0.0,1014,28,10,101,19,Mauritius
2020-12-20,29,24,0.0,9.5,6,34,10:47 AM,11:43 PM,05:27 AM,06:48 PM,22,29,29,26,19,71,76,1.3,1014,29,10,107,15,Mauritius
2020-12-21,28,24,0.0,13.2,7,41,11:38 AM,No moonset,05:28 AM,06:49 PM,21,28,28,26,25,35,76,0.5,1014,28,10,115,21,Mauritius
2020-12-22,28,24,0.0,12.0,6,49,12:27 PM,12:18 AM,05:28 AM,06:49 PM,21,27,27,25,30,61,74,0.4,1013,28,10,116,25,Mauritius
2020-12-23,28,24,0.0,13.2,6,56,01:16 PM,12:51 AM,05:29 AM,06:50 PM,21,28,28,26,37,55,74,0.3,1012,28,10,113,30,Mauritius
2020-12-24,28,24,0.0,8.3,6,63,02:04 PM,01:24 AM,05:29 AM,06:50 PM,21,28,28,26,35,76,75,1.7,1011,28,10,102,29,Mauritius
2020-12-25,28,25,0.0,8.3,6,70,02:53 PM,01:57 AM,05:30 AM,06:51 PM,22,28,28,26,35,72,79,3.0,1011,28,10,94,28,Mauritius
2020-12-26,27,25,0.0,10.8,6,78,03:43 PM,02:32 AM,05:30 AM,06:51 PM,22,28,28,26,33,64,80,0.8,1012,27,10,90,26,Mauritius
2020-12-27,28,25,0.0,8.3,6,85,04:35 PM,03:10 AM,05:31 AM,06:52 PM,22,28,28,26,31,76,79,2.8,1013,28,10,92,25,Mauritius
2020-12-28,27,24,0.0,12.0,6,92,05:30 PM,03:52 AM,05:32 AM,06:52 PM,20,27,27,25,29,47,75,1.4,1014,27,10,101,23,Mauritius
2020-12-29,27,23,0.0,9.5,6,100,06:24 PM,04:38 AM,05:32 AM,06:52 PM,20,27,27,25,30,54,75,1.1,1013,27,10,113,24,Mauritius
2020-12-30,28,24,0.0,13.2,6,100,07:19 PM,05:29 AM,05:33 AM,06:53 PM,20,27,27,25,30,43,74,0.1,1012,28,10,117,25,Mauritius
2020-12-31,27,24,0.0,12.0,6,89,08:11 PM,06:24 AM,05:33 AM,06:53 PM,20,27,27,25,38,48,73,0.8,1013,27,10,109,31,Mauritius
2021-01-01,27,23,0.0,13.2,6,79,09:00 PM,07:22 AM,05:34 AM,06:53 PM,20,27,27,25,36,46,73,0.6,1014,27,10,106,29,Mauritius
2021-01-02,27,23,0.0,13.2,7,71,09:46 PM,08:20 AM,05:35 AM,06:54 PM,19,27,27,25,30,17,71,0.0,1015,27,10,114,24,Mauritius
2021-01-03,27,23,0.0,10.7,6,64,10:28 PM,09:19 AM,05:35 AM,06:54 PM,19,26,26,25,29,65,69,1.5,1013,27,10,123,23,Mauritius
2021-01-04,28,23,0.0,12.0,6,57,11:09 PM,10:16 AM,05:36 AM,06:54 PM,20,27,27,25,27,52,75,0.8,1012,28,10,112,22,Mauritius
2021-01-05,28,24,0.0,13.2,6,50,11:48 PM,11:14 AM,05:37 AM,06:54 PM,20,27,27,25,25,39,74,0.6,1012,28,10,108,20,Mauritius
2021-01-06,28,23,0.0,12.0,6,42,No moonrise,12:11 PM,05:37 AM,06:55 PM,20,27,27,25,25,44,75,0.6,1012,28,10,107,20,Mauritius
2021-01-07,27,23,0.0,10.7,6,35,12:27 AM,01:10 PM,05:38 AM,06:55 PM,20,27,27,25,25,49,76,1.0,1011,27,10,120,20,Mauritius
2021-01-08,27,23,0.0,13.2,6,28,01:08 AM,02:10 PM,05:39 AM,06:55 PM,19,27,27,25,23,29,72,0.1,1009,27,10,127,19,Mauritius
2021-01-09,28,24,0.0,12.0,6,20,01:53 AM,03:13 PM,05:39 AM,06:55 PM,22,29,29,26,26,59,77,11.0,1007,28,10,137,18,Mauritius
2021-01-10,28,25,0.0,9.5,6,13,02:41 AM,04:17 PM,05:40 AM,06:55 PM,23,29,29,26,20,67,80,0.9,1005,28,10,193,16,Mauritius
2021-01-11,29,26,0.0,9.5,6,6,03:35 AM,05:22 PM,05:40 AM,06:56 PM,23,30,30,27,26,66,80,8.9,1007,29,10,87,18,Mauritius
2021-01-12,28,25,0.0,8.2,6,0,04:33 AM,06:24 PM,05:41 AM,06:56 PM,23,29,29,26,38,81,82,9.4,1010,28,10,79,28,Mauritius
2021-01-13,28,25,0.0,8.2,6,0,05:35 AM,07:22 PM,05:42 AM,06:56 PM,23,29,29,26,27,75,81,3.1,1011,28,10,83,21,Mauritius
2021-01-14,29,24,0.0,13.1,7,1,06:36 AM,08:12 PM,05:43 AM,06:56 PM,21,29,29,26,21,29,75,0.1,1010,29,10,87,17,Mauritius
2021-01-15,30,25,0.0,12.0,6,8,07:37 AM,08:58 PM,05:43 AM,06:56 PM,23,30,30,27,20,48,79,1.3,1010,30,10,103,16,Mauritius
2021-01-16,29,26,0.0,10.7,6,16,08:33 AM,09:38 PM,05:44 AM,06:56 PM,23,30,30,27,27,64,79,1.8,1010,29,10,100,21,Mauritius
2021-01-17,29,25,0.0,13.1,6,23,09:28 AM,10:14 PM,05:45 AM,06:56 PM,22,29,29,27,31,48,77,0.4,1010,29,10,106,25,Mauritius
2021-01-18,29,23,0.0,13.1,7,30,10:18 AM,10:49 PM,05:45 AM,06:56 PM,22,28,28,26,32,43,76,0.0,1009,29,10,93,26,Mauritius
2021-01-19,29,24,0.0,10.7,6,38,11:08 AM,11:22 PM,05:46 AM,06:56 PM,23,30,30,27,27,65,80,2.4,1009,29,10,69,21,Mauritius
2021-01-20,30,26,0.0,8.2,6,45,11:56 AM,11:55 PM,05:46 AM,06:56 PM,23,31,31,27,19,63,80,1.6,1011,30,10,58,15,Mauritius
2021-01-21,29,25,0.0,12.0,6,52,12:45 PM,No moonset,05:47 AM,06:56 PM,22,29,29,27,22,52,74,3.0,1013,29,10,76,18,Mauritius
2021-01-22,29,24,0.0,12.0,6,59,01:35 PM,12:29 AM,05:48 AM,06:55 PM,21,28,28,26,19,44,71,0.4,1013,29,10,95,15,Mauritius
2021-01-23,30,25,0.0,13.1,6,67,02:26 PM,01:06 AM,05:48 AM,06:55 PM,21,29,29,27,18,39,72,0.3,1013,30,10,106,15,Mauritius
2021-01-24,28,25,0.0,8.2,6,74,03:19 PM,01:46 AM,05:49 AM,06:55 PM,21,28,28,26,11,74,75,9.4,1013,28,9,95,8,Mauritius
2021-01-25,27,24,0.0,10.7,6,81,04:13 PM,02:30 AM,05:50 AM,06:55 PM,21,28,28,26,10,63,75,2.8,1013,27,10,52,8,Mauritius
2021-01-26,27,25,0.0,10.7,6,88,05:08 PM,03:19 AM,05:50 AM,06:55 PM,21,28,28,26,12,72,75,11.6,1011,27,8,51,9,Mauritius
2021-01-27,27,24,0.0,9.4,6,96,06:02 PM,04:12 AM,05:51 AM,06:54 PM,21,27,27,25,11,66,75,2.1,1010,27,10,73,9,Mauritius
2021-01-28,28,24,0.0,12.0,6,100,06:53 PM,05:10 AM,05:52 AM,06:54 PM,20,28,28,26,19,49,71,11.6,1012,28,9,77,14,Mauritius
2021-01-29,29,24,0.0,13.0,7,90,07:41 PM,06:09 AM,05:52 AM,06:54 PM,21,28,28,26,22,30,74,0.5,1014,29,10,99,17,Mauritius
2021-01-30,29,25,0.0,8.1,6,82,08:26 PM,07:10 AM,05:53 AM,06:54 PM,23,30,30,27,22,78,77,4.1,1014,29,9,103,17,Mauritius
2021-01-31,29,25,0.0,10.7,6,79,09:08 PM,08:09 AM,05:53 AM,06:53 PM,22,30,30,27,25,59,76,0.7,1013,29,10,113,20,Mauritius
2021-02-01,29,25,0.0,9.4,6,63,09:48 PM,09:09 AM,05:54 AM,06:53 PM,22,30,30,27,30,68,77,0.9,1013,29,10,117,24,Mauritius
2021-02-02,29,25,0.0,8.1,6,55,10:27 PM,10:07 AM,05:55 AM,06:53 PM,23,30,30,27,30,65,79,4.1,1013,29,10,98,22,Mauritius
2021-02-03,29,25,0.0,13.0,6,48,11:08 PM,11:05 AM,05:55 AM,06:52 PM,22,29,29,27,24,32,75,0.1,1013,29,10,101,19,Mauritius
2021-02-04,29,25,0.0,13.0,6,40,11:51 PM,12:05 PM,05:56 AM,06:52 PM,21,29,29,26,25,39,74,0.6,1014,29,10,102,20,Mauritius
2021-02-05,29,25,0.0,13.0,6,33,No moonrise,01:06 PM,05:56 AM,06:51 PM,22,29,29,26,25,51,75,0.4,1013,29,10,96,20,Mauritius
2021-02-06,29,25,0.0,11.9,6,25,12:37 AM,02:08 PM,05:57 AM,06:51 PM,22,29,29,26,27,49,75,2.3,1011,29,10,95,21,Mauritius
2021-02-07,29,24,0.0,11.9,6,18,01:28 AM,03:11 PM,05:57 AM,06:51 PM,22,29,29,26,22,48,76,0.7,1011,29,10,95,18,Mauritius
