date_time,Qatar_maxtempC,Qatar_mintempC,Qatar_totalSnow_cm,Qatar_sunHour,Qatar_uvIndex,Qatar_moon_illumination,Qatar_moonrise,Qatar_moonset,Qatar_sunrise,Qatar_sunset,Qatar_DewPointC,Qatar_FeelsLikeC,Qatar_HeatIndexC,Qatar_WindChillC,Qatar_WindGustKmph,Qatar_cloudcover,Qatar_humidity,Qatar_precipMM,Qatar_pressure,Qatar_tempC,Qatar_visibility,Qatar_winddirDegree,Qatar_windspeedKmph,Qatar_location
2020-01-01,23,19,0.0,8.7,6,37,10:40 AM,10:30 PM,06:19 AM,04:55 PM,12,21,22,21,29,8,56,0.0,1015,23,10,298,19,Qatar
2020-01-02,22,18,0.0,8.7,6,44,11:12 AM,11:21 PM,06:19 AM,04:56 PM,11,20,21,20,17,11,58,0.0,1018,22,10,192,12,Qatar
2020-01-03,24,17,0.0,8.7,6,51,11:44 AM,No moonset,06:20 AM,04:56 PM,15,23,23,21,20,17,68,0.0,1017,24,10,117,13,Qatar
2020-01-04,28,22,0.0,8.7,7,59,12:15 PM,12:11 AM,06:20 AM,04:57 PM,13,26,26,25,37,5,49,0.0,1013,28,10,177,21,Qatar
2020-01-05,23,19,0.0,5.5,5,66,12:49 PM,01:02 AM,06:20 AM,04:58 PM,14,21,23,21,33,50,66,0.5,1011,23,10,261,23,Qatar
2020-01-06,20,17,0.0,8.7,5,73,01:26 PM,01:55 AM,06:20 AM,04:58 PM,10,19,19,19,36,19,59,1.0,1018,20,9,337,26,Qatar
2020-01-07,21,16,0.0,8.7,5,80,02:06 PM,02:51 AM,06:21 AM,04:59 PM,11,18,19,18,29,4,61,0.0,1019,21,10,332,20,Qatar
2020-01-08,21,15,0.0,8.7,5,88,02:52 PM,03:49 AM,06:21 AM,05:00 PM,10,18,19,18,15,9,57,0.0,1017,21,10,215,10,Qatar
2020-01-09,22,11,0.0,8.7,4,95,03:44 PM,04:48 AM,06:21 AM,05:01 PM,13,18,19,18,17,40,65,1.6,1014,22,9,130,11,Qatar
2020-01-10,21,18,0.0,4.1,5,100,04:42 PM,05:49 AM,06:21 AM,05:01 PM,17,20,20,20,25,82,84,17.8,1009,21,8,164,17,Qatar
2020-01-11,18,16,0.0,8.7,5,100,05:46 PM,06:47 AM,06:21 AM,05:02 PM,9,17,17,17,41,2,60,0.0,1011,18,10,302,30,Qatar
2020-01-12,17,14,0.0,8.7,5,83,06:51 PM,07:42 AM,06:21 AM,05:03 PM,6,15,15,15,45,0,55,0.0,1019,17,10,306,32,Qatar
2020-01-13,19,14,0.0,8.7,5,76,07:57 PM,08:31 AM,06:21 AM,05:04 PM,6,16,16,16,29,5,53,0.0,1020,19,10,306,20,Qatar
2020-01-14,19,14,0.0,8.7,5,69,09:01 PM,09:17 AM,06:21 AM,05:04 PM,3,16,16,16,26,3,41,0.0,1018,19,10,291,18,Qatar
2020-01-15,20,15,0.0,8.7,5,61,10:04 PM,09:58 AM,06:21 AM,05:05 PM,8,17,18,17,33,13,53,0.1,1022,20,10,144,23,Qatar
2020-01-16,20,15,0.0,8.7,5,54,11:05 PM,10:37 AM,06:21 AM,05:06 PM,9,18,18,18,23,1,56,0.0,1024,20,10,321,15,Qatar
2020-01-17,21,16,0.0,8.7,5,47,No moonrise,11:16 AM,06:21 AM,05:07 PM,10,18,18,18,18,3,59,0.0,1021,21,10,205,12,Qatar
2020-01-18,22,17,0.0,8.7,5,40,12:06 AM,11:55 AM,06:21 AM,05:07 PM,12,19,20,19,21,1,62,0.0,1017,22,10,144,14,Qatar
2020-01-19,24,19,0.0,8.7,6,32,01:07 AM,12:36 PM,06:21 AM,05:08 PM,10,21,21,21,24,17,53,0.0,1016,24,10,204,15,Qatar
2020-01-20,22,18,0.0,8.7,6,25,02:07 AM,01:20 PM,06:21 AM,05:09 PM,10,20,20,20,37,7,56,0.0,1018,22,10,328,26,Qatar
2020-01-21,21,16,0.0,8.7,5,18,03:08 AM,02:07 PM,06:20 AM,05:10 PM,9,19,19,19,30,0,55,0.0,1018,21,10,213,20,Qatar
2020-01-22,21,13,0.0,8.7,5,11,04:07 AM,02:58 PM,06:20 AM,05:10 PM,11,18,19,18,26,7,61,0.0,1016,21,10,113,18,Qatar
2020-01-23,19,15,0.0,5.6,4,3,05:03 AM,03:52 PM,06:20 AM,05:11 PM,13,18,18,18,35,56,72,1.1,1017,19,9,280,26,Qatar
2020-01-24,19,15,0.0,8.7,5,0,05:55 AM,04:47 PM,06:20 AM,05:12 PM,8,17,17,17,27,29,56,2.2,1020,19,10,335,19,Qatar
2020-01-25,21,14,0.0,8.7,5,0,06:42 AM,05:43 PM,06:19 AM,05:13 PM,5,17,17,17,13,2,46,0.0,1019,21,10,226,9,Qatar
2020-01-26,16,9,0.0,8.7,3,4,07:25 AM,06:37 PM,06:19 AM,05:14 PM,5,13,14,13,42,22,52,0.2,1021,16,10,312,31,Qatar
2020-01-27,18,14,0.0,8.7,5,11,08:03 AM,07:31 PM,06:19 AM,05:14 PM,8,15,16,15,43,4,62,0.0,1022,18,10,314,31,Qatar
2020-01-28,20,14,0.0,8.7,5,18,08:38 AM,08:22 PM,06:19 AM,05:15 PM,9,16,16,16,29,0,63,0.0,1021,20,10,327,20,Qatar
2020-01-29,19,14,0.0,5.6,4,26,09:11 AM,09:13 PM,06:18 AM,05:16 PM,8,16,16,16,15,35,59,0.0,1019,19,10,226,9,Qatar
2020-01-30,21,15,0.0,8.7,5,33,09:43 AM,10:02 PM,06:18 AM,05:17 PM,7,18,18,18,22,3,51,0.0,1019,21,10,244,14,Qatar
2020-01-31,20,14,0.0,8.7,5,37,10:14 AM,10:53 PM,06:17 AM,05:17 PM,7,17,17,17,15,0,54,0.0,1018,20,10,249,9,Qatar
2020-02-01,21,15,0.0,8.7,5,49,10:47 AM,11:44 PM,06:17 AM,05:18 PM,9,18,18,18,19,12,57,0.0,1017,21,10,134,12,Qatar
2020-02-02,20,16,0.0,8.7,5,57,11:21 AM,No moonset,06:17 AM,05:19 PM,10,18,18,18,31,8,60,0.0,1019,20,10,296,21,Qatar
2020-02-03,20,15,0.0,8.7,5,64,11:59 AM,12:37 AM,06:16 AM,05:19 PM,7,16,17,16,33,0,54,0.0,1022,20,10,326,22,Qatar
2020-02-04,20,14,0.0,8.7,5,72,12:41 PM,01:33 AM,06:16 AM,05:20 PM,8,16,17,16,25,3,56,0.0,1020,20,10,328,17,Qatar
2020-02-05,22,15,0.0,8.7,5,79,01:29 PM,02:31 AM,06:15 AM,05:21 PM,9,18,19,18,15,11,57,0.0,1019,22,10,258,9,Qatar
2020-02-06,23,17,0.0,8.7,6,87,02:23 PM,03:30 AM,06:15 AM,05:22 PM,9,20,20,20,12,8,49,0.0,1019,23,10,156,7,Qatar
2020-02-07,24,19,0.0,8.7,6,95,03:25 PM,04:29 AM,06:14 AM,05:22 PM,9,22,22,21,16,13,45,0.0,1018,24,10,132,9,Qatar
2020-02-08,25,20,0.0,8.7,6,100,04:29 PM,05:26 AM,06:13 AM,05:23 PM,12,23,23,22,37,9,53,0.0,1016,25,10,146,20,Qatar
2020-02-09,25,20,0.0,8.7,6,100,05:37 PM,06:19 AM,06:13 AM,05:24 PM,14,23,23,22,19,7,60,0.0,1016,25,10,267,11,Qatar
2020-02-10,21,18,0.0,8.7,5,83,06:44 PM,07:08 AM,06:12 AM,05:24 PM,11,19,19,19,42,17,58,0.0,1016,21,10,306,31,Qatar
2020-02-11,17,14,0.0,7.2,4,75,07:50 PM,07:52 AM,06:12 AM,05:25 PM,8,15,16,15,44,52,58,0.1,1018,17,10,350,32,Qatar
2020-02-12,15,12,0.0,8.7,4,68,08:54 PM,08:34 AM,06:11 AM,05:26 PM,4,11,13,11,42,1,55,0.0,1025,15,10,327,32,Qatar
2020-02-13,18,11,0.0,8.7,5,60,09:58 PM,09:14 AM,06:10 AM,05:26 PM,7,13,14,13,38,0,61,0.0,1026,18,10,322,28,Qatar
2020-02-14,21,13,0.0,8.7,5,53,11:00 PM,09:54 AM,06:10 AM,05:27 PM,9,16,17,16,30,0,63,0.0,1022,21,10,322,20,Qatar
2020-02-15,23,15,0.0,8.7,5,45,No moonrise,10:35 AM,06:09 AM,05:28 PM,10,18,19,18,32,0,59,0.0,1019,23,10,328,20,Qatar
2020-02-16,22,16,0.0,8.7,5,38,12:02 AM,11:19 AM,06:08 AM,05:28 PM,13,19,19,19,18,20,69,0.0,1018,22,10,184,11,Qatar
2020-02-17,23,17,0.0,8.7,6,30,01:03 AM,12:05 PM,06:07 AM,05:29 PM,13,20,20,20,24,17,64,0.0,1017,23,10,130,14,Qatar
2020-02-18,25,20,0.0,8.7,6,22,02:02 AM,12:54 PM,06:07 AM,05:29 PM,11,23,23,22,23,17,49,0.0,1017,25,10,119,13,Qatar
2020-02-19,25,20,0.0,8.7,6,15,02:59 AM,01:47 PM,06:06 AM,05:30 PM,10,23,23,22,28,7,45,0.0,1014,25,10,112,15,Qatar
2020-02-20,27,20,0.0,8.7,6,7,03:51 AM,02:41 PM,06:05 AM,05:31 PM,11,23,23,23,39,25,49,0.0,1011,27,10,193,22,Qatar
2020-02-21,23,18,0.0,8.7,6,0,04:39 AM,03:36 PM,06:04 AM,05:31 PM,12,20,21,20,35,2,60,0.0,1015,23,10,345,24,Qatar
2020-02-22,23,17,0.0,8.7,6,0,05:23 AM,04:30 PM,06:04 AM,05:32 PM,12,20,21,20,21,7,62,0.0,1018,23,10,124,14,Qatar
2020-02-23,24,19,0.0,8.7,6,0,06:02 AM,05:24 PM,06:03 AM,05:32 PM,16,23,23,21,23,6,71,0.0,1017,24,10,68,14,Qatar
2020-02-24,26,21,0.0,8.7,6,0,06:38 AM,06:16 PM,06:02 AM,05:33 PM,16,25,25,23,28,7,65,0.0,1015,26,10,104,16,Qatar
2020-02-25,27,22,0.0,7.2,5,8,07:12 AM,07:07 PM,06:01 AM,05:34 PM,16,26,26,24,41,76,60,0.0,1011,27,10,126,22,Qatar
2020-02-26,24,19,0.0,11.3,6,15,07:44 AM,07:57 PM,06:00 AM,05:34 PM,11,23,23,22,44,12,50,0.0,1013,24,10,306,28,Qatar
2020-02-27,22,16,0.0,11.6,5,23,08:15 AM,08:47 PM,05:59 AM,05:35 PM,7,19,19,19,33,0,48,0.0,1017,22,10,317,23,Qatar
2020-02-28,23,16,0.0,11.6,6,30,08:46 AM,09:38 PM,05:58 AM,05:35 PM,11,19,20,19,31,0,59,0.0,1016,23,10,335,21,Qatar
2020-02-29,24,15,0.0,11.6,6,38,09:20 AM,10:29 PM,05:58 AM,05:36 PM,10,19,19,19,18,3,59,0.0,1013,24,10,221,11,Qatar
2020-03-01,24,18,0.0,11.6,6,44,09:55 AM,11:23 PM,05:57 AM,05:36 PM,12,21,22,21,23,1,58,0.0,1012,24,10,134,14,Qatar
2020-03-02,25,18,0.0,11.6,6,51,10:34 AM,No moonset,05:56 AM,05:37 PM,12,22,22,21,31,1,55,0.0,1014,25,10,218,21,Qatar
2020-03-03,23,17,0.0,11.6,6,58,11:19 AM,12:18 AM,05:55 AM,05:37 PM,9,19,19,19,42,0,52,0.0,1017,23,10,331,29,Qatar
2020-03-04,23,17,0.0,11.6,6,65,12:09 PM,01:15 AM,05:54 AM,05:38 PM,7,19,20,19,42,0,46,0.0,1016,23,10,324,28,Qatar
2020-03-05,24,16,0.0,11.6,6,73,01:05 PM,02:13 AM,05:53 AM,05:38 PM,10,20,21,20,30,0,55,0.0,1016,24,10,335,20,Qatar
2020-03-06,24,16,0.0,11.6,6,80,02:07 PM,03:10 AM,05:52 AM,05:39 PM,11,20,20,20,16,0,61,0.0,1015,24,10,191,10,Qatar
2020-03-07,24,18,0.0,11.6,6,87,03:12 PM,04:03 AM,05:51 AM,05:39 PM,10,21,22,21,27,0,52,0.0,1014,24,10,126,16,Qatar
2020-03-08,27,18,0.0,11.6,6,95,04:20 PM,04:54 AM,05:50 AM,05:40 PM,11,22,22,22,23,0,51,0.0,1013,27,10,182,14,Qatar
2020-03-09,24,18,0.0,11.6,6,100,05:28 PM,05:41 AM,05:49 AM,05:40 PM,10,22,22,21,29,3,51,0.0,1014,24,10,285,19,Qatar
2020-03-10,23,18,0.0,11.6,6,100,06:34 PM,06:24 AM,05:48 AM,05:41 PM,13,20,21,20,24,0,63,0.0,1016,23,10,167,15,Qatar
2020-03-11,24,16,0.0,11.6,6,84,07:40 PM,07:06 AM,05:47 AM,05:41 PM,9,20,20,20,11,0,52,0.0,1017,24,10,88,7,Qatar
2020-03-12,24,18,0.0,8.8,5,76,08:45 PM,07:48 AM,05:46 AM,05:42 PM,9,21,22,21,14,45,48,0.0,1016,24,10,86,9,Qatar
2020-03-13,25,19,0.0,7.4,5,69,09:51 PM,08:30 AM,05:45 AM,05:42 PM,11,23,23,22,27,83,52,0.0,1015,25,10,105,16,Qatar
2020-03-14,27,21,0.0,11.6,6,62,10:54 PM,09:14 AM,05:44 AM,05:43 PM,12,25,25,24,35,42,49,0.0,1013,27,10,125,20,Qatar
2020-03-15,28,18,0.0,11.6,7,55,11:56 PM,10:01 AM,05:43 AM,05:43 PM,13,25,25,23,42,12,53,0.0,1010,28,10,126,24,Qatar
2020-03-16,27,22,0.0,11.6,6,47,No moonrise,10:50 AM,05:42 AM,05:44 PM,15,26,26,24,41,6,56,0.0,1012,27,10,119,23,Qatar
2020-03-17,26,21,0.0,11.6,6,40,12:55 AM,11:43 AM,05:41 AM,05:44 PM,15,25,25,23,26,15,62,0.0,1014,26,10,80,16,Qatar
2020-03-18,28,22,0.0,11.6,5,33,01:49 AM,12:36 PM,05:40 AM,05:45 PM,16,25,25,24,32,36,63,1.0,1012,28,10,120,19,Qatar
2020-03-19,26,18,0.0,10.2,5,25,02:38 AM,01:32 PM,05:39 AM,05:45 PM,17,25,25,24,44,26,66,0.3,1010,26,10,92,28,Qatar
2020-03-20,26,19,0.0,11.6,5,18,03:23 AM,02:26 PM,05:38 AM,05:45 PM,16,24,24,23,21,20,66,0.5,1010,26,10,42,14,Qatar
2020-03-21,25,22,0.0,6.0,5,11,04:03 AM,03:19 PM,05:37 AM,05:46 PM,16,25,25,24,27,81,63,10.0,1006,25,10,110,17,Qatar
2020-03-22,30,20,0.0,11.6,7,4,04:39 AM,04:11 PM,05:36 AM,05:46 PM,15,25,25,24,43,22,63,2.6,1007,30,10,223,29,Qatar
2020-03-23,23,18,0.0,11.6,6,0,05:13 AM,05:02 PM,05:35 AM,05:47 PM,8,20,21,20,33,0,45,0.0,1013,23,10,326,24,Qatar
2020-03-24,24,17,0.0,11.6,6,0,05:46 AM,05:53 PM,05:34 AM,05:47 PM,8,20,21,20,16,10,47,0.0,1013,24,10,259,11,Qatar
2020-03-25,24,19,0.0,11.6,6,3,06:16 AM,06:43 PM,05:33 AM,05:48 PM,10,23,23,22,17,18,47,0.0,1012,24,10,113,12,Qatar
2020-03-26,24,20,0.0,11.6,6,11,06:48 AM,07:34 PM,05:32 AM,05:48 PM,13,23,23,22,25,11,58,0.0,1012,24,10,116,17,Qatar
2020-03-27,26,18,0.0,10.2,5,18,07:21 AM,08:25 PM,05:31 AM,05:49 PM,15,25,25,23,43,18,58,0.0,1012,26,10,114,27,Qatar
2020-03-28,27,18,0.0,11.6,5,25,07:55 AM,09:18 PM,05:30 AM,05:49 PM,16,25,25,24,54,38,59,0.3,1009,27,10,97,33,Qatar
2020-03-29,27,22,0.0,10.2,6,32,08:32 AM,10:12 PM,05:29 AM,05:49 PM,17,26,26,24,53,38,65,1.1,1005,27,10,128,35,Qatar
2020-03-30,27,21,0.0,11.6,6,40,09:14 AM,11:07 PM,05:27 AM,05:50 PM,13,25,25,24,38,2,54,0.0,1011,27,10,219,26,Qatar
2020-03-31,27,20,0.0,11.6,6,44,10:01 AM,No moonset,05:26 AM,05:50 PM,9,23,23,23,30,3,39,0.0,1015,27,10,340,18,Qatar
2020-04-01,29,21,0.0,11.6,7,56,10:53 AM,12:03 AM,05:25 AM,05:51 PM,11,25,25,25,23,3,44,0.0,1014,29,10,220,14,Qatar
2020-04-02,29,23,0.0,11.6,7,64,11:51 AM,12:59 AM,05:24 AM,05:51 PM,13,26,26,26,29,8,46,0.0,1011,29,10,126,16,Qatar
2020-04-03,31,24,0.0,11.6,7,71,12:53 PM,01:52 AM,05:23 AM,05:52 PM,15,27,27,27,37,17,48,0.0,1010,31,10,114,20,Qatar
2020-04-04,29,24,0.0,11.6,7,79,01:58 PM,02:42 AM,05:22 AM,05:52 PM,14,27,27,26,28,3,48,0.0,1013,29,10,93,16,Qatar
2020-04-05,31,23,0.0,11.6,7,87,03:04 PM,03:29 AM,05:21 AM,05:52 PM,11,27,27,26,41,12,39,0.2,1015,31,10,258,25,Qatar
2020-04-06,31,23,0.0,10.2,6,94,04:10 PM,04:13 AM,05:20 AM,05:53 PM,8,26,26,26,32,20,34,0.0,1014,31,10,325,18,Qatar
2020-04-07,31,25,0.0,11.6,7,100,05:17 PM,04:55 AM,05:19 AM,05:53 PM,8,26,26,27,21,4,31,0.0,1012,31,10,176,12,Qatar
2020-04-08,34,26,0.0,11.6,8,100,06:23 PM,05:37 AM,05:18 AM,05:54 PM,11,29,29,29,34,3,33,0.0,1009,34,10,155,18,Qatar
2020-04-09,35,28,0.0,11.6,8,83,07:30 PM,06:19 AM,05:17 AM,05:54 PM,14,30,30,30,42,7,39,0.0,1009,35,10,151,21,Qatar
2020-04-10,36,27,0.0,8.9,7,76,08:36 PM,07:03 AM,05:16 AM,05:55 PM,15,31,31,30,45,30,41,0.0,1007,36,10,148,23,Qatar
2020-04-11,35,28,0.0,11.6,8,68,09:42 PM,07:50 AM,05:15 AM,05:55 PM,14,31,31,31,56,32,36,0.0,1006,35,10,160,29,Qatar
2020-04-12,33,26,0.0,11.6,6,61,10:44 PM,08:40 AM,05:14 AM,05:56 PM,16,30,30,29,24,31,47,5.2,1007,33,10,190,13,Qatar
2020-04-13,26,23,0.0,7.6,6,53,11:43 PM,09:34 AM,05:13 AM,05:56 PM,19,26,26,25,37,72,69,3.9,1010,26,10,105,27,Qatar
2020-04-14,27,22,0.0,11.6,7,46,No moonrise,10:29 AM,05:12 AM,05:56 PM,15,26,26,24,25,21,58,0.8,1012,27,10,102,18,Qatar
2020-04-15,23,22,0.0,6.2,5,38,12:35 AM,11:25 AM,05:11 AM,05:57 PM,15,25,25,23,28,66,61,10.8,1012,23,9,142,19,Qatar
2020-04-16,25,22,0.0,6.2,5,30,01:22 AM,12:20 PM,05:10 AM,05:57 PM,19,25,25,23,19,72,80,12.5,1011,25,9,101,13,Qatar
2020-04-17,28,22,0.0,11.6,7,23,02:04 AM,01:15 PM,05:10 AM,05:58 PM,14,26,26,25,14,2,52,0.0,1010,28,10,122,9,Qatar
2020-04-18,28,24,0.0,11.6,7,15,02:41 AM,02:07 PM,05:09 AM,05:58 PM,15,26,26,26,30,13,52,0.0,1010,28,10,111,19,Qatar
2020-04-19,31,25,0.0,11.6,6,8,03:16 AM,02:59 PM,05:08 AM,05:59 PM,18,29,29,28,24,32,57,0.3,1008,31,10,91,14,Qatar
2020-04-20,29,26,0.0,11.6,7,0,03:48 AM,03:49 PM,05:07 AM,05:59 PM,18,28,28,27,22,48,58,1.5,1010,29,10,161,13,Qatar
2020-04-21,27,25,0.0,10.7,6,0,04:19 AM,04:39 PM,05:06 AM,06:00 PM,18,27,27,26,22,58,59,4.8,1012,27,10,177,13,Qatar
2020-04-22,30,24,0.0,13.0,7,0,04:50 AM,05:30 PM,05:05 AM,06:00 PM,17,27,27,26,12,25,57,0.5,1011,30,10,143,8,Qatar
2020-04-23,30,24,0.0,13.0,7,0,05:22 AM,06:21 PM,05:04 AM,06:01 PM,18,28,28,27,18,5,59,0.0,1010,30,10,78,12,Qatar
2020-04-24,33,25,0.0,13.0,7,7,05:56 AM,07:14 PM,05:03 AM,06:01 PM,18,30,30,29,27,1,53,0.0,1008,33,10,131,15,Qatar
2020-04-25,36,28,0.0,13.0,8,15,06:32 AM,08:08 PM,05:02 AM,06:02 PM,15,31,31,31,32,0,39,0.0,1007,36,10,146,17,Qatar
2020-04-26,38,29,0.0,13.0,8,22,07:13 AM,09:03 PM,05:02 AM,06:02 PM,15,33,33,33,40,12,35,0.3,1005,38,10,156,21,Qatar
2020-04-27,32,26,0.0,13.0,7,30,07:58 AM,09:59 PM,05:01 AM,06:03 PM,16,29,29,29,35,3,46,0.0,1009,32,10,228,24,Qatar
2020-04-28,32,25,0.0,13.0,7,37,08:48 AM,10:54 PM,05:00 AM,06:03 PM,12,28,28,28,30,1,37,0.0,1010,32,10,109,18,Qatar
2020-04-29,31,23,0.0,12.1,6,45,09:43 AM,11:47 PM,04:59 AM,06:04 PM,15,29,29,28,30,21,44,0.3,1008,31,10,81,17,Qatar
2020-04-30,33,24,0.0,13.3,7,52,10:42 AM,No moonset,04:58 AM,06:04 PM,19,31,31,29,38,25,55,0.0,1005,33,10,92,22,Qatar
2020-05-01,31,27,0.0,12.1,6,58,11:44 AM,12:37 AM,04:58 AM,06:04 PM,19,31,31,29,30,31,55,0.8,1007,31,10,22,19,Qatar
2020-05-02,32,25,0.0,13.5,7,65,12:47 PM,01:23 AM,04:57 AM,06:05 PM,17,29,29,28,20,2,53,0.0,1007,32,10,121,13,Qatar
2020-05-03,36,29,0.0,10.9,7,72,01:51 PM,02:06 AM,04:56 AM,06:05 PM,17,32,32,31,29,38,43,0.4,1008,36,10,174,16,Qatar
2020-05-04,34,27,0.0,13.5,8,80,02:56 PM,02:48 AM,04:55 AM,06:06 PM,11,30,30,30,29,1,31,0.0,1011,34,10,185,16,Qatar
2020-05-05,34,26,0.0,13.5,8,87,04:01 PM,03:28 AM,04:55 AM,06:07 PM,10,28,28,29,16,1,31,0.0,1010,34,10,204,9,Qatar
2020-05-06,34,28,0.0,13.5,8,94,05:07 PM,04:09 AM,04:54 AM,06:07 PM,12,31,31,31,25,10,31,0.0,1008,34,10,94,13,Qatar
2020-05-07,34,28,0.0,13.6,8,100,06:13 PM,04:51 AM,04:53 AM,06:08 PM,15,31,31,31,34,10,39,0.0,1008,34,10,229,22,Qatar
2020-05-08,35,26,0.0,13.6,8,100,07:21 PM,05:37 AM,04:53 AM,06:08 PM,13,30,30,30,38,3,35,0.0,1010,35,10,343,24,Qatar
2020-05-09,37,27,0.0,13.6,8,84,08:26 PM,06:26 AM,04:52 AM,06:09 PM,12,31,31,32,32,3,31,0.0,1008,37,10,290,18,Qatar
2020-05-10,38,29,0.0,13.6,8,77,09:29 PM,07:20 AM,04:52 AM,06:09 PM,14,33,33,33,21,1,32,0.0,1008,38,10,197,11,Qatar
2020-05-11,35,29,0.0,13.6,8,70,10:26 PM,08:15 AM,04:51 AM,06:10 PM,16,33,33,32,45,3,41,0.0,1009,35,10,257,28,Qatar
2020-05-12,34,27,0.0,13.6,8,62,11:17 PM,09:13 AM,04:50 AM,06:10 PM,12,30,30,31,47,2,33,0.0,1009,34,10,331,32,Qatar
2020-05-13,34,27,0.0,13.6,8,55,No moonrise,10:11 AM,04:50 AM,06:11 PM,11,29,29,30,48,0,32,0.0,1008,34,10,315,30,Qatar
2020-05-14,34,26,0.0,13.6,8,48,12:02 AM,11:07 AM,04:49 AM,06:11 PM,13,30,30,30,38,0,36,0.0,1006,34,10,201,23,Qatar
2020-05-15,32,26,0.0,13.6,8,40,12:41 AM,12:01 PM,04:49 AM,06:12 PM,15,30,30,29,19,6,44,0.0,1006,32,10,211,11,Qatar
2020-05-16,34,27,0.0,13.6,8,33,01:17 AM,12:53 PM,04:48 AM,06:12 PM,16,31,31,30,21,12,45,0.0,1007,34,10,45,13,Qatar
2020-05-17,34,26,0.0,13.7,8,26,01:50 AM,01:44 PM,04:48 AM,06:13 PM,18,31,31,30,20,0,52,0.0,1007,34,10,116,13,Qatar
2020-05-18,36,27,0.0,13.7,8,19,02:21 AM,02:34 PM,04:47 AM,06:13 PM,14,32,32,32,14,4,36,0.0,1007,36,10,137,8,Qatar
2020-05-19,36,29,0.0,13.3,7,11,02:52 AM,03:24 PM,04:47 AM,06:14 PM,14,32,32,32,20,26,35,0.0,1006,36,10,103,11,Qatar
2020-05-20,37,28,0.0,13.7,8,4,03:24 AM,04:15 PM,04:47 AM,06:14 PM,15,32,32,32,19,26,35,0.0,1004,37,10,113,11,Qatar
2020-05-21,35,30,0.0,13.7,8,0,03:57 AM,05:08 PM,04:46 AM,06:15 PM,16,33,33,32,24,1,37,0.0,1005,35,10,121,15,Qatar
2020-05-22,36,29,0.0,13.7,8,0,04:32 AM,06:02 PM,04:46 AM,06:15 PM,17,33,33,32,22,0,41,0.0,1006,36,10,49,14,Qatar
2020-05-23,38,29,0.0,13.7,8,3,05:12 AM,06:58 PM,04:45 AM,06:16 PM,16,34,34,33,17,0,39,0.0,1006,38,10,106,10,Qatar
2020-05-24,35,29,0.0,13.7,8,10,05:55 AM,07:54 PM,04:45 AM,06:16 PM,18,33,33,32,22,0,44,0.0,1005,35,10,95,13,Qatar
2020-05-25,35,30,0.0,13.7,8,17,06:44 AM,08:50 PM,04:45 AM,06:17 PM,21,36,36,32,27,0,55,0.0,1007,35,10,96,16,Qatar
2020-05-26,37,29,0.0,13.7,8,25,07:39 AM,09:45 PM,04:45 AM,06:17 PM,21,36,36,33,23,0,52,0.0,1008,37,10,83,14,Qatar
2020-05-27,38,29,0.0,13.7,8,32,08:36 AM,10:35 PM,04:44 AM,06:18 PM,19,34,34,32,22,0,47,0.0,1007,38,10,248,14,Qatar
2020-05-28,37,28,0.0,13.7,8,39,09:37 AM,11:22 PM,04:44 AM,06:18 PM,19,35,35,33,15,0,47,0.0,1005,37,10,169,9,Qatar
2020-05-29,37,30,0.0,13.8,9,47,10:39 AM,No moonset,04:44 AM,06:19 PM,19,36,36,34,12,0,41,0.0,1003,37,10,128,7,Qatar
2020-05-30,38,31,0.0,13.8,9,54,11:41 AM,12:05 AM,04:44 AM,06:19 PM,18,36,36,34,16,0,40,0.0,1003,38,10,139,10,Qatar
2020-05-31,41,29,0.0,13.8,9,58,12:43 PM,12:46 AM,04:43 AM,06:20 PM,20,37,37,34,18,0,46,0.0,1004,41,10,195,11,Qatar
2020-06-01,42,30,0.0,13.8,9,71,01:46 PM,01:25 AM,04:43 AM,06:20 PM,18,37,37,35,21,0,39,0.0,1004,42,10,226,11,Qatar
2020-06-02,42,31,0.0,13.8,9,79,02:49 PM,02:04 AM,04:43 AM,06:21 PM,18,37,37,35,17,0,36,0.0,1003,42,10,181,9,Qatar
2020-06-03,43,31,0.0,13.8,9,86,03:54 PM,02:44 AM,04:43 AM,06:21 PM,17,39,39,37,28,0,32,0.0,1002,43,10,282,16,Qatar
2020-06-04,44,33,0.0,13.8,10,94,04:59 PM,03:27 AM,04:43 AM,06:21 PM,15,39,39,38,42,2,27,0.0,1001,44,10,318,23,Qatar
2020-06-05,43,32,0.0,13.8,9,100,06:06 PM,04:13 AM,04:43 AM,06:22 PM,17,39,39,37,56,3,33,0.0,1001,43,10,329,33,Qatar
2020-06-06,42,32,0.0,13.8,9,100,07:11 PM,05:04 AM,04:43 AM,06:22 PM,18,39,39,36,56,14,36,0.0,1001,42,10,336,33,Qatar
2020-06-07,41,32,0.0,13.8,9,84,08:11 PM,06:00 AM,04:43 AM,06:23 PM,15,37,37,36,62,0,31,0.0,1000,41,10,341,37,Qatar
2020-06-08,41,30,0.0,13.8,9,76,09:06 PM,06:58 AM,04:43 AM,06:23 PM,16,37,37,36,34,0,33,0.0,1000,41,10,295,19,Qatar
2020-06-09,39,29,0.0,13.8,9,69,09:55 PM,07:57 AM,04:43 AM,06:23 PM,16,34,34,33,20,0,38,0.0,1002,39,10,169,12,Qatar
2020-06-10,39,29,0.0,13.8,9,61,10:37 PM,08:55 AM,04:43 AM,06:24 PM,18,35,35,33,19,0,43,0.0,1002,39,10,49,11,Qatar
2020-06-11,41,31,0.0,13.8,9,54,11:16 PM,09:51 AM,04:43 AM,06:24 PM,16,36,36,35,20,0,34,0.0,1000,41,10,155,11,Qatar
2020-06-12,43,31,0.0,13.8,9,46,11:50 PM,10:44 AM,04:43 AM,06:24 PM,17,39,39,37,30,0,34,0.0,999,43,10,292,17,Qatar
2020-06-13,40,32,0.0,13.8,9,38,No moonrise,11:37 AM,04:43 AM,06:25 PM,16,36,36,35,53,0,33,0.0,999,40,10,330,32,Qatar
2020-06-14,41,31,0.0,13.8,9,31,12:22 AM,12:27 PM,04:43 AM,06:25 PM,17,36,36,35,51,0,34,0.0,1001,41,10,342,32,Qatar
2020-06-15,43,30,0.0,13.8,9,23,12:53 AM,01:17 PM,04:43 AM,06:25 PM,17,38,38,36,48,0,36,0.0,1000,43,10,331,27,Qatar
2020-06-16,44,33,0.0,13.8,9,16,01:24 AM,02:08 PM,04:43 AM,06:26 PM,15,39,39,38,45,0,28,0.0,998,44,10,331,25,Qatar
2020-06-17,43,33,0.0,13.8,9,8,01:56 AM,03:00 PM,04:43 AM,06:26 PM,17,38,38,37,45,0,32,0.0,997,43,10,325,26,Qatar
2020-06-18,39,32,0.0,13.8,9,1,02:30 AM,03:53 PM,04:44 AM,06:26 PM,16,36,36,35,50,0,34,0.0,998,39,10,337,30,Qatar
2020-06-19,39,29,0.0,13.8,9,0,03:08 AM,04:49 PM,04:44 AM,06:27 PM,17,36,36,34,33,0,39,0.0,999,39,10,287,19,Qatar
2020-06-20,37,29,0.0,13.8,8,0,03:51 AM,05:46 PM,04:44 AM,06:27 PM,16,33,33,32,20,0,40,0.0,999,37,10,185,12,Qatar
2020-06-21,40,28,0.0,13.8,9,0,04:38 AM,06:43 PM,04:44 AM,06:27 PM,18,36,36,34,35,0,40,0.0,998,40,10,295,21,Qatar
2020-06-22,39,30,0.0,13.8,9,7,05:32 AM,07:39 PM,04:44 AM,06:27 PM,17,35,35,34,50,0,37,0.0,999,39,10,330,31,Qatar
2020-06-23,39,30,0.0,13.8,9,14,06:29 AM,08:32 PM,04:45 AM,06:27 PM,17,35,35,34,37,0,39,0.0,999,39,10,239,22,Qatar
2020-06-24,37,28,0.0,13.8,8,22,07:31 AM,09:21 PM,04:45 AM,06:28 PM,16,33,33,32,17,0,40,0.0,1001,37,10,168,11,Qatar
2020-06-25,37,29,0.0,13.8,8,29,08:33 AM,10:05 PM,04:45 AM,06:28 PM,20,36,36,33,23,9,47,0.0,1000,37,10,192,14,Qatar
2020-06-26,40,30,0.0,13.8,9,37,09:36 AM,10:46 PM,04:45 AM,06:28 PM,20,37,37,34,39,9,47,0.0,999,40,10,203,26,Qatar
2020-06-27,39,31,0.0,13.8,9,44,10:37 AM,11:26 PM,04:46 AM,06:28 PM,19,37,37,34,31,2,41,0.0,999,39,10,187,18,Qatar
2020-06-28,41,31,0.0,13.8,9,52,11:39 AM,No moonset,04:46 AM,06:28 PM,17,37,37,35,32,0,34,0.0,998,41,10,255,18,Qatar
2020-06-29,39,30,0.0,13.8,9,59,12:40 PM,12:03 AM,04:46 AM,06:28 PM,16,35,35,34,21,0,35,0.0,997,39,10,134,12,Qatar
2020-06-30,40,30,0.0,13.8,9,67,01:42 PM,12:42 AM,04:47 AM,06:28 PM,20,37,37,34,16,0,44,0.0,997,40,10,147,9,Qatar
2020-07-01,37,30,0.0,13.8,9,72,02:45 PM,01:22 AM,04:47 AM,06:28 PM,20,37,37,34,16,0,45,0.0,997,37,10,82,11,Qatar
2020-07-02,35,30,0.0,13.8,8,79,03:50 PM,02:06 AM,04:47 AM,06:28 PM,24,40,40,33,31,1,61,0.0,997,35,10,66,20,Qatar
2020-07-03,38,31,0.0,13.8,9,86,04:54 PM,02:54 AM,04:48 AM,06:28 PM,25,42,42,34,20,8,59,0.0,998,38,10,54,13,Qatar
2020-07-04,43,32,0.0,13.8,9,94,05:56 PM,03:46 AM,04:48 AM,06:28 PM,18,40,40,37,48,0,35,0.0,996,43,10,211,27,Qatar
2020-07-05,44,34,0.0,13.8,10,100,06:54 PM,04:43 AM,04:49 AM,06:28 PM,17,40,40,38,36,0,32,0.0,993,44,10,270,20,Qatar
2020-07-06,41,33,0.0,13.8,9,100,07:46 PM,05:42 AM,04:49 AM,06:28 PM,17,39,39,37,25,0,33,0.0,993,41,10,149,13,Qatar
2020-07-07,40,32,0.0,13.8,9,85,08:31 PM,06:41 AM,04:49 AM,06:28 PM,18,38,38,36,23,1,37,0.0,995,40,10,128,13,Qatar
2020-07-08,36,32,0.0,13.8,8,77,09:12 PM,07:39 AM,04:50 AM,06:28 PM,24,41,41,34,25,2,57,0.0,997,36,10,100,16,Qatar
2020-07-09,39,31,0.0,13.8,9,70,09:48 PM,08:34 AM,04:50 AM,06:28 PM,25,42,42,35,26,0,57,0.0,997,39,10,89,15,Qatar
2020-07-10,41,33,0.0,13.8,9,63,10:21 PM,09:27 AM,04:51 AM,06:27 PM,19,40,40,37,16,0,37,0.0,996,41,10,152,9,Qatar
2020-07-11,41,33,0.0,13.8,9,55,10:52 PM,10:18 AM,04:51 AM,06:27 PM,19,40,40,37,24,0,37,0.0,995,41,10,120,14,Qatar
2020-07-12,40,33,0.0,13.8,9,48,11:24 PM,11:09 AM,04:52 AM,06:27 PM,21,41,41,36,27,6,43,0.0,994,40,10,75,16,Qatar
2020-07-13,39,32,0.0,13.8,9,41,11:55 PM,11:59 AM,04:52 AM,06:27 PM,23,42,42,36,30,10,48,0.0,994,39,10,61,18,Qatar
2020-07-14,41,33,0.0,13.7,9,34,No moonrise,12:50 PM,04:53 AM,06:27 PM,20,40,40,37,20,14,37,0.0,997,41,10,130,12,Qatar
2020-07-15,43,33,0.0,13.7,10,26,12:28 AM,01:43 PM,04:53 AM,06:26 PM,20,41,41,38,29,3,39,0.0,997,43,10,240,18,Qatar
2020-07-16,39,32,0.0,13.7,9,19,01:04 AM,02:37 PM,04:53 AM,06:26 PM,24,41,41,34,21,9,54,0.0,995,39,10,88,13,Qatar
2020-07-17,41,31,0.0,13.7,9,12,01:44 AM,03:34 PM,04:54 AM,06:26 PM,21,40,40,35,22,2,45,0.0,996,41,10,46,13,Qatar
2020-07-18,39,30,0.0,13.7,9,5,02:29 AM,04:31 PM,04:54 AM,06:25 PM,20,38,38,35,19,6,43,0.0,997,39,10,148,12,Qatar
2020-07-19,38,34,0.0,13.7,9,0,03:21 AM,05:29 PM,04:55 AM,06:25 PM,24,44,44,36,25,26,51,0.0,998,38,10,78,16,Qatar
2020-07-20,39,34,0.0,13.7,9,0,04:17 AM,06:23 PM,04:55 AM,06:25 PM,26,46,46,36,22,3,56,0.0,998,39,10,108,15,Qatar
2020-07-21,38,32,0.0,13.7,9,2,05:19 AM,07:15 PM,04:56 AM,06:24 PM,23,41,41,35,18,2,53,0.0,995,38,10,125,12,Qatar
2020-07-22,39,32,0.0,13.7,9,10,06:22 AM,08:02 PM,04:56 AM,06:24 PM,24,44,44,36,31,0,54,0.0,996,39,10,87,19,Qatar
2020-07-23,38,33,0.0,13.7,9,17,07:27 AM,08:45 PM,04:57 AM,06:24 PM,26,45,45,35,32,0,61,0.0,998,38,10,113,22,Qatar
2020-07-24,38,33,0.0,13.7,9,24,08:30 AM,09:26 PM,04:57 AM,06:23 PM,26,44,44,35,26,0,62,0.0,999,38,10,105,18,Qatar
2020-07-25,38,32,0.0,13.7,9,32,09:33 AM,10:04 PM,04:58 AM,06:23 PM,26,45,45,35,25,7,63,0.0,1000,38,10,104,17,Qatar
2020-07-26,39,33,0.0,13.6,9,39,10:34 AM,10:42 PM,04:58 AM,06:22 PM,26,44,44,35,22,5,59,0.0,1002,39,10,95,15,Qatar
2020-07-27,39,32,0.0,13.6,9,46,11:36 AM,11:22 PM,04:59 AM,06:22 PM,24,43,43,35,20,6,54,0.0,1001,39,10,139,13,Qatar
2020-07-28,40,32,0.0,13.6,9,53,12:38 PM,No moonset,04:59 AM,06:21 PM,24,44,44,36,27,10,54,0.0,1000,40,10,149,18,Qatar
2020-07-29,42,33,0.0,13.2,9,61,01:41 PM,12:04 AM,05:00 AM,06:21 PM,24,44,44,36,21,3,52,0.0,999,42,10,131,12,Qatar
2020-07-30,43,33,0.0,13.2,9,68,02:44 PM,12:49 AM,05:00 AM,06:20 PM,23,44,44,36,21,1,49,0.0,997,43,10,137,13,Qatar
2020-07-31,40,34,0.0,13.2,9,72,03:46 PM,01:39 AM,05:01 AM,06:19 PM,25,45,45,36,31,0,56,0.0,996,40,10,95,18,Qatar
2020-08-01,41,33,0.0,13.2,9,82,04:44 PM,02:33 AM,05:01 AM,06:19 PM,26,47,47,36,26,18,57,0.0,996,41,10,108,15,Qatar
2020-08-02,40,34,0.0,13.2,9,90,05:37 PM,03:30 AM,05:02 AM,06:18 PM,26,46,46,36,24,0,59,0.0,997,40,10,96,15,Qatar
2020-08-03,41,34,0.0,13.2,9,97,06:25 PM,04:28 AM,05:02 AM,06:17 PM,22,43,43,37,19,0,42,0.0,996,41,10,157,11,Qatar
2020-08-04,44,34,0.0,13.1,10,100,07:07 PM,05:27 AM,05:03 AM,06:17 PM,17,40,40,38,37,0,30,0.0,994,44,10,326,22,Qatar
2020-08-05,42,33,0.0,13.1,9,88,07:45 PM,06:23 AM,05:03 AM,06:16 PM,20,40,40,36,38,0,38,0.0,994,42,10,198,23,Qatar
2020-08-06,43,33,0.0,13.1,9,81,08:19 PM,07:18 AM,05:04 AM,06:15 PM,20,42,42,37,37,0,39,0.0,995,43,10,211,22,Qatar
2020-08-07,43,33,0.0,13.1,9,74,08:51 PM,08:10 AM,05:04 AM,06:15 PM,19,41,41,37,43,0,36,0.0,995,43,10,328,25,Qatar
2020-08-08,44,34,0.0,13.1,9,67,09:23 PM,09:01 AM,05:05 AM,06:14 PM,17,40,40,38,24,10,30,0.0,994,44,10,206,13,Qatar
2020-08-09,41,34,0.0,13.1,9,59,09:54 PM,09:52 AM,05:05 AM,06:13 PM,23,43,43,36,23,34,47,0.0,995,41,10,115,15,Qatar
2020-08-10,42,33,0.0,13.1,9,52,10:26 PM,10:42 AM,05:05 AM,06:13 PM,21,41,41,37,30,13,41,0.0,997,42,10,199,19,Qatar
2020-08-11,40,32,0.0,13.1,9,45,11:00 PM,11:34 AM,05:06 AM,06:12 PM,21,40,40,36,38,8,44,0.0,998,40,10,297,24,Qatar
2020-08-12,40,31,0.0,13.1,9,38,11:38 PM,12:26 PM,05:06 AM,06:11 PM,21,39,39,35,31,7,43,0.0,999,40,10,294,19,Qatar
2020-08-13,42,32,0.0,13.0,9,30,No moonrise,01:21 PM,05:07 AM,06:10 PM,19,39,39,36,34,8,37,0.0,997,42,10,312,21,Qatar
2020-08-14,43,32,0.0,13.0,9,23,12:20 AM,02:17 PM,05:07 AM,06:09 PM,19,40,40,37,35,3,38,0.0,994,43,10,321,21,Qatar
2020-08-15,41,32,0.0,13.0,9,16,01:09 AM,03:15 PM,05:08 AM,06:09 PM,21,40,40,36,33,0,43,0.0,994,41,10,204,21,Qatar
2020-08-16,41,31,0.0,13.0,9,8,02:02 AM,04:10 PM,05:08 AM,06:08 PM,19,38,38,36,31,1,39,0.0,996,41,10,304,18,Qatar
2020-08-17,42,30,0.0,13.0,9,1,03:02 AM,05:04 PM,05:09 AM,06:07 PM,18,38,38,36,34,2,37,0.0,996,42,10,325,20,Qatar
2020-08-18,41,31,0.0,13.0,9,0,04:05 AM,05:54 PM,05:09 AM,06:06 PM,19,38,38,35,30,1,41,0.0,996,41,10,325,19,Qatar
2020-08-19,38,30,0.0,13.0,8,0,05:10 AM,06:39 PM,05:09 AM,06:05 PM,22,38,38,33,22,1,53,0.0,997,38,10,142,14,Qatar
2020-08-20,40,30,0.0,12.9,9,6,06:15 AM,07:22 PM,05:10 AM,06:04 PM,20,38,38,35,25,5,46,0.0,997,40,10,211,15,Qatar
2020-08-21,42,32,0.0,12.9,9,13,07:21 AM,08:02 PM,05:10 AM,06:03 PM,18,38,38,36,36,2,35,0.0,997,42,10,330,21,Qatar
2020-08-22,40,32,0.0,12.9,9,20,08:24 AM,08:41 PM,05:11 AM,06:02 PM,18,37,37,35,23,3,39,0.0,997,40,10,215,14,Qatar
2020-08-23,36,30,0.0,12.9,8,28,09:28 AM,09:21 PM,05:11 AM,06:01 PM,25,40,40,32,19,0,65,0.0,997,36,10,71,12,Qatar
2020-08-24,37,31,0.0,12.9,8,35,10:31 AM,10:03 PM,05:12 AM,06:01 PM,26,42,42,33,21,3,70,0.0,998,37,10,63,14,Qatar
2020-08-25,39,32,0.0,12.9,9,42,11:35 AM,10:47 PM,05:12 AM,06:00 PM,21,39,39,34,18,0,48,0.0,1000,39,10,88,11,Qatar
2020-08-26,38,30,0.0,11.6,8,50,12:38 PM,11:36 PM,05:12 AM,05:59 PM,20,37,37,33,17,0,49,0.0,1001,38,10,178,11,Qatar
2020-08-27,38,29,0.0,11.6,8,57,01:40 PM,No moonset,05:13 AM,05:58 PM,24,39,39,33,16,0,61,0.0,1000,38,10,65,11,Qatar
2020-08-28,36,29,0.0,11.6,8,64,02:39 PM,12:28 AM,05:13 AM,05:57 PM,23,38,38,32,17,9,61,0.0,999,36,10,165,11,Qatar
2020-08-29,38,32,0.0,11.6,9,71,03:33 PM,01:24 AM,05:14 AM,05:56 PM,25,42,42,35,19,5,58,0.0,1000,38,10,74,12,Qatar
2020-08-30,39,32,0.0,11.6,9,79,04:21 PM,02:21 AM,05:14 AM,05:55 PM,20,38,38,35,17,4,43,0.0,1001,39,10,177,10,Qatar
2020-08-31,37,32,0.0,11.6,8,82,05:05 PM,03:19 AM,05:14 AM,05:54 PM,23,39,39,34,26,0,53,0.0,1001,37,10,78,17,Qatar
2020-09-01,38,32,0.0,11.6,9,97,05:44 PM,04:15 AM,05:15 AM,05:53 PM,22,39,39,34,30,0,50,0.0,1003,38,10,91,18,Qatar
2020-09-02,38,31,0.0,11.6,9,100,06:19 PM,05:10 AM,05:15 AM,05:52 PM,20,38,38,34,27,0,44,0.0,1006,38,10,96,16,Qatar
2020-09-03,39,31,0.0,11.6,9,88,06:51 PM,06:03 AM,05:16 AM,05:51 PM,19,37,37,34,14,0,42,0.0,1007,39,10,93,9,Qatar
2020-09-04,38,31,0.0,11.6,8,81,07:23 PM,06:54 AM,05:16 AM,05:50 PM,21,37,37,33,19,0,50,0.0,1005,38,10,103,12,Qatar
2020-09-05,38,31,0.0,11.6,9,73,07:54 PM,07:45 AM,05:16 AM,05:49 PM,22,38,38,34,20,0,50,0.0,1004,38,10,117,13,Qatar
2020-09-06,37,31,0.0,11.6,9,66,08:25 PM,08:35 AM,05:17 AM,05:48 PM,22,39,39,34,25,0,53,0.0,1004,37,10,104,16,Qatar
2020-09-07,38,31,0.0,11.6,8,58,08:58 PM,09:26 AM,05:17 AM,05:47 PM,22,38,38,33,18,0,52,0.0,1005,38,10,89,11,Qatar
2020-09-08,39,30,0.0,11.6,8,50,09:35 PM,10:18 AM,05:17 AM,05:45 PM,21,37,37,33,15,0,49,0.0,1006,39,10,143,9,Qatar
2020-09-09,40,31,0.0,11.6,9,43,10:14 PM,11:12 AM,05:18 AM,05:44 PM,17,36,36,35,21,0,37,0.0,1004,40,10,172,11,Qatar
2020-09-10,39,31,0.0,11.6,9,35,10:59 PM,12:06 PM,05:18 AM,05:43 PM,22,39,39,34,21,0,51,0.0,1002,39,10,145,13,Qatar
2020-09-11,39,30,0.0,11.6,9,28,11:49 PM,01:02 PM,05:19 AM,05:42 PM,22,38,38,34,21,0,52,0.0,1002,39,10,174,13,Qatar
2020-09-12,40,30,0.0,11.6,9,20,No moonrise,01:57 PM,05:19 AM,05:41 PM,19,37,37,34,16,0,43,0.0,1003,40,10,116,10,Qatar
2020-09-13,39,31,0.0,11.6,9,13,12:44 AM,02:51 PM,05:19 AM,05:40 PM,23,39,39,34,19,0,54,0.0,1005,39,10,110,11,Qatar
2020-09-14,37,32,0.0,11.6,8,5,01:45 AM,03:42 PM,05:20 AM,05:39 PM,22,38,38,34,19,0,50,0.0,1004,37,10,145,11,Qatar
2020-09-15,38,30,0.0,11.6,8,0,02:49 AM,04:28 PM,05:20 AM,05:38 PM,21,37,37,33,21,0,50,0.0,1004,38,10,100,13,Qatar
2020-09-16,37,31,0.0,11.6,8,0,03:55 AM,05:13 PM,05:20 AM,05:37 PM,19,36,36,33,22,0,45,0.0,1004,37,10,107,13,Qatar
2020-09-17,37,30,0.0,11.6,8,0,05:01 AM,05:55 PM,05:21 AM,05:36 PM,20,36,36,33,18,0,46,0.0,1006,37,10,97,11,Qatar
2020-09-18,37,29,0.0,11.6,8,2,06:06 AM,06:35 PM,05:21 AM,05:35 PM,21,36,36,32,17,0,52,0.0,1006,37,10,87,11,Qatar
2020-09-19,37,28,0.0,11.6,8,10,07:12 AM,07:16 PM,05:22 AM,05:34 PM,21,36,36,32,13,0,55,0.0,1004,37,10,108,9,Qatar
2020-09-20,38,29,0.0,11.6,8,17,08:18 AM,07:58 PM,05:22 AM,05:32 PM,20,35,35,32,16,0,51,0.0,1003,38,10,128,10,Qatar
2020-09-21,36,29,0.0,11.6,8,25,09:24 AM,08:42 PM,05:22 AM,05:31 PM,20,35,35,32,16,0,53,0.0,1003,36,10,120,10,Qatar
2020-09-22,39,29,0.0,11.6,8,32,10:30 AM,09:31 PM,05:23 AM,05:30 PM,22,37,37,33,20,0,53,0.0,1004,39,10,32,12,Qatar
2020-09-23,38,28,0.0,11.6,8,40,11:34 AM,10:23 PM,05:23 AM,05:29 PM,20,34,34,32,17,0,50,0.0,1004,38,10,183,10,Qatar
2020-09-24,37,30,0.0,11.6,8,47,12:34 PM,11:19 PM,05:24 AM,05:28 PM,22,37,37,33,18,0,56,0.0,1005,37,10,50,11,Qatar
2020-09-25,37,30,0.0,11.6,8,55,01:31 PM,No moonset,05:24 AM,05:27 PM,22,37,37,33,17,0,55,0.0,1005,37,10,91,10,Qatar
2020-09-26,37,27,0.0,11.6,8,62,02:20 PM,12:16 AM,05:24 AM,05:26 PM,18,33,33,31,17,0,44,0.0,1004,37,10,204,10,Qatar
2020-09-27,38,29,0.0,11.6,8,70,03:05 PM,01:13 AM,05:25 AM,05:25 PM,20,35,35,32,16,0,52,0.0,1005,38,10,116,10,Qatar
2020-09-28,37,30,0.0,11.6,8,78,03:45 PM,02:10 AM,05:25 AM,05:24 PM,19,35,35,32,18,0,45,0.0,1006,37,10,186,11,Qatar
2020-09-29,36,29,0.0,11.6,8,85,04:20 PM,03:05 AM,05:26 AM,05:23 PM,22,36,36,32,21,1,57,0.0,1005,36,10,128,13,Qatar
2020-09-30,35,31,0.0,11.6,8,93,04:53 PM,03:58 AM,05:26 AM,05:22 PM,24,39,39,33,30,0,60,0.0,1004,35,10,109,20,Qatar
2020-10-01,40,30,0.0,11.6,9,97,05:25 PM,04:49 AM,05:26 AM,05:21 PM,18,37,37,34,27,0,44,0.0,1006,40,10,163,16,Qatar
2020-10-02,39,29,0.0,11.6,9,100,05:55 PM,05:40 AM,05:27 AM,05:20 PM,19,36,36,34,25,0,46,0.0,1009,39,10,166,16,Qatar
2020-10-03,37,28,0.0,11.6,8,89,06:26 PM,06:30 AM,05:27 AM,05:18 PM,21,35,35,31,21,0,58,0.0,1009,37,10,130,14,Qatar
2020-10-04,37,27,0.0,11.6,8,82,06:59 PM,07:21 AM,05:28 AM,05:17 PM,20,33,33,31,17,0,52,0.0,1009,37,10,142,10,Qatar
2020-10-05,36,29,0.0,11.6,8,74,07:33 PM,08:12 AM,05:28 AM,05:16 PM,21,35,35,32,17,1,56,0.0,1008,36,10,140,11,Qatar
2020-10-06,36,27,0.0,11.6,8,67,08:11 PM,09:05 AM,05:28 AM,05:15 PM,21,34,34,31,19,0,57,0.0,1008,36,10,148,12,Qatar
2020-10-07,36,28,0.0,11.6,8,60,08:53 PM,09:59 AM,05:29 AM,05:14 PM,20,34,34,31,17,0,52,0.0,1009,36,10,91,10,Qatar
2020-10-08,36,28,0.0,11.6,8,53,09:41 PM,10:54 AM,05:29 AM,05:13 PM,19,34,34,31,28,0,50,0.0,1010,36,10,262,17,Qatar
2020-10-09,37,28,0.0,11.6,8,45,10:32 PM,11:48 AM,05:30 AM,05:12 PM,16,32,32,31,38,0,41,0.0,1011,37,10,216,24,Qatar
2020-10-10,35,27,0.0,11.6,8,38,11:30 PM,12:41 PM,05:30 AM,05:11 PM,14,30,30,30,31,0,37,0.0,1011,35,10,329,19,Qatar
2020-10-11,33,25,0.0,11.6,8,31,No moonrise,01:32 PM,05:31 AM,05:10 PM,13,29,29,29,17,0,39,0.0,1011,33,10,204,10,Qatar
2020-10-12,32,25,0.0,11.6,7,23,12:30 AM,02:18 PM,05:31 AM,05:09 PM,13,28,28,28,17,1,41,0.0,1010,32,10,179,10,Qatar
2020-10-13,31,25,0.0,11.6,7,16,01:34 AM,03:03 PM,05:32 AM,05:08 PM,14,28,28,28,19,0,43,0.0,1010,31,10,185,12,Qatar
2020-10-14,33,27,0.0,11.6,8,9,02:38 AM,03:45 PM,05:32 AM,05:07 PM,19,31,31,29,21,0,54,0.0,1010,33,10,85,14,Qatar
2020-10-15,33,26,0.0,11.6,8,2,03:44 AM,04:25 PM,05:33 AM,05:07 PM,17,30,30,29,22,0,52,0.0,1011,33,10,29,13,Qatar
2020-10-16,33,26,0.0,11.6,8,0,04:49 AM,05:06 PM,05:33 AM,05:06 PM,17,30,30,29,25,0,50,0.0,1010,33,10,66,15,Qatar
2020-10-17,33,26,0.0,11.6,7,0,05:56 AM,05:48 PM,05:34 AM,05:05 PM,17,30,30,29,25,0,53,0.0,1011,33,10,198,15,Qatar
2020-10-18,33,25,0.0,11.6,7,5,07:04 AM,06:32 PM,05:34 AM,05:04 PM,18,30,30,29,26,0,54,0.0,1011,33,10,233,16,Qatar
2020-10-19,34,26,0.0,11.6,8,13,08:12 AM,07:21 PM,05:35 AM,05:03 PM,17,30,30,29,31,0,49,0.0,1012,34,10,263,19,Qatar
2020-10-20,33,25,0.0,11.6,7,20,09:20 AM,08:13 PM,05:35 AM,05:02 PM,16,29,29,28,26,0,51,0.0,1011,33,10,218,16,Qatar
2020-10-21,32,24,0.0,11.6,7,27,10:24 AM,09:10 PM,05:36 AM,05:01 PM,16,28,28,27,21,0,52,0.0,1012,32,10,229,13,Qatar
2020-10-22,33,24,0.0,11.6,7,35,11:25 AM,10:08 PM,05:36 AM,05:00 PM,15,28,28,28,25,0,47,0.0,1012,33,10,257,14,Qatar
2020-10-23,32,22,0.0,11.2,7,42,12:18 PM,11:07 PM,05:37 AM,04:59 PM,14,27,27,26,17,0,49,0.0,1011,32,10,190,10,Qatar
2020-10-24,31,23,0.0,11.2,7,49,01:05 PM,No moonset,05:37 AM,04:59 PM,15,28,28,27,16,0,50,0.0,1012,31,10,134,10,Qatar
2020-10-25,32,24,0.0,11.2,7,56,01:46 PM,12:04 AM,05:38 AM,04:58 PM,17,28,28,28,19,0,52,0.0,1014,32,10,75,11,Qatar
2020-10-26,32,24,0.0,11.2,7,64,02:22 PM,01:00 AM,05:38 AM,04:57 PM,17,28,28,27,18,0,53,0.0,1013,32,10,109,11,Qatar
2020-10-27,31,23,0.0,11.2,7,71,02:56 PM,01:54 AM,05:39 AM,04:56 PM,17,28,28,27,21,0,55,0.0,1013,31,10,228,12,Qatar
2020-10-28,31,23,0.0,11.2,7,78,03:28 PM,02:45 AM,05:40 AM,04:56 PM,17,28,28,27,21,0,57,0.0,1014,31,10,225,13,Qatar
2020-10-29,31,24,0.0,11.2,7,85,03:58 PM,03:36 AM,05:40 AM,04:55 PM,15,28,28,27,17,0,51,0.0,1014,31,10,186,10,Qatar
2020-10-30,32,24,0.0,11.1,7,93,04:28 PM,04:26 AM,05:41 AM,04:54 PM,16,28,28,27,21,0,52,0.0,1015,32,10,241,12,Qatar
2020-10-31,31,23,0.0,11.1,7,97,05:00 PM,05:17 AM,05:41 AM,04:53 PM,17,28,28,27,21,0,56,0.0,1015,31,10,193,12,Qatar
2020-11-01,31,24,0.0,11.1,7,89,05:34 PM,06:08 AM,05:42 AM,04:53 PM,16,28,28,27,20,0,53,0.0,1016,31,10,114,11,Qatar
2020-11-02,32,23,0.0,11.1,7,81,06:11 PM,07:01 AM,05:43 AM,04:52 PM,15,27,27,26,19,0,51,0.0,1017,32,10,140,11,Qatar
2020-11-03,31,22,0.0,11.1,7,74,06:51 PM,07:55 AM,05:43 AM,04:51 PM,14,27,27,26,21,0,50,0.0,1016,31,10,213,12,Qatar
2020-11-04,31,22,0.0,11.1,7,66,07:37 PM,08:49 AM,05:44 AM,04:51 PM,15,27,27,26,21,0,53,0.0,1014,31,10,213,12,Qatar
2020-11-05,30,22,0.0,11.1,7,58,08:27 PM,09:44 AM,05:45 AM,04:50 PM,14,26,26,25,17,0,51,0.0,1012,30,10,157,10,Qatar
2020-11-06,30,21,0.0,11.1,7,51,09:22 PM,10:36 AM,05:45 AM,04:50 PM,17,27,27,26,24,8,58,0.0,1014,30,10,120,15,Qatar
2020-11-07,30,22,0.0,11.0,7,43,10:19 PM,11:27 AM,05:46 AM,04:49 PM,17,28,28,27,26,3,55,0.0,1016,30,10,114,16,Qatar
2020-11-08,30,26,0.0,5.5,6,36,11:20 PM,12:13 PM,05:47 AM,04:49 PM,20,30,30,28,26,47,61,0.4,1016,30,10,101,17,Qatar
2020-11-09,31,25,0.0,11.0,7,28,No moonrise,12:57 PM,05:47 AM,04:48 PM,20,29,29,28,19,4,65,0.0,1017,31,10,89,12,Qatar
2020-11-10,30,23,0.0,11.0,7,21,12:21 AM,01:38 PM,05:48 AM,04:48 PM,18,27,27,26,13,1,61,0.0,1015,30,10,137,8,Qatar
2020-11-11,31,23,0.0,11.0,7,13,01:24 AM,02:17 PM,05:49 AM,04:47 PM,18,28,28,26,13,0,62,0.0,1014,31,10,108,8,Qatar
2020-11-12,31,25,0.0,11.0,7,6,02:27 AM,02:57 PM,05:49 AM,04:47 PM,20,29,29,27,22,1,67,0.0,1015,31,10,118,14,Qatar
2020-11-13,32,26,0.0,11.0,7,0,03:32 AM,03:37 PM,05:50 AM,04:46 PM,20,30,30,28,25,3,63,0.0,1015,32,10,133,16,Qatar
2020-11-14,29,23,0.0,11.0,7,0,04:38 AM,04:19 PM,05:51 AM,04:46 PM,18,27,27,26,34,5,63,0.0,1015,29,10,339,23,Qatar
2020-11-15,27,20,0.0,11.0,6,0,05:47 AM,05:06 PM,05:51 AM,04:46 PM,12,24,24,23,23,1,49,0.0,1016,27,10,221,13,Qatar
2020-11-16,28,20,0.0,10.9,7,2,06:56 AM,05:57 PM,05:52 AM,04:45 PM,16,25,25,24,15,4,61,0.0,1016,28,10,171,9,Qatar
2020-11-17,30,22,0.0,10.9,7,9,08:05 AM,06:53 PM,05:53 AM,04:45 PM,19,27,27,26,18,6,66,0.0,1016,30,10,151,11,Qatar
2020-11-18,29,23,0.0,10.9,7,17,09:10 AM,07:53 PM,05:53 AM,04:45 PM,17,26,26,25,30,5,62,0.0,1016,29,10,295,20,Qatar
2020-11-19,28,21,0.0,10.9,7,24,10:08 AM,08:54 PM,05:54 AM,04:44 PM,14,25,25,24,30,1,56,0.0,1016,28,10,256,20,Qatar
2020-11-20,28,21,0.0,10.9,7,32,10:59 AM,09:55 PM,05:55 AM,04:44 PM,15,26,26,24,22,0,59,0.0,1017,28,10,176,13,Qatar
2020-11-21,28,24,0.0,10.9,7,39,11:44 AM,10:52 PM,05:55 AM,04:44 PM,18,27,27,25,23,5,66,0.0,1016,28,10,112,14,Qatar
2020-11-22,30,22,0.0,10.9,7,47,12:23 PM,11:48 PM,05:56 AM,04:44 PM,17,26,26,25,26,1,62,0.0,1015,30,10,240,17,Qatar
2020-11-23,27,21,0.0,10.9,6,54,12:58 PM,No moonset,05:57 AM,04:44 PM,15,25,25,23,37,3,61,0.0,1016,27,10,326,25,Qatar
2020-11-24,25,20,0.0,10.9,6,62,01:30 PM,12:40 AM,05:58 AM,04:43 PM,12,22,22,21,40,2,57,0.0,1016,25,10,315,26,Qatar
2020-11-25,25,18,0.0,10.9,6,70,02:00 PM,01:32 AM,05:58 AM,04:43 PM,14,22,22,21,21,2,64,0.0,1016,25,10,197,12,Qatar
2020-11-26,27,18,0.0,10.1,6,77,02:30 PM,02:21 AM,05:59 AM,04:43 PM,16,25,25,24,28,12,61,0.0,1016,27,10,116,17,Qatar
2020-11-27,27,24,0.0,10.4,7,85,03:02 PM,03:12 AM,06:00 AM,04:43 PM,17,26,26,25,31,39,63,0.0,1018,27,10,126,21,Qatar
2020-11-28,26,18,0.0,10.4,6,92,03:35 PM,04:03 AM,06:00 AM,04:43 PM,18,26,26,24,30,35,68,0.0,1018,26,10,109,20,Qatar
2020-11-29,26,23,0.0,8.7,7,100,04:10 PM,04:55 AM,06:01 AM,04:43 PM,18,26,26,24,25,31,66,0.0,1016,26,10,120,17,Qatar
2020-11-30,27,22,0.0,8.7,6,100,04:50 PM,05:49 AM,06:02 AM,04:43 PM,17,26,26,24,15,7,68,0.0,1016,27,10,129,9,Qatar
2020-12-01,27,21,0.0,8.7,6,89,05:34 PM,06:44 AM,06:03 AM,04:43 PM,18,25,25,23,20,9,74,0.0,1017,27,10,229,13,Qatar
2020-12-02,26,22,0.0,8.7,6,82,06:23 PM,07:40 AM,06:03 AM,04:43 PM,19,26,26,24,14,5,76,0.0,1017,26,10,169,9,Qatar
2020-12-03,27,22,0.0,8.7,6,75,07:17 PM,08:33 AM,06:04 AM,04:43 PM,18,26,26,24,13,4,69,0.0,1016,27,10,235,8,Qatar
2020-12-04,28,22,0.0,8.7,7,67,08:14 PM,09:25 AM,06:05 AM,04:43 PM,19,26,26,25,23,3,70,0.0,1015,28,10,264,15,Qatar
2020-12-05,28,23,0.0,8.7,7,60,09:13 PM,10:12 AM,06:05 AM,04:44 PM,19,26,26,24,21,1,74,0.0,1013,28,10,231,14,Qatar
2020-12-06,30,22,0.0,8.7,7,53,10:13 PM,10:56 AM,06:06 AM,04:44 PM,18,27,27,25,25,7,67,0.0,1012,30,10,184,17,Qatar
2020-12-07,25,19,0.0,8.7,6,46,11:14 PM,11:37 AM,06:07 AM,04:44 PM,14,23,23,22,38,8,61,0.0,1017,25,10,328,26,Qatar
2020-12-08,23,17,0.0,8.7,6,38,No moonrise,12:15 PM,06:07 AM,04:44 PM,12,19,20,19,39,0,62,0.0,1020,23,10,319,26,Qatar
2020-12-09,24,17,0.0,8.7,6,31,12:14 AM,12:53 PM,06:08 AM,04:44 PM,12,20,20,20,36,2,61,0.0,1018,24,10,318,24,Qatar
2020-12-10,25,18,0.0,8.7,6,24,01:16 AM,01:31 PM,06:09 AM,04:45 PM,12,21,21,21,32,1,59,0.0,1017,25,10,320,21,Qatar
2020-12-11,24,18,0.0,8.7,6,17,02:18 AM,02:10 PM,06:09 AM,04:45 PM,11,20,21,20,27,4,56,0.0,1018,24,10,327,16,Qatar
2020-12-12,23,17,0.0,8.7,6,9,03:24 AM,02:53 PM,06:10 AM,04:45 PM,10,20,20,20,32,0,56,0.0,1019,23,10,318,21,Qatar
2020-12-13,23,17,0.0,8.7,6,2,04:31 AM,03:41 PM,06:11 AM,04:46 PM,11,19,20,19,33,5,62,0.0,1019,23,10,319,21,Qatar
2020-12-14,23,17,0.0,8.7,6,0,05:40 AM,04:34 PM,06:11 AM,04:46 PM,12,19,20,19,23,1,62,0.0,1018,23,10,290,14,Qatar
2020-12-15,23,16,0.0,8.7,6,0,06:47 AM,05:33 PM,06:12 AM,04:46 PM,13,19,20,19,14,1,64,0.0,1019,23,10,215,8,Qatar
2020-12-16,24,18,0.0,3.9,5,5,07:51 AM,06:35 PM,06:12 AM,04:47 PM,15,23,23,21,19,71,67,0.0,1019,24,10,122,12,Qatar
2020-12-17,25,21,0.0,8.7,6,12,08:47 AM,07:38 PM,06:13 AM,04:47 PM,15,24,24,22,27,12,65,0.0,1019,25,10,132,17,Qatar
2020-12-18,25,20,0.0,8.7,6,20,09:36 AM,08:38 PM,06:13 AM,04:48 PM,14,23,23,22,23,2,64,0.0,1018,25,10,144,14,Qatar
2020-12-19,24,19,0.0,7.1,5,27,10:18 AM,09:37 PM,06:14 AM,04:48 PM,15,21,22,21,24,16,68,0.2,1019,24,10,197,16,Qatar
2020-12-20,24,18,0.0,8.7,6,34,10:56 AM,10:31 PM,06:14 AM,04:48 PM,12,20,21,20,34,9,63,0.0,1021,24,10,336,23,Qatar
2020-12-21,24,16,0.0,8.7,6,41,11:30 AM,11:24 PM,06:15 AM,04:49 PM,11,19,19,19,37,4,60,0.0,1021,24,10,331,24,Qatar
2020-12-22,23,17,0.0,8.7,6,49,12:01 PM,No moonset,06:15 AM,04:49 PM,11,19,19,19,38,1,61,0.0,1020,23,10,329,25,Qatar
2020-12-23,23,16,0.0,8.7,6,56,12:31 PM,12:15 AM,06:16 AM,04:50 PM,11,19,19,19,24,1,60,0.0,1017,23,10,301,14,Qatar
2020-12-24,23,14,0.0,8.7,6,63,01:02 PM,01:06 AM,06:16 AM,04:51 PM,10,19,19,19,14,3,56,0.0,1015,23,10,209,9,Qatar
2020-12-25,23,17,0.0,8.7,6,70,01:35 PM,01:56 AM,06:17 AM,04:51 PM,12,19,20,19,33,21,65,0.0,1017,23,10,301,23,Qatar
2020-12-26,21,16,0.0,7.1,4,78,02:09 PM,02:48 AM,06:17 AM,04:52 PM,8,18,18,18,42,55,55,0.0,1021,21,10,332,29,Qatar
2020-12-27,22,17,0.0,3.9,5,85,02:47 PM,03:41 AM,06:18 AM,04:52 PM,13,19,20,19,31,69,66,0.3,1022,22,10,137,21,Qatar
2020-12-28,22,17,0.0,8.7,6,92,03:30 PM,04:36 AM,06:18 AM,04:53 PM,12,20,21,20,29,3,63,0.0,1021,22,10,110,18,Qatar
2020-12-29,23,16,0.0,8.7,5,100,04:17 PM,05:32 AM,06:18 AM,04:54 PM,13,19,19,19,31,4,70,0.0,1020,23,10,327,20,Qatar
2020-12-30,23,17,0.0,8.7,6,100,05:10 PM,06:26 AM,06:19 AM,04:54 PM,13,19,20,19,25,6,70,0.0,1019,23,10,220,16,Qatar
2020-12-31,23,17,0.0,8.7,6,89,06:07 PM,07:20 AM,06:19 AM,04:55 PM,14,20,20,20,23,5,71,0.0,1019,23,10,146,15,Qatar
2021-01-01,23,17,0.0,8.7,6,79,07:07 PM,08:10 AM,06:19 AM,04:55 PM,13,20,20,20,21,15,68,0.0,1019,23,10,149,13,Qatar
2021-01-02,23,17,0.0,8.7,6,71,08:08 PM,08:56 AM,06:20 AM,04:56 PM,13,20,20,20,26,13,66,0.0,1019,23,10,259,16,Qatar
2021-01-03,23,17,0.0,8.7,6,64,09:08 PM,09:38 AM,06:20 AM,04:57 PM,13,20,20,20,29,3,66,0.0,1019,23,10,333,18,Qatar
2021-01-04,23,17,0.0,8.7,6,57,10:08 PM,10:16 AM,06:20 AM,04:58 PM,13,20,20,20,17,9,66,0.0,1018,23,10,159,11,Qatar
2021-01-05,22,18,0.0,8.7,6,50,11:08 PM,10:53 AM,06:20 AM,04:58 PM,12,20,20,20,16,8,60,0.0,1019,22,10,190,10,Qatar
2021-01-06,23,17,0.0,8.7,6,42,No moonrise,11:30 AM,06:20 AM,04:59 PM,12,20,20,20,26,14,63,0.0,1020,23,10,261,17,Qatar
2021-01-07,22,17,0.0,8.7,5,35,12:09 AM,12:07 PM,06:21 AM,05:00 PM,12,19,20,19,24,3,63,0.0,1020,22,10,210,15,Qatar
2021-01-08,21,17,0.0,8.7,5,28,01:11 AM,12:47 PM,06:21 AM,05:00 PM,9,19,19,19,24,10,52,0.0,1021,21,10,95,16,Qatar
2021-01-09,21,16,0.0,8.7,5,20,02:15 AM,01:32 PM,06:21 AM,05:01 PM,8,18,19,18,20,11,51,0.0,1021,21,10,138,12,Qatar
2021-01-10,22,16,0.0,8.7,5,13,03:21 AM,02:20 PM,06:21 AM,05:02 PM,7,19,19,19,23,0,49,0.0,1020,22,10,231,14,Qatar
2021-01-11,22,15,0.0,8.7,5,6,04:27 AM,03:16 PM,06:21 AM,05:03 PM,10,18,19,18,31,1,59,0.0,1021,22,10,336,20,Qatar
2021-01-12,22,15,0.0,8.7,5,0,05:32 AM,04:15 PM,06:21 AM,05:03 PM,10,18,18,18,35,0,63,0.0,1021,22,10,324,22,Qatar
2021-01-13,22,14,0.0,8.7,5,0,06:31 AM,05:18 PM,06:21 AM,05:04 PM,10,17,18,17,31,0,64,0.0,1020,22,10,312,20,Qatar
2021-01-14,22,14,0.0,8.7,4,1,07:24 AM,06:20 PM,06:21 AM,05:05 PM,6,17,18,17,17,26,51,0.0,1017,22,10,286,10,Qatar
2021-01-15,24,14,0.0,8.7,6,8,08:10 AM,07:21 PM,06:21 AM,05:06 PM,1,19,19,19,13,5,35,0.0,1016,24,10,168,8,Qatar
2021-01-16,24,17,0.0,8.7,6,16,08:51 AM,08:19 PM,06:21 AM,05:06 PM,5,20,20,20,17,6,38,0.0,1014,24,10,178,9,Qatar
2021-01-17,26,17,0.0,8.7,6,23,09:27 AM,09:14 PM,06:21 AM,05:07 PM,11,22,22,21,19,3,54,0.0,1013,26,10,225,10,Qatar
2021-01-18,25,18,0.0,8.7,6,30,10:00 AM,10:06 PM,06:21 AM,05:08 PM,12,22,22,21,31,0,55,0.0,1016,25,10,240,19,Qatar
2021-01-19,24,17,0.0,8.7,6,38,10:30 AM,10:57 PM,06:21 AM,05:09 PM,11,19,20,19,34,0,58,0.0,1018,24,10,300,22,Qatar
2021-01-20,23,16,0.0,8.7,6,45,11:02 AM,11:48 PM,06:20 AM,05:10 PM,11,19,20,19,22,0,60,0.0,1017,23,10,223,13,Qatar
2021-01-21,21,15,0.0,8.7,5,52,11:33 AM,No moonset,06:20 AM,05:10 PM,10,19,19,19,48,0,56,0.0,1019,21,10,293,33,Qatar
2021-01-22,19,14,0.0,8.7,5,59,12:06 PM,12:39 AM,06:20 AM,05:11 PM,8,14,16,14,50,0,62,0.0,1022,19,10,325,36,Qatar
2021-01-23,20,13,0.0,8.7,5,67,12:42 PM,01:31 AM,06:20 AM,05:12 PM,10,16,17,16,29,3,67,0.0,1022,20,10,224,19,Qatar
2021-01-24,21,15,0.0,8.7,5,74,01:23 PM,02:25 AM,06:20 AM,05:13 PM,10,17,18,17,28,2,63,0.0,1021,21,10,335,18,Qatar
2021-01-25,23,14,0.0,8.7,5,81,02:08 PM,03:20 AM,06:19 AM,05:13 PM,10,17,18,17,28,1,63,0.0,1020,23,10,286,18,Qatar
2021-01-26,24,15,0.0,8.7,6,88,02:59 PM,04:15 AM,06:19 AM,05:14 PM,10,19,19,19,27,0,60,0.0,1019,24,10,331,16,Qatar
2021-01-27,25,17,0.0,8.7,6,96,03:56 PM,05:10 AM,06:19 AM,05:15 PM,10,20,20,20,31,2,53,0.0,1019,25,10,296,18,Qatar
2021-01-28,23,15,0.0,8.7,5,100,04:55 PM,06:02 AM,06:18 AM,05:16 PM,11,19,19,19,18,0,62,0.0,1018,23,10,149,10,Qatar
2021-01-29,24,18,0.0,8.7,6,90,05:57 PM,06:50 AM,06:18 AM,05:16 PM,13,20,21,20,27,0,62,0.0,1016,24,10,129,16,Qatar
2021-01-30,27,18,0.0,8.7,6,82,06:59 PM,07:35 AM,06:18 AM,05:17 PM,11,23,23,22,38,1,53,0.0,1016,27,10,234,23,Qatar
2021-01-31,22,16,0.0,8.7,5,79,08:01 PM,08:15 AM,06:17 AM,05:18 PM,10,19,19,19,41,0,57,0.0,1019,22,10,336,27,Qatar
2021-02-01,23,14,0.0,8.7,5,63,09:02 PM,08:54 AM,06:17 AM,05:19 PM,9,17,18,17,38,2,59,0.0,1020,23,10,327,24,Qatar
2021-02-02,24,15,0.0,8.7,6,55,10:03 PM,09:31 AM,06:16 AM,05:19 PM,11,19,19,19,39,10,62,0.0,1020,24,10,330,25,Qatar
2021-02-03,24,15,0.0,8.7,6,48,11:05 PM,10:08 AM,06:16 AM,05:20 PM,11,19,19,19,27,8,62,0.0,1018,24,10,216,16,Qatar
2021-02-04,23,15,0.0,8.7,5,40,No moonrise,10:47 AM,06:15 AM,05:21 PM,11,19,19,19,17,3,63,0.0,1017,23,10,214,10,Qatar
2021-02-05,23,16,0.0,8.7,6,33,12:08 AM,11:29 AM,06:15 AM,05:21 PM,13,20,21,20,25,0,65,0.0,1016,23,10,107,15,Qatar
2021-02-06,24,20,0.0,8.7,6,25,01:12 AM,12:15 PM,06:14 AM,05:22 PM,14,22,22,22,39,2,63,0.0,1013,24,10,128,23,Qatar
2021-02-07,25,19,0.0,8.7,6,18,02:16 AM,01:07 PM,06:14 AM,05:23 PM,15,22,22,21,32,10,67,0.0,1014,25,10,209,20,Qatar
