date_time,Russia_maxtempC,Russia_mintempC,Russia_totalSnow_cm,Russia_sunHour,Russia_uvIndex,Russia_moon_illumination,Russia_moonrise,Russia_moonset,Russia_sunrise,Russia_sunset,Russia_DewPointC,Russia_FeelsLikeC,Russia_HeatIndexC,Russia_WindChillC,Russia_WindGustKmph,Russia_cloudcover,Russia_humidity,Russia_precipMM,Russia_pressure,Russia_tempC,Russia_visibility,Russia_winddirDegree,Russia_windspeedKmph,Russia_location
2020-01-01,-1,-5,0.9,2.8,1,37,12:12 PM,11:01 PM,08:59 AM,04:06 PM,-4,-7,-2,-7,23,83,85,1.2,1007,-1,7,322,17,Russia
2020-01-02,1,-8,1.2,2.8,1,44,12:25 PM,No moonset,08:59 AM,04:08 PM,-1,-5,-1,-5,27,95,90,1.5,1012,1,7,259,17,Russia
2020-01-03,1,-5,0.0,2.8,1,51,12:37 PM,12:11 AM,08:59 AM,04:09 PM,-1,-4,-0,-4,23,79,93,0.0,1012,1,9,243,15,Russia
2020-01-04,0,-5,1.4,2.8,1,59,12:50 PM,01:22 AM,08:58 AM,04:10 PM,-2,-6,-1,-6,25,82,91,1.6,1002,0,7,233,17,Russia
2020-01-05,-1,-6,0.3,2.8,1,66,01:04 PM,02:34 AM,08:58 AM,04:12 PM,-3,-6,-2,-6,19,92,88,0.3,1009,-1,9,266,13,Russia
2020-01-06,-3,-8,0.0,6.7,1,73,01:21 PM,03:48 AM,08:57 AM,04:13 PM,-5,-7,-3,-7,16,60,83,0.0,1022,-3,10,255,11,Russia
2020-01-07,-3,-8,0.1,2.8,1,80,01:42 PM,05:04 AM,08:57 AM,04:14 PM,-4,-7,-3,-7,13,88,94,0.4,1023,-3,8,228,9,Russia
2020-01-08,0,-9,1.7,2.9,1,88,02:11 PM,06:20 AM,08:56 AM,04:16 PM,-2,-5,-1,-5,19,97,94,2.0,1023,0,6,233,12,Russia
2020-01-09,1,-6,2.5,2.9,1,95,02:52 PM,07:35 AM,08:56 AM,04:17 PM,-2,-5,-1,-5,25,97,93,4.5,1012,1,6,248,16,Russia
2020-01-10,-0,-5,0.0,2.9,1,100,03:48 PM,08:40 AM,08:55 AM,04:19 PM,-2,-4,-1,-4,15,100,89,0.2,1017,-0,10,265,10,Russia
2020-01-11,-1,-3,0.0,7.7,2,100,04:59 PM,09:33 AM,08:54 AM,04:21 PM,-3,-3,-2,-3,9,53,91,0.1,1017,-1,10,202,5,Russia
2020-01-12,-0,-4,0.0,6.8,1,83,06:21 PM,10:12 AM,08:53 AM,04:22 PM,-5,-7,-2,-7,28,48,82,0.0,1017,-0,10,257,16,Russia
2020-01-13,2,-5,0.7,4.8,1,76,07:50 PM,10:41 AM,08:52 AM,04:24 PM,-0,-4,1,-4,27,67,92,1.2,1010,2,8,272,17,Russia
2020-01-14,0,-2,0.4,2.9,1,69,09:19 PM,11:04 AM,08:51 AM,04:26 PM,-2,-4,-1,-4,15,77,94,0.7,1018,0,8,262,9,Russia
2020-01-15,1,-2,0.0,2.9,1,61,10:46 PM,11:22 AM,08:50 AM,04:28 PM,-2,-5,-0,-5,32,77,90,0.0,1023,1,9,227,19,Russia
2020-01-16,3,-4,0.0,2.9,1,54,No moonrise,11:38 AM,08:49 AM,04:29 PM,0,-3,2,-3,36,97,88,0.4,1018,3,9,248,21,Russia
2020-01-17,2,-3,0.0,4.9,1,47,12:12 AM,11:54 AM,08:48 AM,04:31 PM,0,-3,1,-3,20,74,94,0.2,1025,2,7,275,13,Russia
2020-01-18,1,-1,0.0,7.9,1,40,01:38 AM,12:10 PM,08:46 AM,04:33 PM,-2,-4,0,-4,18,47,87,0.0,1026,1,10,244,12,Russia
2020-01-19,1,-5,0.0,6.8,1,32,03:02 AM,12:29 PM,08:45 AM,04:35 PM,-2,-4,-1,-4,19,54,86,0.0,1026,1,9,267,13,Russia
2020-01-20,2,-6,0.3,3.0,1,25,04:24 AM,12:52 PM,08:44 AM,04:37 PM,-1,-4,0,-4,27,98,89,0.4,1025,2,9,277,17,Russia
2020-01-21,3,-4,0.2,3.0,1,18,05:44 AM,01:23 PM,08:42 AM,04:39 PM,0,-4,1,-4,34,100,90,7.0,1010,3,6,271,21,Russia
2020-01-22,0,-2,1.4,6.8,1,11,06:55 AM,02:03 PM,08:41 AM,04:41 PM,-4,-6,-0,-6,32,78,74,2.6,997,0,7,300,23,Russia
2020-01-23,-4,-9,1.4,3.0,1,3,07:55 AM,02:56 PM,08:40 AM,04:43 PM,-9,-11,-4,-11,30,93,70,1.8,1007,-4,7,325,22,Russia
2020-01-24,-0,-9,2.5,3.0,1,0,08:42 AM,03:58 PM,08:38 AM,04:45 PM,-3,-8,-3,-8,27,81,91,3.9,1007,-0,6,260,17,Russia
2020-01-25,1,-5,2.6,3.0,1,0,09:17 AM,05:08 PM,08:36 AM,04:47 PM,-2,-5,-0,-5,31,88,83,4.6,997,1,7,284,21,Russia
2020-01-26,-1,-7,0.0,6.8,1,4,09:43 AM,06:20 PM,08:35 AM,04:49 PM,-5,-8,-2,-8,32,81,78,0.2,1008,-1,8,285,23,Russia
2020-01-27,2,-6,1.9,3.1,1,11,10:02 AM,07:34 PM,08:33 AM,04:51 PM,-0,-4,0,-4,21,100,93,3.2,1011,2,4,188,14,Russia
2020-01-28,-1,-5,6.0,3.1,1,18,10:18 AM,08:45 PM,08:32 AM,04:54 PM,-4,-8,-3,-8,20,100,94,7.1,1013,-1,2,136,14,Russia
2020-01-29,1,-8,1.0,3.1,1,26,10:31 AM,09:56 PM,08:30 AM,04:56 PM,-1,-5,-2,-5,15,100,98,1.3,1010,1,5,151,10,Russia
2020-01-30,1,-5,5.3,3.1,1,33,10:44 AM,11:06 PM,08:28 AM,04:58 PM,-0,-4,0,-4,24,99,95,6.6,1001,1,5,122,16,Russia
2020-01-31,-1,-6,0.3,3.3,1,37,10:56 AM,No moonset,08:26 AM,05:00 PM,-3,-5,-3,-5,7,96,95,0.5,1001,-1,6,185,5,Russia
2020-02-01,-2,-9,0.2,5.1,1,49,11:09 AM,12:16 AM,08:24 AM,05:02 PM,-4,-6,-4,-6,9,84,96,0.3,1004,-2,3,167,5,Russia
2020-02-02,1,-8,2.6,3.3,1,57,11:24 AM,01:29 AM,08:23 AM,05:04 PM,0,-5,-0,-5,31,100,97,9.9,994,1,7,186,19,Russia
2020-02-03,1,-4,1.5,3.3,1,64,11:43 AM,02:42 AM,08:21 AM,05:07 PM,-0,-4,0,-4,24,95,94,2.0,985,1,6,250,16,Russia
2020-02-04,-3,-5,0.0,3.3,1,72,12:07 PM,03:57 AM,08:19 AM,05:09 PM,-6,-9,-4,-9,26,87,83,0.3,991,-3,9,282,19,Russia
2020-02-05,-5,-7,0.1,3.4,1,79,12:41 PM,05:11 AM,08:17 AM,05:11 PM,-8,-11,-6,-11,22,72,85,0.3,1006,-5,10,306,16,Russia
2020-02-06,-3,-8,1.4,3.4,1,87,01:29 PM,06:20 AM,08:15 AM,05:13 PM,-7,-12,-6,-12,26,74,89,1.6,1005,-3,7,251,18,Russia
2020-02-07,-9,-11,0.0,3.4,1,95,02:32 PM,07:20 AM,08:13 AM,05:15 PM,-12,-18,-10,-18,30,74,84,0.2,1009,-9,9,336,21,Russia
2020-02-08,-7,-13,0.0,8.7,1,100,03:51 PM,08:05 AM,08:11 AM,05:18 PM,-11,-15,-10,-15,15,48,89,0.0,1020,-7,10,278,9,Russia
2020-02-09,-1,-9,0.0,3.4,1,100,05:19 PM,08:40 AM,08:09 AM,05:20 PM,-6,-9,-5,-9,22,89,92,0.0,1020,-1,8,242,13,Russia
2020-02-10,1,-6,0.0,8.7,1,83,06:51 PM,09:06 AM,08:07 AM,05:22 PM,-3,-7,-2,-7,34,42,85,0.0,1006,1,10,216,22,Russia
2020-02-11,1,-5,4.7,3.5,1,75,08:22 PM,09:26 AM,08:04 AM,05:24 PM,-0,-5,-0,-5,35,99,94,5.5,993,1,3,199,23,Russia
2020-02-12,-0,-4,3.1,3.5,1,68,09:53 PM,09:43 AM,08:02 AM,05:26 PM,-1,-5,-1,-5,25,96,95,3.6,997,-0,5,168,17,Russia
2020-02-13,-1,-4,2.5,3.5,1,60,11:22 PM,09:59 AM,08:00 AM,05:29 PM,-3,-5,-2,-5,11,99,96,2.9,1004,-1,4,181,8,Russia
2020-02-14,1,-5,0.9,3.6,1,53,No moonrise,10:15 AM,07:58 AM,05:31 PM,-2,-5,-2,-5,15,93,95,1.1,1015,1,5,231,9,Russia
2020-02-15,-0,-4,0.1,3.7,1,45,12:49 AM,10:34 AM,07:56 AM,05:33 PM,-3,-4,-2,-4,9,91,94,0.3,1025,-0,7,246,6,Russia
2020-02-16,0,-6,0.0,5.4,1,38,02:13 AM,10:56 AM,07:54 AM,05:35 PM,-2,-6,-2,-6,29,81,90,0.0,1027,0,10,215,18,Russia
2020-02-17,3,-6,0.0,3.7,1,30,03:35 AM,11:25 AM,07:51 AM,05:37 PM,-0,-4,1,-4,39,90,87,0.3,1013,3,10,225,23,Russia
2020-02-18,3,-0,0.3,3.7,1,22,04:48 AM,12:01 PM,07:49 AM,05:39 PM,1,-2,2,-2,29,89,91,1.3,1011,3,8,231,17,Russia
2020-02-19,2,0,0.3,3.7,1,15,05:51 AM,12:49 PM,07:47 AM,05:42 PM,-0,-3,1,-3,22,94,90,0.3,1009,2,6,245,14,Russia
2020-02-20,3,-0,0.0,3.8,1,7,06:41 AM,01:49 PM,07:44 AM,05:44 PM,-1,-2,1,-2,17,71,87,0.0,1017,3,10,239,11,Russia
2020-02-21,3,1,0.0,7.1,1,0,07:19 AM,02:55 PM,07:42 AM,05:46 PM,0,-1,2,-1,14,73,88,0.1,1022,3,8,212,9,Russia
2020-02-22,3,-0,0.0,8.7,1,0,07:47 AM,04:07 PM,07:40 AM,05:48 PM,-2,-3,1,-3,24,49,83,0.0,1021,3,9,200,16,Russia
2020-02-23,1,-2,3.8,3.8,1,0,08:08 AM,05:20 PM,07:37 AM,05:50 PM,-1,-5,1,-5,34,95,88,6.0,1000,1,5,217,23,Russia
2020-02-24,2,-1,0.3,3.8,1,0,08:24 AM,06:32 PM,07:35 AM,05:52 PM,-1,-4,0,-4,20,94,88,0.4,994,2,9,249,14,Russia
2020-02-25,1,-2,0.0,8.7,1,8,08:38 AM,07:43 PM,07:32 AM,05:54 PM,-5,-5,-1,-5,19,24,74,0.0,1001,1,10,274,14,Russia
2020-02-26,3,-2,1.4,3.8,1,15,08:51 AM,08:53 PM,07:30 AM,05:56 PM,-1,-3,1,-3,21,70,87,2.0,996,3,7,213,14,Russia
2020-02-27,3,-2,0.4,5.5,1,23,09:03 AM,10:04 PM,07:28 AM,05:58 PM,-0,-1,1,-1,14,58,89,1.9,1001,3,9,157,9,Russia
2020-02-28,2,-3,0.1,8.5,1,30,09:15 AM,11:15 PM,07:25 AM,06:01 PM,-0,-2,1,-2,13,73,87,3.2,1000,2,8,230,9,Russia
2020-02-29,-0,-3,0.5,7.0,1,38,09:29 AM,No moonset,07:23 AM,06:03 PM,-5,-6,-1,-6,21,86,75,1.0,1006,-0,8,257,16,Russia
2020-03-01,3,-7,0.0,8.5,1,44,09:46 AM,12:27 AM,07:20 AM,06:05 PM,-4,-4,0,-4,26,50,71,0.0,1013,3,10,214,17,Russia
2020-03-02,3,-2,0.3,5.4,1,51,10:07 AM,01:40 AM,07:18 AM,06:07 PM,1,-2,2,-2,28,100,92,3.0,1010,3,9,209,18,Russia
2020-03-03,3,2,1.0,5.5,1,58,10:35 AM,02:53 AM,07:15 AM,06:09 PM,2,-1,2,-1,21,100,96,4.2,1012,3,4,173,13,Russia
2020-03-04,6,-4,0.0,5.5,1,65,11:15 AM,04:03 AM,07:13 AM,06:11 PM,3,1,3,1,15,90,93,2.8,1015,6,5,149,10,Russia
2020-03-05,5,3,0.0,5.5,1,73,12:08 PM,05:06 AM,07:10 AM,06:13 PM,3,-1,4,-1,35,100,91,0.3,1016,5,10,145,23,Russia
2020-03-06,7,1,0.0,5.5,2,80,01:19 PM,05:57 AM,07:07 AM,06:15 PM,4,2,6,2,30,97,86,0.0,1011,7,10,170,19,Russia
2020-03-07,7,-0,0.0,5.6,2,87,02:42 PM,06:35 AM,07:05 AM,06:17 PM,4,3,5,3,18,92,92,4.2,1013,7,5,151,11,Russia
2020-03-08,7,5,0.0,5.6,2,95,04:13 PM,07:05 AM,07:02 AM,06:19 PM,5,4,6,4,19,94,93,5.5,1012,7,6,215,12,Russia
2020-03-09,7,5,0.0,5.6,2,100,05:47 PM,07:27 AM,07:00 AM,06:21 PM,5,4,6,4,14,91,92,14.6,1012,7,8,143,8,Russia
2020-03-10,7,4,0.0,7.3,2,100,07:20 PM,07:46 AM,06:57 AM,06:23 PM,4,3,5,3,11,88,92,19.2,1014,7,8,152,7,Russia
2020-03-11,9,4,0.0,10.2,2,84,08:53 PM,08:02 AM,06:54 AM,06:25 PM,4,5,6,5,12,78,86,0.2,1004,9,8,168,8,Russia
2020-03-12,7,4,0.0,7.3,2,76,10:24 PM,08:19 AM,06:52 AM,06:27 PM,0,1,5,1,32,85,72,2.2,996,7,9,248,24,Russia
2020-03-13,5,4,0.3,5.9,1,69,11:55 PM,08:36 AM,06:49 AM,06:29 PM,-1,-0,5,-0,44,89,66,3.3,991,5,9,250,33,Russia
2020-03-14,5,2,0.0,5.9,1,62,No moonrise,08:58 AM,06:47 AM,06:31 PM,-3,0,4,0,25,88,71,2.3,999,5,8,256,20,Russia
2020-03-15,-2,-5,4.4,6.0,1,55,01:21 AM,09:24 AM,06:44 AM,06:34 PM,-8,-9,-3,-9,31,92,75,8.3,1012,-2,7,342,23,Russia
2020-03-16,2,-5,0.0,10.2,1,47,02:40 AM,09:59 AM,06:41 AM,06:36 PM,-4,-4,-0,-4,19,31,73,0.0,1023,2,10,258,14,Russia
2020-03-17,3,1,0.0,6.0,1,40,03:48 AM,10:44 AM,06:39 AM,06:38 PM,-3,-1,2,-1,16,96,68,0.1,1021,3,10,254,11,Russia
2020-03-18,8,2,0.0,8.8,2,33,04:42 AM,11:41 AM,06:36 AM,06:40 PM,0,1,5,1,28,76,72,0.0,1022,8,10,241,20,Russia
2020-03-19,9,5,0.0,6.0,2,25,05:23 AM,12:45 PM,06:33 AM,06:42 PM,-0,4,7,4,32,83,62,0.6,1011,9,10,272,22,Russia
2020-03-20,5,2,0.3,7.4,1,18,05:53 AM,01:56 PM,06:31 AM,06:44 PM,-2,-1,3,-1,22,73,66,0.7,1013,5,10,290,16,Russia
2020-03-21,1,-2,0.1,7.5,1,11,06:15 AM,03:09 PM,06:28 AM,06:46 PM,-8,-5,-1,-5,19,67,59,0.2,1020,1,9,43,15,Russia
2020-03-22,-1,-4,0.0,11.6,2,4,06:32 AM,04:20 PM,06:26 AM,06:48 PM,-14,-8,-2,-8,25,24,41,0.0,1032,-1,10,56,19,Russia
2020-03-23,0,-3,0.0,10.2,1,0,06:46 AM,05:32 PM,06:23 AM,06:50 PM,-12,-7,-2,-7,25,34,45,0.2,1037,0,10,39,19,Russia
2020-03-24,4,-4,0.0,11.6,2,0,06:59 AM,06:43 PM,06:20 AM,06:52 PM,-10,-3,1,-3,16,0,44,0.0,1037,4,10,148,14,Russia
2020-03-25,7,-1,0.0,11.6,2,3,07:11 AM,07:54 PM,06:18 AM,06:54 PM,-8,-1,3,-1,21,36,45,0.0,1034,7,10,264,15,Russia
2020-03-26,10,1,0.0,11.6,3,11,07:23 AM,09:05 PM,06:15 AM,06:56 PM,-3,2,5,2,18,9,55,0.0,1033,10,10,290,13,Russia
2020-03-27,11,5,0.0,11.6,2,18,07:36 AM,10:17 PM,06:13 AM,06:58 PM,1,7,7,7,5,33,65,0.0,1034,11,10,238,4,Russia
2020-03-28,12,5,0.0,11.6,3,25,07:51 AM,11:30 PM,06:10 AM,07:00 PM,4,8,9,8,10,41,71,0.0,1024,12,10,176,7,Russia
2020-03-29,13,6,0.0,11.6,3,32,08:09 AM,No moonset,06:07 AM,07:02 PM,4,8,9,8,14,47,69,0.1,1009,13,10,201,10,Russia
2020-03-30,-0,-3,8.2,6.5,1,40,08:34 AM,12:42 AM,06:05 AM,07:04 PM,-2,-5,1,-5,27,100,82,9.7,1008,-0,4,115,21,Russia
2020-03-31,-2,-4,4.3,6.5,1,44,09:08 AM,01:53 AM,06:02 AM,07:06 PM,-7,-10,-3,-10,29,94,77,6.5,1012,-2,4,226,22,Russia
2020-04-01,1,-5,0.0,9.4,1,56,09:55 AM,02:57 AM,06:00 AM,07:08 PM,-6,-7,-2,-7,27,76,74,0.0,1008,1,10,257,19,Russia
2020-04-02,4,-3,0.9,8.5,1,64,10:56 AM,03:51 AM,05:57 AM,07:10 PM,-1,-3,1,-3,27,100,83,1.2,1002,4,7,246,19,Russia
2020-04-03,7,-2,0.1,8.5,2,71,12:12 PM,04:33 AM,05:55 AM,07:12 PM,-1,-0,4,-0,30,82,72,0.5,1004,7,10,221,22,Russia
2020-04-04,6,3,0.0,13.3,1,79,01:38 PM,05:05 AM,05:52 AM,07:14 PM,-4,0,4,0,26,34,57,0.2,1011,6,10,260,20,Russia
2020-04-05,4,1,0.9,9.7,1,87,03:09 PM,05:29 AM,05:50 AM,07:16 PM,-7,-2,2,-2,25,67,52,3.4,1025,4,8,306,18,Russia
2020-04-06,4,-1,0.0,12.1,1,94,04:41 PM,05:49 AM,05:47 AM,07:18 PM,-11,-3,2,-3,23,46,38,0.0,1031,4,10,279,18,Russia
2020-04-07,13,2,0.0,12.1,2,100,06:15 PM,06:05 AM,05:44 AM,07:20 PM,-2,5,7,5,18,46,53,0.0,1032,13,10,239,14,Russia
2020-04-08,10,6,0.0,8.6,2,100,07:49 PM,06:21 AM,05:42 AM,07:23 PM,2,4,7,4,27,65,71,2.0,1019,10,10,294,19,Russia
2020-04-09,11,5,0.0,13.9,2,83,09:23 PM,06:38 AM,05:39 AM,07:25 PM,1,6,8,6,17,30,66,0.0,1016,11,10,249,13,Russia
2020-04-10,9,5,0.0,8.7,2,76,10:54 PM,06:57 AM,05:37 AM,07:27 PM,-1,4,7,4,23,76,58,1.1,1009,9,9,314,18,Russia
2020-04-11,5,2,0.0,8.7,1,68,No moonrise,07:22 AM,05:34 AM,07:29 PM,-6,-0,3,-0,19,59,53,0.4,1015,5,9,330,16,Russia
2020-04-12,7,1,0.0,14.0,2,61,12:21 AM,07:53 AM,05:32 AM,07:31 PM,-7,1,4,1,16,30,48,0.0,1019,7,10,311,13,Russia
2020-04-13,12,3,0.0,14.0,3,53,01:37 AM,08:35 AM,05:29 AM,07:33 PM,-2,5,8,5,23,47,52,0.0,1010,12,10,200,18,Russia
2020-04-14,9,3,4.2,8.8,2,46,02:39 AM,09:29 AM,05:27 AM,07:35 PM,3,4,7,4,19,86,79,7.5,1002,9,7,265,14,Russia
2020-04-15,7,4,0.3,10.0,2,38,03:25 AM,10:33 AM,05:24 AM,07:37 PM,-4,2,5,2,18,78,52,1.4,1000,7,9,260,14,Russia
2020-04-16,6,-1,3.6,8.9,1,30,03:59 AM,11:44 AM,05:22 AM,07:39 PM,-0,-0,4,-0,24,100,76,11.5,993,6,6,257,20,Russia
2020-04-17,7,-1,0.3,8.9,1,23,04:22 AM,12:57 PM,05:19 AM,07:41 PM,-2,-0,4,-0,26,80,66,1.7,995,7,8,294,21,Russia
2020-04-18,7,1,0.0,11.1,1,15,04:41 AM,02:09 PM,05:17 AM,07:43 PM,-3,0,4,0,21,61,63,1.6,1004,7,10,290,17,Russia
2020-04-19,7,2,0.1,8.9,1,8,04:56 AM,03:21 PM,05:14 AM,07:45 PM,-1,2,4,2,10,86,71,0.7,1010,7,10,254,8,Russia
2020-04-20,10,3,0.0,11.2,2,0,05:08 AM,04:32 PM,05:12 AM,07:47 PM,-2,3,6,3,18,57,60,1.5,1016,10,10,19,13,Russia
2020-04-21,9,3,0.0,14.4,3,0,05:20 AM,05:43 PM,05:09 AM,07:49 PM,-2,2,6,2,28,32,60,0.0,1018,9,10,237,21,Russia
2020-04-22,6,3,0.0,11.2,1,0,05:31 AM,06:54 PM,05:07 AM,07:51 PM,-5,-1,4,-1,34,71,53,0.3,1014,6,10,346,27,Russia
2020-04-23,8,2,0.2,12.3,2,0,05:43 AM,08:06 PM,05:04 AM,07:53 PM,-6,0,4,0,27,62,49,0.2,1010,8,9,262,22,Russia
2020-04-24,7,2,0.0,9.1,2,7,05:57 AM,09:20 PM,05:02 AM,07:55 PM,-3,3,4,3,9,85,61,0.1,1005,7,10,162,7,Russia
2020-04-25,8,5,0.0,9.1,2,15,06:14 AM,10:34 PM,05:00 AM,07:57 PM,1,4,6,4,13,88,70,1.0,998,8,10,248,11,Russia
2020-04-26,10,3,0.0,14.5,3,22,06:37 AM,11:46 PM,04:57 AM,07:59 PM,-5,5,6,5,10,18,46,0.0,1002,10,10,237,8,Russia
2020-04-27,11,4,0.0,13.5,2,30,07:07 AM,No moonset,04:55 AM,08:01 PM,-3,6,7,6,12,40,47,0.1,1004,11,10,234,10,Russia
2020-04-28,11,4,0.0,14.5,3,37,07:49 AM,12:53 AM,04:53 AM,08:03 PM,-3,5,7,5,16,29,50,0.0,1008,11,10,291,13,Russia
2020-04-29,13,7,0.0,9.7,3,45,08:44 AM,01:50 AM,04:50 AM,08:05 PM,2,6,9,6,32,85,65,16.4,1000,13,8,241,25,Russia
2020-04-30,8,4,0.0,9.7,2,52,09:54 AM,02:34 AM,04:48 AM,08:07 PM,-1,4,6,4,14,77,63,0.1,1010,8,10,271,12,Russia
2020-05-01,13,4,0.0,14.5,4,58,11:14 AM,03:08 AM,04:46 AM,08:08 PM,-1,7,9,7,15,15,55,0.0,1017,13,10,63,12,Russia
2020-05-02,14,5,0.0,13.6,3,65,12:40 PM,03:34 AM,04:44 AM,08:10 PM,2,8,10,8,21,32,60,0.0,1017,14,10,117,17,Russia
2020-05-03,21,9,0.0,11.7,4,72,02:09 PM,03:53 AM,04:41 AM,08:12 PM,9,13,14,13,23,79,72,1.7,1013,21,10,142,17,Russia
2020-05-04,15,13,0.0,10.8,3,80,03:40 PM,04:10 AM,04:39 AM,08:14 PM,11,13,14,13,21,72,84,4.4,1013,15,6,155,14,Russia
2020-05-05,21,12,0.0,9.9,4,87,05:12 PM,04:25 AM,04:37 AM,08:16 PM,12,16,17,16,23,83,76,12.7,1008,21,9,144,16,Russia
2020-05-06,19,14,0.0,9.9,4,94,06:45 PM,04:41 AM,04:35 AM,08:18 PM,12,16,16,16,24,79,80,4.8,1003,19,10,141,18,Russia
2020-05-07,20,13,0.0,10.8,4,100,08:19 PM,04:58 AM,04:33 AM,08:20 PM,10,16,16,16,17,71,71,5.2,1001,20,10,173,13,Russia
2020-05-08,16,10,0.0,11.8,3,100,09:50 PM,05:19 AM,04:31 AM,08:22 PM,6,12,13,12,16,57,65,1.1,1008,16,10,228,13,Russia
2020-05-09,11,9,0.0,10.0,2,84,11:15 PM,05:47 AM,04:29 AM,08:24 PM,6,8,10,8,18,96,75,12.5,1009,11,7,191,14,Russia
2020-05-10,16,10,0.0,10.9,3,77,No moonrise,06:24 AM,04:27 AM,08:26 PM,4,12,13,12,23,75,58,2.9,1007,16,7,302,18,Russia
2020-05-11,19,9,0.0,14.5,5,70,12:26 AM,07:14 AM,04:25 AM,08:28 PM,2,13,14,13,17,7,46,0.0,1008,19,10,282,13,Russia
2020-05-12,19,13,0.0,10.0,4,62,01:21 AM,08:15 AM,04:23 AM,08:30 PM,11,15,15,15,26,81,76,5.0,997,19,10,197,20,Russia
2020-05-13,11,5,0.0,11.8,2,55,02:01 AM,09:26 AM,04:21 AM,08:32 PM,1,5,9,5,31,75,62,13.0,1003,11,7,283,25,Russia
2020-05-14,14,8,0.0,12.7,3,48,02:28 AM,10:40 AM,04:19 AM,08:34 PM,-0,8,11,8,23,49,50,0.9,1011,14,8,251,19,Russia
2020-05-15,14,8,0.0,11.0,3,40,02:49 AM,11:55 AM,04:17 AM,08:35 PM,1,10,11,10,12,73,52,2.1,1010,14,10,270,10,Russia
2020-05-16,15,9,0.0,13.6,3,33,03:05 AM,01:08 PM,04:15 AM,08:37 PM,1,11,12,11,11,47,49,0.5,1010,15,10,242,9,Russia
2020-05-17,11,8,0.0,11.0,2,26,03:18 AM,02:19 PM,04:14 AM,08:39 PM,1,7,9,7,24,63,58,1.0,1012,11,10,278,19,Russia
2020-05-18,11,7,0.0,10.2,2,19,03:29 AM,03:31 PM,04:12 AM,08:41 PM,3,7,9,7,23,77,64,2.3,1007,11,10,274,18,Russia
2020-05-19,12,5,0.0,11.1,2,11,03:40 AM,04:41 PM,04:10 AM,08:43 PM,0,5,8,5,24,66,59,0.9,1009,12,10,301,19,Russia
2020-05-20,15,7,0.0,14.5,3,4,03:52 AM,05:54 PM,04:09 AM,08:44 PM,1,10,11,10,17,26,53,0.2,1006,15,10,316,14,Russia
2020-05-21,8,3,0.0,10.2,2,0,04:05 AM,07:07 PM,04:07 AM,08:46 PM,3,2,6,2,27,95,87,74.6,1004,8,6,324,21,Russia
2020-05-22,10,5,0.0,10.3,2,0,04:20 AM,08:22 PM,04:06 AM,08:48 PM,4,5,7,5,14,95,81,17.0,1008,10,7,233,11,Russia
2020-05-23,6,5,0.0,10.3,2,3,04:41 AM,09:36 PM,04:04 AM,08:49 PM,4,3,6,3,14,100,86,3.1,1020,6,6,10,11,Russia
2020-05-24,15,5,0.0,12.8,3,10,05:08 AM,10:46 PM,04:03 AM,08:51 PM,4,9,10,9,9,65,71,0.1,1020,15,10,174,7,Russia
2020-05-25,18,8,0.0,14.5,5,17,05:46 AM,11:47 PM,04:01 AM,08:53 PM,4,13,13,13,5,45,56,0.2,1023,18,10,234,4,Russia
2020-05-26,18,11,0.0,12.0,4,25,06:37 AM,No moonset,04:00 AM,08:54 PM,8,14,14,14,9,58,67,3.9,1028,18,10,73,7,Russia
2020-05-27,16,12,0.0,11.4,3,32,07:43 AM,12:36 AM,03:59 AM,08:56 PM,8,13,14,13,10,79,69,4.1,1023,16,10,78,7,Russia
2020-05-28,21,13,0.0,13.7,4,39,09:00 AM,01:13 AM,03:58 AM,08:57 PM,9,17,17,17,12,53,61,1.0,1021,21,10,199,10,Russia
2020-05-29,16,13,0.0,10.6,3,47,10:23 AM,01:40 AM,03:56 AM,08:59 PM,12,14,15,14,17,88,87,37.5,1019,16,7,84,12,Russia
2020-05-30,19,15,0.0,13.1,4,54,11:50 AM,02:01 AM,03:55 AM,09:00 PM,15,17,17,17,28,99,86,8.9,1013,19,10,53,21,Russia
2020-05-31,12,10,0.0,13.1,3,58,01:17 PM,02:17 AM,03:54 AM,09:02 PM,9,9,12,9,34,100,85,67.3,1009,12,6,37,25,Russia
2020-06-01,13,8,0.0,13.1,3,71,02:45 PM,02:32 AM,03:53 AM,09:03 PM,6,8,11,8,24,89,73,8.3,1014,13,8,37,19,Russia
2020-06-02,11,9,0.0,13.1,2,79,04:15 PM,02:47 AM,03:52 AM,09:04 PM,7,7,10,7,30,98,85,21.0,1013,11,7,71,22,Russia
2020-06-03,16,6,0.0,13.2,3,86,05:46 PM,03:03 AM,03:51 AM,09:05 PM,11,12,13,12,22,100,89,14.6,1010,16,7,79,16,Russia
2020-06-04,22,13,0.0,16.7,4,94,07:18 PM,03:21 AM,03:50 AM,09:07 PM,11,18,18,18,13,48,67,22.3,1006,22,9,198,11,Russia
2020-06-05,19,12,0.0,13.9,4,100,08:46 PM,03:44 AM,03:49 AM,09:08 PM,10,15,15,15,25,71,71,9.3,1008,19,10,181,17,Russia
2020-06-06,22,12,0.0,14.6,4,100,10:05 PM,04:15 AM,03:49 AM,09:09 PM,13,17,18,17,16,64,77,0.3,1012,22,9,181,12,Russia
2020-06-07,27,17,0.0,17.4,6,84,11:10 PM,04:59 AM,03:48 AM,09:10 PM,15,23,23,23,12,22,64,1.2,1016,27,10,222,9,Russia
2020-06-08,29,19,0.0,15.3,6,76,11:57 PM,05:56 AM,03:47 AM,09:11 PM,17,25,25,24,10,49,67,1.1,1017,29,10,119,8,Russia
2020-06-09,27,20,0.0,17.4,6,69,No moonrise,07:05 AM,03:47 AM,09:12 PM,17,25,25,24,16,12,69,0.0,1018,27,10,142,13,Russia
2020-06-10,28,20,0.0,15.3,6,61,12:30 AM,08:19 AM,03:46 AM,09:13 PM,18,25,25,24,14,43,70,7.7,1017,28,9,159,11,Russia
2020-06-11,31,22,0.0,16.0,6,54,12:54 AM,09:36 AM,03:46 AM,09:14 PM,18,28,28,26,6,31,63,1.1,1015,31,10,197,5,Russia
2020-06-12,25,17,0.0,14.0,5,46,01:12 AM,10:50 AM,03:45 AM,09:14 PM,17,23,23,22,19,76,73,10.9,1015,25,9,154,13,Russia
2020-06-13,16,13,0.0,14.0,3,38,01:26 AM,12:03 PM,03:45 AM,09:15 PM,10,14,15,14,27,90,73,20.8,1019,16,8,66,21,Russia
2020-06-14,19,9,0.0,16.0,4,31,01:38 AM,01:15 PM,03:45 AM,09:16 PM,7,15,16,15,27,52,57,0.0,1023,19,10,95,19,Russia
2020-06-15,23,14,0.0,17.4,6,23,01:49 AM,02:26 PM,03:45 AM,09:16 PM,12,18,20,18,24,19,65,0.0,1022,23,10,133,19,Russia
2020-06-16,26,16,0.0,17.4,6,16,02:00 AM,03:38 PM,03:45 AM,09:17 PM,16,22,22,21,12,50,71,0.1,1018,26,10,163,10,Russia
2020-06-17,31,20,0.0,17.4,7,8,02:12 AM,04:51 PM,03:44 AM,09:17 PM,16,26,26,25,9,39,58,0.9,1017,31,10,224,7,Russia
2020-06-18,31,22,0.0,17.4,7,1,02:26 AM,06:05 PM,03:44 AM,09:18 PM,14,27,27,26,10,21,50,0.1,1018,31,10,159,8,Russia
2020-06-19,29,22,0.0,14.7,6,0,02:45 AM,07:21 PM,03:45 AM,09:18 PM,17,26,26,25,12,64,64,6.5,1016,29,9,173,9,Russia
2020-06-20,30,20,0.0,13.3,6,0,03:10 AM,08:33 PM,03:45 AM,09:18 PM,17,26,26,24,17,80,66,19.9,1014,30,8,146,10,Russia
2020-06-21,22,15,0.0,17.4,5,0,03:44 AM,09:40 PM,03:45 AM,09:18 PM,8,18,19,18,21,14,53,0.0,1017,22,10,64,18,Russia
2020-06-22,23,15,0.0,17.4,6,7,04:30 AM,10:33 PM,03:45 AM,09:19 PM,8,19,20,19,12,11,50,0.0,1018,23,10,121,10,Russia
2020-06-23,20,17,0.0,14.0,4,14,05:33 AM,11:15 PM,03:45 AM,09:19 PM,11,18,18,18,11,66,62,2.0,1018,20,9,160,9,Russia
2020-06-24,25,18,0.0,17.4,6,22,06:47 AM,11:46 PM,03:46 AM,09:19 PM,8,21,21,21,19,22,45,0.2,1021,25,10,119,16,Russia
2020-06-25,25,16,0.0,16.0,5,29,08:10 AM,No moonset,03:46 AM,09:19 PM,8,21,21,21,15,36,46,0.8,1025,25,10,203,12,Russia
2020-06-26,28,18,0.0,17.4,6,37,09:37 AM,12:08 AM,03:47 AM,09:18 PM,13,24,24,23,11,22,55,0.5,1024,28,10,219,9,Russia
2020-06-27,28,20,0.0,17.4,7,44,11:03 AM,12:25 AM,03:47 AM,09:18 PM,14,25,25,24,23,28,52,0.1,1016,28,10,281,18,Russia
2020-06-28,25,19,0.0,14.7,5,52,12:29 PM,12:41 AM,03:48 AM,09:18 PM,14,23,23,23,16,61,59,8.0,1010,25,9,136,11,Russia
2020-06-29,22,15,0.0,17.4,5,59,01:57 PM,12:55 AM,03:49 AM,09:18 PM,8,18,19,18,19,21,52,0.0,1010,22,10,56,15,Russia
2020-06-30,22,16,0.0,16.0,4,67,03:25 PM,01:09 AM,03:49 AM,09:17 PM,10,18,19,18,19,31,57,0.0,1011,22,10,150,15,Russia
2020-07-01,23,17,0.0,15.3,5,72,04:53 PM,01:26 AM,03:50 AM,09:17 PM,12,20,21,20,19,67,63,7.2,1007,23,9,256,15,Russia
2020-07-02,25,17,0.0,14.6,5,79,06:21 PM,01:46 AM,03:51 AM,09:16 PM,14,22,22,21,20,47,67,5.0,1011,25,10,242,15,Russia
2020-07-03,28,20,0.0,14.6,6,86,07:44 PM,02:12 AM,03:52 AM,09:16 PM,17,24,24,24,15,55,68,6.8,1012,28,9,232,12,Russia
2020-07-04,25,21,0.0,13.2,5,94,08:54 PM,02:50 AM,03:53 AM,09:15 PM,17,24,24,23,15,83,73,9.1,1012,25,9,227,10,Russia
2020-07-05,29,21,0.0,17.4,7,100,09:49 PM,03:40 AM,03:54 AM,09:14 PM,14,26,26,25,9,17,55,0.0,1011,29,10,122,7,Russia
2020-07-06,29,21,0.0,17.4,7,100,10:28 PM,04:44 AM,03:55 AM,09:13 PM,16,27,27,25,16,10,56,0.0,1010,29,10,228,13,Russia
2020-07-07,30,22,0.0,16.0,6,85,10:56 PM,05:57 AM,03:56 AM,09:13 PM,18,28,28,26,15,37,61,3.5,1008,30,10,180,12,Russia
2020-07-08,26,17,0.0,13.9,5,77,11:17 PM,07:14 AM,03:57 AM,09:12 PM,17,24,24,23,18,72,68,3.0,1005,26,9,230,14,Russia
2020-07-09,23,15,0.0,16.7,6,70,11:32 PM,08:31 AM,03:58 AM,09:11 PM,10,19,20,19,19,49,59,1.0,1011,23,10,312,15,Russia
2020-07-10,24,18,0.0,17.1,6,63,11:45 PM,09:46 AM,04:00 AM,09:10 PM,9,22,22,21,13,14,48,0.0,1018,24,10,272,11,Russia
2020-07-11,28,17,0.0,15.9,5,55,11:56 PM,10:58 AM,04:01 AM,09:09 PM,15,24,24,23,25,54,63,2.1,1017,28,10,205,20,Russia
2020-07-12,26,20,0.0,12.8,5,48,No moonrise,12:10 PM,04:02 AM,09:08 PM,17,24,24,23,12,76,72,21.4,1017,26,8,179,8,Russia
2020-07-13,24,17,0.0,13.5,5,41,12:07 AM,01:21 PM,04:04 AM,09:06 PM,15,21,21,21,14,75,72,1.4,1011,24,10,293,12,Russia
2020-07-14,17,12,0.0,12.8,4,34,12:19 AM,02:33 PM,04:05 AM,09:05 PM,14,15,16,15,25,100,89,40.4,1007,17,7,14,19,Russia
2020-07-15,19,11,0.0,12.7,4,26,12:32 AM,03:47 PM,04:06 AM,09:04 PM,14,17,17,17,19,97,82,17.3,999,19,7,111,13,Russia
2020-07-16,16,14,0.0,12.7,4,19,12:49 AM,05:01 PM,04:08 AM,09:02 PM,12,14,15,14,15,100,85,10.0,1004,16,8,265,12,Russia
2020-07-17,18,8,0.0,13.5,4,12,01:10 AM,06:15 PM,04:09 AM,09:01 PM,12,15,16,15,16,92,76,0.5,1011,18,10,282,13,Russia
2020-07-18,20,16,0.0,15.0,4,5,01:40 AM,07:25 PM,04:11 AM,09:00 PM,12,17,17,17,10,59,70,1.1,1016,20,10,325,8,Russia
2020-07-19,25,16,0.0,10.3,5,0,02:21 AM,08:25 PM,04:12 AM,08:58 PM,13,21,21,20,11,62,63,4.2,1016,25,9,222,8,Russia
2020-07-20,20,17,0.0,12.0,4,0,03:18 AM,09:12 PM,04:14 AM,08:57 PM,14,18,18,18,15,65,75,0.7,1012,20,9,294,12,Russia
2020-07-21,23,16,0.0,10.2,4,2,04:29 AM,09:47 PM,04:16 AM,08:55 PM,13,19,19,19,16,72,69,6.5,1006,23,7,266,13,Russia
2020-07-22,22,18,0.0,12.8,5,10,05:52 AM,10:12 PM,04:17 AM,08:53 PM,13,20,21,20,20,44,63,1.6,1004,22,10,273,16,Russia
2020-07-23,20,14,0.0,12.8,4,17,07:20 AM,10:32 PM,04:19 AM,08:52 PM,9,16,17,16,19,40,60,0.2,1008,20,10,274,16,Russia
2020-07-24,21,14,0.0,11.0,4,24,08:48 AM,10:48 PM,04:21 AM,08:50 PM,9,18,19,18,15,59,57,0.8,1013,21,10,240,12,Russia
2020-07-25,23,15,0.0,14.5,6,32,10:16 AM,11:03 PM,04:22 AM,08:48 PM,8,19,19,19,11,24,52,0.0,1017,23,10,235,9,Russia
2020-07-26,24,16,0.0,11.9,5,39,11:44 AM,11:17 PM,04:24 AM,08:46 PM,12,20,20,20,12,52,63,0.4,1018,24,9,173,9,Russia
2020-07-27,23,18,0.0,10.1,5,46,01:11 PM,11:33 PM,04:26 AM,08:45 PM,16,20,21,20,14,79,78,8.9,1018,23,9,191,10,Russia
2020-07-28,27,19,0.0,14.5,6,53,02:39 PM,11:51 PM,04:28 AM,08:43 PM,14,24,24,23,16,19,59,0.0,1018,27,10,204,13,Russia
2020-07-29,27,20,0.0,11.0,5,61,04:05 PM,No moonset,04:30 AM,08:41 PM,16,24,24,23,25,64,64,6.7,1014,27,9,213,18,Russia
2020-07-30,25,19,0.0,10.9,5,68,05:29 PM,12:14 AM,04:31 AM,08:39 PM,14,23,23,22,22,70,63,14.6,1010,25,8,256,17,Russia
2020-07-31,19,15,0.0,10.0,4,72,06:42 PM,12:47 AM,04:33 AM,08:37 PM,10,17,17,17,22,63,65,1.5,1006,19,10,266,18,Russia
2020-08-01,23,15,0.0,10.9,5,82,07:42 PM,01:31 AM,04:35 AM,08:35 PM,11,19,19,19,11,60,63,3.4,1004,23,10,168,8,Russia
2020-08-02,21,14,0.0,11.8,4,90,08:26 PM,02:29 AM,04:37 AM,08:33 PM,10,17,18,17,18,67,64,0.7,1007,21,10,309,15,Russia
2020-08-03,23,15,0.0,14.5,6,97,08:58 PM,03:39 AM,04:39 AM,08:31 PM,9,19,20,19,11,21,53,0.0,1015,23,10,275,9,Russia
2020-08-04,25,17,0.0,14.5,6,100,09:21 PM,04:54 AM,04:41 AM,08:29 PM,12,22,22,21,12,24,56,0.0,1018,25,10,215,10,Russia
2020-08-05,27,21,0.0,14.5,7,88,09:38 PM,06:11 AM,04:43 AM,08:27 PM,14,24,24,24,10,3,56,0.0,1021,27,10,209,9,Russia
2020-08-06,27,20,0.0,11.7,5,81,09:51 PM,07:28 AM,04:44 AM,08:25 PM,15,23,23,22,16,56,63,6.8,1021,27,9,264,11,Russia
2020-08-07,24,18,0.0,14.5,6,74,10:03 PM,08:41 AM,04:46 AM,08:23 PM,12,21,21,21,18,10,58,0.0,1025,24,10,127,14,Russia
2020-08-08,25,19,0.0,12.6,5,67,10:14 PM,09:54 AM,04:48 AM,08:20 PM,14,23,23,22,14,31,61,0.0,1022,25,10,274,12,Russia
2020-08-09,24,18,0.0,12.6,5,59,10:25 PM,11:05 AM,04:50 AM,08:18 PM,14,22,22,21,15,36,65,0.5,1017,24,10,248,12,Russia
2020-08-10,28,18,0.0,14.5,6,52,10:38 PM,12:17 PM,04:52 AM,08:16 PM,12,23,23,23,7,26,53,0.1,1015,28,10,113,6,Russia
2020-08-11,18,15,0.0,9.8,4,45,10:52 PM,01:29 PM,04:54 AM,08:14 PM,11,17,17,17,21,79,67,7.6,1013,18,9,320,15,Russia
2020-08-12,17,12,0.0,9.7,4,38,11:11 PM,02:43 PM,04:56 AM,08:11 PM,10,14,15,14,25,86,75,3.9,1013,17,10,283,19,Russia
2020-08-13,14,7,0.0,9.7,3,30,11:36 PM,03:57 PM,04:58 AM,08:09 PM,10,11,13,11,24,99,79,1.7,1013,14,8,353,19,Russia
2020-08-14,16,11,0.0,11.5,4,23,No moonrise,05:08 PM,05:00 AM,08:07 PM,6,13,14,13,21,53,59,0.0,1015,16,10,178,16,Russia
2020-08-15,19,13,0.0,11.4,4,16,12:11 AM,06:12 PM,05:02 AM,08:05 PM,9,16,16,16,14,48,63,0.1,1017,19,10,315,11,Russia
2020-08-16,23,14,0.0,14.5,5,8,01:00 AM,07:04 PM,05:04 AM,08:02 PM,11,19,19,19,11,31,61,0.0,1014,23,10,288,8,Russia
2020-08-17,24,17,0.0,12.4,5,1,02:06 AM,07:45 PM,05:06 AM,08:00 PM,12,20,21,20,18,35,63,0.8,1010,24,10,275,14,Russia
2020-08-18,23,15,0.0,14.5,6,0,03:25 AM,08:14 PM,05:08 AM,07:58 PM,8,20,20,20,10,7,48,0.0,1013,23,10,247,9,Russia
2020-08-19,22,15,0.0,13.4,4,0,04:52 AM,08:36 PM,05:10 AM,07:55 PM,8,19,19,19,8,35,51,0.0,1013,22,10,74,6,Russia
2020-08-20,21,16,0.0,13.4,4,6,06:23 AM,08:53 PM,05:12 AM,07:53 PM,8,18,18,18,9,54,51,0.0,1015,21,10,78,8,Russia
2020-08-21,23,16,0.0,14.4,6,13,07:55 AM,09:09 PM,05:14 AM,07:51 PM,9,19,20,19,8,16,52,0.0,1019,23,10,62,7,Russia
2020-08-22,25,17,0.0,13.4,6,20,09:26 AM,09:23 PM,05:16 AM,07:48 PM,11,20,21,20,14,43,56,0.0,1020,25,10,179,10,Russia
2020-08-23,24,17,0.0,14.3,6,28,10:56 AM,09:39 PM,05:18 AM,07:46 PM,11,21,21,21,13,18,56,0.0,1016,24,10,199,11,Russia
2020-08-24,21,17,0.0,8.9,4,35,12:25 PM,09:56 PM,05:20 AM,07:43 PM,13,19,19,19,20,69,68,2.1,1011,21,10,223,15,Russia
2020-08-25,25,13,0.0,14.2,6,42,01:54 PM,10:18 PM,05:22 AM,07:41 PM,13,21,21,20,13,18,65,0.2,1012,25,10,231,10,Russia
2020-08-26,20,17,0.0,8.8,4,50,03:19 PM,10:47 PM,05:23 AM,07:38 PM,13,18,18,18,20,73,70,5.2,1006,20,10,239,15,Russia
2020-08-27,20,16,0.0,11.1,4,57,04:35 PM,11:27 PM,05:25 AM,07:36 PM,12,18,18,18,18,42,69,10.3,1005,20,9,212,13,Russia
2020-08-28,22,15,0.0,8.8,4,64,05:38 PM,No moonset,05:27 AM,07:33 PM,13,18,18,18,12,66,73,6.7,1002,22,10,253,9,Russia
2020-08-29,20,14,0.0,12.2,4,71,06:26 PM,12:20 AM,05:29 AM,07:31 PM,11,16,17,16,17,59,68,0.0,1011,20,10,288,13,Russia
2020-08-30,25,15,0.0,12.2,5,79,07:01 PM,01:26 AM,05:31 AM,07:28 PM,13,20,21,20,16,62,66,1.1,1013,25,8,223,12,Russia
2020-08-31,28,19,0.0,13.3,5,82,07:26 PM,02:39 AM,05:33 AM,07:26 PM,14,24,24,23,28,44,57,2.4,1010,28,10,212,20,Russia
2020-09-01,20,15,0.0,12.2,4,97,07:44 PM,03:56 AM,05:35 AM,07:23 PM,13,19,19,19,21,58,67,0.3,1013,20,10,293,16,Russia
2020-09-02,21,12,0.0,13.8,5,100,07:58 PM,05:12 AM,05:37 AM,07:20 PM,9,16,17,16,20,15,63,0.0,1026,21,10,68,16,Russia
2020-09-03,20,14,0.0,13.8,5,88,08:10 PM,06:26 AM,05:39 AM,07:18 PM,9,16,17,16,24,18,62,0.0,1027,20,10,124,18,Russia
2020-09-04,21,15,0.0,13.7,5,81,08:21 PM,07:40 AM,05:41 AM,07:15 PM,8,18,18,18,26,42,53,0.0,1022,21,10,144,19,Russia
2020-09-05,21,16,0.0,13.7,5,73,08:32 PM,08:51 AM,05:43 AM,07:13 PM,8,18,19,18,19,40,52,0.0,1020,21,10,162,14,Russia
2020-09-06,23,14,0.0,12.1,5,66,08:43 PM,10:03 AM,05:45 AM,07:10 PM,9,18,19,18,16,48,53,0.2,1018,23,10,184,12,Russia
2020-09-07,25,17,0.0,13.6,6,58,08:57 PM,11:15 AM,05:47 AM,07:07 PM,12,22,22,21,15,30,56,0.0,1018,25,10,209,11,Russia
2020-09-08,18,13,0.0,8.5,4,50,09:14 PM,12:27 PM,05:49 AM,07:05 PM,9,15,16,15,23,80,66,5.4,1013,18,10,255,16,Russia
2020-09-09,16,11,0.0,8.5,3,43,09:35 PM,01:41 PM,05:50 AM,07:02 PM,8,12,14,12,30,84,71,7.6,1008,16,9,275,22,Russia
2020-09-10,16,12,0.0,8.2,3,35,10:05 PM,02:52 PM,05:52 AM,06:59 PM,10,12,14,12,30,81,76,10.4,1005,16,10,236,22,Russia
2020-09-11,14,10,0.0,9.4,3,28,10:46 PM,03:59 PM,05:54 AM,06:57 PM,5,9,12,9,28,61,64,0.0,1013,14,10,284,21,Russia
2020-09-12,18,11,0.0,13.0,5,20,11:43 PM,04:55 PM,05:56 AM,06:54 PM,7,14,14,14,15,23,62,0.0,1023,18,10,256,12,Russia
2020-09-13,19,13,0.0,11.9,4,13,No moonrise,05:40 PM,05:58 AM,06:51 PM,9,15,16,15,26,55,62,0.7,1018,19,10,240,20,Russia
2020-09-14,14,12,0.0,9.1,3,5,12:55 AM,06:13 PM,06:00 AM,06:49 PM,7,11,13,11,21,58,68,3.1,1015,14,10,294,15,Russia
2020-09-15,17,8,0.0,11.6,4,0,02:19 AM,06:38 PM,06:02 AM,06:46 PM,6,12,14,12,26,16,62,0.1,1017,17,10,309,20,Russia
2020-09-16,17,10,0.0,11.6,3,0,03:50 AM,06:57 PM,06:04 AM,06:43 PM,5,13,13,13,13,23,58,0.0,1021,17,10,283,10,Russia
2020-09-17,20,11,0.0,6.2,4,0,05:22 AM,07:13 PM,06:06 AM,06:41 PM,10,13,15,13,29,79,73,19.2,1007,20,8,217,21,Russia
2020-09-18,14,10,0.0,6.2,3,2,06:55 AM,07:28 PM,06:07 AM,06:38 PM,6,10,12,10,21,92,73,5.0,1003,14,9,281,17,Russia
2020-09-19,13,8,0.0,8.9,3,10,08:29 AM,07:43 PM,06:09 AM,06:35 PM,5,8,10,8,27,75,69,1.1,1010,13,7,315,21,Russia
2020-09-20,12,7,0.0,10.2,3,17,10:02 AM,07:59 PM,06:11 AM,06:33 PM,3,7,10,7,26,36,63,0.0,1016,12,10,313,20,Russia
2020-09-21,16,9,0.0,11.6,4,25,11:35 AM,08:19 PM,06:13 AM,06:30 PM,6,10,12,10,24,40,66,0.0,1017,16,10,274,18,Russia
2020-09-22,19,12,0.0,11.6,5,32,01:05 PM,08:46 PM,06:15 AM,06:28 PM,9,15,16,15,30,28,68,0.0,1013,19,10,262,22,Russia
2020-09-23,23,14,0.0,11.6,5,40,02:27 PM,09:24 PM,06:17 AM,06:25 PM,13,18,19,18,12,2,71,0.0,1016,23,10,244,10,Russia
2020-09-24,21,15,0.0,10.2,4,47,03:36 PM,10:13 PM,06:19 AM,06:22 PM,10,17,18,17,11,26,66,0.0,1018,21,10,197,8,Russia
2020-09-25,21,15,0.0,10.2,4,55,04:28 PM,11:16 PM,06:21 AM,06:20 PM,9,17,18,17,16,41,60,0.0,1019,21,10,148,12,Russia
2020-09-26,20,13,0.0,11.6,5,62,05:06 PM,No moonset,06:23 AM,06:17 PM,8,16,16,16,21,25,59,0.0,1020,20,10,131,15,Russia
2020-09-27,18,14,0.0,11.6,5,70,05:33 PM,12:27 AM,06:25 AM,06:14 PM,5,15,16,15,25,25,49,0.0,1024,18,10,127,18,Russia
2020-09-28,14,12,0.0,7.3,3,78,05:52 PM,01:43 AM,06:27 AM,06:12 PM,4,11,12,11,26,62,56,0.8,1025,14,8,139,18,Russia
2020-09-29,16,6,0.0,7.3,3,85,06:06 PM,02:59 AM,06:29 AM,06:09 PM,3,12,14,12,23,60,47,0.0,1025,16,10,150,16,Russia
2020-09-30,17,10,0.0,7.3,3,93,06:19 PM,04:14 AM,06:31 AM,06:07 PM,3,12,14,12,24,52,50,0.0,1024,17,10,128,16,Russia
2020-10-01,17,12,0.0,8.7,4,97,06:29 PM,05:28 AM,06:33 AM,06:04 PM,4,14,15,14,23,30,50,0.0,1025,17,10,128,16,Russia
2020-10-02,18,12,0.0,11.6,5,100,06:40 PM,06:39 AM,06:35 AM,06:02 PM,5,14,14,14,20,14,54,0.0,1027,18,10,119,14,Russia
2020-10-03,18,12,0.0,8.7,5,89,06:51 PM,07:51 AM,06:37 AM,05:59 PM,6,14,15,14,18,22,59,0.0,1029,18,10,119,13,Russia
2020-10-04,17,12,0.0,8.7,4,82,07:03 PM,09:03 AM,06:39 AM,05:56 PM,6,14,14,14,17,34,56,0.0,1030,17,10,138,12,Russia
2020-10-05,18,12,0.0,8.7,5,74,07:18 PM,10:16 AM,06:41 AM,05:54 PM,5,14,15,14,22,40,53,0.0,1029,18,10,174,15,Russia
2020-10-06,18,12,0.0,8.7,5,67,07:37 PM,11:29 AM,06:43 AM,05:51 PM,4,14,15,14,23,24,47,0.0,1025,18,10,188,16,Russia
2020-10-07,17,13,0.0,8.7,4,60,08:03 PM,12:41 PM,06:45 AM,05:49 PM,3,15,15,15,24,49,42,0.0,1020,17,10,173,17,Russia
2020-10-08,18,14,0.0,8.7,5,53,08:38 PM,01:49 PM,06:47 AM,05:46 PM,3,15,16,15,22,38,41,0.0,1023,18,10,175,15,Russia
2020-10-09,12,6,0.0,4.1,3,45,09:28 PM,02:49 PM,06:49 AM,05:44 PM,2,10,12,10,15,69,52,10.6,1023,12,9,194,10,Russia
2020-10-10,14,7,0.0,4.1,3,38,10:32 PM,03:37 PM,06:51 AM,05:41 PM,5,12,12,12,12,80,59,3.0,1023,14,10,177,8,Russia
2020-10-11,13,10,0.0,4.1,3,31,11:49 PM,04:13 PM,06:53 AM,05:39 PM,3,10,12,10,18,69,58,0.0,1021,13,10,152,13,Russia
2020-10-12,14,9,0.0,7.2,3,23,No moonrise,04:40 PM,06:55 AM,05:36 PM,7,11,12,11,11,58,72,0.2,1017,14,10,186,9,Russia
2020-10-13,15,7,0.0,7.1,3,16,01:15 AM,05:01 PM,06:57 AM,05:34 PM,10,13,13,13,8,56,84,0.0,1018,15,9,238,6,Russia
2020-10-14,16,12,0.0,5.6,3,9,02:45 AM,05:17 PM,06:59 AM,05:31 PM,11,13,13,13,11,59,85,0.0,1016,16,10,112,8,Russia
2020-10-15,14,11,0.0,8.7,3,2,04:17 AM,05:32 PM,07:01 AM,05:29 PM,8,11,13,11,23,69,71,23.1,1011,14,8,213,17,Russia
2020-10-16,11,6,0.0,3.8,2,0,05:51 AM,05:46 PM,07:03 AM,05:26 PM,4,7,9,7,17,76,73,0.5,1011,11,10,193,13,Russia
2020-10-17,8,5,0.0,8.7,2,0,07:27 AM,06:02 PM,07:05 AM,05:24 PM,-0,5,6,5,7,29,65,0.0,1019,8,10,223,6,Russia
2020-10-18,8,2,0.0,3.8,2,5,09:02 AM,06:20 PM,07:07 AM,05:21 PM,2,1,6,1,34,98,78,14.0,1002,8,9,184,25,Russia
2020-10-19,6,-0,0.0,3.8,1,13,10:38 AM,06:44 PM,07:09 AM,05:19 PM,-1,0,4,0,28,90,67,1.3,1008,6,10,250,21,Russia
2020-10-20,4,2,0.6,3.8,1,20,12:08 PM,07:17 PM,07:11 AM,05:17 PM,-1,-2,3,-2,30,85,74,0.9,1013,4,9,275,22,Russia
2020-10-21,4,-2,0.0,5.4,1,27,01:26 PM,08:03 PM,07:13 AM,05:14 PM,-1,-1,2,-1,14,82,78,0.4,1021,4,10,264,11,Russia
2020-10-22,7,-1,0.0,3.7,2,35,02:27 PM,09:03 PM,07:16 AM,05:12 PM,4,3,5,3,16,100,89,9.2,1015,7,8,179,12,Russia
2020-10-23,13,2,0.0,3.7,3,42,03:10 PM,10:14 PM,07:18 AM,05:09 PM,8,8,10,8,29,96,83,6.8,1005,13,6,247,20,Russia
2020-10-24,11,8,0.0,3.7,3,49,03:40 PM,11:30 PM,07:20 AM,05:07 PM,6,8,10,8,21,78,77,2.2,1006,11,10,257,15,Russia
2020-10-25,10,8,0.0,3.7,2,56,04:01 PM,No moonset,07:22 AM,05:05 PM,6,7,9,7,14,82,81,4.3,1012,10,8,282,10,Russia
2020-10-26,11,3,0.0,8.7,3,64,04:16 PM,12:47 AM,07:24 AM,05:02 PM,5,8,8,8,9,34,77,0.1,1023,11,10,240,7,Russia
2020-10-27,10,7,0.0,5.3,2,71,04:28 PM,02:02 AM,07:26 AM,05:00 PM,5,6,8,6,20,54,80,0.0,1026,10,10,171,14,Russia
2020-10-28,10,6,0.0,8.7,3,78,04:39 PM,03:16 AM,07:28 AM,04:58 PM,4,5,8,5,22,25,76,0.0,1024,10,10,188,15,Russia
2020-10-29,9,6,0.0,8.7,3,85,04:49 PM,04:28 AM,07:30 AM,04:56 PM,2,5,7,5,17,13,72,0.0,1021,9,10,176,12,Russia
2020-10-30,8,5,0.0,3.5,2,93,05:00 PM,05:40 AM,07:32 AM,04:53 PM,1,5,6,5,11,68,72,0.0,1017,8,10,154,8,Russia
2020-10-31,9,4,0.0,5.2,2,97,05:11 PM,06:52 AM,07:35 AM,04:51 PM,4,6,7,6,8,78,78,0.0,1019,9,10,70,6,Russia
2020-11-01,6,2,0.0,5.2,2,89,05:25 PM,08:05 AM,07:37 AM,04:49 PM,2,2,5,2,18,80,82,0.0,1025,6,10,63,13,Russia
2020-11-02,8,5,0.0,3.4,2,81,05:42 PM,09:19 AM,07:39 AM,04:47 PM,5,4,7,4,17,100,90,2.5,1021,8,9,94,12,Russia
2020-11-03,9,6,0.0,5.2,2,74,06:05 PM,10:32 AM,07:41 AM,04:45 PM,5,6,7,6,15,76,87,0.0,1025,9,9,159,11,Russia
2020-11-04,9,6,0.0,8.7,3,66,06:36 PM,11:43 AM,07:43 AM,04:43 PM,5,6,7,6,15,30,86,0.0,1028,9,10,216,10,Russia
2020-11-05,8,4,0.0,5.1,2,58,07:21 PM,12:45 PM,07:45 AM,04:41 PM,4,4,7,4,24,85,80,4.9,1021,8,8,255,16,Russia
2020-11-06,8,3,0.0,5.1,2,51,08:18 PM,01:37 PM,07:47 AM,04:39 PM,1,3,7,3,35,81,67,2.6,1011,8,10,293,25,Russia
2020-11-07,9,5,0.0,3.3,2,43,09:30 PM,02:15 PM,07:49 AM,04:37 PM,3,4,7,4,29,80,76,0.0,1016,9,10,302,20,Russia
2020-11-08,10,5,0.0,3.3,2,36,10:50 PM,02:44 PM,07:51 AM,04:35 PM,5,5,8,5,30,86,81,4.7,1014,10,8,294,21,Russia
2020-11-09,4,1,0.0,6.9,1,28,No moonrise,03:06 PM,07:53 AM,04:33 PM,-2,-1,3,-1,23,24,69,0.0,1022,4,10,301,18,Russia
2020-11-10,3,1,0.0,3.3,1,21,12:16 AM,03:23 PM,07:55 AM,04:31 PM,-2,-2,2,-2,29,70,74,0.9,1024,3,10,322,21,Russia
2020-11-11,2,-0,0.0,3.3,1,13,01:45 AM,03:38 PM,07:57 AM,04:29 PM,-3,-3,1,-3,17,63,73,0.0,1031,2,10,317,13,Russia
2020-11-12,3,-6,0.0,8.7,2,6,03:15 AM,03:51 PM,07:59 AM,04:27 PM,-2,-1,1,-1,9,15,76,0.0,1031,3,10,305,7,Russia
2020-11-13,4,-3,0.0,3.1,1,0,04:47 AM,04:05 PM,08:01 AM,04:25 PM,0,1,3,1,7,83,81,0.2,1032,4,10,239,5,Russia
2020-11-14,3,2,0.0,3.1,1,0,06:22 AM,04:21 PM,08:03 AM,04:24 PM,0,0,3,0,11,97,85,0.0,1031,3,10,133,8,Russia
2020-11-15,2,0,1.5,3.1,1,0,07:59 AM,04:41 PM,08:05 AM,04:22 PM,-1,-2,1,-2,16,97,86,1.9,1030,2,5,126,12,Russia
2020-11-16,-0,-4,0.6,6.8,1,2,09:34 AM,05:09 PM,08:07 AM,04:20 PM,-4,-5,-1,-5,18,62,78,0.8,1035,-0,8,145,14,Russia
2020-11-17,-3,-4,0.0,8.1,2,9,11:02 AM,05:49 PM,08:09 AM,04:19 PM,-10,-8,-3,-8,20,16,59,0.0,1039,-3,10,156,15,Russia
2020-11-18,-3,-9,0.0,3.0,1,17,12:14 PM,06:44 PM,08:11 AM,04:17 PM,-8,-10,-4,-10,29,72,72,0.0,1036,-3,10,193,20,Russia
2020-11-19,1,-7,0.0,3.0,1,24,01:07 PM,07:54 PM,08:13 AM,04:16 PM,-1,-5,0,-5,39,99,87,5.5,1024,1,8,210,25,Russia
2020-11-20,1,-5,2.0,3.0,1,32,01:43 PM,09:12 PM,08:15 AM,04:14 PM,-2,-5,-1,-5,35,97,83,2.4,1017,1,7,207,23,Russia
2020-11-21,1,-7,0.9,6.8,1,39,02:07 PM,10:30 PM,08:17 AM,04:13 PM,-1,-4,-1,-4,14,74,93,1.8,1025,1,6,214,9,Russia
2020-11-22,-1,-5,0.8,3.0,1,47,02:25 PM,11:48 PM,08:19 AM,04:11 PM,-3,-6,-1,-6,26,88,90,0.9,1021,-1,9,202,18,Russia
2020-11-23,2,-5,4.8,3.0,1,54,02:38 PM,No moonset,08:21 AM,04:10 PM,-0,-4,-0,-4,19,100,97,5.7,1009,2,6,220,13,Russia
2020-11-24,2,-3,2.0,2.9,1,62,02:49 PM,01:03 AM,08:23 AM,04:09 PM,1,-2,1,-2,15,100,98,3.5,1008,2,5,246,10,Russia
2020-11-25,1,-0,0.8,2.9,1,70,02:59 PM,02:16 AM,08:25 AM,04:08 PM,-1,-3,0,-3,13,80,91,1.4,1016,1,6,296,9,Russia
2020-11-26,1,-4,0.0,2.9,1,77,03:09 PM,03:28 AM,08:27 AM,04:07 PM,-1,-3,-0,-3,16,93,92,2.1,1017,1,9,220,11,Russia
2020-11-27,1,-6,2.2,2.9,1,85,03:20 PM,04:39 AM,08:28 AM,04:05 PM,-0,-4,0,-4,17,100,93,2.7,1010,1,7,209,12,Russia
2020-11-28,1,-2,1.6,2.9,1,92,03:33 PM,05:53 AM,08:30 AM,04:04 PM,1,-2,1,-2,12,100,98,2.1,1019,1,4,149,8,Russia
2020-11-29,2,-2,0.5,2.9,1,100,03:48 PM,07:06 AM,08:32 AM,04:03 PM,1,-3,1,-3,30,100,94,4.8,1027,2,6,111,19,Russia
2020-11-30,1,-4,1.0,2.9,1,100,04:09 PM,08:20 AM,08:34 AM,04:02 PM,-0,-5,0,-5,34,100,91,1.6,1029,1,5,142,23,Russia
2020-12-01,0,-3,5.7,2.9,1,89,04:37 PM,09:33 AM,08:35 AM,04:02 PM,-1,-5,-0,-5,23,100,95,6.7,1030,0,2,168,15,Russia
2020-12-02,-1,-3,0.0,4.8,1,82,05:17 PM,10:39 AM,08:37 AM,04:01 PM,-4,-5,-2,-5,11,83,85,0.0,1035,-1,10,147,8,Russia
2020-12-03,-5,-7,0.3,4.8,1,75,06:11 PM,11:36 AM,08:38 AM,04:00 PM,-7,-10,-5,-10,19,58,86,0.3,1034,-5,9,143,13,Russia
2020-12-04,-5,-6,0.7,2.7,1,67,07:19 PM,12:18 PM,08:40 AM,03:59 PM,-7,-11,-5,-11,20,82,90,1.0,1034,-5,7,151,13,Russia
2020-12-05,-3,-10,0.0,6.7,1,60,08:36 PM,12:50 PM,08:41 AM,03:59 PM,-7,-10,-5,-10,18,38,85,0.0,1037,-3,10,159,13,Russia
2020-12-06,-2,-10,0.0,7.2,2,53,09:59 PM,01:13 PM,08:43 AM,03:58 PM,-7,-7,-4,-7,11,0,78,0.0,1042,-2,10,177,9,Russia
2020-12-07,-3,-8,0.0,7.1,2,46,11:24 PM,01:31 PM,08:44 AM,03:58 PM,-6,-8,-4,-8,10,1,83,0.0,1044,-3,10,152,8,Russia
2020-12-08,-3,-11,0.0,7.1,2,38,No moonrise,01:45 PM,08:46 AM,03:57 PM,-8,-9,-6,-9,12,4,81,0.0,1042,-3,10,125,8,Russia
2020-12-09,-3,-9,0.0,7.1,2,31,12:50 AM,01:58 PM,08:47 AM,03:57 PM,-8,-8,-4,-8,13,0,76,0.0,1040,-3,10,115,10,Russia
2020-12-10,-5,-9,0.0,7.1,2,24,02:18 AM,02:11 PM,08:48 AM,03:57 PM,-9,-11,-6,-11,16,5,77,0.0,1037,-5,10,125,12,Russia
2020-12-11,-6,-8,0.0,6.7,1,17,03:48 AM,02:25 PM,08:49 AM,03:56 PM,-10,-12,-7,-12,18,29,78,0.0,1033,-6,10,141,12,Russia
2020-12-12,-7,-10,0.0,7.1,2,9,05:21 AM,02:42 PM,08:50 AM,03:56 PM,-10,-12,-7,-12,15,15,84,0.0,1031,-7,10,133,11,Russia
2020-12-13,-6,-11,1.1,2.6,1,2,06:56 AM,03:05 PM,08:51 AM,03:56 PM,-8,-12,-7,-12,21,95,93,1.3,1029,-6,6,139,14,Russia
2020-12-14,-4,-11,0.3,2.6,1,0,08:28 AM,03:38 PM,08:52 AM,03:56 PM,-5,-10,-5,-10,17,100,93,0.6,1026,-4,10,148,12,Russia
2020-12-15,-5,-10,2.7,2.6,1,0,09:51 AM,04:25 PM,08:53 AM,03:56 PM,-6,-8,-6,-8,9,96,96,3.4,1024,-5,4,123,6,Russia
2020-12-16,-2,-9,0.0,2.6,1,5,10:54 AM,05:29 PM,08:54 AM,03:56 PM,-5,-8,-5,-8,15,93,95,0.0,1024,-2,4,247,9,Russia
2020-12-17,1,-9,0.9,2.6,1,12,11:40 AM,06:45 PM,08:55 AM,03:57 PM,-0,-5,-0,-5,28,97,95,2.1,1019,1,6,265,17,Russia
2020-12-18,-1,-3,0.5,2.6,1,20,12:09 PM,08:07 PM,08:56 AM,03:57 PM,-2,-4,-1,-4,13,96,94,0.7,1025,-1,8,246,8,Russia
2020-12-19,-6,-7,2.0,2.6,1,27,12:30 PM,09:28 PM,08:57 AM,03:57 PM,-7,-12,-6,-12,23,99,94,2.4,1027,-6,4,134,16,Russia
2020-12-20,-4,-11,0.9,2.6,1,34,12:45 PM,10:45 PM,08:57 AM,03:57 PM,-6,-10,-6,-10,14,93,96,1.0,1031,-4,7,161,9,Russia
2020-12-21,1,-8,0.0,2.6,1,41,12:58 PM,No moonset,08:58 AM,03:58 PM,-0,-3,-1,-3,13,98,97,0.0,1033,1,1,211,8,Russia
2020-12-22,-0,-7,0.1,6.7,1,49,01:08 PM,12:00 AM,08:58 AM,03:58 PM,-4,-7,-3,-7,18,65,93,0.2,1031,-0,9,218,12,Russia
2020-12-23,-7,-10,0.1,7.0,2,56,01:18 PM,01:13 AM,08:59 AM,03:59 PM,-9,-14,-8,-14,26,35,90,0.1,1022,-7,10,184,17,Russia
2020-12-24,-7,-13,2.6,2.8,1,63,01:28 PM,02:25 AM,08:59 AM,04:00 PM,-8,-14,-8,-14,21,97,94,3.1,1017,-7,3,175,14,Russia
2020-12-25,-0,-12,7.1,2.8,1,70,01:40 PM,03:38 AM,08:59 AM,04:00 PM,-2,-8,-3,-8,33,100,96,16.1,1006,-0,4,168,21,Russia
2020-12-26,-3,-7,0.9,2.8,1,78,01:54 PM,04:51 AM,08:59 AM,04:01 PM,-3,-7,-3,-7,20,90,94,1.3,1005,-3,6,218,12,Russia
2020-12-27,-7,-12,0.3,6.7,1,85,02:12 PM,06:05 AM,09:00 AM,04:02 PM,-9,-13,-8,-13,20,62,93,0.8,1017,-7,8,275,12,Russia
2020-12-28,-10,-14,0.0,7.0,1,92,02:38 PM,07:19 AM,09:00 AM,04:03 PM,-13,-17,-12,-17,17,45,94,0.0,1031,-10,5,152,9,Russia
2020-12-29,-10,-15,0.8,4.7,1,100,03:14 PM,08:28 AM,09:00 AM,04:04 PM,-13,-20,-12,-20,31,74,93,0.9,1028,-10,9,133,19,Russia
2020-12-30,0,-13,1.4,2.8,1,100,04:03 PM,09:30 AM,08:59 AM,04:05 PM,-2,-7,-3,-7,24,100,96,4.3,1022,0,3,144,15,Russia
2020-12-31,1,-6,0.0,2.8,1,89,05:08 PM,10:17 AM,08:59 AM,04:06 PM,-0,-5,-0,-5,29,98,97,3.6,1020,1,8,151,18,Russia
2021-01-01,1,-1,0.0,2.8,1,79,06:24 PM,10:53 AM,08:59 AM,04:07 PM,-1,-5,-0,-5,25,100,96,5.6,1018,1,6,147,17,Russia
2021-01-02,2,-1,0.0,2.8,1,71,07:47 PM,11:19 AM,08:59 AM,04:09 PM,1,-3,1,-3,20,100,99,6.9,1016,2,6,178,12,Russia
2021-01-03,-1,-7,0.0,2.8,1,64,09:11 PM,11:38 AM,08:58 AM,04:10 PM,-3,-6,-3,-6,15,80,96,0.1,1026,-1,2,222,9,Russia
2021-01-04,-1,-8,0.0,2.8,1,57,10:36 PM,11:53 AM,08:58 AM,04:11 PM,-3,-6,-3,-6,13,87,95,0.1,1027,-1,2,162,8,Russia
2021-01-05,-0,-8,0.0,2.8,1,50,No moonrise,12:06 PM,08:58 AM,04:13 PM,-2,-5,-2,-5,13,100,97,0.3,1029,-0,2,140,9,Russia
2021-01-06,-5,-7,0.4,2.8,1,42,12:02 AM,12:18 PM,08:57 AM,04:14 PM,-6,-10,-6,-10,13,100,96,0.7,1023,-5,5,126,9,Russia
2021-01-07,-5,-14,1.9,2.8,1,35,01:29 AM,12:31 PM,08:56 AM,04:15 PM,-7,-10,-7,-10,9,100,97,2.2,1019,-5,4,93,5,Russia
2021-01-08,-6,-10,1.7,2.9,1,28,02:58 AM,12:47 PM,08:56 AM,04:17 PM,-8,-12,-7,-12,18,100,96,2.0,1015,-6,4,56,12,Russia
2021-01-09,-8,-12,1.5,2.9,1,20,04:28 AM,01:06 PM,08:55 AM,04:19 PM,-9,-14,-9,-14,19,98,95,1.9,1015,-8,4,17,12,Russia
2021-01-10,-9,-15,1.4,2.9,1,13,05:59 AM,01:33 PM,08:54 AM,04:20 PM,-11,-17,-11,-17,19,97,94,2.1,1015,-9,6,266,13,Russia
2021-01-11,-14,-18,0.0,2.9,1,6,07:25 AM,02:11 PM,08:53 AM,04:22 PM,-17,-19,-16,-19,8,95,96,0.2,1022,-14,4,320,5,Russia
2021-01-12,-15,-22,0.3,2.9,1,0,08:37 AM,03:07 PM,08:52 AM,04:24 PM,-17,-20,-17,-20,9,97,97,0.4,1022,-15,6,125,5,Russia
2021-01-13,-18,-24,0.9,2.9,1,0,09:31 AM,04:17 PM,08:51 AM,04:25 PM,-20,-28,-20,-28,21,100,96,1.2,1024,-18,6,89,14,Russia
2021-01-14,-16,-22,10.9,2.9,1,1,10:07 AM,05:39 PM,08:50 AM,04:27 PM,-18,-26,-17,-26,27,100,95,12.8,1009,-16,3,97,19,Russia
2021-01-15,-19,-25,0.0,2.9,1,8,10:32 AM,07:01 PM,08:49 AM,04:29 PM,-21,-25,-20,-25,10,94,96,0.1,1011,-19,2,227,6,Russia
2021-01-16,-15,-24,5.0,2.9,1,16,10:50 AM,08:22 PM,08:48 AM,04:31 PM,-17,-25,-17,-25,19,100,96,5.9,1010,-15,2,336,13,Russia
2021-01-17,-22,-25,0.6,2.9,1,23,11:04 AM,09:40 PM,08:47 AM,04:33 PM,-23,-30,-23,-30,15,85,96,1.2,1015,-22,2,336,9,Russia
2021-01-18,-19,-25,0.0,6.8,1,30,11:15 AM,10:55 PM,08:45 AM,04:35 PM,-22,-26,-22,-26,9,65,97,0.0,1019,-19,1,265,4,Russia
2021-01-19,-14,-25,0.0,3.0,1,38,11:25 AM,No moonset,08:44 AM,04:37 PM,-17,-19,-16,-19,6,97,94,0.1,1017,-14,9,295,4,Russia
2021-01-20,-14,-19,0.0,4.9,1,45,11:36 AM,12:08 AM,08:43 AM,04:39 PM,-17,-22,-16,-22,15,68,96,0.1,1021,-14,3,267,8,Russia
2021-01-21,-9,-17,3.1,3.0,1,52,11:46 AM,01:21 AM,08:41 AM,04:41 PM,-13,-19,-12,-19,20,81,93,4.4,1016,-9,6,214,12,Russia
2021-01-22,1,-16,1.1,3.0,1,59,11:59 AM,02:33 AM,08:40 AM,04:43 PM,-3,-7,-4,-7,16,99,97,1.9,1012,1,5,188,10,Russia
2021-01-23,1,-5,0.1,3.0,1,67,12:15 PM,03:47 AM,08:38 AM,04:45 PM,1,-3,0,-3,19,100,98,0.9,1010,1,4,206,12,Russia
2021-01-24,2,-5,0.0,3.0,1,74,12:37 PM,05:01 AM,08:37 AM,04:47 PM,1,-3,1,-3,19,100,99,0.0,1013,2,3,176,11,Russia
2021-01-25,1,-3,0.1,3.1,1,81,01:09 PM,06:12 AM,08:35 AM,04:49 PM,-1,-5,0,-5,30,100,93,0.5,1012,1,8,159,18,Russia
2021-01-26,1,-4,2.1,3.1,1,88,01:52 PM,07:18 AM,08:34 AM,04:51 PM,0,-5,0,-5,33,97,96,3.1,1008,1,7,145,21,Russia
2021-01-27,-0,-4,1.8,3.1,1,96,02:51 PM,08:11 AM,08:32 AM,04:53 PM,-2,-7,-1,-7,31,90,92,2.3,1006,-0,4,195,20,Russia
2021-01-28,0,-6,0.0,3.1,1,100,04:05 PM,08:52 AM,08:30 AM,04:55 PM,-3,-6,-2,-6,18,88,97,4.4,1007,0,6,128,11,Russia
2021-01-29,1,-7,3.6,3.1,1,90,05:28 PM,09:22 AM,08:28 AM,04:57 PM,-1,-5,-0,-5,29,100,96,5.2,997,1,4,147,19,Russia
2021-01-30,-5,-11,0.9,3.3,1,82,06:54 PM,09:44 AM,08:27 AM,05:00 PM,-7,-12,-6,-12,22,96,93,1.2,994,-5,6,190,14,Russia
2021-01-31,-4,-9,6.8,3.3,1,79,08:22 PM,10:00 AM,08:25 AM,05:02 PM,-6,-11,-5,-11,22,100,94,8.1,993,-4,3,178,15,Russia
2021-02-01,-5,-12,0.3,5.1,1,63,09:49 PM,10:14 AM,08:23 AM,05:04 PM,-8,-13,-8,-13,23,81,92,0.4,1009,-5,8,216,14,Russia
2021-02-02,-8,-14,0.0,8.7,1,55,11:17 PM,10:26 AM,08:21 AM,05:06 PM,-12,-14,-11,-14,9,59,95,0.0,1017,-8,5,212,5,Russia
2021-02-03,-5,-18,0.3,3.3,1,48,No moonrise,10:39 AM,08:19 AM,05:08 PM,-9,-14,-9,-14,17,94,95,0.6,1013,-5,5,163,10,Russia
2021-02-04,-0,-9,2.3,3.3,1,40,12:44 AM,10:53 AM,08:17 AM,05:10 PM,-4,-8,-4,-8,18,95,94,2.7,1002,-0,6,233,13,Russia
2021-02-05,-12,-15,1.8,3.4,1,33,02:14 AM,11:11 AM,08:15 AM,05:13 PM,-14,-20,-13,-20,24,100,92,3.5,1007,-12,8,318,15,Russia
2021-02-06,-15,-19,0.0,3.4,1,25,03:43 AM,11:34 AM,08:13 AM,05:15 PM,-18,-26,-17,-26,24,100,91,0.2,1009,-15,10,305,16,Russia
2021-02-07,-13,-21,0.0,3.4,1,18,05:09 AM,12:07 PM,08:11 AM,05:17 PM,-18,-26,-17,-26,26,100,92,0.2,1013,-13,10,293,17,Russia
