date_time,Spain_maxtempC,Spain_mintempC,Spain_totalSnow_cm,Spain_sunHour,Spain_uvIndex,Spain_moon_illumination,Spain_moonrise,Spain_moonset,Spain_sunrise,Spain_sunset,Spain_DewPointC,Spain_FeelsLikeC,Spain_HeatIndexC,Spain_WindChillC,Spain_WindGustKmph,Spain_cloudcover,Spain_humidity,Spain_precipMM,Spain_pressure,Spain_tempC,Spain_visibility,Spain_winddirDegree,Spain_windspeedKmph,Spain_location
2020-01-01,13,8,0.0,8.7,4,37,12:38 PM,No moonset,08:38 AM,05:59 PM,1,10,10,10,4,7,52,0.0,1031,13,10,120,3,Spain
2020-01-02,13,7,0.0,8.7,3,44,01:03 PM,12:09 AM,08:38 AM,05:59 PM,0,9,10,9,5,21,55,0.0,1030,13,10,115,3,Spain
2020-01-03,11,6,0.0,9.6,2,51,01:27 PM,01:07 AM,08:38 AM,06:00 PM,1,8,8,8,2,58,62,0.0,1032,11,10,136,1,Spain
2020-01-04,14,6,0.0,9.6,3,59,01:52 PM,02:05 AM,08:38 AM,06:01 PM,3,8,10,8,12,2,65,0.0,1034,14,10,38,9,Spain
2020-01-05,15,8,0.0,9.6,4,66,02:18 PM,03:05 AM,08:38 AM,06:02 PM,4,10,11,10,6,1,63,0.0,1030,15,10,71,5,Spain
2020-01-06,15,8,0.0,9.7,4,73,02:48 PM,04:06 AM,08:38 AM,06:03 PM,3,12,11,12,3,0,57,0.0,1029,15,10,136,3,Spain
2020-01-07,14,9,0.0,9.7,4,80,03:23 PM,05:09 AM,08:38 AM,06:04 PM,-0,12,12,12,5,1,45,0.0,1031,14,10,126,4,Spain
2020-01-08,15,7,0.0,9.7,4,88,04:04 PM,06:13 AM,08:38 AM,06:05 PM,-3,10,10,10,6,7,40,0.0,1029,15,10,117,4,Spain
2020-01-09,12,8,0.0,9.7,3,95,04:54 PM,07:18 AM,08:37 AM,06:06 PM,4,9,9,9,9,15,71,0.0,1026,12,10,152,6,Spain
2020-01-10,11,7,0.0,9.7,3,100,05:53 PM,08:19 AM,08:37 AM,06:07 PM,1,7,9,7,15,11,58,0.0,1030,11,10,157,12,Spain
2020-01-11,13,6,0.0,9.7,3,100,06:59 PM,09:15 AM,08:37 AM,06:08 PM,2,9,9,9,6,0,62,0.0,1032,13,10,114,5,Spain
2020-01-12,13,5,0.0,9.7,3,83,08:11 PM,10:04 AM,08:37 AM,06:09 PM,-2,9,9,9,4,2,47,0.0,1031,13,10,148,3,Spain
2020-01-13,8,3,0.0,8.2,2,76,09:24 PM,10:45 AM,08:37 AM,06:10 PM,-1,5,6,5,7,42,60,0.0,1026,8,10,222,5,Spain
2020-01-14,6,2,0.0,6.6,1,69,10:37 PM,11:22 AM,08:36 AM,06:11 PM,1,2,4,2,11,43,76,0.0,1023,6,10,231,8,Spain
2020-01-15,8,5,0.0,4.9,2,61,11:50 PM,11:54 AM,08:36 AM,06:12 PM,4,4,6,4,11,98,83,1.1,1024,8,7,193,8,Spain
2020-01-16,12,8,0.0,9.8,2,54,No moonrise,12:24 PM,08:35 AM,06:13 PM,4,8,9,8,12,51,73,0.0,1026,12,10,182,9,Spain
2020-01-17,11,7,0.0,8.2,2,47,01:00 AM,12:54 PM,08:35 AM,06:14 PM,1,6,8,6,23,52,64,1.1,1030,11,8,240,16,Spain
2020-01-18,9,6,0.0,4.9,2,40,02:10 AM,01:25 PM,08:35 AM,06:15 PM,5,6,7,6,13,86,84,7.6,1028,9,8,212,9,Spain
2020-01-19,8,3,0.0,9.8,2,32,03:19 AM,01:59 PM,08:34 AM,06:16 PM,-4,2,6,2,34,45,53,0.6,1023,8,10,100,25,Spain
2020-01-20,6,2,0.0,4.9,1,25,04:27 AM,02:36 PM,08:33 AM,06:18 PM,-8,-2,4,-2,43,63,41,1.9,1025,6,8,39,31,Spain
2020-01-21,8,4,0.0,4.9,2,18,05:34 AM,03:19 PM,08:33 AM,06:19 PM,-0,1,6,1,52,79,65,6.1,1020,8,9,47,37,Spain
2020-01-22,10,6,0.0,4.9,2,11,06:36 AM,04:07 PM,08:32 AM,06:20 PM,3,3,7,3,34,74,73,14.1,1018,10,9,66,23,Spain
2020-01-23,8,5,0.0,4.9,2,3,07:33 AM,05:01 PM,08:32 AM,06:21 PM,3,4,6,4,14,63,77,0.4,1019,8,10,69,10,Spain
2020-01-24,7,1,0.0,5.0,2,0,08:22 AM,05:59 PM,08:31 AM,06:22 PM,4,4,6,4,12,85,85,6.4,1020,7,10,111,9,Spain
2020-01-25,10,6,0.0,5.0,2,0,09:05 AM,06:59 PM,08:30 AM,06:24 PM,5,6,8,6,16,81,83,12.2,1018,10,9,151,11,Spain
2020-01-26,10,7,0.0,10.0,2,4,09:41 AM,08:00 PM,08:30 AM,06:25 PM,5,6,8,6,14,51,81,1.2,1022,10,10,238,10,Spain
2020-01-27,9,3,0.0,5.0,2,11,10:12 AM,09:00 PM,08:29 AM,06:26 PM,4,3,6,3,24,69,87,0.0,1024,9,10,236,17,Spain
2020-01-28,11,7,0.0,6.6,2,18,10:40 AM,09:59 PM,08:28 AM,06:27 PM,8,6,9,6,31,88,90,0.0,1022,11,10,242,21,Spain
2020-01-29,12,8,0.0,6.7,2,26,11:05 AM,10:57 PM,08:27 AM,06:28 PM,8,7,10,7,22,70,88,0.0,1024,12,10,245,15,Spain
2020-01-30,11,8,0.0,5.0,2,33,11:30 AM,11:54 PM,08:26 AM,06:30 PM,7,7,9,7,20,77,86,0.0,1025,11,10,239,15,Spain
2020-01-31,14,8,0.0,10.0,3,37,11:54 AM,No moonset,08:25 AM,06:31 PM,8,9,10,9,17,72,87,0.0,1025,14,9,238,13,Spain
2020-02-01,16,10,0.0,10.0,3,49,12:18 PM,12:52 AM,08:24 AM,06:32 PM,10,11,12,11,22,57,88,0.5,1024,16,8,240,16,Spain
2020-02-02,16,11,0.0,8.3,3,57,12:46 PM,01:52 AM,08:23 AM,06:33 PM,11,12,13,12,6,33,85,0.0,1029,16,9,201,4,Spain
2020-02-03,19,12,0.0,10.1,5,64,01:18 PM,02:52 AM,08:23 AM,06:34 PM,11,15,15,15,5,2,77,0.0,1029,19,10,112,4,Spain
2020-02-04,19,12,0.0,10.1,5,72,01:55 PM,03:55 AM,08:22 AM,06:36 PM,8,15,16,15,4,6,61,0.0,1029,19,10,116,3,Spain
2020-02-05,18,11,0.0,10.2,4,79,02:39 PM,04:58 AM,08:20 AM,06:37 PM,4,13,14,13,9,0,55,0.0,1027,18,10,68,8,Spain
2020-02-06,16,7,0.0,10.2,4,87,03:33 PM,06:00 AM,08:19 AM,06:38 PM,6,10,11,10,9,11,70,0.0,1023,16,10,76,7,Spain
2020-02-07,15,9,0.0,10.2,4,95,04:36 PM,06:59 AM,08:18 AM,06:39 PM,5,11,11,11,9,10,65,0.0,1022,15,10,138,6,Spain
2020-02-08,12,8,0.0,5.1,2,100,05:46 PM,07:52 AM,08:17 AM,06:41 PM,6,8,9,8,12,57,82,0.2,1024,12,10,248,8,Spain
2020-02-09,12,6,0.0,8.4,2,100,07:01 PM,08:37 AM,08:16 AM,06:42 PM,6,9,9,9,7,29,78,0.0,1029,12,10,195,5,Spain
2020-02-10,17,8,0.0,10.3,4,83,08:17 PM,09:18 AM,08:15 AM,06:43 PM,8,11,12,11,14,10,78,0.0,1031,17,10,246,10,Spain
2020-02-11,16,9,0.0,10.3,4,75,09:33 PM,09:53 AM,08:14 AM,06:44 PM,8,12,12,12,5,15,77,0.0,1027,16,10,200,4,Spain
2020-02-12,13,10,0.0,5.2,3,68,10:46 PM,10:24 AM,08:13 AM,06:46 PM,8,10,11,10,14,64,83,0.0,1022,13,10,236,10,Spain
2020-02-13,15,9,0.0,10.4,3,60,11:59 PM,10:55 AM,08:11 AM,06:47 PM,8,10,12,10,21,40,80,0.0,1023,15,10,242,15,Spain
2020-02-14,19,8,0.0,10.4,3,53,No moonrise,11:27 AM,08:10 AM,06:48 PM,7,13,13,13,5,30,66,0.0,1026,19,10,155,4,Spain
2020-02-15,18,10,0.0,10.4,4,45,01:10 AM,12:00 PM,08:09 AM,06:49 PM,8,14,14,14,6,6,67,0.0,1025,18,10,194,5,Spain
2020-02-16,16,11,0.0,10.4,4,38,02:20 AM,12:36 PM,08:08 AM,06:50 PM,8,13,13,13,14,13,70,0.0,1027,16,10,236,11,Spain
2020-02-17,15,9,0.0,10.5,4,30,03:28 AM,01:17 PM,08:06 AM,06:52 PM,8,11,12,11,14,21,75,0.0,1027,15,10,248,11,Spain
2020-02-18,13,7,0.0,6.8,3,22,04:31 AM,02:03 PM,08:05 AM,06:53 PM,4,9,10,9,16,42,63,0.0,1030,13,10,50,12,Spain
2020-02-19,16,9,0.0,10.5,4,15,05:29 AM,02:55 PM,08:04 AM,06:54 PM,2,10,11,10,10,9,53,0.0,1030,16,10,99,8,Spain
2020-02-20,19,8,0.0,10.5,4,7,06:19 AM,03:51 PM,08:02 AM,06:55 PM,1,13,13,13,7,11,44,0.0,1023,19,10,100,4,Spain
2020-02-21,18,8,0.0,10.6,4,0,07:04 AM,04:50 PM,08:01 AM,06:56 PM,0,12,13,12,14,9,41,0.0,1027,18,10,118,9,Spain
2020-02-22,23,12,0.0,10.6,5,0,07:41 AM,05:51 PM,08:00 AM,06:58 PM,2,17,17,17,5,1,37,0.0,1031,23,10,98,4,Spain
2020-02-23,23,12,0.0,11.0,5,0,08:13 AM,06:51 PM,07:58 AM,06:59 PM,1,17,17,17,9,2,34,0.0,1032,23,10,111,6,Spain
2020-02-24,21,11,0.0,11.4,5,0,08:42 AM,07:50 PM,07:57 AM,07:00 PM,2,16,16,16,9,8,38,0.0,1027,21,10,145,7,Spain
2020-02-25,15,10,0.0,11.5,4,8,09:08 AM,08:48 PM,07:55 AM,07:01 PM,1,12,13,12,19,22,46,0.0,1022,15,10,278,13,Spain
2020-02-26,15,8,0.0,11.5,4,15,09:33 AM,09:46 PM,07:54 AM,07:02 PM,-0,10,11,10,21,5,48,0.0,1023,15,10,311,16,Spain
2020-02-27,15,7,0.0,7.2,3,23,09:56 AM,10:43 PM,07:53 AM,07:03 PM,-1,11,11,11,7,63,44,0.0,1022,15,10,271,5,Spain
2020-02-28,15,9,0.0,11.5,4,30,10:20 AM,11:42 PM,07:51 AM,07:04 PM,2,11,11,11,16,25,54,0.0,1016,15,10,218,12,Spain
2020-02-29,12,7,0.0,7.2,2,38,10:47 AM,No moonset,07:50 AM,07:06 PM,5,7,10,7,39,38,73,0.1,1014,12,10,235,28,Spain
2020-03-01,12,7,0.0,7.2,2,44,11:16 AM,12:41 AM,07:48 AM,07:07 PM,5,6,9,6,34,58,76,0.1,1014,12,10,244,27,Spain
2020-03-02,15,8,0.0,7.3,3,51,11:50 AM,01:42 AM,07:47 AM,07:08 PM,4,8,12,8,53,66,66,8.8,1008,15,9,267,39,Spain
2020-03-03,12,4,0.0,8.7,2,58,12:29 PM,02:43 AM,07:45 AM,07:09 PM,2,4,8,4,35,43,65,0.0,1020,12,10,254,25,Spain
2020-03-04,16,8,0.0,11.6,4,65,01:18 PM,03:45 AM,07:44 AM,07:10 PM,8,11,12,11,27,26,74,0.0,1021,16,10,249,18,Spain
2020-03-05,13,9,0.0,8.7,3,73,02:14 PM,04:43 AM,07:42 AM,07:11 PM,5,8,11,8,35,54,69,1.0,1015,13,10,269,25,Spain
2020-03-06,10,6,0.0,11.6,2,80,03:20 PM,05:38 AM,07:40 AM,07:12 PM,-2,4,8,4,35,32,51,0.2,1019,10,10,298,27,Spain
2020-03-07,15,4,0.0,11.6,4,87,04:32 PM,06:26 AM,07:39 AM,07:13 PM,0,8,10,8,13,5,51,0.0,1027,15,10,298,11,Spain
2020-03-08,16,9,0.0,10.2,3,95,05:48 PM,07:09 AM,07:37 AM,07:15 PM,3,12,12,12,9,20,55,0.0,1025,16,10,210,7,Spain
2020-03-09,17,9,0.0,11.6,3,100,07:05 PM,07:46 AM,07:36 AM,07:16 PM,2,12,13,12,12,20,52,0.0,1027,17,10,263,8,Spain
2020-03-10,21,9,0.0,11.6,5,100,08:22 PM,08:20 AM,07:34 AM,07:17 PM,3,15,15,15,9,7,46,0.0,1026,21,10,204,6,Spain
2020-03-11,22,13,0.0,8.8,4,84,09:38 PM,08:52 AM,07:33 AM,07:18 PM,8,17,17,17,7,31,56,0.0,1023,22,10,146,5,Spain
2020-03-12,23,15,0.0,11.6,5,76,10:53 PM,09:24 AM,07:31 AM,07:19 PM,8,19,19,19,12,26,50,0.0,1018,23,10,142,8,Spain
2020-03-13,21,14,0.0,11.6,5,69,No moonrise,09:57 AM,07:29 AM,07:20 PM,8,17,18,17,13,30,57,0.1,1017,21,10,179,9,Spain
2020-03-14,21,12,0.0,11.6,5,62,12:06 AM,10:33 AM,07:28 AM,07:21 PM,7,16,17,16,10,27,56,0.4,1018,21,10,77,8,Spain
2020-03-15,19,13,0.0,8.8,4,55,01:18 AM,11:14 AM,07:26 AM,07:22 PM,6,15,15,15,20,40,56,0.4,1013,19,10,169,15,Spain
2020-03-16,7,0,0.0,6.0,2,47,02:24 AM,12:00 PM,07:24 AM,07:23 PM,3,4,7,4,21,91,74,18.6,1013,7,8,148,17,Spain
2020-03-17,13,3,0.0,10.2,3,40,03:25 AM,12:50 PM,07:23 AM,07:24 PM,4,6,9,6,22,50,71,3.2,1022,13,10,81,17,Spain
2020-03-18,19,10,0.0,11.6,4,33,04:18 AM,01:46 PM,07:21 AM,07:25 PM,6,13,14,13,18,25,63,0.5,1025,19,10,79,13,Spain
2020-03-19,18,10,0.0,11.6,4,25,05:04 AM,02:44 PM,07:19 AM,07:26 PM,4,14,14,14,13,6,51,0.0,1020,18,10,129,11,Spain
2020-03-20,15,9,0.0,11.6,4,18,05:44 AM,03:44 PM,07:18 AM,07:27 PM,5,10,12,10,18,38,65,0.0,1015,15,10,105,15,Spain
2020-03-21,9,1,0.0,6.1,2,11,06:17 AM,04:44 PM,07:16 AM,07:29 PM,5,6,8,6,14,94,75,1.7,1012,9,9,137,11,Spain
2020-03-22,13,7,0.0,6.1,2,4,06:46 AM,05:43 PM,07:15 AM,07:30 PM,6,9,9,9,4,95,79,8.8,1011,13,8,201,3,Spain
2020-03-23,14,9,0.0,6.1,3,0,07:12 AM,06:41 PM,07:13 AM,07:31 PM,5,9,11,9,20,73,68,7.4,1013,14,7,82,15,Spain
2020-03-24,14,9,0.0,7.5,3,0,07:37 AM,07:40 PM,07:11 AM,07:32 PM,5,9,11,9,22,71,64,1.5,1015,14,10,67,17,Spain
2020-03-25,15,8,0.0,10.2,3,3,08:00 AM,08:37 PM,07:10 AM,07:33 PM,4,10,11,10,12,55,62,0.7,1015,15,10,192,10,Spain
2020-03-26,18,11,0.0,11.6,4,11,08:24 AM,09:36 PM,07:08 AM,07:34 PM,-3,13,13,13,9,1,35,0.0,1011,18,10,68,8,Spain
2020-03-27,13,3,0.0,11.6,3,18,08:49 AM,10:34 PM,07:06 AM,07:35 PM,-4,5,8,5,22,6,46,0.0,1014,13,10,91,17,Spain
2020-03-28,16,6,0.0,11.6,4,25,09:18 AM,11:35 PM,07:05 AM,07:36 PM,0,10,11,10,9,18,53,0.1,1017,16,10,122,7,Spain
2020-03-29,19,9,0.0,11.6,4,32,09:49 AM,No moonset,07:03 AM,07:37 PM,1,13,14,13,8,9,44,0.0,1017,19,10,227,6,Spain
2020-03-30,13,7,0.0,11.6,3,40,10:26 AM,12:35 AM,07:01 AM,07:38 PM,-2,8,10,8,16,30,46,0.0,1016,13,10,64,13,Spain
2020-03-31,8,2,0.0,6.2,2,44,11:10 AM,01:36 AM,07:00 AM,07:39 PM,4,1,5,1,33,96,88,25.5,1009,8,6,83,24,Spain
2020-04-01,13,6,0.0,11.6,2,56,12:01 PM,02:34 AM,06:58 AM,07:40 PM,4,7,9,7,19,47,70,8.4,1011,13,9,210,14,Spain
2020-04-02,15,7,0.0,9.0,3,64,01:01 PM,03:29 AM,06:56 AM,07:41 PM,2,10,11,10,12,32,55,2.5,1012,15,10,128,9,Spain
2020-04-03,19,9,0.0,11.6,5,71,02:08 PM,04:17 AM,06:55 AM,07:42 PM,3,14,14,14,8,13,49,0.3,1015,19,10,115,7,Spain
2020-04-04,18,9,0.0,11.6,4,79,03:21 PM,05:01 AM,06:53 AM,07:43 PM,3,13,14,13,18,9,49,0.0,1016,18,10,122,14,Spain
2020-04-05,18,11,0.0,6.5,3,87,04:36 PM,05:40 AM,06:51 AM,07:44 PM,7,12,13,12,16,71,66,1.5,1017,18,8,163,13,Spain
2020-04-06,19,13,0.0,6.5,4,94,05:52 PM,06:14 AM,06:50 AM,07:45 PM,10,14,15,14,21,87,74,12.7,1019,19,8,224,16,Spain
2020-04-07,19,10,0.0,10.3,3,100,07:09 PM,06:46 AM,06:48 AM,07:46 PM,8,13,14,13,15,38,70,0.1,1023,19,10,68,11,Spain
2020-04-08,20,11,0.0,11.6,4,100,08:25 PM,07:18 AM,06:47 AM,07:47 PM,8,15,16,15,11,47,64,0.8,1022,20,10,137,8,Spain
2020-04-09,21,13,0.0,11.6,4,83,09:42 PM,07:51 AM,06:45 AM,07:48 PM,8,16,17,16,15,58,59,2.6,1019,21,9,147,11,Spain
2020-04-10,12,3,0.0,6.5,3,76,10:57 PM,08:26 AM,06:43 AM,07:49 PM,10,10,11,10,12,91,85,19.2,1020,12,7,104,10,Spain
2020-04-11,19,11,0.0,6.5,4,68,No moonrise,09:06 AM,06:42 AM,07:50 PM,9,14,14,14,14,84,70,11.2,1019,19,8,105,10,Spain
2020-04-12,17,10,0.0,10.3,3,61,12:09 AM,09:51 AM,06:40 AM,07:51 PM,7,12,14,12,13,53,66,15.9,1016,17,9,90,10,Spain
2020-04-13,18,10,0.0,6.6,3,53,01:15 AM,10:41 AM,06:39 AM,07:52 PM,7,14,14,14,14,62,63,4.2,1008,18,10,129,10,Spain
2020-04-14,20,12,0.0,7.8,4,46,02:13 AM,11:37 AM,06:37 AM,07:53 PM,9,15,15,15,18,62,67,10.5,1010,20,9,116,12,Spain
2020-04-15,15,11,0.0,6.6,3,38,03:03 AM,12:36 PM,06:36 AM,07:54 PM,9,11,13,11,25,84,78,31.2,1013,15,9,148,16,Spain
2020-04-16,17,10,0.0,6.6,3,30,03:45 AM,01:37 PM,06:34 AM,07:55 PM,9,12,13,12,26,76,76,8.6,1015,17,9,183,18,Spain
2020-04-17,19,12,0.0,7.9,4,23,04:20 AM,02:37 PM,06:33 AM,07:56 PM,9,14,15,14,15,80,71,2.3,1015,19,9,195,11,Spain
2020-04-18,21,12,0.0,10.4,4,15,04:50 AM,03:37 PM,06:31 AM,07:57 PM,9,16,17,16,7,40,62,0.2,1013,21,10,239,6,Spain
2020-04-19,20,13,0.0,6.6,4,8,05:17 AM,04:35 PM,06:30 AM,07:58 PM,8,16,16,16,10,82,60,4.8,1009,20,8,115,8,Spain
2020-04-20,17,11,0.0,11.6,4,0,05:42 AM,05:33 PM,06:28 AM,07:59 PM,8,14,14,14,21,37,64,1.2,1009,17,9,223,18,Spain
2020-04-21,15,8,0.0,6.9,3,0,06:05 AM,06:31 PM,06:27 AM,08:00 PM,6,9,11,9,15,77,67,1.6,1008,15,8,224,12,Spain
2020-04-22,20,11,0.0,11.6,4,0,06:29 AM,07:29 PM,06:25 AM,08:01 PM,6,15,16,15,9,39,54,0.0,1014,20,10,218,7,Spain
2020-04-23,21,12,0.0,8.1,4,0,06:53 AM,08:28 PM,06:24 AM,08:02 PM,9,17,17,17,11,52,60,0.4,1016,21,10,150,8,Spain
2020-04-24,22,13,0.0,10.4,4,7,07:21 AM,09:29 PM,06:23 AM,08:03 PM,8,17,18,17,16,50,56,1.5,1013,22,10,113,13,Spain
2020-04-25,24,13,0.0,11.6,5,15,07:51 AM,10:30 PM,06:21 AM,08:04 PM,8,18,19,18,13,20,52,0.1,1008,24,10,120,10,Spain
2020-04-26,19,13,0.0,11.6,5,22,08:25 AM,11:31 PM,06:20 AM,08:05 PM,9,15,16,15,22,24,64,0.0,1010,19,10,246,18,Spain
2020-04-27,16,10,0.0,9.3,3,30,09:07 AM,No moonset,06:19 AM,08:06 PM,6,11,13,11,30,61,67,0.4,1012,16,10,233,23,Spain
2020-04-28,17,10,0.0,11.6,4,37,09:56 AM,12:29 AM,06:17 AM,08:07 PM,5,12,13,12,19,30,59,0.3,1014,17,10,259,15,Spain
2020-04-29,17,10,0.0,11.6,4,45,10:52 AM,01:25 AM,06:16 AM,08:08 PM,6,13,14,13,25,27,61,0.1,1018,17,10,246,20,Spain
2020-04-30,18,10,0.0,11.6,3,52,11:55 AM,02:14 AM,06:15 AM,08:09 PM,7,12,14,12,31,35,65,0.0,1018,18,10,247,24,Spain
2020-05-01,22,11,0.0,11.6,5,58,01:03 PM,02:59 AM,06:13 AM,08:11 PM,10,15,16,15,23,23,67,0.0,1021,22,10,243,17,Spain
2020-05-02,24,15,0.0,11.6,6,65,02:15 PM,03:37 AM,06:12 AM,08:12 PM,11,19,20,19,15,9,63,0.0,1021,24,10,241,11,Spain
2020-05-03,28,18,0.0,11.6,6,72,03:28 PM,04:11 AM,06:11 AM,08:13 PM,11,23,23,23,8,2,48,0.0,1018,28,10,146,7,Spain
2020-05-04,31,19,0.0,11.6,6,80,04:42 PM,04:43 AM,06:10 AM,08:14 PM,9,25,25,25,24,12,38,0.0,1013,31,10,130,19,Spain
2020-05-05,24,16,0.0,10.5,5,87,05:58 PM,05:14 AM,06:09 AM,08:15 PM,7,20,20,20,21,42,46,0.0,1015,24,10,236,16,Spain
2020-05-06,25,15,0.0,10.5,6,94,07:14 PM,05:46 AM,06:07 AM,08:16 PM,5,20,20,20,8,18,39,0.0,1018,25,10,186,6,Spain
2020-05-07,27,17,0.0,11.6,5,100,08:30 PM,06:19 AM,06:06 AM,08:17 PM,8,21,21,21,22,34,42,0.0,1015,27,10,100,16,Spain
2020-05-08,27,17,0.0,10.5,5,100,09:46 PM,06:56 AM,06:05 AM,08:18 PM,9,21,21,21,18,35,46,0.2,1014,27,10,147,14,Spain
2020-05-09,21,16,0.0,7.1,4,84,10:57 PM,07:39 AM,06:04 AM,08:19 PM,10,19,19,19,21,56,58,1.7,1011,21,10,225,16,Spain
2020-05-10,18,12,0.0,7.1,4,77,No moonrise,08:28 AM,06:03 AM,08:20 PM,7,14,15,14,31,79,59,10.9,1007,18,9,258,22,Spain
2020-05-11,18,11,0.0,8.2,4,70,12:01 AM,09:23 AM,06:02 AM,08:21 PM,8,13,15,13,31,56,66,0.3,1010,18,10,239,25,Spain
2020-05-12,15,12,0.0,7.1,3,62,12:56 AM,10:22 AM,06:01 AM,08:21 PM,10,13,13,13,12,64,79,14.4,1009,15,9,216,9,Spain
2020-05-13,19,10,0.0,13.4,3,55,01:43 AM,11:25 AM,06:00 AM,08:22 PM,7,12,14,12,27,47,68,8.7,1004,19,9,230,22,Spain
2020-05-14,11,7,0.0,9.2,3,48,02:21 AM,12:26 PM,05:59 AM,08:23 PM,7,9,12,9,19,94,74,21.8,1005,11,6,230,15,Spain
2020-05-15,17,10,0.0,10.2,3,40,02:53 AM,01:27 PM,05:58 AM,08:24 PM,8,14,14,14,18,76,67,2.4,1012,17,10,111,14,Spain
2020-05-16,20,11,0.0,11.3,4,33,03:21 AM,02:26 PM,05:57 AM,08:25 PM,7,14,15,14,24,62,57,0.9,1017,20,10,54,19,Spain
2020-05-17,23,12,0.0,14.5,5,26,03:47 AM,03:25 PM,05:56 AM,08:26 PM,6,17,18,17,17,21,50,0.0,1019,23,10,147,13,Spain
2020-05-18,28,17,0.0,14.5,6,19,04:10 AM,04:23 PM,05:56 AM,08:27 PM,7,22,22,22,6,4,40,0.0,1021,28,10,119,5,Spain
2020-05-19,29,17,0.0,14.5,6,11,04:33 AM,05:21 PM,05:55 AM,08:28 PM,8,23,23,23,8,5,38,0.0,1020,29,10,127,6,Spain
2020-05-20,32,20,0.0,14.5,7,4,04:57 AM,06:20 PM,05:54 AM,08:29 PM,9,26,26,26,9,2,37,0.0,1017,32,10,149,7,Spain
2020-05-21,31,22,0.0,14.5,7,0,05:24 AM,07:21 PM,05:53 AM,08:30 PM,7,26,26,26,10,4,30,0.0,1019,31,10,125,9,Spain
2020-05-22,31,22,0.0,14.5,7,0,05:52 AM,08:22 PM,05:53 AM,08:31 PM,9,27,27,27,11,7,33,0.0,1022,31,10,186,8,Spain
2020-05-23,32,23,0.0,14.5,7,3,06:25 AM,09:24 PM,05:52 AM,08:32 PM,10,27,27,28,12,6,35,0.0,1024,32,10,181,9,Spain
2020-05-24,30,19,0.0,14.5,7,10,07:05 AM,10:24 PM,05:51 AM,08:33 PM,9,24,24,25,23,13,42,0.0,1024,30,10,99,17,Spain
2020-05-25,29,20,0.0,13.5,5,17,07:52 AM,11:22 PM,05:50 AM,08:33 PM,12,25,25,24,15,45,50,2.4,1022,29,10,104,12,Spain
2020-05-26,28,17,0.0,11.4,5,25,08:46 AM,No moonset,05:50 AM,08:34 PM,11,22,22,22,22,58,53,3.9,1023,28,9,91,18,Spain
2020-05-27,28,19,0.0,14.5,6,32,09:48 AM,12:13 AM,05:49 AM,08:35 PM,10,23,23,23,21,8,46,0.0,1022,28,10,98,17,Spain
2020-05-28,27,18,0.0,14.5,6,39,10:54 AM,12:59 AM,05:49 AM,08:36 PM,8,23,23,22,16,8,41,0.0,1022,27,10,123,13,Spain
2020-05-29,30,19,0.0,14.5,7,47,12:03 PM,01:39 AM,05:48 AM,08:37 PM,7,24,24,25,9,5,35,0.0,1016,30,10,151,7,Spain
2020-05-30,31,20,0.0,14.5,7,54,01:14 PM,02:13 AM,05:48 AM,08:37 PM,7,26,26,26,10,9,31,0.0,1013,31,10,120,7,Spain
2020-05-31,29,20,0.0,13.5,6,58,02:25 PM,02:45 AM,05:47 AM,08:38 PM,8,24,24,24,18,29,36,1.2,1012,29,10,151,14,Spain
2020-06-01,29,20,0.0,14.5,7,71,03:38 PM,03:15 AM,05:47 AM,08:39 PM,9,24,24,25,14,22,38,0.1,1013,29,10,157,11,Spain
2020-06-02,28,22,0.0,14.5,7,79,04:51 PM,03:44 AM,05:46 AM,08:40 PM,10,26,26,25,14,8,39,0.0,1013,28,10,241,11,Spain
2020-06-03,27,21,0.0,14.5,6,86,06:06 PM,04:15 AM,05:46 AM,08:40 PM,9,24,24,24,25,14,41,0.1,1010,27,10,245,20,Spain
2020-06-04,23,17,0.0,13.5,5,94,07:21 PM,04:49 AM,05:46 AM,08:41 PM,8,20,21,20,27,41,47,0.8,1008,23,10,290,22,Spain
2020-06-05,26,16,0.0,14.5,6,100,08:34 PM,05:29 AM,05:45 AM,08:42 PM,7,21,21,21,13,6,42,0.0,1012,26,10,166,11,Spain
2020-06-06,25,18,0.0,14.5,6,100,09:43 PM,06:14 AM,05:45 AM,08:42 PM,6,23,23,22,24,4,38,0.0,1010,25,10,240,19,Spain
2020-06-07,24,17,0.0,14.5,5,84,10:43 PM,07:07 AM,05:45 AM,08:43 PM,9,20,20,20,22,30,49,1.9,1009,24,10,244,17,Spain
2020-06-08,22,13,0.0,14.5,4,76,11:35 PM,08:06 AM,05:45 AM,08:43 PM,4,17,18,17,19,42,44,1.8,1013,22,10,111,15,Spain
2020-06-09,24,14,0.0,14.5,5,69,No moonrise,09:08 AM,05:45 AM,08:44 PM,4,19,19,19,12,15,39,0.0,1017,24,10,121,10,Spain
2020-06-10,25,15,0.0,14.5,6,61,12:17 AM,10:11 AM,05:44 AM,08:44 PM,4,20,20,20,13,25,37,0.0,1015,25,10,144,11,Spain
2020-06-11,22,18,0.0,12.5,5,54,12:53 AM,11:14 AM,05:44 AM,08:45 PM,7,20,21,20,18,32,44,0.2,1007,22,10,247,15,Spain
2020-06-12,20,12,0.0,14.5,5,46,01:23 AM,12:15 PM,05:44 AM,08:45 PM,4,15,16,15,28,24,46,0.1,1007,20,10,252,24,Spain
2020-06-13,22,13,0.0,14.5,5,38,01:50 AM,01:15 PM,05:44 AM,08:46 PM,6,16,18,16,18,24,48,0.5,1015,22,10,253,14,Spain
2020-06-14,25,17,0.0,14.5,6,31,02:14 AM,02:13 PM,05:44 AM,08:46 PM,6,21,21,21,16,9,39,0.0,1019,25,10,274,13,Spain
2020-06-15,25,18,0.0,14.5,6,23,02:37 AM,03:11 PM,05:44 AM,08:47 PM,8,22,22,21,13,23,43,0.0,1021,25,10,251,10,Spain
2020-06-16,24,18,0.0,14.5,6,16,03:01 AM,04:09 PM,05:44 AM,08:47 PM,7,21,22,21,18,33,41,0.0,1020,24,10,298,15,Spain
2020-06-17,25,17,0.0,14.5,6,8,03:26 AM,05:09 PM,05:44 AM,08:47 PM,7,21,21,21,13,23,40,0.0,1016,25,10,275,11,Spain
2020-06-18,27,18,0.0,14.5,6,1,03:53 AM,06:10 PM,05:45 AM,08:48 PM,7,23,23,23,12,9,37,0.0,1014,27,10,151,10,Spain
2020-06-19,29,19,0.0,14.5,6,0,04:25 AM,07:13 PM,05:45 AM,08:48 PM,8,24,24,24,15,14,37,0.0,1017,29,10,144,12,Spain
2020-06-20,31,22,0.0,14.5,7,0,05:02 AM,08:15 PM,05:45 AM,08:48 PM,7,26,26,27,14,5,30,0.0,1019,31,10,190,11,Spain
2020-06-21,34,24,0.0,14.5,7,0,05:47 AM,09:15 PM,05:45 AM,08:48 PM,7,28,28,29,9,2,27,0.0,1021,34,10,169,8,Spain
2020-06-22,36,20,0.0,14.5,7,7,06:39 AM,10:09 PM,05:45 AM,08:49 PM,8,28,28,28,18,1,31,0.0,1020,36,10,115,14,Spain
2020-06-23,39,24,0.0,14.5,8,14,07:39 AM,10:58 PM,05:46 AM,08:49 PM,9,31,31,31,12,9,29,0.1,1015,39,10,133,10,Spain
2020-06-24,36,24,0.0,12.5,7,22,08:45 AM,11:40 PM,05:46 AM,08:49 PM,10,30,30,30,14,53,31,0.8,1015,36,10,131,11,Spain
2020-06-25,33,23,0.0,13.5,6,29,09:55 AM,No moonset,05:46 AM,08:49 PM,10,28,28,28,19,38,34,2.2,1014,33,10,144,15,Spain
2020-06-26,29,23,0.0,14.5,7,37,11:06 AM,12:16 AM,05:47 AM,08:49 PM,6,26,26,26,21,18,29,0.0,1014,29,10,245,17,Spain
2020-06-27,30,22,0.0,14.5,7,44,12:16 PM,12:48 AM,05:47 AM,08:49 PM,9,26,26,26,12,19,34,0.0,1016,30,10,245,10,Spain
2020-06-28,33,25,0.0,14.5,7,52,01:27 PM,01:18 AM,05:47 AM,08:49 PM,12,28,28,29,10,11,37,0.0,1016,33,10,160,9,Spain
2020-06-29,35,26,0.0,14.5,8,59,02:38 PM,01:47 AM,05:48 AM,08:49 PM,11,30,30,30,12,5,31,0.0,1015,35,10,154,10,Spain
2020-06-30,36,24,0.0,14.5,8,67,03:50 PM,02:16 AM,05:48 AM,08:49 PM,10,30,30,30,18,2,30,0.0,1011,36,10,156,15,Spain
2020-07-01,33,26,0.0,14.5,7,72,05:03 PM,02:48 AM,05:49 AM,08:49 PM,8,28,28,30,22,4,26,0.0,1011,33,10,252,18,Spain
2020-07-02,31,26,0.0,14.5,7,79,06:15 PM,03:24 AM,05:49 AM,08:48 PM,8,27,27,28,17,6,29,0.0,1015,31,10,270,14,Spain
2020-07-03,35,18,0.0,14.5,7,86,07:25 PM,04:06 AM,05:50 AM,08:48 PM,9,27,27,27,17,3,36,0.0,1018,35,10,104,14,Spain
2020-07-04,37,23,0.0,14.5,8,94,08:28 PM,04:54 AM,05:50 AM,08:48 PM,7,30,30,29,13,0,27,0.0,1020,37,10,123,11,Spain
2020-07-05,38,24,0.0,14.5,8,100,09:24 PM,05:50 AM,05:51 AM,08:48 PM,7,31,31,31,13,0,23,0.0,1019,38,10,119,10,Spain
2020-07-06,39,26,0.0,14.5,8,100,10:11 PM,06:51 AM,05:51 AM,08:48 PM,10,33,33,33,14,1,29,0.0,1016,39,10,117,11,Spain
2020-07-07,38,23,0.0,14.5,8,85,10:50 PM,07:55 AM,05:52 AM,08:47 PM,6,30,30,30,18,2,22,0.0,1015,38,10,139,14,Spain
2020-07-08,37,25,0.0,14.5,7,77,11:23 PM,08:59 AM,05:53 AM,08:47 PM,7,31,31,31,22,32,26,0.2,1013,37,10,109,18,Spain
2020-07-09,35,23,0.0,14.5,8,70,11:51 PM,10:01 AM,05:53 AM,08:46 PM,9,30,30,29,16,12,33,0.2,1015,35,10,84,13,Spain
2020-07-10,35,24,0.0,14.5,7,63,No moonrise,11:02 AM,05:54 AM,08:46 PM,10,29,29,29,12,8,34,0.0,1015,35,10,72,10,Spain
2020-07-11,36,24,0.0,14.5,8,55,12:16 AM,12:01 PM,05:55 AM,08:46 PM,11,30,30,30,16,6,33,0.0,1014,36,10,102,13,Spain
2020-07-12,33,24,0.0,14.5,6,48,12:40 AM,01:00 PM,05:55 AM,08:45 PM,12,28,28,28,20,21,39,0.3,1015,33,10,136,17,Spain
2020-07-13,34,23,0.0,14.5,7,41,01:03 AM,01:58 PM,05:56 AM,08:45 PM,12,29,29,28,13,18,39,2.5,1017,34,10,56,10,Spain
2020-07-14,33,22,0.0,13.5,6,34,01:28 AM,02:57 PM,05:57 AM,08:44 PM,8,27,27,27,21,37,32,0.9,1014,33,10,51,17,Spain
2020-07-15,31,20,0.0,14.5,7,26,01:54 AM,03:57 PM,05:58 AM,08:43 PM,8,26,26,25,18,13,33,0.0,1016,31,10,59,15,Spain
2020-07-16,35,21,0.0,14.5,7,19,02:23 AM,04:59 PM,05:58 AM,08:43 PM,9,28,28,27,14,2,30,0.0,1017,35,10,75,11,Spain
2020-07-17,37,23,0.0,14.5,8,12,02:57 AM,06:01 PM,05:59 AM,08:42 PM,6,30,30,30,20,4,25,0.0,1015,37,10,83,16,Spain
2020-07-18,38,23,0.0,14.4,8,5,03:39 AM,07:02 PM,06:00 AM,08:41 PM,6,31,31,31,12,0,23,0.0,1014,38,10,81,9,Spain
2020-07-19,37,26,0.0,11.6,8,0,04:28 AM,08:00 PM,06:01 AM,08:41 PM,7,31,31,32,17,1,25,0.0,1013,37,10,163,14,Spain
2020-07-20,39,28,0.0,11.6,8,0,05:26 AM,08:52 PM,06:02 AM,08:40 PM,5,32,32,34,10,0,18,0.0,1013,39,10,152,9,Spain
2020-07-21,36,26,0.0,11.6,8,2,06:31 AM,09:37 PM,06:03 AM,08:39 PM,9,30,30,31,22,21,29,0.3,1015,36,10,113,18,Spain
2020-07-22,32,24,0.0,9.4,6,10,07:42 AM,10:16 PM,06:03 AM,08:38 PM,10,28,28,28,15,54,33,8.1,1016,32,9,123,10,Spain
2020-07-23,35,28,0.0,11.6,8,17,08:54 AM,10:50 PM,06:04 AM,08:38 PM,11,31,31,32,8,6,28,0.0,1015,35,10,209,7,Spain
2020-07-24,36,25,0.0,11.6,8,24,10:06 AM,11:22 PM,06:05 AM,08:37 PM,11,31,31,31,15,5,33,0.0,1013,36,10,134,12,Spain
2020-07-25,37,24,0.0,11.6,8,32,11:19 AM,11:51 PM,06:06 AM,08:36 PM,10,30,30,31,19,2,29,0.0,1013,37,10,138,15,Spain
2020-07-26,38,29,0.0,11.6,8,39,12:30 PM,No moonset,06:07 AM,08:35 PM,7,33,33,33,13,0,20,0.0,1013,38,10,144,11,Spain
2020-07-27,39,28,0.0,11.6,8,46,01:41 PM,12:19 AM,06:08 AM,08:34 PM,8,33,33,33,15,1,22,0.0,1013,39,10,161,13,Spain
2020-07-28,36,28,0.0,11.6,8,53,02:53 PM,12:50 AM,06:09 AM,08:33 PM,10,30,30,32,16,4,27,0.0,1013,36,10,247,13,Spain
2020-07-29,39,27,0.0,11.6,8,61,04:04 PM,01:24 AM,06:10 AM,08:32 PM,12,33,33,32,13,3,31,0.0,1013,39,10,111,11,Spain
2020-07-30,39,26,0.0,10.5,8,68,05:13 PM,02:03 AM,06:10 AM,08:31 PM,12,32,32,33,18,22,32,0.5,1013,39,10,121,14,Spain
2020-07-31,38,28,0.0,11.6,8,72,06:17 PM,02:48 AM,06:11 AM,08:30 PM,8,32,32,33,14,12,25,0.3,1014,38,10,150,12,Spain
2020-08-01,37,29,0.0,11.6,8,82,07:16 PM,03:40 AM,06:12 AM,08:29 PM,2,32,32,33,15,0,15,0.0,1015,37,10,253,12,Spain
2020-08-02,35,24,0.0,11.6,8,90,08:05 PM,04:38 AM,06:13 AM,08:28 PM,10,29,29,29,19,3,33,0.0,1015,35,10,141,16,Spain
2020-08-03,34,21,0.0,11.6,7,97,08:47 PM,05:41 AM,06:14 AM,08:27 PM,6,27,27,28,14,6,27,0.0,1015,34,10,105,12,Spain
2020-08-04,34,19,0.0,11.6,7,100,09:22 PM,06:44 AM,06:15 AM,08:25 PM,8,27,27,26,16,5,32,0.0,1014,34,10,64,13,Spain
2020-08-05,35,23,0.0,11.6,7,88,09:52 PM,07:48 AM,06:16 AM,08:24 PM,12,30,30,29,13,6,37,0.0,1012,35,10,133,10,Spain
2020-08-06,37,25,0.0,11.6,8,81,10:17 PM,08:50 AM,06:17 AM,08:23 PM,12,31,31,31,11,4,32,0.0,1012,37,10,139,9,Spain
2020-08-07,37,27,0.0,11.6,7,74,10:42 PM,09:50 AM,06:18 AM,08:22 PM,11,31,31,32,15,15,29,0.2,1015,37,10,160,13,Spain
2020-08-08,37,28,0.0,11.6,8,67,11:05 PM,10:49 AM,06:19 AM,08:21 PM,10,32,32,32,19,20,28,0.3,1017,37,10,152,15,Spain
2020-08-09,37,26,0.0,11.6,8,59,11:29 PM,11:47 AM,06:20 AM,08:19 PM,9,31,31,32,17,5,27,0.0,1015,37,10,149,14,Spain
2020-08-10,35,27,0.0,11.6,8,52,11:54 PM,12:45 PM,06:21 AM,08:18 PM,4,30,30,32,17,19,19,0.0,1011,35,10,214,13,Spain
2020-08-11,31,24,0.0,9.3,6,45,No moonrise,01:45 PM,06:22 AM,08:17 PM,13,28,28,27,20,65,48,15.7,1012,31,9,103,15,Spain
2020-08-12,27,16,0.0,11.6,5,38,12:21 AM,02:45 PM,06:23 AM,08:16 PM,13,23,23,23,13,41,55,10.8,1014,27,10,147,11,Spain
2020-08-13,31,24,0.0,11.6,7,30,12:53 AM,03:47 PM,06:24 AM,08:14 PM,9,27,27,27,9,4,32,0.0,1015,31,10,221,8,Spain
2020-08-14,32,25,0.0,11.6,7,23,01:31 AM,04:47 PM,06:25 AM,08:13 PM,9,28,28,29,11,5,29,0.0,1013,32,10,169,9,Spain
2020-08-15,28,23,0.0,11.6,7,16,02:16 AM,05:46 PM,06:26 AM,08:11 PM,4,25,25,26,20,2,25,0.0,1012,28,10,237,17,Spain
2020-08-16,28,22,0.0,11.6,6,8,03:10 AM,06:40 PM,06:27 AM,08:10 PM,6,25,25,25,15,3,30,0.0,1014,28,10,254,12,Spain
2020-08-17,28,22,0.0,11.6,7,1,04:12 AM,07:29 PM,06:28 AM,08:09 PM,8,25,25,25,16,6,35,0.0,1015,28,10,205,13,Spain
2020-08-18,30,22,0.0,11.6,7,0,05:21 AM,08:11 PM,06:29 AM,08:07 PM,13,27,27,26,8,15,44,0.0,1015,30,10,203,7,Spain
2020-08-19,32,25,0.0,11.6,7,0,06:34 AM,08:48 PM,06:30 AM,08:06 PM,10,28,28,29,14,6,34,0.0,1010,32,10,192,11,Spain
2020-08-20,32,25,0.0,11.6,7,6,07:49 AM,09:21 PM,06:31 AM,08:04 PM,5,27,27,29,16,2,22,0.0,1009,32,10,237,14,Spain
2020-08-21,30,22,0.0,11.6,7,13,09:03 AM,09:52 PM,06:32 AM,08:03 PM,13,27,27,27,22,4,44,0.0,1014,30,10,239,18,Spain
2020-08-22,33,25,0.0,11.6,7,20,10:17 AM,10:21 PM,06:33 AM,08:02 PM,11,29,29,29,10,4,34,0.0,1019,33,10,205,8,Spain
2020-08-23,36,24,0.0,11.6,8,28,11:31 AM,10:52 PM,06:33 AM,08:00 PM,7,29,29,29,13,3,25,0.0,1018,36,10,145,10,Spain
2020-08-24,36,22,0.0,11.6,7,35,12:44 PM,11:25 PM,06:34 AM,07:59 PM,11,30,30,29,16,1,36,0.0,1015,36,10,115,12,Spain
2020-08-25,37,26,0.0,11.6,8,42,01:56 PM,No moonset,06:35 AM,07:57 PM,11,31,31,32,10,1,31,0.0,1014,37,10,180,9,Spain
2020-08-26,37,28,0.0,11.6,8,50,03:06 PM,12:02 AM,06:36 AM,07:56 PM,6,31,31,33,11,0,20,0.0,1016,37,10,188,10,Spain
2020-08-27,36,26,0.0,11.6,8,57,04:12 PM,12:45 AM,06:37 AM,07:54 PM,7,31,31,32,10,3,22,0.0,1016,36,10,193,7,Spain
2020-08-28,32,26,0.0,11.6,7,64,05:11 PM,01:35 AM,06:38 AM,07:53 PM,8,28,28,29,16,5,28,0.0,1009,32,10,269,13,Spain
2020-08-29,24,18,0.0,11.6,6,71,06:02 PM,02:30 AM,06:39 AM,07:51 PM,4,21,21,21,19,23,34,0.0,1009,24,10,148,17,Spain
2020-08-30,24,16,0.0,11.6,6,79,06:45 PM,03:31 AM,06:40 AM,07:49 PM,2,20,20,20,10,8,33,0.0,1015,24,10,45,9,Spain
2020-08-31,24,15,0.0,10.3,5,82,07:22 PM,04:34 AM,06:41 AM,07:48 PM,3,19,20,19,13,20,34,0.0,1017,24,10,126,10,Spain
2020-09-01,27,19,0.0,11.6,5,97,07:53 PM,05:37 AM,06:42 AM,07:46 PM,4,22,22,23,9,42,32,0.0,1013,27,10,76,7,Spain
2020-09-02,31,17,0.0,11.6,6,100,08:20 PM,06:39 AM,06:43 AM,07:45 PM,5,23,23,24,18,3,30,0.0,1015,31,10,59,14,Spain
2020-09-03,33,21,0.0,11.6,7,88,08:45 PM,07:40 AM,06:44 AM,07:43 PM,9,27,27,27,11,0,36,0.0,1019,33,10,124,9,Spain
2020-09-04,35,22,0.0,11.6,7,81,09:08 PM,08:39 AM,06:45 AM,07:42 PM,12,29,29,28,10,0,38,0.0,1021,35,10,138,8,Spain
2020-09-05,35,24,0.0,11.6,7,73,09:32 PM,09:38 AM,06:46 AM,07:40 PM,10,29,29,29,7,2,33,0.0,1018,35,10,141,6,Spain
2020-09-06,33,23,0.0,11.6,7,66,09:56 PM,10:36 AM,06:47 AM,07:38 PM,9,28,28,28,12,4,33,0.0,1015,33,10,132,10,Spain
2020-09-07,27,18,0.0,10.3,5,58,10:21 PM,11:35 AM,06:48 AM,07:37 PM,4,23,23,23,24,17,32,0.0,1018,27,10,53,20,Spain
2020-09-08,28,15,0.0,11.6,6,50,10:51 PM,12:34 PM,06:49 AM,07:35 PM,5,21,21,21,16,2,37,0.0,1021,28,10,93,14,Spain
2020-09-09,29,19,0.0,11.6,6,43,11:26 PM,01:35 PM,06:50 AM,07:33 PM,8,24,24,24,8,5,37,0.0,1021,29,10,124,7,Spain
2020-09-10,30,20,0.0,11.6,7,35,No moonrise,02:34 PM,06:51 AM,07:32 PM,9,25,25,25,15,9,38,0.0,1018,30,10,54,12,Spain
2020-09-11,31,20,0.0,11.6,7,28,12:06 AM,03:34 PM,06:52 AM,07:30 PM,8,25,25,25,13,8,34,0.0,1014,31,10,120,10,Spain
2020-09-12,33,22,0.0,11.6,7,20,12:55 AM,04:29 PM,06:53 AM,07:28 PM,8,27,27,27,11,12,31,0.0,1015,33,10,104,9,Spain
2020-09-13,32,22,0.0,11.6,7,13,01:53 AM,05:19 PM,06:54 AM,07:27 PM,8,27,27,27,20,5,32,0.0,1019,32,10,101,16,Spain
2020-09-14,30,22,0.0,11.6,7,5,02:58 AM,06:03 PM,06:55 AM,07:25 PM,10,26,26,26,14,25,40,0.8,1020,30,10,111,12,Spain
2020-09-15,28,21,0.0,11.6,5,0,04:09 AM,06:42 PM,06:56 AM,07:23 PM,13,26,26,24,9,36,49,3.7,1020,28,10,206,7,Spain
2020-09-16,30,22,0.0,11.6,7,0,05:24 AM,07:17 PM,06:57 AM,07:22 PM,9,27,27,26,11,18,36,0.2,1017,30,10,126,9,Spain
2020-09-17,24,21,0.0,9.0,5,0,06:39 AM,07:49 PM,06:58 AM,07:20 PM,12,24,24,23,17,68,51,4.4,1015,24,9,162,14,Spain
2020-09-18,20,14,0.0,7.6,4,2,07:55 AM,08:19 PM,06:59 AM,07:18 PM,13,19,19,19,26,67,64,27.2,1014,20,7,196,16,Spain
2020-09-19,21,14,0.0,8.8,4,10,09:11 AM,08:50 PM,07:00 AM,07:17 PM,12,18,19,18,31,60,66,8.7,1016,21,10,226,23,Spain
2020-09-20,23,16,0.0,11.6,4,17,10:27 AM,09:23 PM,07:01 AM,07:15 PM,12,20,20,20,21,40,64,0.0,1018,23,10,238,18,Spain
2020-09-21,23,18,0.0,11.6,6,25,11:43 AM,10:00 PM,07:02 AM,07:13 PM,10,21,21,21,11,29,52,0.1,1018,23,10,247,9,Spain
2020-09-22,24,19,0.0,11.6,6,32,12:56 PM,10:42 PM,07:03 AM,07:11 PM,7,21,22,21,9,17,38,0.0,1015,24,10,226,8,Spain
2020-09-23,23,18,0.0,11.6,5,40,02:05 PM,11:31 PM,07:04 AM,07:10 PM,10,21,21,21,23,42,53,0.4,1014,23,10,238,18,Spain
2020-09-24,22,17,0.0,10.2,4,47,03:08 PM,No moonset,07:05 AM,07:08 PM,11,19,20,19,29,44,61,0.6,1015,22,10,251,23,Spain
2020-09-25,18,13,0.0,11.6,5,55,04:01 PM,12:25 AM,07:06 AM,07:06 PM,2,15,16,15,32,4,42,0.0,1022,18,10,314,26,Spain
2020-09-26,19,12,0.0,11.6,5,62,04:47 PM,01:25 AM,07:07 AM,07:05 PM,3,16,16,16,13,7,42,0.0,1022,19,10,311,10,Spain
2020-09-27,21,15,0.0,11.6,5,70,05:25 PM,02:26 AM,07:08 AM,07:03 PM,6,18,19,18,25,10,47,0.0,1015,21,10,293,19,Spain
2020-09-28,22,15,0.0,10.2,5,78,05:56 PM,03:30 AM,07:09 AM,07:01 PM,1,18,18,18,7,28,32,0.0,1017,22,10,129,6,Spain
2020-09-29,28,18,0.0,11.6,6,85,06:24 PM,04:31 AM,07:10 AM,07:00 PM,3,22,22,22,7,19,28,0.0,1016,28,10,132,6,Spain
2020-09-30,26,18,0.0,11.5,6,93,06:49 PM,05:32 AM,07:11 AM,06:58 PM,3,22,22,22,12,5,28,0.0,1014,26,10,197,9,Spain
2020-10-01,23,19,0.0,11.4,6,97,07:12 PM,06:31 AM,07:12 AM,06:56 PM,6,21,21,21,16,13,39,0.0,1011,23,10,268,13,Spain
2020-10-02,15,10,0.0,8.7,3,100,07:36 PM,07:31 AM,07:13 AM,06:55 PM,5,11,14,11,49,48,58,6.7,1000,15,9,266,39,Spain
2020-10-03,16,8,0.0,11.4,4,89,07:59 PM,08:28 AM,07:14 AM,06:53 PM,2,9,12,9,31,22,51,0.0,1007,16,10,273,23,Spain
2020-10-04,16,10,0.0,11.4,4,82,08:24 PM,09:28 AM,07:15 AM,06:51 PM,3,11,13,11,29,23,54,0.0,1011,16,10,274,22,Spain
2020-10-05,19,11,0.0,11.3,5,74,08:52 PM,10:26 AM,07:16 AM,06:50 PM,3,13,14,13,25,11,49,0.0,1018,19,10,296,18,Spain
2020-10-06,23,14,0.0,11.3,5,67,09:24 PM,11:27 AM,07:17 AM,06:48 PM,7,18,19,18,8,7,48,0.0,1021,23,10,211,6,Spain
2020-10-07,27,19,0.0,11.3,6,60,10:02 PM,12:26 PM,07:18 AM,06:47 PM,12,23,23,23,6,2,54,0.0,1022,27,10,126,5,Spain
2020-10-08,25,18,0.0,11.3,6,53,10:46 PM,01:25 PM,07:19 AM,06:45 PM,10,23,23,22,8,10,49,0.0,1022,25,10,115,7,Spain
2020-10-09,29,19,0.0,11.2,6,45,11:39 PM,02:20 PM,07:20 AM,06:43 PM,9,24,24,23,6,3,40,0.0,1021,29,10,127,5,Spain
2020-10-10,25,19,0.0,11.2,6,38,No moonrise,03:11 PM,07:21 AM,06:42 PM,8,21,22,21,18,6,42,0.0,1022,25,10,51,13,Spain
2020-10-11,21,13,0.0,11.2,5,31,12:39 AM,03:57 PM,07:22 AM,06:40 PM,3,16,17,16,19,1,45,0.0,1025,21,10,44,15,Spain
2020-10-12,22,13,0.0,11.2,5,23,01:46 AM,04:37 PM,07:23 AM,06:39 PM,3,17,18,17,8,2,42,0.0,1024,22,10,126,7,Spain
2020-10-13,22,14,0.0,11.1,5,16,02:57 AM,05:12 PM,07:24 AM,06:37 PM,3,18,18,18,12,9,39,0.0,1018,22,10,300,10,Spain
2020-10-14,17,13,0.0,11.1,4,9,04:11 AM,05:45 PM,07:25 AM,06:36 PM,2,15,15,15,17,7,42,0.0,1014,17,10,252,14,Spain
2020-10-15,16,11,0.0,11.1,4,2,05:27 AM,06:15 PM,07:26 AM,06:34 PM,2,13,13,13,8,11,45,0.0,1018,16,10,210,7,Spain
2020-10-16,16,10,0.0,11.1,4,0,06:43 AM,06:45 PM,07:27 AM,06:33 PM,2,12,13,12,9,6,48,0.0,1019,16,10,130,7,Spain
2020-10-17,21,11,0.0,11.0,5,0,08:00 AM,07:18 PM,07:28 AM,06:31 PM,1,15,15,15,5,5,39,0.0,1017,21,10,127,4,Spain
2020-10-18,19,12,0.0,10.1,4,5,09:18 AM,07:53 PM,07:29 AM,06:30 PM,1,16,16,16,8,28,36,0.0,1019,19,10,71,6,Spain
2020-10-19,23,14,0.0,11.0,5,13,10:36 AM,08:34 PM,07:31 AM,06:28 PM,4,18,18,18,10,7,40,0.0,1017,23,10,108,8,Spain
2020-10-20,22,13,0.0,8.5,4,20,11:51 AM,09:22 PM,07:32 AM,06:27 PM,6,18,19,18,25,56,48,16.0,1011,22,9,164,17,Spain
2020-10-21,19,13,0.0,5.5,4,27,12:58 PM,10:15 PM,07:33 AM,06:25 PM,10,15,16,15,35,79,66,7.0,1010,19,8,208,25,Spain
2020-10-22,15,8,0.0,5.5,3,35,01:57 PM,11:15 PM,07:34 AM,06:24 PM,10,13,14,13,17,86,74,11.2,1014,15,9,182,12,Spain
2020-10-23,16,11,0.0,7.0,3,42,02:46 PM,No moonset,07:35 AM,06:22 PM,8,12,13,12,25,70,72,3.1,1021,16,10,237,19,Spain
2020-10-24,18,12,0.0,10.9,5,49,03:27 PM,12:18 AM,07:36 AM,06:21 PM,8,15,15,15,10,3,65,0.0,1024,18,10,229,9,Spain
2020-10-25,13,10,0.0,5.4,3,56,04:00 PM,01:22 AM,07:37 AM,06:20 PM,8,9,12,9,35,67,78,0.8,1018,13,9,232,26,Spain
2020-10-26,13,8,0.0,10.8,4,64,04:29 PM,02:24 AM,07:38 AM,06:18 PM,2,8,10,8,27,33,58,4.6,1018,13,10,291,21,Spain
2020-10-27,14,9,0.0,10.8,4,71,04:54 PM,03:26 AM,07:39 AM,06:17 PM,3,10,11,10,17,18,57,0.0,1021,14,10,257,13,Spain
2020-10-28,16,10,0.0,10.8,4,78,05:18 PM,04:25 AM,07:41 AM,06:16 PM,8,13,13,13,8,28,74,0.0,1022,16,10,227,6,Spain
2020-10-29,22,11,0.0,10.7,5,85,05:41 PM,05:24 AM,07:42 AM,06:15 PM,11,16,17,16,6,7,72,0.0,1025,22,10,78,5,Spain
2020-10-30,24,15,0.0,10.7,5,93,06:03 PM,06:22 AM,07:43 AM,06:13 PM,10,19,20,19,6,0,57,0.0,1025,24,10,109,5,Spain
2020-10-31,23,15,0.0,10.7,5,97,06:28 PM,07:21 AM,07:44 AM,06:12 PM,7,18,19,18,8,5,49,0.0,1025,23,10,131,6,Spain
2020-11-01,21,14,0.0,10.7,5,89,06:55 PM,08:20 AM,07:45 AM,06:11 PM,8,18,18,18,6,11,54,0.0,1025,21,10,216,4,Spain
2020-11-02,21,14,0.0,10.6,5,81,07:25 PM,09:20 AM,07:46 AM,06:10 PM,10,18,18,18,5,10,62,0.0,1023,21,10,191,4,Spain
2020-11-03,16,12,0.0,5.3,4,74,08:01 PM,10:20 AM,07:47 AM,06:09 PM,10,15,15,15,16,66,70,6.8,1023,16,10,118,12,Spain
2020-11-04,10,6,0.0,6.9,2,66,08:43 PM,11:20 AM,07:49 AM,06:08 PM,5,6,9,6,33,84,74,14.0,1019,10,8,46,26,Spain
2020-11-05,14,8,0.0,6.9,3,58,09:32 PM,12:16 PM,07:50 AM,06:07 PM,8,10,12,10,27,79,74,19.1,1018,14,8,77,19,Spain
2020-11-06,20,12,0.0,8.4,4,51,10:29 PM,01:08 PM,07:51 AM,06:05 PM,10,15,15,15,39,61,70,2.9,1015,20,10,108,28,Spain
2020-11-07,16,12,0.0,6.8,3,43,11:32 PM,01:54 PM,07:52 AM,06:04 PM,9,13,14,13,25,76,73,16.8,1018,16,9,201,19,Spain
2020-11-08,16,11,0.0,10.0,3,36,No moonrise,02:34 PM,07:53 AM,06:03 PM,9,14,14,14,8,32,73,0.0,1023,16,10,185,6,Spain
2020-11-09,15,12,0.0,8.4,3,28,12:39 AM,03:10 PM,07:54 AM,06:02 PM,9,13,13,13,6,64,74,1.3,1023,15,9,185,5,Spain
2020-11-10,20,12,0.0,10.5,5,21,01:50 AM,03:42 PM,07:56 AM,06:02 PM,9,15,16,15,6,6,68,0.0,1026,20,10,47,5,Spain
2020-11-11,17,10,0.0,10.4,4,13,03:01 AM,04:12 PM,07:57 AM,06:01 PM,7,14,14,14,7,20,64,0.0,1024,17,10,132,5,Spain
2020-11-12,15,11,0.0,10.4,3,6,04:15 AM,04:41 PM,07:58 AM,06:00 PM,6,13,13,13,9,48,60,0.0,1022,15,10,64,6,Spain
2020-11-13,15,10,0.0,8.7,3,0,05:31 AM,05:12 PM,07:59 AM,05:59 PM,5,12,13,12,10,36,62,0.0,1021,15,10,69,8,Spain
2020-11-14,13,11,0.0,3.6,3,0,06:47 AM,05:45 PM,08:00 AM,05:58 PM,8,12,12,12,6,78,79,4.1,1021,13,8,164,4,Spain
2020-11-15,16,11,0.0,7.0,3,0,08:06 AM,06:23 PM,08:01 AM,05:57 PM,11,13,13,13,17,63,86,0.3,1021,16,10,240,12,Spain
2020-11-16,19,13,0.0,8.7,5,2,09:24 AM,07:08 PM,08:02 AM,05:57 PM,12,15,15,15,8,18,81,0.0,1024,19,10,232,5,Spain
2020-11-17,18,11,0.0,8.7,4,9,10:38 AM,08:00 PM,08:03 AM,05:56 PM,11,15,15,15,4,25,80,0.0,1026,18,10,167,3,Spain
2020-11-18,19,13,0.0,8.7,5,17,11:44 AM,08:59 PM,08:05 AM,05:55 PM,11,16,16,16,3,5,72,0.0,1026,19,10,107,2,Spain
2020-11-19,20,14,0.0,8.7,5,24,12:40 PM,10:03 PM,08:06 AM,05:54 PM,7,16,16,16,13,10,55,0.0,1030,20,10,45,9,Spain
2020-11-20,18,11,0.0,8.7,4,32,01:25 PM,11:09 PM,08:07 AM,05:54 PM,4,13,14,13,10,8,52,0.0,1030,18,10,83,8,Spain
2020-11-21,15,8,0.0,8.7,3,39,02:02 PM,No moonset,08:08 AM,05:53 PM,-0,10,12,10,14,19,45,0.0,1028,15,10,69,11,Spain
2020-11-22,18,9,0.0,8.7,4,47,02:32 PM,12:14 AM,08:09 AM,05:53 PM,7,13,13,13,8,4,68,0.0,1027,18,10,77,7,Spain
2020-11-23,15,11,0.0,8.7,4,54,02:59 PM,01:17 AM,08:10 AM,05:52 PM,3,13,13,13,6,19,52,0.0,1026,15,10,95,5,Spain
2020-11-24,14,9,0.0,5.3,3,62,03:23 PM,02:17 AM,08:11 AM,05:52 PM,1,11,11,11,9,54,50,0.0,1023,14,10,155,6,Spain
2020-11-25,12,7,0.0,3.5,2,70,03:46 PM,03:16 AM,08:12 AM,05:51 PM,4,8,9,8,12,64,68,2.1,1015,12,10,154,9,Spain
2020-11-26,12,10,0.0,3.5,3,77,04:08 PM,04:14 AM,08:13 AM,05:51 PM,5,8,11,8,32,92,70,9.5,1010,12,8,105,22,Spain
2020-11-27,12,10,0.0,3.5,3,85,04:32 PM,05:13 AM,08:15 AM,05:50 PM,5,9,11,9,29,79,69,7.0,1009,12,7,66,20,Spain
2020-11-28,14,10,0.0,8.7,3,92,04:58 PM,06:12 AM,08:16 AM,05:50 PM,6,10,12,10,14,50,68,0.3,1008,14,9,94,10,Spain
2020-11-29,13,8,0.0,8.7,3,100,05:27 PM,07:12 AM,08:17 AM,05:50 PM,6,10,10,10,10,64,74,0.0,1015,13,10,100,7,Spain
2020-11-30,14,9,0.0,5.2,3,100,06:01 PM,08:13 AM,08:18 AM,05:49 PM,5,10,11,10,14,51,64,0.0,1021,14,10,45,10,Spain
2020-12-01,15,9,0.0,8.7,4,89,06:41 PM,09:14 AM,08:19 AM,05:49 PM,2,11,12,11,10,8,52,0.0,1023,15,10,120,6,Spain
2020-12-02,11,8,0.0,8.7,3,82,07:29 PM,10:12 AM,08:20 AM,05:49 PM,0,9,10,9,9,25,53,0.0,1019,11,10,147,7,Spain
2020-12-03,9,6,0.0,8.7,3,75,08:23 PM,11:06 AM,08:21 AM,05:49 PM,1,6,8,6,15,5,62,0.0,1015,9,10,221,12,Spain
2020-12-04,7,3,0.3,3.5,2,67,09:25 PM,11:54 AM,08:22 AM,05:48 PM,-2,1,5,1,34,75,63,4.4,1000,7,9,273,26,Spain
2020-12-05,6,2,0.0,8.7,2,60,10:29 PM,12:36 PM,08:22 AM,05:48 PM,-3,-1,4,-1,30,42,64,0.1,1004,6,10,270,22,Spain
2020-12-06,7,2,0.0,8.7,2,53,11:38 PM,01:12 PM,08:23 AM,05:48 PM,-2,-0,4,-0,33,21,62,0.0,1013,7,10,280,23,Spain
2020-12-07,10,4,0.0,3.5,2,46,No moonrise,01:44 PM,08:24 AM,05:48 PM,3,3,7,3,36,77,77,1.5,1010,10,10,258,25,Spain
2020-12-08,8,5,0.0,8.7,2,38,12:47 AM,02:13 PM,08:25 AM,05:48 PM,-0,2,6,2,34,42,64,4.9,1013,8,10,282,25,Spain
2020-12-09,8,4,0.0,7.0,2,31,01:57 AM,02:41 PM,08:26 AM,05:48 PM,-1,2,5,2,26,30,63,0.0,1021,8,10,276,18,Spain
2020-12-10,11,5,0.0,3.5,2,24,03:09 AM,03:10 PM,08:27 AM,05:48 PM,6,5,8,5,38,78,87,3.6,1013,11,8,247,24,Spain
2020-12-11,13,10,0.0,3.5,3,17,04:22 AM,03:40 PM,08:28 AM,05:49 PM,10,9,12,9,43,77,90,10.2,1009,13,9,252,27,Spain
2020-12-12,13,9,0.0,8.7,4,9,05:38 AM,04:14 PM,08:28 AM,05:49 PM,5,8,10,8,29,36,69,0.1,1015,13,10,271,19,Spain
2020-12-13,11,6,0.0,8.7,3,2,06:55 AM,04:54 PM,08:29 AM,05:49 PM,5,8,9,8,6,30,76,0.0,1017,11,10,220,5,Spain
2020-12-14,13,10,0.0,3.4,3,0,08:11 AM,05:43 PM,08:30 AM,05:49 PM,8,10,11,10,15,89,83,1.1,1012,13,8,182,11,Spain
2020-12-15,10,7,0.0,8.7,2,0,09:22 AM,06:39 PM,08:31 AM,05:49 PM,5,6,9,6,24,35,80,2.6,1016,10,10,233,18,Spain
2020-12-16,11,7,0.0,5.2,2,5,10:24 AM,07:43 PM,08:31 AM,05:50 PM,4,7,8,7,17,67,75,0.7,1015,11,10,189,12,Spain
2020-12-17,11,9,0.0,3.4,2,12,11:16 AM,08:49 PM,08:32 AM,05:50 PM,6,8,9,8,11,79,82,6.4,1021,11,8,111,8,Spain
2020-12-18,11,7,0.0,6.9,2,20,11:58 AM,09:57 PM,08:33 AM,05:50 PM,6,8,9,8,6,33,83,0.0,1023,11,10,173,4,Spain
2020-12-19,8,8,0.0,3.4,2,27,12:32 PM,11:03 PM,08:33 AM,05:51 PM,7,6,8,6,14,86,91,11.2,1020,8,9,219,10,Spain
2020-12-20,12,6,0.0,8.7,3,34,01:01 PM,No moonset,08:34 AM,05:51 PM,5,9,9,9,6,22,76,0.3,1025,12,9,265,4,Spain
2020-12-21,12,6,0.0,8.7,3,41,01:27 PM,12:05 AM,08:34 AM,05:52 PM,5,9,9,9,5,19,76,0.0,1029,12,10,220,4,Spain
2020-12-22,13,8,0.0,8.7,4,49,01:50 PM,01:06 AM,08:35 AM,05:52 PM,7,10,10,10,6,14,82,0.0,1027,13,10,66,4,Spain
2020-12-23,11,9,0.0,6.9,3,56,02:12 PM,02:05 AM,08:35 AM,05:53 PM,7,9,10,9,14,31,83,0.0,1024,11,10,186,10,Spain
2020-12-24,11,8,0.0,3.4,2,63,02:35 PM,03:03 AM,08:36 AM,05:53 PM,6,8,9,8,13,67,79,0.6,1024,11,10,141,9,Spain
2020-12-25,8,5,0.0,8.7,3,70,03:00 PM,04:02 AM,08:36 AM,05:54 PM,-4,4,6,4,19,11,49,0.0,1027,8,10,29,16,Spain
2020-12-26,11,4,0.0,8.7,3,78,03:28 PM,05:02 AM,08:36 AM,05:55 PM,-2,7,7,7,5,1,53,0.0,1030,11,10,181,5,Spain
2020-12-27,5,2,0.0,6.9,1,85,04:00 PM,06:02 AM,08:37 AM,05:55 PM,-2,2,4,2,22,23,63,0.0,1017,5,10,231,16,Spain
2020-12-28,7,3,0.0,8.7,2,92,04:38 PM,07:03 AM,08:37 AM,05:56 PM,-1,0,5,0,42,39,66,1.1,1004,7,9,272,29,Spain
2020-12-29,7,2,0.0,8.7,2,100,05:23 PM,08:03 AM,08:37 AM,05:57 PM,-2,-1,4,-1,30,33,69,0.1,1008,7,10,271,21,Spain
2020-12-30,7,2,0.0,8.7,1,100,06:16 PM,09:00 AM,08:37 AM,05:58 PM,-4,0,4,0,23,14,58,0.0,1019,7,10,294,16,Spain
2020-12-31,6,2,0.0,7.0,1,89,07:16 PM,09:51 AM,08:38 AM,05:58 PM,-1,0,4,0,22,44,73,0.1,1018,6,10,253,16,Spain
2021-01-01,6,3,0.1,8.7,1,79,08:21 PM,10:35 AM,08:38 AM,05:59 PM,-2,0,4,0,22,57,67,2.8,1012,6,9,294,17,Spain
2021-01-02,5,1,0.0,9.6,1,71,09:30 PM,11:14 AM,08:38 AM,06:00 PM,-6,-2,3,-2,28,21,52,0.0,1015,5,10,306,19,Spain
2021-01-03,6,0,0.0,9.6,2,64,10:39 PM,11:48 AM,08:38 AM,06:01 PM,-5,-1,3,-1,18,13,58,0.0,1019,6,10,275,13,Spain
2021-01-04,5,1,0.0,9.6,2,57,11:48 PM,12:17 PM,08:38 AM,06:02 PM,-4,-0,3,-0,16,19,64,0.0,1016,5,10,267,12,Spain
2021-01-05,9,1,0.0,9.7,2,50,No moonrise,12:45 PM,08:38 AM,06:03 PM,-3,4,4,4,6,4,60,0.0,1016,9,10,158,4,Spain
2021-01-06,5,2,0.0,9.7,1,42,12:58 AM,01:12 PM,08:38 AM,06:04 PM,-6,0,3,0,14,20,52,0.0,1015,5,10,52,11,Spain
2021-01-07,1,-6,10.8,4.8,1,35,02:08 AM,01:41 PM,08:38 AM,06:05 PM,-3,-4,0,-4,24,77,77,12.7,1013,1,6,42,17,Spain
2021-01-08,1,-0,0.0,4.8,1,28,03:21 AM,02:12 PM,08:38 AM,06:06 PM,-2,-6,0,-6,41,81,84,12.5,1011,1,4,44,28,Spain
2021-01-09,1,-2,5.6,4.9,1,20,04:34 AM,02:48 PM,08:37 AM,06:07 PM,-1,-5,-0,-5,33,100,98,37.7,1006,1,1,75,22,Spain
2021-01-10,1,-2,2.0,4.9,1,13,05:49 AM,03:31 PM,08:37 AM,06:08 PM,-0,-4,-0,-4,20,93,96,2.3,1014,1,6,41,12,Spain
2021-01-11,2,-5,0.0,9.7,2,6,07:01 AM,04:22 PM,08:37 AM,06:09 PM,-4,-5,-2,-5,18,12,86,0.0,1024,2,10,69,10,Spain
2021-01-12,4,1,0.0,9.7,2,0,08:06 AM,05:22 PM,08:37 AM,06:10 PM,-1,3,3,3,4,5,74,0.0,1031,4,10,187,3,Spain
2021-01-13,7,1,0.0,9.8,2,0,09:03 AM,06:27 PM,08:36 AM,06:11 PM,-2,3,3,3,4,5,68,0.0,1032,7,10,140,3,Spain
2021-01-14,7,1,0.0,9.8,2,1,09:50 AM,07:36 PM,08:36 AM,06:12 PM,-2,4,4,4,3,7,70,0.0,1030,7,10,137,2,Spain
2021-01-15,9,2,0.0,9.8,3,8,10:28 AM,08:43 PM,08:36 AM,06:13 PM,2,5,5,5,3,5,80,0.0,1030,9,10,160,2,Spain
2021-01-16,10,1,0.0,9.8,3,16,11:00 AM,09:49 PM,08:35 AM,06:14 PM,-1,4,5,4,3,5,69,0.0,1030,10,10,106,2,Spain
2021-01-17,9,3,0.0,9.8,3,23,11:27 AM,10:52 PM,08:35 AM,06:15 PM,-0,6,6,6,4,3,65,0.0,1031,9,10,83,3,Spain
2021-01-18,10,3,0.0,9.8,3,30,11:52 AM,11:53 PM,08:34 AM,06:16 PM,1,5,6,5,7,6,77,0.0,1029,10,10,67,4,Spain
2021-01-19,8,2,0.0,9.8,3,38,12:14 PM,No moonset,08:34 AM,06:17 PM,2,4,5,4,8,11,85,0.0,1025,8,10,100,5,Spain
2021-01-20,7,2,0.0,4.9,1,45,12:37 PM,12:52 AM,08:33 AM,06:19 PM,3,2,4,2,23,89,93,9.7,1014,7,9,175,14,Spain
2021-01-21,9,3,0.0,4.9,2,52,01:01 PM,01:51 AM,08:32 AM,06:20 PM,7,4,8,4,44,96,92,4.0,1013,9,6,234,29,Spain
2021-01-22,10,5,0.0,4.9,2,59,01:28 PM,02:50 AM,08:32 AM,06:21 PM,4,4,8,4,50,79,74,2.6,1011,10,9,255,34,Spain
2021-01-23,8,3,0.0,8.3,2,67,01:58 PM,03:50 AM,08:31 AM,06:22 PM,3,1,5,1,38,64,87,0.9,1014,8,9,242,26,Spain
2021-01-24,10,5,0.0,9.9,3,74,02:32 PM,04:50 AM,08:30 AM,06:23 PM,4,5,8,5,32,52,79,1.3,1013,10,10,253,21,Spain
2021-01-25,12,7,0.0,5.0,2,81,03:15 PM,05:51 AM,08:30 AM,06:24 PM,8,6,9,6,33,86,88,2.1,1014,12,7,246,22,Spain
2021-01-26,12,10,0.0,5.0,3,88,04:05 PM,06:49 AM,08:29 AM,06:26 PM,10,9,11,9,29,65,93,3.4,1021,12,8,250,17,Spain
2021-01-27,17,10,0.0,10.0,3,96,05:03 PM,07:43 AM,08:28 AM,06:27 PM,10,12,13,12,14,38,85,0.1,1026,17,8,268,9,Spain
2021-01-28,17,10,0.0,10.0,3,100,06:08 PM,08:30 AM,08:27 AM,06:28 PM,10,13,13,13,8,23,85,0.0,1025,17,8,245,5,Spain
2021-01-29,15,9,0.0,10.0,3,90,07:17 PM,09:12 AM,08:26 AM,06:29 PM,9,11,12,11,14,20,85,0.0,1022,15,9,240,10,Spain
2021-01-30,11,8,0.0,5.0,3,82,08:27 PM,09:48 AM,08:26 AM,06:31 PM,5,6,10,6,41,82,72,1.2,1015,11,10,261,30,Spain
2021-01-31,13,6,0.0,10.1,3,79,09:39 PM,10:19 AM,08:25 AM,06:32 PM,5,6,9,6,37,35,73,0.0,1015,13,10,252,25,Spain
2021-02-01,14,8,0.0,10.1,4,63,10:49 PM,10:48 AM,08:24 AM,06:33 PM,6,8,10,8,33,25,75,0.0,1017,14,10,250,21,Spain
2021-02-02,11,7,0.0,5.1,2,55,No moonrise,11:16 AM,08:23 AM,06:34 PM,7,7,9,7,19,66,84,0.1,1020,11,10,238,13,Spain
2021-02-03,12,9,0.0,5.1,3,48,12:00 AM,11:44 AM,08:22 AM,06:35 PM,7,8,10,8,21,85,84,0.7,1014,12,9,220,15,Spain
2021-02-04,15,9,0.0,10.0,3,40,01:12 AM,12:14 PM,08:21 AM,06:37 PM,7,11,11,11,11,67,79,0.3,1011,15,8,176,8,Spain
2021-02-05,16,10,0.0,6.7,3,33,02:24 AM,12:47 PM,08:20 AM,06:38 PM,6,11,12,11,22,75,66,3.7,1003,16,9,86,15,Spain
2021-02-06,10,8,0.0,10.0,2,25,03:37 AM,01:27 PM,08:19 AM,06:39 PM,5,7,9,7,20,76,77,19.4,1000,10,8,215,16,Spain
2021-02-07,10,7,0.0,10.0,3,18,04:48 AM,02:13 PM,08:18 AM,06:40 PM,3,6,8,6,19,55,70,2.1,1008,10,10,164,15,Spain
