date_time,Timor-Leste_maxtempC,Timor-Leste_mintempC,Timor-Leste_totalSnow_cm,Timor-Leste_sunHour,Timor-Leste_uvIndex,Timor-Leste_moon_illumination,Timor-Leste_moonrise,Timor-Leste_moonset,Timor-Leste_sunrise,Timor-Leste_sunset,Timor-Leste_DewPointC,Timor-Leste_FeelsLikeC,Timor-Leste_HeatIndexC,Timor-Leste_WindChillC,Timor-Leste_WindGustKmph,Timor-Leste_cloudcover,Timor-Leste_humidity,Timor-Leste_precipMM,Timor-Leste_pressure,Timor-Leste_tempC,Timor-Leste_visibility,Timor-Leste_winddirDegree,Timor-Leste_windspeedKmph,Timor-Leste_location
2020-01-01,7,1,0.0,7.9,2,37,12:02 PM,11:08 PM,08:32 AM,04:25 PM,-2,2,3,2,12,6,71,0.0,1034,7,10,143,7,Timor-Leste
2020-01-02,6,-0,0.0,7.9,2,44,12:19 PM,No moonset,08:32 AM,04:26 PM,-2,2,4,2,13,6,65,0.0,1029,6,10,185,7,Timor-Leste
2020-01-03,8,2,0.0,3.0,2,51,12:35 PM,12:14 AM,08:32 AM,04:27 PM,4,2,6,2,36,91,88,4.5,1020,8,7,245,22,Timor-Leste
2020-01-04,5,3,0.0,3.0,1,59,12:52 PM,01:21 AM,08:32 AM,04:29 PM,2,-1,4,-1,36,98,89,3.0,1027,5,8,278,24,Timor-Leste
2020-01-05,5,3,0.0,3.0,1,66,01:10 PM,02:28 AM,08:32 AM,04:30 PM,3,1,4,1,21,81,92,4.4,1033,5,8,254,14,Timor-Leste
2020-01-06,6,2,0.0,6.8,1,73,01:32 PM,03:39 AM,08:31 AM,04:31 PM,2,1,4,1,14,51,87,0.0,1028,6,10,203,9,Timor-Leste
2020-01-07,6,1,0.0,3.0,1,80,01:58 PM,04:50 AM,08:31 AM,04:32 PM,2,1,4,1,21,64,91,1.1,1025,6,8,239,13,Timor-Leste
2020-01-08,9,3,0.0,3.0,2,88,02:31 PM,06:02 AM,08:30 AM,04:34 PM,5,4,7,4,27,83,86,0.6,1023,9,8,211,15,Timor-Leste
2020-01-09,11,8,0.0,3.0,2,95,03:16 PM,07:12 AM,08:30 AM,04:35 PM,8,8,10,8,22,96,91,5.6,1017,11,5,209,14,Timor-Leste
2020-01-10,6,5,0.0,3.0,2,100,04:13 PM,08:15 AM,08:29 AM,04:36 PM,4,3,7,3,40,89,86,10.0,1014,6,7,240,26,Timor-Leste
2020-01-11,5,-2,0.0,8.1,1,100,05:24 PM,09:09 AM,08:29 AM,04:38 PM,1,-1,2,-1,16,52,88,0.3,1031,5,8,222,10,Timor-Leste
2020-01-12,6,-2,0.0,6.8,1,83,06:43 PM,09:52 AM,08:28 AM,04:39 PM,0,-0,3,-0,31,38,77,0.4,1023,6,9,219,18,Timor-Leste
2020-01-13,6,1,0.0,3.1,1,76,08:06 PM,10:25 AM,08:27 AM,04:41 PM,3,1,4,1,26,72,84,0.6,1018,6,10,204,16,Timor-Leste
2020-01-14,9,3,0.0,3.1,2,69,09:30 PM,10:52 AM,08:27 AM,04:42 PM,4,4,8,4,43,79,78,2.3,1009,9,9,205,27,Timor-Leste
2020-01-15,10,7,0.0,8.2,2,61,10:52 PM,11:14 AM,08:26 AM,04:44 PM,4,6,9,6,42,64,72,0.3,1012,10,9,212,26,Timor-Leste
2020-01-16,8,2,0.0,6.8,2,54,No moonrise,11:35 AM,08:25 AM,04:45 PM,3,3,5,3,21,31,83,0.7,1025,8,10,185,12,Timor-Leste
2020-01-17,9,4,0.0,8.2,2,47,12:13 AM,11:55 AM,08:24 AM,04:47 PM,4,4,7,4,28,41,81,0.0,1018,9,10,181,16,Timor-Leste
2020-01-18,3,2,6.1,3.1,1,40,01:33 AM,12:16 PM,08:23 AM,04:49 PM,1,-2,3,-2,33,96,85,7.5,1021,3,5,254,23,Timor-Leste
2020-01-19,4,1,4.6,3.1,1,32,02:52 AM,12:40 PM,08:22 AM,04:50 PM,0,-2,2,-2,21,81,89,5.4,1032,4,5,305,14,Timor-Leste
2020-01-20,4,1,0.0,5.0,1,25,04:10 AM,01:09 PM,08:21 AM,04:52 PM,1,1,2,1,6,64,93,0.0,1046,4,7,207,4,Timor-Leste
2020-01-21,5,2,0.0,8.3,2,18,05:24 AM,01:45 PM,08:20 AM,04:54 PM,-1,2,4,2,6,1,73,0.0,1042,5,10,223,5,Timor-Leste
2020-01-22,2,0,0.0,3.1,1,11,06:32 AM,02:28 PM,08:19 AM,04:55 PM,-1,-0,1,-0,10,51,83,0.0,1036,2,8,261,6,Timor-Leste
2020-01-23,5,0,0.0,8.4,1,3,07:30 AM,03:22 PM,08:18 AM,04:57 PM,1,1,3,1,9,29,88,0.0,1033,5,7,130,6,Timor-Leste
2020-01-24,6,-3,0.0,8.4,2,0,08:17 AM,04:23 PM,08:17 AM,04:59 PM,0,2,3,2,5,4,79,0.0,1025,6,10,219,3,Timor-Leste
2020-01-25,5,-2,0.0,8.7,2,0,08:55 AM,05:30 PM,08:15 AM,05:01 PM,0,2,3,2,6,10,83,0.0,1022,5,10,162,4,Timor-Leste
2020-01-26,7,-0,0.0,8.7,2,4,09:24 AM,06:38 PM,08:14 AM,05:02 PM,2,2,4,2,16,20,85,0.0,1018,7,10,174,9,Timor-Leste
2020-01-27,7,2,0.0,3.3,2,11,09:47 AM,07:46 PM,08:13 AM,05:04 PM,3,2,5,2,30,82,88,5.6,1009,7,9,201,18,Timor-Leste
2020-01-28,5,-2,0.1,3.4,1,18,10:07 AM,08:54 PM,08:11 AM,05:06 PM,1,-1,4,-1,34,90,84,9.2,995,5,5,229,23,Timor-Leste
2020-01-29,3,0,0.6,3.4,1,26,10:24 AM,10:00 PM,08:10 AM,05:08 PM,-0,-4,2,-4,38,91,86,2.4,1006,3,3,260,26,Timor-Leste
2020-01-30,8,2,0.0,6.9,2,33,10:40 AM,11:06 PM,08:09 AM,05:10 PM,3,1,5,1,36,74,83,0.1,1008,8,10,235,23,Timor-Leste
2020-01-31,10,6,0.0,3.4,2,37,10:56 AM,No moonset,08:07 AM,05:12 PM,7,6,9,6,40,89,85,2.1,1007,10,9,254,27,Timor-Leste
2020-02-01,11,7,0.0,3.4,3,49,11:14 AM,12:13 AM,08:06 AM,05:13 PM,7,7,10,7,35,100,82,3.9,1005,11,9,241,23,Timor-Leste
2020-02-02,7,2,0.0,3.4,2,57,11:33 AM,01:21 AM,08:04 AM,05:15 PM,5,3,6,3,35,100,85,2.0,1009,7,8,252,23,Timor-Leste
2020-02-03,8,5,0.0,3.4,2,64,11:56 AM,02:29 AM,08:02 AM,05:17 PM,5,3,7,3,38,96,84,5.8,1010,8,10,269,25,Timor-Leste
2020-02-04,4,-2,5.1,3.4,1,72,12:25 PM,03:41 AM,08:01 AM,05:19 PM,1,-2,3,-2,35,90,85,8.4,1011,4,6,286,24,Timor-Leste
2020-02-05,5,-0,0.1,8.7,1,79,01:04 PM,04:50 AM,07:59 AM,05:21 PM,-1,-1,2,-1,17,56,82,0.1,1032,5,10,287,11,Timor-Leste
2020-02-06,5,-1,0.0,8.7,2,87,01:54 PM,05:57 AM,07:58 AM,05:23 PM,0,-1,2,-1,16,43,88,0.0,1031,5,10,260,10,Timor-Leste
2020-02-07,7,2,0.0,8.7,2,95,02:58 PM,06:55 AM,07:56 AM,05:25 PM,1,2,4,2,14,21,81,0.0,1027,7,10,171,10,Timor-Leste
2020-02-08,8,2,0.0,5.3,2,100,04:14 PM,07:43 AM,07:54 AM,05:26 PM,1,2,4,2,20,48,78,0.0,1021,8,10,180,11,Timor-Leste
2020-02-09,10,5,0.0,5.3,2,100,05:38 PM,08:21 AM,07:52 AM,05:28 PM,4,4,8,4,43,74,74,0.3,1013,10,9,209,28,Timor-Leste
2020-02-10,7,3,0.0,3.7,2,83,07:05 PM,08:51 AM,07:51 AM,05:30 PM,2,1,6,1,55,81,77,38.6,994,7,8,250,37,Timor-Leste
2020-02-11,3,1,0.0,3.7,1,75,08:31 PM,09:17 AM,07:49 AM,05:32 PM,-3,-4,2,-4,52,85,72,10.5,1004,3,1,261,36,Timor-Leste
2020-02-12,3,0,0.3,3.7,1,68,09:56 PM,09:39 AM,07:47 AM,05:34 PM,-3,-5,1,-5,42,90,74,3.6,1013,3,2,256,28,Timor-Leste
2020-02-13,3,-5,3.3,3.7,1,60,11:19 PM,09:59 AM,07:45 AM,05:36 PM,-0,-3,1,-3,29,72,87,4.9,1007,3,7,197,18,Timor-Leste
2020-02-14,6,0,0.0,3.7,1,53,No moonrise,10:20 AM,07:43 AM,05:37 PM,3,1,4,1,24,88,90,1.9,1014,6,7,251,16,Timor-Leste
2020-02-15,10,2,0.0,8.7,2,45,12:41 AM,10:44 AM,07:41 AM,05:39 PM,3,3,6,3,27,44,80,0.0,1020,10,10,204,17,Timor-Leste
2020-02-16,14,6,0.0,5.4,3,38,02:00 AM,11:12 AM,07:40 AM,05:41 PM,6,8,11,8,53,80,68,0.9,1009,14,9,218,33,Timor-Leste
2020-02-17,7,5,0.0,5.4,2,30,03:16 AM,11:45 AM,07:38 AM,05:43 PM,2,3,6,3,32,67,75,7.0,1014,7,8,241,22,Timor-Leste
2020-02-18,6,1,0.0,3.8,1,22,04:25 AM,12:25 PM,07:36 AM,05:45 PM,2,0,5,0,38,89,80,6.9,1019,6,10,248,27,Timor-Leste
2020-02-19,4,1,0.2,3.8,1,15,05:26 AM,01:16 PM,07:34 AM,05:47 PM,0,-2,3,-2,37,88,80,10.4,1017,4,6,254,25,Timor-Leste
2020-02-20,7,2,0.1,3.8,2,7,06:16 AM,02:14 PM,07:32 AM,05:48 PM,3,2,5,2,30,94,83,4.2,1015,7,8,224,20,Timor-Leste
2020-02-21,5,2,0.6,3.8,1,0,06:55 AM,03:18 PM,07:30 AM,05:50 PM,-0,-1,4,-1,37,93,77,6.6,1023,5,8,258,26,Timor-Leste
2020-02-22,8,2,0.0,5.5,2,0,07:27 AM,04:26 PM,07:28 AM,05:52 PM,1,2,6,2,48,65,70,2.7,1019,8,9,244,30,Timor-Leste
2020-02-23,11,4,0.0,3.9,2,0,07:52 AM,05:34 PM,07:25 AM,05:54 PM,4,2,7,2,48,99,86,25.0,1014,11,6,265,33,Timor-Leste
2020-02-24,9,1,0.3,3.9,1,0,08:12 AM,06:42 PM,07:23 AM,05:56 PM,2,1,5,1,31,83,84,3.3,1016,9,7,230,20,Timor-Leste
2020-02-25,6,3,0.0,3.9,2,8,08:30 AM,07:49 PM,07:21 AM,05:57 PM,2,1,5,1,39,89,77,5.9,1000,6,7,255,28,Timor-Leste
2020-02-26,2,1,5.4,3.9,1,15,08:46 AM,08:55 PM,07:19 AM,05:59 PM,-0,-4,1,-4,29,82,89,8.3,997,2,5,247,20,Timor-Leste
2020-02-27,3,-4,2.0,5.4,1,23,09:02 AM,10:01 PM,07:17 AM,06:01 PM,-0,-4,1,-4,34,85,86,3.7,1003,3,8,225,23,Timor-Leste
2020-02-28,5,0,0.0,5.4,1,30,09:18 AM,11:08 PM,07:15 AM,06:03 PM,0,-2,3,-2,37,93,79,1.7,1001,5,6,239,27,Timor-Leste
2020-02-29,10,2,1.3,5.5,2,38,09:36 AM,No moonset,07:13 AM,06:04 PM,4,2,6,2,37,96,84,11.5,998,10,8,203,25,Timor-Leste
2020-03-01,6,3,0.5,5.5,1,44,09:57 AM,12:16 AM,07:10 AM,06:06 PM,1,-1,4,-1,35,76,80,1.4,995,6,8,215,24,Timor-Leste
2020-03-02,6,2,1.9,5.5,1,51,10:23 AM,01:25 AM,07:08 AM,06:08 PM,2,-0,4,-0,29,86,85,8.6,991,6,7,212,21,Timor-Leste
2020-03-03,6,1,0.2,8.6,1,58,10:56 AM,02:33 AM,07:06 AM,06:10 PM,0,-0,3,-0,23,60,81,2.7,1002,6,8,244,17,Timor-Leste
2020-03-04,6,2,1.9,5.5,1,65,11:39 AM,03:40 AM,07:04 AM,06:11 PM,1,-1,3,-1,25,88,86,5.0,1011,6,7,242,17,Timor-Leste
2020-03-05,6,-3,0.0,5.6,1,73,12:35 PM,04:40 AM,07:02 AM,06:13 PM,2,-1,3,-1,27,85,86,10.4,998,6,9,155,19,Timor-Leste
2020-03-06,6,3,0.0,5.8,1,80,01:44 PM,05:33 AM,06:59 AM,06:15 PM,4,0,4,0,31,99,95,21.2,990,6,6,233,22,Timor-Leste
2020-03-07,6,3,5.2,5.8,1,87,03:04 PM,06:14 AM,06:57 AM,06:17 PM,1,-0,4,-0,29,86,85,6.6,1012,6,6,276,21,Timor-Leste
2020-03-08,8,3,0.0,7.3,2,95,04:29 PM,06:48 AM,06:55 AM,06:18 PM,3,2,6,2,28,70,83,2.5,1014,8,9,203,18,Timor-Leste
2020-03-09,7,4,0.0,5.8,2,100,05:58 PM,07:15 AM,06:52 AM,06:20 PM,2,1,5,1,27,85,84,3.3,1012,7,10,240,18,Timor-Leste
2020-03-10,10,3,0.0,5.9,2,100,07:26 PM,07:39 AM,06:50 AM,06:22 PM,6,3,7,3,37,99,89,16.7,1007,10,8,228,24,Timor-Leste
2020-03-11,11,6,0.0,5.9,3,84,08:53 PM,08:00 AM,06:48 AM,06:24 PM,9,7,10,7,40,99,89,16.3,1010,11,8,251,27,Timor-Leste
2020-03-12,9,4,0.0,5.9,2,76,10:19 PM,08:22 AM,06:46 AM,06:25 PM,5,4,8,4,38,89,81,13.7,1010,9,9,255,26,Timor-Leste
2020-03-13,7,4,0.0,5.9,2,69,11:44 PM,08:45 AM,06:43 AM,06:27 PM,1,-0,5,-0,37,91,80,5.9,1014,7,10,260,26,Timor-Leste
2020-03-14,8,0,0.0,11.6,2,62,No moonrise,09:11 AM,06:41 AM,06:29 PM,-1,1,3,1,15,15,73,0.1,1023,8,10,164,10,Timor-Leste
2020-03-15,12,4,0.0,11.6,2,55,01:04 AM,09:43 AM,06:39 AM,06:31 PM,2,4,7,4,28,50,71,0.0,1016,12,10,176,17,Timor-Leste
2020-03-16,13,6,0.0,10.2,3,47,02:18 AM,10:22 AM,06:36 AM,06:32 PM,5,8,9,8,13,35,77,0.1,1020,13,10,242,8,Timor-Leste
2020-03-17,12,7,0.0,11.6,2,40,03:23 AM,11:10 AM,06:34 AM,06:34 PM,4,8,9,8,12,38,74,0.0,1028,12,10,248,8,Timor-Leste
2020-03-18,14,6,0.0,10.2,3,33,04:16 AM,12:07 PM,06:32 AM,06:36 PM,5,8,10,8,21,32,75,0.0,1026,14,10,226,13,Timor-Leste
2020-03-19,14,7,0.0,10.2,3,25,04:58 AM,01:10 PM,06:30 AM,06:38 PM,7,10,10,10,12,31,81,0.4,1024,14,10,219,7,Timor-Leste
2020-03-20,7,4,0.0,6.1,2,18,05:32 AM,02:16 PM,06:27 AM,06:39 PM,5,4,6,4,16,97,94,5.9,1025,7,7,35,12,Timor-Leste
2020-03-21,6,1,0.0,11.6,1,11,05:57 AM,03:25 PM,06:25 AM,06:41 PM,-2,-1,3,-1,26,27,74,0.2,1029,6,9,68,19,Timor-Leste
2020-03-22,5,-2,0.0,11.6,2,4,06:18 AM,04:32 PM,06:23 AM,06:43 PM,-7,-4,1,-4,31,0,57,0.0,1033,5,10,94,21,Timor-Leste
2020-03-23,6,-3,0.0,11.6,2,0,06:36 AM,05:40 PM,06:20 AM,06:44 PM,-11,-3,2,-3,30,2,42,0.0,1036,6,10,115,20,Timor-Leste
2020-03-24,7,-2,0.0,11.6,2,0,06:53 AM,06:46 PM,06:18 AM,06:46 PM,-9,-2,2,-2,27,2,44,0.0,1034,7,10,120,18,Timor-Leste
2020-03-25,8,-1,0.0,11.6,2,3,07:09 AM,07:53 PM,06:16 AM,06:48 PM,-7,0,4,0,23,11,51,0.0,1029,8,10,106,15,Timor-Leste
2020-03-26,9,-2,0.0,11.6,2,11,07:25 AM,08:59 PM,06:13 AM,06:50 PM,-4,-1,3,-1,27,3,61,0.0,1024,9,10,91,18,Timor-Leste
2020-03-27,12,0,0.0,11.6,2,18,07:42 AM,10:07 PM,06:11 AM,06:51 PM,2,3,6,3,21,25,75,0.0,1021,12,10,81,14,Timor-Leste
2020-03-28,11,4,0.0,11.6,2,25,08:01 AM,11:16 PM,06:09 AM,06:53 PM,3,6,8,6,17,13,79,0.0,1022,11,9,103,12,Timor-Leste
2020-03-29,3,-2,1.4,6.2,1,32,08:24 AM,No moonset,06:07 AM,06:55 PM,-3,-4,1,-4,29,76,78,5.5,1027,3,5,152,20,Timor-Leste
2020-03-30,3,-3,0.6,7.6,1,40,08:54 AM,12:24 AM,06:04 AM,06:56 PM,-3,-3,0,-3,12,52,79,0.8,1028,3,8,222,10,Timor-Leste
2020-03-31,6,-2,0.0,11.6,2,44,09:32 AM,01:31 AM,06:02 AM,06:58 PM,-4,0,2,0,9,20,70,0.3,1030,6,10,45,7,Timor-Leste
2020-04-01,7,0,0.0,12.0,1,56,10:21 AM,02:32 AM,06:00 AM,07:00 PM,-2,1,3,1,12,38,69,0.0,1023,7,10,253,8,Timor-Leste
2020-04-02,7,0,0.0,10.8,1,64,11:23 AM,03:26 AM,05:58 AM,07:02 PM,0,1,4,1,20,73,78,0.2,1014,7,10,244,13,Timor-Leste
2020-04-03,7,2,0.9,9.6,2,71,12:36 PM,04:10 AM,05:55 AM,07:03 PM,1,2,4,2,20,78,78,3.6,1014,7,8,284,14,Timor-Leste
2020-04-04,11,1,0.0,13.5,3,79,01:57 PM,04:45 AM,05:53 AM,07:05 PM,0,5,6,5,12,9,70,0.0,1025,11,10,153,8,Timor-Leste
2020-04-05,16,4,0.0,13.6,4,87,03:23 PM,05:14 AM,05:51 AM,07:07 PM,3,7,9,7,26,2,68,0.0,1024,16,10,140,16,Timor-Leste
2020-04-06,19,7,0.0,13.6,5,94,04:50 PM,05:39 AM,05:49 AM,07:08 PM,5,12,14,12,21,1,61,0.0,1023,19,10,185,12,Timor-Leste
2020-04-07,16,8,0.0,13.3,3,100,06:18 PM,06:01 AM,05:47 AM,07:10 PM,8,11,12,11,11,37,80,0.1,1030,16,9,162,7,Timor-Leste
2020-04-08,20,10,0.0,13.7,5,100,07:47 PM,06:21 AM,05:44 AM,07:12 PM,9,14,15,14,13,38,72,0.2,1026,20,10,206,8,Timor-Leste
2020-04-09,17,10,0.0,12.1,3,83,09:14 PM,06:44 AM,05:42 AM,07:14 PM,9,13,13,13,11,46,76,0.8,1025,17,9,235,7,Timor-Leste
2020-04-10,13,6,0.0,13.3,3,76,10:40 PM,07:09 AM,05:40 AM,07:15 PM,2,9,10,9,10,47,63,0.0,1028,13,10,84,7,Timor-Leste
2020-04-11,18,5,0.0,13.8,4,68,No moonrise,07:39 AM,05:38 AM,07:17 PM,4,10,11,10,14,3,62,0.0,1025,18,10,124,9,Timor-Leste
2020-04-12,19,10,0.0,13.8,4,61,12:01 AM,08:15 AM,05:36 AM,07:19 PM,7,14,15,14,14,26,65,0.3,1016,19,10,218,9,Timor-Leste
2020-04-13,8,2,0.0,12.2,2,53,01:13 AM,09:01 AM,05:33 AM,07:20 PM,2,3,6,3,21,48,74,0.4,1019,8,10,333,16,Timor-Leste
2020-04-14,7,1,0.4,12.2,1,46,02:12 AM,09:56 AM,05:31 AM,07:22 PM,-1,0,4,0,18,48,73,0.6,1026,7,9,316,13,Timor-Leste
2020-04-15,15,0,0.0,14.0,4,38,03:00 AM,10:59 AM,05:29 AM,07:24 PM,3,7,8,7,9,16,73,0.0,1025,15,10,261,6,Timor-Leste
2020-04-16,20,7,0.0,13.3,4,30,03:36 AM,12:06 PM,05:27 AM,07:25 PM,6,13,13,13,8,25,66,0.0,1018,20,10,213,5,Timor-Leste
2020-04-17,17,7,0.0,14.0,4,23,04:04 AM,01:14 PM,05:25 AM,07:27 PM,6,11,12,11,12,9,73,0.0,1018,17,10,63,8,Timor-Leste
2020-04-18,20,8,0.0,9.9,4,15,04:26 AM,02:22 PM,05:22 AM,07:29 PM,9,13,14,13,13,60,77,7.3,1016,20,9,95,8,Timor-Leste
2020-04-19,15,8,0.0,13.4,3,8,04:44 AM,03:30 PM,05:20 AM,07:31 PM,5,9,11,9,23,34,68,0.0,1021,15,10,94,16,Timor-Leste
2020-04-20,13,4,0.0,14.1,3,0,05:01 AM,04:36 PM,05:18 AM,07:32 PM,0,5,8,5,35,0,58,0.0,1023,13,10,92,24,Timor-Leste
2020-04-21,15,5,0.0,14.2,4,0,05:16 AM,05:43 PM,05:16 AM,07:34 PM,2,6,10,6,38,0,60,0.0,1021,15,10,91,26,Timor-Leste
2020-04-22,16,6,0.0,14.2,4,0,05:32 AM,06:50 PM,05:14 AM,07:36 PM,4,8,10,8,32,0,64,0.0,1023,16,10,91,22,Timor-Leste
2020-04-23,18,7,0.0,14.3,4,0,05:48 AM,07:58 PM,05:12 AM,07:37 PM,6,10,12,10,19,10,70,0.0,1021,18,10,105,13,Timor-Leste
2020-04-24,17,10,0.0,13.4,3,7,06:06 AM,09:07 PM,05:10 AM,07:39 PM,7,12,13,12,15,38,71,0.0,1013,17,10,278,10,Timor-Leste
2020-04-25,16,5,0.0,12.3,3,15,06:28 AM,10:16 PM,05:08 AM,07:41 PM,5,9,9,9,8,41,77,0.0,1012,16,9,270,6,Timor-Leste
2020-04-26,16,7,0.0,14.4,4,22,06:55 AM,11:25 PM,05:06 AM,07:42 PM,6,11,11,11,7,7,72,0.0,1010,16,10,210,5,Timor-Leste
2020-04-27,19,7,0.0,14.4,5,30,07:30 AM,No moonset,05:04 AM,07:44 PM,6,13,13,13,11,17,66,0.0,1008,19,10,218,7,Timor-Leste
2020-04-28,15,10,0.0,10.1,3,37,08:15 AM,12:27 AM,05:02 AM,07:46 PM,9,12,12,12,10,75,81,3.3,1004,15,7,199,6,Timor-Leste
2020-04-29,15,10,0.0,10.1,3,45,09:12 AM,01:24 AM,05:00 AM,07:47 PM,9,11,12,11,17,78,84,3.0,1004,15,8,239,12,Timor-Leste
2020-04-30,14,9,0.0,10.4,3,52,10:19 AM,02:09 AM,04:58 AM,07:49 PM,6,9,11,9,27,83,74,2.9,1003,14,8,213,19,Timor-Leste
2020-05-01,13,6,0.0,11.4,3,58,11:36 AM,02:47 AM,04:56 AM,07:51 PM,6,6,9,6,29,63,83,5.2,1003,13,9,219,19,Timor-Leste
2020-05-02,11,6,0.0,9.4,2,65,12:57 PM,03:17 AM,04:54 AM,07:52 PM,6,5,8,5,31,77,87,7.2,1007,11,9,253,21,Timor-Leste
2020-05-03,15,4,0.0,10.4,3,72,02:20 PM,03:42 AM,04:52 AM,07:54 PM,6,8,10,8,16,64,79,0.2,1016,15,8,258,11,Timor-Leste
2020-05-04,11,6,0.0,10.4,2,80,03:46 PM,04:03 AM,04:50 AM,07:55 PM,7,8,9,8,11,77,88,4.4,1018,11,8,181,8,Timor-Leste
2020-05-05,13,2,0.0,14.5,2,87,05:13 PM,04:23 AM,04:49 AM,07:57 PM,2,6,7,6,10,5,71,0.0,1023,13,8,47,7,Timor-Leste
2020-05-06,15,4,0.0,14.5,4,94,06:40 PM,04:44 AM,04:47 AM,07:59 PM,3,9,10,9,11,5,64,0.0,1024,15,10,78,7,Timor-Leste
2020-05-07,16,3,0.0,14.5,4,100,08:08 PM,05:07 AM,04:45 AM,08:00 PM,4,9,10,9,9,9,68,0.0,1024,16,10,282,6,Timor-Leste
2020-05-08,18,9,0.0,13.5,5,100,09:33 PM,05:34 AM,04:43 AM,08:02 PM,7,13,14,13,7,35,67,0.0,1019,18,10,218,5,Timor-Leste
2020-05-09,21,9,0.0,14.5,4,84,10:52 PM,06:06 AM,04:42 AM,08:03 PM,10,15,15,15,13,40,73,1.1,1014,21,10,110,8,Timor-Leste
2020-05-10,18,11,0.0,9.8,4,77,No moonrise,06:49 AM,04:40 AM,08:05 PM,12,13,14,13,17,71,92,9.5,1006,18,9,197,11,Timor-Leste
2020-05-11,9,2,0.2,12.6,2,70,12:00 AM,07:41 AM,04:38 AM,08:06 PM,1,2,5,2,28,54,74,0.7,1011,9,9,136,22,Timor-Leste
2020-05-12,9,0,0.0,12.6,2,62,12:55 AM,08:43 AM,04:37 AM,08:08 PM,0,3,6,3,14,36,72,0.1,1018,9,10,273,10,Timor-Leste
2020-05-13,12,1,0.0,14.5,2,55,01:37 AM,09:51 AM,04:35 AM,08:10 PM,1,5,6,5,13,19,72,0.0,1017,12,8,105,10,Timor-Leste
2020-05-14,11,3,0.0,11.7,2,48,02:08 AM,11:00 AM,04:34 AM,08:11 PM,2,4,7,4,16,61,77,0.0,1017,11,8,60,12,Timor-Leste
2020-05-15,10,1,0.0,12.7,2,40,02:32 AM,12:10 PM,04:32 AM,08:13 PM,2,5,6,5,12,35,78,0.1,1020,10,8,243,9,Timor-Leste
2020-05-16,13,2,0.0,14.5,3,33,02:52 AM,01:18 PM,04:31 AM,08:14 PM,4,7,9,7,12,22,77,0.0,1024,13,9,263,8,Timor-Leste
2020-05-17,16,4,0.0,14.5,3,26,03:09 AM,02:25 PM,04:29 AM,08:15 PM,6,11,11,11,8,33,73,0.0,1023,16,9,264,6,Timor-Leste
2020-05-18,19,8,0.0,14.5,5,19,03:24 AM,03:32 PM,04:28 AM,08:17 PM,9,14,14,14,18,25,73,0.0,1023,19,10,241,12,Timor-Leste
2020-05-19,18,8,0.0,12.7,3,11,03:39 AM,04:39 PM,04:26 AM,08:18 PM,10,13,13,13,14,49,81,0.5,1022,18,9,283,9,Timor-Leste
2020-05-20,17,10,0.0,10.9,3,4,03:55 AM,05:47 PM,04:25 AM,08:20 PM,11,14,14,14,7,79,86,0.6,1023,17,7,213,5,Timor-Leste
2020-05-21,22,11,0.0,14.5,5,0,04:12 AM,06:56 PM,04:24 AM,08:21 PM,12,17,17,17,10,10,75,0.0,1023,22,10,122,6,Timor-Leste
2020-05-22,22,13,0.0,12.7,4,0,04:32 AM,08:06 PM,04:22 AM,08:23 PM,14,18,19,18,20,52,80,8.8,1019,22,9,207,12,Timor-Leste
2020-05-23,15,10,0.0,14.5,3,3,04:58 AM,09:16 PM,04:21 AM,08:24 PM,8,11,12,11,25,50,78,1.9,1023,15,10,254,16,Timor-Leste
2020-05-24,14,7,0.0,10.0,3,10,05:30 AM,10:22 PM,04:20 AM,08:25 PM,8,8,10,8,31,78,86,4.1,1028,14,10,262,20,Timor-Leste
2020-05-25,16,9,0.0,12.7,3,17,06:12 AM,11:21 PM,04:19 AM,08:27 PM,8,10,12,10,27,55,83,0.7,1031,16,10,305,18,Timor-Leste
2020-05-26,18,6,0.0,12.7,3,25,07:05 AM,No moonset,04:18 AM,08:28 PM,9,13,13,13,7,54,82,0.1,1035,18,7,257,5,Timor-Leste
2020-05-27,19,10,0.0,12.7,4,32,08:09 AM,12:10 AM,04:17 AM,08:29 PM,10,14,14,14,12,43,79,0.7,1033,19,10,201,8,Timor-Leste
2020-05-28,16,7,0.0,14.5,3,39,09:23 AM,12:50 AM,04:16 AM,08:30 PM,7,11,12,11,14,20,75,0.1,1033,16,9,55,11,Timor-Leste
2020-05-29,18,5,0.0,14.5,3,47,10:41 AM,01:22 AM,04:15 AM,08:32 PM,7,11,12,11,13,15,73,0.0,1029,18,8,64,9,Timor-Leste
2020-05-30,17,8,0.0,14.5,3,54,12:03 PM,01:47 AM,04:14 AM,08:33 PM,7,13,13,13,14,27,70,0.1,1026,17,10,81,10,Timor-Leste
2020-05-31,17,8,0.0,13.6,4,58,01:25 PM,02:08 AM,04:13 AM,08:34 PM,7,12,13,12,19,38,71,0.0,1025,17,10,66,13,Timor-Leste
2020-06-01,20,9,0.0,14.5,4,71,02:48 PM,02:28 AM,04:12 AM,08:35 PM,10,14,15,14,17,2,74,0.0,1024,20,9,92,12,Timor-Leste
2020-06-02,22,10,0.0,14.5,5,79,04:12 PM,02:47 AM,04:12 AM,08:36 PM,11,16,17,16,17,10,70,0.0,1019,22,10,112,11,Timor-Leste
2020-06-03,22,13,0.0,10.2,4,86,05:38 PM,03:08 AM,04:11 AM,08:37 PM,14,17,18,17,10,72,80,24.0,1006,22,8,172,5,Timor-Leste
2020-06-04,16,9,0.0,10.2,3,94,07:04 PM,03:32 AM,04:10 AM,08:38 PM,11,12,13,12,17,86,88,6.4,996,16,8,270,13,Timor-Leste
2020-06-05,13,6,0.0,11.0,3,100,08:26 PM,04:01 AM,04:10 AM,08:39 PM,6,6,9,6,25,71,85,2.4,996,13,9,241,18,Timor-Leste
2020-06-06,15,4,0.0,12.8,3,100,09:41 PM,04:38 AM,04:09 AM,08:40 PM,5,8,10,8,30,57,73,1.1,999,15,9,231,21,Timor-Leste
2020-06-07,16,8,0.0,11.9,3,84,10:43 PM,05:26 AM,04:09 AM,08:41 PM,6,11,13,11,23,48,71,1.0,1007,16,10,229,16,Timor-Leste
2020-06-08,18,7,0.0,12.8,4,76,11:32 PM,06:24 AM,04:08 AM,08:42 PM,9,13,13,13,9,54,79,3.1,1013,18,10,225,6,Timor-Leste
2020-06-09,16,8,0.0,11.1,3,69,No moonrise,07:31 AM,04:08 AM,08:42 PM,10,11,12,11,11,82,89,0.5,1016,16,7,195,8,Timor-Leste
2020-06-10,14,8,0.0,10.2,3,61,12:08 AM,08:41 AM,04:07 AM,08:43 PM,10,11,11,11,8,91,93,1.9,1016,14,6,294,6,Timor-Leste
2020-06-11,14,8,0.0,10.2,3,54,12:35 AM,09:53 AM,04:07 AM,08:44 PM,12,12,13,12,11,88,91,0.5,1012,14,7,56,8,Timor-Leste
2020-06-12,24,13,0.0,13.6,5,46,12:57 AM,11:03 AM,04:07 AM,08:44 PM,15,19,20,19,16,38,82,0.1,1009,24,7,103,11,Timor-Leste
2020-06-13,24,15,0.0,11.9,5,38,01:15 AM,12:11 PM,04:07 AM,08:45 PM,17,20,21,20,11,54,86,12.3,1010,24,8,253,6,Timor-Leste
2020-06-14,18,10,0.0,10.3,4,31,01:31 AM,01:19 PM,04:06 AM,08:46 PM,17,16,17,16,20,95,97,23.7,1011,18,8,283,12,Timor-Leste
2020-06-15,18,15,0.0,10.3,4,23,01:46 AM,02:25 PM,04:06 AM,08:46 PM,14,16,16,16,15,95,90,2.6,1015,18,7,260,10,Timor-Leste
2020-06-16,19,12,0.0,12.8,4,16,02:01 AM,03:33 PM,04:06 AM,08:47 PM,15,15,16,15,5,62,88,0.8,1015,19,8,244,4,Timor-Leste
2020-06-17,21,13,0.0,11.1,4,8,02:18 AM,04:41 PM,04:06 AM,08:47 PM,15,18,18,18,11,59,87,11.1,1011,21,7,151,6,Timor-Leste
2020-06-18,16,6,0.0,10.3,3,1,02:37 AM,05:52 PM,04:06 AM,08:47 PM,14,13,14,13,16,97,97,12.2,1012,16,6,258,11,Timor-Leste
2020-06-19,21,12,0.0,13.7,4,0,03:00 AM,07:02 PM,04:06 AM,08:48 PM,13,16,16,16,17,55,83,1.5,1014,21,7,266,12,Timor-Leste
2020-06-20,20,13,0.0,13.7,4,0,03:30 AM,08:10 PM,04:07 AM,08:48 PM,13,16,17,16,16,37,80,0.0,1020,20,8,293,12,Timor-Leste
2020-06-21,23,13,0.0,12.8,5,0,04:08 AM,09:14 PM,04:07 AM,08:48 PM,14,19,20,19,7,45,78,3.8,1019,23,10,203,4,Timor-Leste
2020-06-22,21,12,0.0,14.5,4,7,04:58 AM,10:08 PM,04:07 AM,08:48 PM,13,16,17,16,15,19,78,0.2,1024,21,8,275,11,Timor-Leste
2020-06-23,25,14,0.0,14.5,6,14,06:00 AM,10:51 PM,04:07 AM,08:48 PM,14,19,20,19,8,2,72,0.0,1026,25,10,172,6,Timor-Leste
2020-06-24,23,13,0.0,14.5,6,22,07:12 AM,11:26 PM,04:08 AM,08:48 PM,13,19,20,19,13,5,72,0.0,1025,23,10,92,9,Timor-Leste
2020-06-25,24,14,0.0,12.8,5,29,08:30 AM,11:53 PM,04:08 AM,08:48 PM,16,19,20,19,18,46,80,4.4,1021,24,9,99,12,Timor-Leste
2020-06-26,26,15,0.0,14.5,6,37,09:51 AM,No moonset,04:09 AM,08:48 PM,15,21,21,21,19,8,72,0.0,1013,26,10,121,12,Timor-Leste
2020-06-27,23,17,0.0,11.1,5,44,11:12 AM,12:15 AM,04:09 AM,08:48 PM,17,22,22,20,20,62,82,14.0,1011,23,9,209,11,Timor-Leste
2020-06-28,20,15,0.0,11.9,4,52,12:33 PM,12:35 AM,04:10 AM,08:48 PM,13,17,17,17,22,62,77,1.3,1013,20,10,233,15,Timor-Leste
2020-06-29,18,11,0.0,11.9,4,59,01:56 PM,12:54 AM,04:10 AM,08:48 PM,10,14,15,14,24,49,74,6.8,1012,18,10,233,15,Timor-Leste
2020-06-30,18,10,0.0,12.8,3,67,03:18 PM,01:13 AM,04:11 AM,08:47 PM,9,12,14,12,31,52,73,0.1,1010,18,9,235,22,Timor-Leste
2020-07-01,21,15,0.0,10.2,4,72,04:41 PM,01:35 AM,04:11 AM,08:47 PM,16,18,19,18,26,87,89,9.6,1008,21,8,239,16,Timor-Leste
2020-07-02,18,12,0.0,13.6,4,79,06:03 PM,02:00 AM,04:12 AM,08:47 PM,13,15,15,15,20,57,84,0.6,1010,18,8,248,14,Timor-Leste
2020-07-03,20,11,0.0,12.8,4,86,07:21 PM,02:33 AM,04:13 AM,08:46 PM,12,15,16,15,21,59,81,0.7,1016,20,8,247,14,Timor-Leste
2020-07-04,19,13,0.0,10.2,4,94,08:28 PM,03:15 AM,04:14 AM,08:46 PM,12,15,16,15,28,86,78,0.8,1016,19,10,235,19,Timor-Leste
2020-07-05,20,15,0.0,10.2,4,100,09:23 PM,04:08 AM,04:15 AM,08:45 PM,15,18,18,18,32,90,84,1.7,1012,20,9,237,21,Timor-Leste
2020-07-06,16,11,0.0,12.8,3,100,10:04 PM,05:11 AM,04:15 AM,08:45 PM,10,12,13,12,31,67,81,5.0,1013,16,10,263,21,Timor-Leste
2020-07-07,18,9,0.0,13.6,4,85,10:36 PM,06:21 AM,04:16 AM,08:44 PM,8,13,14,13,15,62,72,0.2,1021,18,10,275,10,Timor-Leste
2020-07-08,13,6,0.0,10.2,3,77,11:00 PM,07:34 AM,04:17 AM,08:43 PM,11,10,11,10,11,94,92,3.7,1016,13,6,227,8,Timor-Leste
2020-07-09,16,13,0.0,10.2,3,70,11:20 PM,08:45 AM,04:18 AM,08:43 PM,14,14,14,14,10,91,97,6.2,1016,16,6,223,6,Timor-Leste
2020-07-10,17,11,0.0,10.1,4,63,11:37 PM,09:55 AM,04:19 AM,08:42 PM,13,15,15,15,29,71,86,4.4,1011,17,9,254,19,Timor-Leste
2020-07-11,18,8,0.0,13.6,3,55,11:52 PM,11:04 AM,04:20 AM,08:41 PM,9,13,13,13,8,44,78,0.3,1023,18,8,279,6,Timor-Leste
2020-07-12,19,9,0.0,13.6,4,48,No moonrise,12:10 PM,04:22 AM,08:40 PM,10,14,15,14,10,40,77,0.2,1026,19,9,225,7,Timor-Leste
2020-07-13,22,10,0.0,14.5,4,41,12:07 AM,01:18 PM,04:23 AM,08:39 PM,10,16,17,16,7,31,71,0.0,1024,22,10,142,5,Timor-Leste
2020-07-14,19,12,0.0,12.7,4,34,12:23 AM,02:25 PM,04:24 AM,08:38 PM,11,16,16,16,11,56,77,0.6,1016,19,8,243,8,Timor-Leste
2020-07-15,18,13,0.0,11.0,4,26,12:40 AM,03:35 PM,04:25 AM,08:37 PM,12,14,15,14,13,83,83,3.4,1014,18,9,271,10,Timor-Leste
2020-07-16,15,10,0.0,10.1,3,19,01:02 AM,04:44 PM,04:26 AM,08:36 PM,12,12,13,12,9,83,93,3.1,1017,15,6,249,6,Timor-Leste
2020-07-17,21,10,0.0,10.9,4,12,01:28 AM,05:54 PM,04:27 AM,08:35 PM,12,16,16,16,7,82,83,0.7,1019,21,7,264,5,Timor-Leste
2020-07-18,24,13,0.0,11.8,5,5,02:02 AM,07:00 PM,04:29 AM,08:34 PM,14,19,20,19,7,51,77,0.8,1019,24,10,239,4,Timor-Leste
2020-07-19,24,15,0.0,11.8,5,0,02:47 AM,07:59 PM,04:30 AM,08:33 PM,15,19,20,19,11,53,74,9.3,1016,24,9,237,6,Timor-Leste
2020-07-20,17,13,0.0,10.9,3,0,03:45 AM,08:47 PM,04:31 AM,08:31 PM,12,15,15,15,13,71,88,2.3,1018,17,8,313,9,Timor-Leste
2020-07-21,19,11,0.0,13.6,5,2,04:55 AM,09:26 PM,04:33 AM,08:30 PM,10,15,15,15,10,26,75,0.1,1023,19,10,256,8,Timor-Leste
2020-07-22,19,9,0.0,13.6,4,10,06:13 AM,09:56 PM,04:34 AM,08:29 PM,9,14,14,14,10,43,76,0.0,1023,19,8,268,7,Timor-Leste
2020-07-23,21,10,0.0,14.5,5,17,07:36 AM,10:20 PM,04:36 AM,08:27 PM,10,16,16,16,5,44,70,0.1,1018,21,10,231,4,Timor-Leste
2020-07-24,19,14,0.0,11.8,4,24,08:59 AM,10:41 PM,04:37 AM,08:26 PM,12,17,17,17,16,68,76,0.9,1012,19,9,258,12,Timor-Leste
2020-07-25,24,13,0.0,14.5,5,32,10:22 AM,11:00 PM,04:38 AM,08:25 PM,14,18,19,18,14,50,79,0.4,1012,24,8,229,10,Timor-Leste
2020-07-26,21,16,0.0,11.7,4,39,11:44 AM,11:19 PM,04:40 AM,08:23 PM,14,18,19,18,22,62,80,18.1,1010,21,9,242,16,Timor-Leste
2020-07-27,24,13,0.0,13.6,5,46,01:06 PM,11:40 PM,04:41 AM,08:22 PM,13,19,19,19,14,35,70,0.0,1015,24,10,188,9,Timor-Leste
2020-07-28,20,15,0.0,12.6,4,53,02:28 PM,No moonset,04:43 AM,08:20 PM,13,18,18,18,24,54,71,0.2,1011,20,10,246,16,Timor-Leste
2020-07-29,19,11,0.0,14.5,5,61,03:50 PM,12:03 AM,04:44 AM,08:19 PM,9,14,15,14,22,30,70,0.0,1018,19,10,268,17,Timor-Leste
2020-07-30,22,10,0.0,14.5,5,68,05:07 PM,12:33 AM,04:46 AM,08:17 PM,10,16,17,16,9,12,71,0.0,1022,22,10,227,7,Timor-Leste
2020-07-31,28,15,0.0,14.5,6,72,06:16 PM,01:10 AM,04:47 AM,08:15 PM,14,22,22,22,12,5,65,0.0,1018,28,10,107,8,Timor-Leste
2020-08-01,26,18,0.0,13.6,5,82,07:15 PM,01:58 AM,04:49 AM,08:14 PM,17,23,23,22,16,31,73,0.5,1014,26,10,190,9,Timor-Leste
2020-08-02,20,15,0.0,10.7,4,90,08:01 PM,02:57 AM,04:50 AM,08:12 PM,15,18,18,18,17,75,82,1.9,1013,20,9,287,12,Timor-Leste
2020-08-03,20,11,0.0,12.6,4,97,08:36 PM,04:04 AM,04:52 AM,08:10 PM,11,16,16,16,9,45,76,2.1,1013,20,10,196,6,Timor-Leste
2020-08-04,20,11,0.0,11.6,4,100,09:03 PM,05:16 AM,04:53 AM,08:09 PM,11,16,16,16,11,45,76,0.8,1015,20,10,271,8,Timor-Leste
2020-08-05,26,13,0.0,14.5,6,88,09:24 PM,06:28 AM,04:55 AM,08:07 PM,11,19,20,19,12,14,60,0.0,1018,26,10,193,7,Timor-Leste
2020-08-06,28,16,0.0,14.5,6,81,09:42 PM,07:40 AM,04:57 AM,08:05 PM,12,22,22,22,14,6,56,0.0,1020,28,10,127,8,Timor-Leste
2020-08-07,29,18,0.0,14.5,7,74,09:58 PM,08:48 AM,04:58 AM,08:03 PM,15,24,24,23,15,5,60,0.0,1021,29,10,120,9,Timor-Leste
2020-08-08,31,20,0.0,14.5,7,67,10:12 PM,09:56 AM,05:00 AM,08:02 PM,17,27,27,26,9,12,59,0.0,1020,31,10,202,5,Timor-Leste
2020-08-09,31,21,0.0,14.5,7,59,10:27 PM,11:03 AM,05:01 AM,08:00 PM,17,28,28,26,14,17,58,0.0,1018,31,10,110,9,Timor-Leste
2020-08-10,31,20,0.0,14.5,6,52,10:44 PM,12:11 PM,05:03 AM,07:58 PM,17,26,26,25,16,37,64,0.9,1016,31,10,108,10,Timor-Leste
2020-08-11,29,20,0.0,14.5,6,45,11:03 PM,01:19 PM,05:05 AM,07:56 PM,18,25,25,24,21,21,72,0.6,1017,29,10,104,14,Timor-Leste
2020-08-12,27,20,0.0,11.2,5,38,11:27 PM,02:27 PM,05:06 AM,07:54 PM,18,25,25,24,25,49,71,5.7,1016,27,9,125,16,Timor-Leste
2020-08-13,31,20,0.0,12.3,6,30,11:57 PM,03:37 PM,05:08 AM,07:52 PM,19,26,26,25,17,55,74,5.2,1012,31,10,180,10,Timor-Leste
2020-08-14,26,19,0.0,10.1,5,23,No moonrise,04:44 PM,05:09 AM,07:50 PM,18,23,23,22,9,63,78,6.5,1013,26,9,217,5,Timor-Leste
2020-08-15,25,18,0.0,12.3,5,16,12:36 AM,05:46 PM,05:11 AM,07:48 PM,19,22,22,21,9,62,84,14.0,1012,25,9,256,5,Timor-Leste
2020-08-16,28,18,0.0,10.1,5,8,01:28 AM,06:38 PM,05:13 AM,07:46 PM,18,23,23,22,12,50,78,6.9,1012,28,9,147,7,Timor-Leste
2020-08-17,20,17,0.0,14.3,4,1,02:33 AM,07:21 PM,05:14 AM,07:44 PM,16,19,19,19,14,32,85,4.7,1009,20,9,198,9,Timor-Leste
2020-08-18,22,15,0.0,14.3,4,0,03:49 AM,07:55 PM,05:16 AM,07:42 PM,15,18,19,18,15,36,79,1.2,1010,22,10,242,9,Timor-Leste
2020-08-19,25,15,0.0,14.2,6,0,05:12 AM,08:22 PM,05:18 AM,07:40 PM,14,20,21,20,9,22,73,0.1,1011,25,10,200,6,Timor-Leste
2020-08-20,28,18,0.0,12.2,5,6,06:37 AM,08:44 PM,05:19 AM,07:38 PM,16,23,23,22,20,45,69,1.3,1009,28,10,175,12,Timor-Leste
2020-08-21,28,22,0.0,14.2,7,13,08:03 AM,09:05 PM,05:21 AM,07:36 PM,18,26,26,25,21,39,67,0.3,1011,28,10,192,13,Timor-Leste
2020-08-22,23,18,0.0,14.1,6,20,09:28 AM,09:24 PM,05:22 AM,07:34 PM,13,20,20,20,24,31,67,0.1,1015,23,10,230,17,Timor-Leste
2020-08-23,18,14,0.0,12.2,4,28,10:52 AM,09:44 PM,05:24 AM,07:32 PM,12,15,16,15,26,61,78,0.7,1015,18,10,242,18,Timor-Leste
2020-08-24,19,13,0.0,9.9,4,35,12:16 PM,10:07 PM,05:26 AM,07:29 PM,11,15,15,15,21,71,79,0.7,1014,19,9,244,15,Timor-Leste
2020-08-25,21,12,0.0,12.2,4,42,01:39 PM,10:34 PM,05:27 AM,07:27 PM,11,17,17,17,22,53,71,0.0,1012,21,10,202,13,Timor-Leste
2020-08-26,16,15,0.0,8.7,4,50,02:58 PM,11:09 PM,05:29 AM,07:25 PM,11,15,16,15,46,92,73,0.6,1007,16,8,247,31,Timor-Leste
2020-08-27,19,11,0.0,11.0,4,57,04:10 PM,11:54 PM,05:31 AM,07:23 PM,11,14,15,14,19,59,78,3.8,1014,19,10,246,13,Timor-Leste
2020-08-28,20,14,0.0,13.3,4,64,05:11 PM,No moonset,05:32 AM,07:21 PM,11,16,16,16,25,55,72,0.8,1004,20,9,195,17,Timor-Leste
2020-08-29,20,12,0.0,13.3,4,71,06:00 PM,12:48 AM,05:34 AM,07:18 PM,10,15,16,15,23,25,72,0.7,1003,20,10,219,15,Timor-Leste
2020-08-30,20,12,0.0,12.2,4,79,06:37 PM,01:53 AM,05:35 AM,07:16 PM,11,15,15,15,12,47,78,0.3,1008,20,10,273,8,Timor-Leste
2020-08-31,16,12,0.0,8.6,3,82,07:06 PM,03:02 AM,05:37 AM,07:14 PM,10,13,13,13,11,77,81,0.0,1017,16,9,304,8,Timor-Leste
2020-09-01,15,10,0.0,13.3,3,97,07:29 PM,04:14 AM,05:39 AM,07:12 PM,10,12,12,12,7,52,86,2.8,1018,15,9,206,4,Timor-Leste
2020-09-02,19,10,0.0,13.7,5,100,07:47 PM,05:26 AM,05:40 AM,07:09 PM,9,14,14,14,6,20,71,0.1,1019,19,10,229,4,Timor-Leste
2020-09-03,20,11,0.0,12.1,4,88,08:03 PM,06:35 AM,05:42 AM,07:07 PM,9,15,15,15,14,39,67,0.0,1020,20,10,220,9,Timor-Leste
2020-09-04,20,13,0.0,8.5,4,81,08:18 PM,07:44 AM,05:43 AM,07:05 PM,15,17,17,17,22,93,88,3.1,1020,20,9,244,13,Timor-Leste
2020-09-05,18,12,0.0,12.1,3,73,08:33 PM,08:51 AM,05:45 AM,07:02 PM,11,14,14,14,16,69,81,6.4,1018,18,10,277,12,Timor-Leste
2020-09-06,17,9,0.0,13.3,3,66,08:49 PM,09:58 AM,05:47 AM,07:00 PM,8,11,12,11,15,39,79,0.3,1019,17,8,263,11,Timor-Leste
2020-09-07,18,9,0.0,13.1,3,58,09:07 PM,11:06 AM,05:48 AM,06:58 PM,9,13,13,13,9,35,76,0.0,1023,18,9,250,6,Timor-Leste
2020-09-08,20,12,0.0,12.0,4,50,09:28 PM,12:14 PM,05:50 AM,06:56 PM,10,16,17,16,18,42,68,0.0,1025,20,10,242,12,Timor-Leste
2020-09-09,20,15,0.0,8.1,4,43,09:54 PM,01:23 PM,05:51 AM,06:53 PM,14,17,17,17,18,88,83,0.9,1021,20,10,237,12,Timor-Leste
2020-09-10,17,10,0.0,13.0,3,35,10:28 PM,02:29 PM,05:53 AM,06:51 PM,10,13,13,13,11,47,79,0.4,1022,17,7,261,8,Timor-Leste
2020-09-11,24,12,0.0,12.9,5,28,11:14 PM,03:33 PM,05:55 AM,06:49 PM,10,17,18,17,6,0,67,0.0,1018,24,10,198,4,Timor-Leste
2020-09-12,22,15,0.0,12.9,5,20,No moonrise,04:28 PM,05:56 AM,06:46 PM,11,18,19,18,17,8,67,0.0,1017,22,10,234,11,Timor-Leste
2020-09-13,23,13,0.0,12.9,4,13,12:11 AM,05:15 PM,05:58 AM,06:44 PM,12,18,19,18,11,28,72,0.0,1025,23,10,235,7,Timor-Leste
2020-09-14,27,15,0.0,10.6,5,5,01:22 AM,05:52 PM,05:59 AM,06:42 PM,13,21,21,20,13,71,67,0.0,1025,27,10,141,8,Timor-Leste
2020-09-15,29,18,0.0,11.6,6,0,02:41 AM,06:21 PM,06:01 AM,06:39 PM,15,24,24,23,9,25,64,0.0,1020,29,10,217,5,Timor-Leste
2020-09-16,26,17,0.0,11.6,6,0,04:06 AM,06:45 PM,06:02 AM,06:37 PM,15,21,21,21,9,18,69,0.0,1020,26,10,96,6,Timor-Leste
2020-09-17,19,11,0.0,11.6,5,0,05:33 AM,07:07 PM,06:04 AM,06:35 PM,9,14,15,14,18,7,72,0.0,1026,19,10,56,13,Timor-Leste
2020-09-18,18,8,0.0,11.6,3,2,07:00 AM,07:27 PM,06:06 AM,06:32 PM,5,11,13,11,26,24,61,0.0,1027,18,10,101,16,Timor-Leste
2020-09-19,21,9,0.0,11.6,5,10,08:28 AM,07:47 PM,06:07 AM,06:30 PM,6,14,16,14,21,4,58,0.0,1021,21,10,108,12,Timor-Leste
2020-09-20,21,11,0.0,11.6,5,17,09:56 AM,08:08 PM,06:09 AM,06:28 PM,8,16,17,16,15,2,63,0.0,1018,21,10,94,10,Timor-Leste
2020-09-21,25,13,0.0,11.6,6,25,11:23 AM,08:35 PM,06:10 AM,06:25 PM,11,19,19,19,9,1,64,0.0,1016,25,10,104,6,Timor-Leste
2020-09-22,24,15,0.0,11.6,6,32,12:46 PM,09:08 PM,06:12 AM,06:23 PM,11,20,21,20,9,2,62,0.0,1011,24,10,209,6,Timor-Leste
2020-09-23,22,13,0.0,10.2,5,40,02:03 PM,09:50 PM,06:14 AM,06:21 PM,10,18,19,18,18,33,65,0.3,1006,22,10,213,11,Timor-Leste
2020-09-24,17,13,0.0,10.2,4,47,03:09 PM,10:42 PM,06:15 AM,06:18 PM,9,14,15,14,27,40,67,0.6,1003,17,9,206,18,Timor-Leste
2020-09-25,13,9,0.0,8.8,3,55,04:01 PM,11:44 PM,06:17 AM,06:16 PM,7,10,12,10,20,64,75,2.6,997,13,10,205,14,Timor-Leste
2020-09-26,11,4,0.0,6.0,2,62,04:41 PM,No moonset,06:19 AM,06:14 PM,6,6,8,6,18,71,87,23.6,997,11,9,267,13,Timor-Leste
2020-09-27,15,9,0.0,8.8,3,70,05:12 PM,12:52 AM,06:20 AM,06:11 PM,9,11,12,11,12,77,84,11.6,1000,15,7,129,8,Timor-Leste
2020-09-28,11,8,0.0,5.9,3,78,05:35 PM,02:03 AM,06:22 AM,06:09 PM,9,9,10,9,11,92,91,1.6,1009,11,7,219,7,Timor-Leste
2020-09-29,15,7,0.0,7.3,3,85,05:54 PM,03:14 AM,06:23 AM,06:07 PM,9,10,11,10,13,63,87,0.2,1014,15,8,188,8,Timor-Leste
2020-09-30,20,10,0.0,10.2,4,93,06:10 PM,04:24 AM,06:25 AM,06:05 PM,11,15,16,15,12,36,83,0.5,1014,20,10,183,7,Timor-Leste
2020-10-01,16,10,0.0,8.7,3,97,06:25 PM,05:33 AM,06:27 AM,06:02 PM,10,11,13,11,23,41,85,0.3,1005,16,9,166,14,Timor-Leste
2020-10-02,17,8,0.0,10.2,3,100,06:40 PM,06:40 AM,06:28 AM,06:00 PM,9,11,12,11,22,47,82,0.0,999,17,9,120,14,Timor-Leste
2020-10-03,17,10,0.0,5.7,3,89,06:55 PM,07:48 AM,06:30 AM,05:58 PM,10,12,13,12,22,67,83,0.7,992,17,9,160,15,Timor-Leste
2020-10-04,13,7,0.0,5.7,3,82,07:11 PM,08:56 AM,06:32 AM,05:56 PM,6,7,10,7,33,41,75,0.2,996,13,10,169,21,Timor-Leste
2020-10-05,11,6,0.0,4.2,3,74,07:31 PM,10:04 AM,06:33 AM,05:53 PM,6,7,10,7,32,63,79,1.0,1000,11,8,181,20,Timor-Leste
2020-10-06,12,9,0.0,5.7,3,67,07:55 PM,11:12 AM,06:35 AM,05:51 PM,8,8,11,8,32,73,85,3.2,1001,12,9,212,21,Timor-Leste
2020-10-07,12,9,0.0,4.2,3,60,08:25 PM,12:20 PM,06:37 AM,05:49 PM,8,7,10,7,31,81,88,5.8,1007,12,8,244,20,Timor-Leste
2020-10-08,14,7,0.0,4.2,3,53,09:05 PM,01:24 PM,06:38 AM,05:47 PM,9,8,10,8,32,92,89,4.7,1016,14,8,220,19,Timor-Leste
2020-10-09,14,7,0.0,5.7,3,45,09:56 PM,02:21 PM,06:40 AM,05:45 PM,8,9,10,9,15,68,85,2.8,1017,14,7,245,9,Timor-Leste
2020-10-10,10,5,0.0,7.2,2,38,11:00 PM,03:10 PM,06:42 AM,05:42 PM,5,5,8,5,28,61,82,1.9,1018,10,9,248,18,Timor-Leste
2020-10-11,11,4,0.0,7.2,2,31,No moonrise,03:50 PM,06:44 AM,05:40 PM,5,5,7,5,22,58,86,1.0,1018,11,7,254,14,Timor-Leste
2020-10-12,10,5,0.0,4.1,2,23,12:13 AM,04:21 PM,06:45 AM,05:38 PM,6,5,7,5,19,82,92,0.4,1018,10,10,266,12,Timor-Leste
2020-10-13,13,5,0.0,8.7,3,16,01:34 AM,04:46 PM,06:47 AM,05:36 PM,5,8,9,8,12,26,83,0.0,1014,13,10,118,7,Timor-Leste
2020-10-14,8,5,0.0,4.1,2,9,02:59 AM,05:08 PM,06:49 AM,05:34 PM,5,4,6,4,17,83,90,1.5,1015,8,6,89,11,Timor-Leste
2020-10-15,8,6,0.0,4.1,2,2,04:25 AM,05:28 PM,06:50 AM,05:31 PM,5,4,6,4,20,99,93,4.2,1018,8,8,16,13,Timor-Leste
2020-10-16,8,4,0.0,4.0,2,0,05:54 AM,05:47 PM,06:52 AM,05:29 PM,4,5,6,5,11,86,85,0.0,1021,8,7,47,7,Timor-Leste
2020-10-17,9,4,0.0,4.0,2,0,07:23 AM,06:08 PM,06:54 AM,05:27 PM,4,5,6,5,9,80,87,0.3,1020,9,9,262,5,Timor-Leste
2020-10-18,9,2,0.0,5.6,2,5,08:53 AM,06:32 PM,06:56 AM,05:25 PM,4,4,6,4,18,51,87,0.1,1022,9,9,253,12,Timor-Leste
2020-10-19,12,7,0.0,5.6,2,13,10:22 AM,07:03 PM,06:57 AM,05:23 PM,5,8,9,8,11,63,81,0.3,1022,12,10,216,7,Timor-Leste
2020-10-20,15,6,0.0,7.1,3,20,11:46 AM,07:42 PM,06:59 AM,05:21 PM,6,8,11,8,30,46,73,0.0,1014,15,10,183,18,Timor-Leste
2020-10-21,17,11,0.0,3.8,3,27,01:00 PM,08:31 PM,07:01 AM,05:19 PM,9,12,14,12,37,78,74,2.6,1009,17,8,201,21,Timor-Leste
2020-10-22,16,13,0.0,7.1,4,35,01:59 PM,09:32 PM,07:03 AM,05:17 PM,11,14,15,14,33,50,80,1.5,1012,16,10,215,19,Timor-Leste
2020-10-23,16,11,0.0,5.4,3,42,02:44 PM,10:40 PM,07:05 AM,05:15 PM,11,13,13,13,16,65,89,4.7,1011,16,8,229,10,Timor-Leste
2020-10-24,12,6,0.0,7.1,2,49,03:17 PM,11:52 PM,07:06 AM,05:13 PM,7,7,10,7,25,59,81,0.4,1015,12,9,231,16,Timor-Leste
2020-10-25,13,10,0.0,5.4,3,56,03:42 PM,No moonset,07:08 AM,05:11 PM,8,9,11,9,30,56,81,1.7,1007,13,8,195,18,Timor-Leste
2020-10-26,10,7,0.0,5.4,2,64,04:02 PM,01:04 AM,07:10 AM,05:09 PM,7,8,9,8,16,59,85,0.8,1004,10,9,213,10,Timor-Leste
2020-10-27,11,5,0.0,3.7,2,71,04:19 PM,02:14 AM,07:12 AM,05:07 PM,4,5,8,5,31,66,78,0.1,1007,11,10,205,19,Timor-Leste
2020-10-28,12,5,0.0,3.7,3,78,04:33 PM,03:23 AM,07:13 AM,05:05 PM,6,7,10,7,31,79,78,0.7,1008,12,9,212,20,Timor-Leste
2020-10-29,9,6,0.0,3.7,2,85,04:48 PM,04:31 AM,07:15 AM,05:03 PM,6,5,8,5,31,86,84,6.0,1015,9,9,247,20,Timor-Leste
2020-10-30,13,8,0.0,3.7,3,93,05:02 PM,05:39 AM,07:17 AM,05:01 PM,10,9,11,9,33,93,89,1.8,1019,13,9,246,21,Timor-Leste
2020-10-31,14,7,0.0,8.7,4,97,05:18 PM,06:46 AM,07:19 AM,04:59 PM,9,10,11,10,23,24,83,0.0,1020,14,9,191,13,Timor-Leste
2020-11-01,13,9,0.0,3.5,3,89,05:36 PM,07:55 AM,07:21 AM,04:57 PM,10,10,13,10,29,89,85,1.2,1013,13,9,215,18,Timor-Leste
2020-11-02,17,12,0.0,3.5,4,81,05:58 PM,09:03 AM,07:22 AM,04:55 PM,13,15,15,15,37,87,83,1.4,1010,17,10,224,22,Timor-Leste
2020-11-03,11,6,0.0,8.7,2,74,06:26 PM,10:12 AM,07:24 AM,04:54 PM,4,6,8,6,23,53,76,1.0,1022,11,10,228,14,Timor-Leste
2020-11-04,8,3,0.0,8.7,2,66,07:02 PM,11:18 AM,07:26 AM,04:52 PM,3,3,6,3,22,31,84,0.0,1030,8,9,255,13,Timor-Leste
2020-11-05,9,3,0.0,8.7,2,58,07:49 PM,12:17 PM,07:28 AM,04:50 PM,4,5,5,5,8,20,89,0.0,1038,9,7,235,5,Timor-Leste
2020-11-06,10,5,0.0,8.7,3,51,08:47 PM,01:09 PM,07:30 AM,04:48 PM,3,7,7,7,12,30,72,0.0,1034,10,10,128,7,Timor-Leste
2020-11-07,15,5,0.0,8.7,4,43,09:56 PM,01:50 PM,07:31 AM,04:47 PM,4,8,10,8,18,4,68,0.0,1027,15,10,139,9,Timor-Leste
2020-11-08,15,9,0.0,8.7,4,36,11:12 PM,02:23 PM,07:33 AM,04:45 PM,6,11,11,11,12,24,68,0.0,1025,15,10,154,6,Timor-Leste
2020-11-09,15,10,0.0,5.2,3,28,No moonrise,02:49 PM,07:35 AM,04:43 PM,9,12,12,12,11,50,82,0.5,1025,15,10,131,6,Timor-Leste
2020-11-10,14,8,0.0,8.7,4,21,12:32 AM,03:11 PM,07:37 AM,04:42 PM,9,10,11,10,7,24,89,0.0,1025,14,10,167,4,Timor-Leste
2020-11-11,13,8,0.0,8.7,3,13,01:55 AM,03:31 PM,07:39 AM,04:40 PM,8,10,10,10,9,30,90,0.0,1024,13,7,159,5,Timor-Leste
2020-11-12,11,5,0.0,5.1,3,6,03:20 AM,03:49 PM,07:40 AM,04:39 PM,7,7,9,7,23,28,85,0.1,1019,11,10,194,14,Timor-Leste
2020-11-13,11,5,0.0,6.9,2,0,04:47 AM,04:08 PM,07:42 AM,04:37 PM,6,6,8,6,20,42,84,0.0,1020,11,10,202,12,Timor-Leste
2020-11-14,13,7,0.0,5.1,3,0,06:16 AM,04:30 PM,07:44 AM,04:36 PM,9,9,11,9,23,52,85,0.2,1018,13,10,192,14,Timor-Leste
2020-11-15,14,9,0.0,8.7,4,0,07:47 AM,04:57 PM,07:45 AM,04:35 PM,8,10,12,10,39,33,74,3.3,1010,14,10,193,23,Timor-Leste
2020-11-16,10,6,0.0,3.3,2,2,09:16 AM,05:32 PM,07:47 AM,04:33 PM,6,5,8,5,33,80,84,7.6,1013,10,8,233,20,Timor-Leste
2020-11-17,10,6,0.0,3.3,2,9,10:37 AM,06:17 PM,07:49 AM,04:32 PM,6,5,8,5,24,66,86,0.1,1025,10,10,223,15,Timor-Leste
2020-11-18,13,6,0.0,8.7,4,17,11:47 AM,07:15 PM,07:51 AM,04:31 PM,6,7,9,7,22,15,80,0.0,1024,13,10,190,12,Timor-Leste
2020-11-19,8,4,0.0,3.3,2,24,12:39 PM,08:22 PM,07:52 AM,04:29 PM,4,4,7,4,37,78,78,2.1,1019,8,8,263,24,Timor-Leste
2020-11-20,5,1,0.0,5.1,1,32,01:19 PM,09:36 PM,07:54 AM,04:28 PM,0,-1,3,-1,22,68,84,0.1,1034,5,10,259,14,Timor-Leste
2020-11-21,7,1,0.0,3.3,1,39,01:47 PM,10:50 PM,07:55 AM,04:27 PM,-0,1,4,1,26,51,75,0.0,1032,7,10,213,15,Timor-Leste
2020-11-22,8,4,0.0,3.3,2,47,02:09 PM,No moonset,07:57 AM,04:26 PM,5,4,7,4,26,91,88,0.5,1026,8,7,244,17,Timor-Leste
2020-11-23,6,3,0.0,8.7,1,54,02:26 PM,12:02 AM,07:59 AM,04:25 PM,3,2,5,2,15,35,90,0.1,1027,6,9,257,9,Timor-Leste
2020-11-24,9,3,0.0,8.2,3,62,02:42 PM,01:12 AM,08:00 AM,04:24 PM,3,3,5,3,14,6,87,0.0,1025,9,9,172,9,Timor-Leste
2020-11-25,7,2,0.0,5.0,2,70,02:56 PM,02:20 AM,08:02 AM,04:23 PM,2,3,5,3,16,61,80,0.0,1019,7,10,165,8,Timor-Leste
2020-11-26,9,4,0.0,4.9,2,77,03:10 PM,03:28 AM,08:03 AM,04:22 PM,4,5,6,5,10,66,87,0.0,1020,9,10,218,5,Timor-Leste
2020-11-27,8,5,0.0,4.9,2,85,03:25 PM,04:35 AM,08:05 AM,04:21 PM,5,6,6,6,7,71,92,0.7,1021,8,7,113,4,Timor-Leste
2020-11-28,7,2,0.0,8.2,2,92,03:42 PM,05:44 AM,08:06 AM,04:21 PM,2,2,4,2,17,8,86,0.0,1022,7,10,111,10,Timor-Leste
2020-11-29,3,-3,0.0,8.1,1,100,04:02 PM,06:52 AM,08:08 AM,04:20 PM,-1,-3,1,-3,16,14,86,0.0,1026,3,9,106,10,Timor-Leste
2020-11-30,4,-2,0.0,8.1,2,100,04:28 PM,08:02 AM,08:09 AM,04:19 PM,-2,-0,1,-0,9,30,79,0.0,1025,4,10,192,6,Timor-Leste
2020-12-01,5,0,0.0,3.0,1,89,05:02 PM,09:10 AM,08:10 AM,04:18 PM,3,1,4,1,15,90,94,4.0,1014,5,7,252,10,Timor-Leste
2020-12-02,5,2,0.0,3.0,1,82,05:45 PM,10:12 AM,08:12 AM,04:18 PM,3,4,4,4,4,89,92,0.1,1018,5,9,159,3,Timor-Leste
2020-12-03,4,2,0.0,3.0,1,75,06:40 PM,11:07 AM,08:13 AM,04:17 PM,1,-1,3,-1,19,94,86,0.0,1004,4,10,184,13,Timor-Leste
2020-12-04,6,1,0.0,3.0,1,67,07:46 PM,11:52 AM,08:14 AM,04:17 PM,0,-0,4,-0,28,82,79,0.2,990,6,10,156,18,Timor-Leste
2020-12-05,4,2,0.0,3.0,1,60,08:59 PM,12:27 PM,08:16 AM,04:16 PM,1,2,3,2,6,75,88,0.7,997,4,10,181,4,Timor-Leste
2020-12-06,4,1,0.0,3.0,1,53,10:16 PM,12:54 PM,08:17 AM,04:16 PM,1,1,2,1,8,79,93,0.9,1002,4,9,100,5,Timor-Leste
2020-12-07,4,-4,0.0,3.0,1,46,11:36 PM,01:17 PM,08:18 AM,04:16 PM,2,0,3,0,17,89,92,11.5,997,4,8,194,12,Timor-Leste
2020-12-08,4,0,0.0,8.0,2,38,No moonrise,01:36 PM,08:19 AM,04:15 PM,-0,-0,1,-0,11,31,89,0.0,1005,4,10,104,6,Timor-Leste
2020-12-09,2,-5,0.0,3.0,1,31,12:57 AM,01:54 PM,08:20 AM,04:15 PM,-0,-2,0,-2,9,83,92,0.0,1008,2,9,231,6,Timor-Leste
2020-12-10,3,-1,0.0,7.9,2,24,02:20 AM,02:12 PM,08:21 AM,04:15 PM,-1,-1,1,-1,11,53,90,0.0,1008,3,10,143,6,Timor-Leste
2020-12-11,2,-5,0.0,4.9,1,17,03:45 AM,02:31 PM,08:22 AM,04:15 PM,-1,-3,0,-3,27,56,86,0.2,999,2,10,140,17,Timor-Leste
2020-12-12,5,1,0.0,4.9,1,9,05:12 AM,02:54 PM,08:23 AM,04:15 PM,3,2,4,2,18,87,89,0.9,998,5,7,156,10,Timor-Leste
2020-12-13,6,3,0.0,3.0,1,2,06:40 AM,03:24 PM,08:24 AM,04:15 PM,4,3,5,3,14,86,93,3.7,1009,6,5,207,8,Timor-Leste
2020-12-14,7,2,0.0,4.9,2,0,08:06 AM,04:03 PM,08:25 AM,04:15 PM,2,1,5,1,28,62,81,0.8,1012,7,6,166,15,Timor-Leste
2020-12-15,9,5,0.0,3.0,2,0,09:24 AM,04:54 PM,08:26 AM,04:15 PM,5,5,8,5,25,87,83,0.7,1011,9,7,183,14,Timor-Leste
2020-12-16,7,4,0.0,7.9,3,5,10:26 AM,05:59 PM,08:27 AM,04:15 PM,5,4,6,4,21,27,90,0.1,1018,7,10,160,12,Timor-Leste
2020-12-17,8,2,0.0,4.9,2,12,11:13 AM,07:12 PM,08:28 AM,04:16 PM,5,4,7,4,28,49,85,0.0,1019,8,10,191,15,Timor-Leste
2020-12-18,7,1,0.0,7.9,3,20,11:48 AM,08:28 PM,08:28 AM,04:16 PM,3,2,5,2,24,13,87,0.0,1022,7,10,178,13,Timor-Leste
2020-12-19,9,3,0.0,7.9,3,27,12:12 PM,09:44 PM,08:29 AM,04:16 PM,4,4,7,4,31,19,83,0.0,1017,9,10,174,16,Timor-Leste
2020-12-20,9,6,0.0,3.0,2,34,12:32 PM,10:56 PM,08:30 AM,04:17 PM,5,5,7,5,19,69,85,0.0,1019,9,10,193,11,Timor-Leste
2020-12-21,7,0,0.0,6.8,2,41,12:49 PM,No moonset,08:30 AM,04:17 PM,3,2,5,2,29,49,85,3.5,1019,7,10,187,17,Timor-Leste
2020-12-22,11,6,0.0,3.0,3,49,01:03 PM,12:06 AM,08:31 AM,04:18 PM,8,7,10,7,35,95,89,15.0,1012,11,6,231,21,Timor-Leste
2020-12-23,11,2,0.0,3.0,2,56,01:17 PM,01:15 AM,08:31 AM,04:18 PM,9,8,9,8,16,92,95,32.7,1011,11,6,215,10,Timor-Leste
2020-12-24,5,1,1.8,3.0,1,63,01:32 PM,02:22 AM,08:31 AM,04:19 PM,3,1,5,1,29,83,87,6.2,1007,5,6,269,19,Timor-Leste
2020-12-25,2,-0,1.9,3.0,1,70,01:48 PM,03:30 AM,08:32 AM,04:20 PM,-0,-3,1,-3,17,85,91,2.4,1021,2,6,306,11,Timor-Leste
2020-12-26,2,-7,0.0,4.9,1,78,02:07 PM,04:38 AM,08:32 AM,04:20 PM,-1,-3,0,-3,21,77,87,0.0,1021,2,9,225,13,Timor-Leste
2020-12-27,3,-1,0.5,3.0,1,85,02:30 PM,05:48 AM,08:32 AM,04:21 PM,-0,-3,2,-3,45,87,81,3.4,994,3,9,192,30,Timor-Leste
2020-12-28,4,1,0.9,3.0,1,92,03:01 PM,06:57 AM,08:32 AM,04:22 PM,1,-1,3,-1,20,84,89,3.0,979,4,8,165,13,Timor-Leste
2020-12-29,2,-0,0.3,3.0,1,100,03:41 PM,08:03 AM,08:32 AM,04:23 PM,-1,-2,1,-2,16,70,90,0.4,986,2,9,193,10,Timor-Leste
2020-12-30,3,-0,2.7,3.0,1,100,04:32 PM,09:01 AM,08:32 AM,04:24 PM,-0,-3,1,-3,27,75,90,3.2,999,3,7,224,18,Timor-Leste
2020-12-31,2,0,0.1,3.0,1,89,05:36 PM,09:50 AM,08:32 AM,04:25 PM,-1,-2,1,-2,17,83,86,0.1,1004,2,10,173,11,Timor-Leste
2021-01-01,2,-2,0.3,3.0,1,79,06:48 PM,10:29 AM,08:32 AM,04:26 PM,1,0,1,0,6,94,94,0.5,1008,2,6,255,5,Timor-Leste
2021-01-02,2,-1,0.0,3.0,1,71,08:06 PM,10:59 AM,08:32 AM,04:27 PM,-1,-1,1,-1,9,88,90,0.0,1014,2,10,165,6,Timor-Leste
2021-01-03,1,-3,0.8,3.0,1,64,09:25 PM,11:23 AM,08:32 AM,04:28 PM,-1,-4,-0,-4,20,80,90,0.9,1016,1,6,52,14,Timor-Leste
2021-01-04,2,-1,4.4,3.0,1,57,10:45 PM,11:43 AM,08:32 AM,04:29 PM,1,-3,1,-3,24,100,96,5.2,1016,2,2,55,16,Timor-Leste
2021-01-05,1,0,1.8,3.0,1,50,No moonrise,12:01 PM,08:31 AM,04:31 PM,-0,-3,1,-3,20,100,95,2.2,1017,1,4,50,13,Timor-Leste
2021-01-06,0,-5,7.7,3.0,1,42,12:05 AM,12:18 PM,08:31 AM,04:32 PM,-1,-4,-1,-4,18,100,97,9.1,1015,0,2,197,13,Timor-Leste
2021-01-07,0,-1,8.2,3.0,1,35,01:27 AM,12:36 PM,08:31 AM,04:33 PM,-1,-5,-1,-5,19,100,98,9.6,1012,0,2,268,13,Timor-Leste
2021-01-08,0,-2,8.9,3.0,1,28,02:50 AM,12:56 PM,08:30 AM,04:35 PM,-1,-3,-0,-3,13,100,98,10.5,1014,0,2,291,9,Timor-Leste
2021-01-09,-0,-3,1.3,3.0,1,20,04:15 AM,01:22 PM,08:30 AM,04:36 PM,-2,-3,-1,-3,9,88,96,1.9,1023,-0,5,281,6,Timor-Leste
2021-01-10,-0,-4,0.0,3.0,1,13,05:40 AM,01:55 PM,08:29 AM,04:37 PM,-3,-4,-2,-4,9,89,94,0.0,1025,-0,8,214,6,Timor-Leste
2021-01-11,2,-6,0.0,3.0,1,6,07:00 AM,02:39 PM,08:28 AM,04:39 PM,-0,-4,0,-4,24,98,93,0.0,1020,2,10,227,15,Timor-Leste
2021-01-12,4,0,0.9,3.0,1,0,08:09 AM,03:37 PM,08:28 AM,04:40 PM,1,-2,2,-2,36,92,91,11.4,1007,4,8,265,23,Timor-Leste
2021-01-13,2,-3,3.1,3.1,1,0,09:03 AM,04:46 PM,08:27 AM,04:42 PM,-2,-6,-0,-6,38,85,89,7.8,1013,2,4,279,24,Timor-Leste
2021-01-14,-1,-3,0.6,4.9,1,1,09:43 AM,06:03 PM,08:26 AM,04:43 PM,-4,-6,-2,-6,15,70,90,0.7,1021,-1,9,223,9,Timor-Leste
2021-01-15,-1,-4,0.6,3.1,1,8,10:12 AM,07:20 PM,08:25 AM,04:45 PM,-4,-5,-2,-5,10,81,90,0.8,1026,-1,8,178,7,Timor-Leste
2021-01-16,-1,-4,0.0,3.1,1,16,10:35 AM,08:36 PM,08:24 AM,04:47 PM,-5,-5,-3,-5,7,73,87,0.0,1026,-1,10,241,5,Timor-Leste
2021-01-17,2,-4,7.8,3.1,1,23,10:53 AM,09:49 PM,08:23 AM,04:48 PM,-1,-3,-0,-3,15,98,95,9.3,1018,2,4,226,10,Timor-Leste
2021-01-18,2,-1,1.7,3.1,1,30,11:09 AM,10:58 PM,08:22 AM,04:50 PM,1,-3,1,-3,28,100,94,2.0,1022,2,8,256,18,Timor-Leste
2021-01-19,7,-0,0.9,3.1,2,38,11:23 AM,No moonset,08:21 AM,04:52 PM,3,-0,4,-0,42,100,90,16.6,1009,7,7,233,26,Timor-Leste
2021-01-20,7,4,0.0,3.1,2,45,11:37 AM,12:07 AM,08:20 AM,04:53 PM,1,1,6,1,46,64,73,0.4,1002,7,8,212,27,Timor-Leste
2021-01-21,7,1,0.0,5.0,2,52,11:53 AM,01:15 AM,08:19 AM,04:55 PM,2,1,6,1,42,78,76,5.9,994,7,9,198,26,Timor-Leste
2021-01-22,5,3,1.4,3.1,1,59,12:10 PM,02:23 AM,08:18 AM,04:57 PM,2,1,4,1,25,91,83,8.1,992,5,8,215,17,Timor-Leste
2021-01-23,4,0,0.0,8.4,1,67,12:31 PM,03:32 AM,08:17 AM,04:58 PM,-0,0,2,0,10,53,87,0.0,996,4,9,200,7,Timor-Leste
2021-01-24,0,-3,12.1,3.3,1,74,12:58 PM,04:41 AM,08:16 AM,05:00 PM,-1,-5,-0,-5,23,87,93,14.6,996,0,5,243,15,Timor-Leste
2021-01-25,-1,-6,0.0,3.3,1,81,01:34 PM,05:48 AM,08:14 AM,05:02 PM,-4,-5,-3,-5,13,75,87,0.0,1003,-1,10,203,7,Timor-Leste
2021-01-26,1,-2,8.9,3.3,1,88,02:21 PM,06:50 AM,08:13 AM,05:04 PM,-1,-6,-0,-6,33,95,96,16.6,1012,1,3,265,21,Timor-Leste
2021-01-27,3,-4,1.1,3.4,1,96,03:21 PM,07:44 AM,08:12 AM,05:06 PM,0,-3,1,-3,25,95,92,3.1,1013,3,6,235,16,Timor-Leste
2021-01-28,3,1,0.0,3.4,1,100,04:31 PM,08:26 AM,08:10 AM,05:07 PM,3,0,3,0,17,100,98,17.9,1005,3,8,163,11,Timor-Leste
2021-01-29,7,3,0.0,3.4,2,90,05:49 PM,09:00 AM,08:09 AM,05:09 PM,4,2,5,2,26,91,93,12.0,996,7,7,218,16,Timor-Leste
2021-01-30,0,-2,0.9,3.4,1,82,07:10 PM,09:27 AM,08:07 AM,05:11 PM,-1,-4,1,-4,26,85,86,4.7,999,0,7,144,19,Timor-Leste
2021-01-31,2,-2,0.0,8.7,2,79,08:32 PM,09:48 AM,08:06 AM,05:13 PM,-5,-3,-1,-3,9,14,72,0.0,1005,2,10,100,7,Timor-Leste
2021-02-01,2,-1,0.1,3.4,1,63,09:54 PM,10:07 AM,08:04 AM,05:15 PM,-1,-3,1,-3,19,96,88,3.9,998,2,7,163,12,Timor-Leste
2021-02-02,5,-1,0.1,3.4,1,55,11:16 PM,10:24 AM,08:03 AM,05:17 PM,2,-0,3,-0,22,96,94,9.7,1003,5,5,226,14,Timor-Leste
2021-02-03,9,4,0.0,5.2,2,48,No moonrise,10:42 AM,08:01 AM,05:18 PM,6,4,7,4,30,83,90,12.6,998,9,9,211,19,Timor-Leste
2021-02-04,9,2,0.0,8.7,2,40,12:39 AM,11:01 AM,08:00 AM,05:20 PM,3,3,6,3,26,56,83,6.0,1011,9,9,232,18,Timor-Leste
2021-02-05,8,4,0.0,3.6,2,33,02:02 AM,11:25 AM,07:58 AM,05:22 PM,4,3,6,3,17,83,88,2.4,1014,8,6,137,10,Timor-Leste
2021-02-06,3,-2,0.0,3.6,1,25,03:26 AM,11:54 AM,07:56 AM,05:24 PM,0,-3,2,-3,30,91,90,4.5,1012,3,6,102,22,Timor-Leste
2021-02-07,-5,-6,14.5,3.6,1,18,04:45 AM,12:32 PM,07:55 AM,05:26 PM,-6,-13,-5,-13,43,99,92,27.8,1003,-5,4,103,31,Timor-Leste
