date_time,United%20States%2C%20New%20Jersey_maxtempC,United%20States%2C%20New%20Jersey_mintempC,United%20States%2C%20New%20Jersey_totalSnow_cm,United%20States%2C%20New%20Jersey_sunHour,United%20States%2C%20New%20Jersey_uvIndex,United%20States%2C%20New%20Jersey_moon_illumination,United%20States%2C%20New%20Jersey_moonrise,United%20States%2C%20New%20Jersey_moonset,United%20States%2C%20New%20Jersey_sunrise,United%20States%2C%20New%20Jersey_sunset,United%20States%2C%20New%20Jersey_DewPointC,United%20States%2C%20New%20Jersey_FeelsLikeC,United%20States%2C%20New%20Jersey_HeatIndexC,United%20States%2C%20New%20Jersey_WindChillC,United%20States%2C%20New%20Jersey_WindGustKmph,United%20States%2C%20New%20Jersey_cloudcover,United%20States%2C%20New%20Jersey_humidity,United%20States%2C%20New%20Jersey_precipMM,United%20States%2C%20New%20Jersey_pressure,United%20States%2C%20New%20Jersey_tempC,United%20States%2C%20New%20Jersey_visibility,United%20States%2C%20New%20Jersey_winddirDegree,United%20States%2C%20New%20Jersey_windspeedKmph,United%20States%2C%20New%20Jersey_location
2020-01-01,4,2,0.0,8.7,2,37,11:25 AM,11:02 PM,07:21 AM,04:39 PM,-5,-2,3,-2,31,15,53,0.0,1007,4,10,272,23,United%20States%2C%20New%20Jersey
2020-01-02,8,1,0.0,8.7,2,44,11:50 AM,No moonset,07:21 AM,04:40 PM,-3,1,4,1,20,17,59,0.0,1013,8,10,243,14,United%20States%2C%20New%20Jersey
2020-01-03,10,6,0.0,3.5,2,51,12:13 PM,12:00 AM,07:21 AM,04:41 PM,6,6,8,6,16,80,89,15.0,1009,10,8,220,10,United%20States%2C%20New%20Jersey
2020-01-04,10,2,0.0,3.5,2,59,12:38 PM,12:59 AM,07:21 AM,04:42 PM,8,7,8,7,12,98,96,9.5,1004,10,6,222,7,United%20States%2C%20New%20Jersey
2020-01-05,5,-0,0.0,8.7,1,66,01:05 PM,01:58 AM,07:21 AM,04:43 PM,-4,-1,4,-1,30,29,54,0.2,1008,5,10,306,23,United%20States%2C%20New%20Jersey
2020-01-06,6,-0,0.0,5.2,1,73,01:36 PM,03:00 AM,07:21 AM,04:44 PM,-4,-0,4,-0,25,47,57,0.1,1014,6,10,262,18,United%20States%2C%20New%20Jersey
2020-01-07,4,2,0.0,3.5,1,80,02:11 PM,04:03 AM,07:21 AM,04:45 PM,-5,1,3,1,13,70,55,0.1,1017,4,10,223,10,United%20States%2C%20New%20Jersey
2020-01-08,3,-2,0.3,5.2,1,88,02:54 PM,05:08 AM,07:21 AM,04:46 PM,-8,-4,2,-4,31,59,52,0.8,1015,3,9,281,24,United%20States%2C%20New%20Jersey
2020-01-09,1,-4,0.0,8.7,1,95,03:45 PM,06:12 AM,07:20 AM,04:47 PM,-14,-7,-2,-7,17,22,40,0.0,1036,1,10,272,15,United%20States%2C%20New%20Jersey
2020-01-10,9,-3,0.0,3.5,2,100,04:45 PM,07:13 AM,07:20 AM,04:48 PM,-1,1,4,1,26,72,68,0.0,1034,9,10,219,16,United%20States%2C%20New%20Jersey
2020-01-11,15,8,0.0,5.2,3,100,05:54 PM,08:07 AM,07:20 AM,04:49 PM,9,10,11,10,33,85,85,0.0,1025,15,10,212,18,United%20States%2C%20New%20Jersey
2020-01-12,16,11,0.0,8.7,4,83,07:06 PM,08:55 AM,07:20 AM,04:50 PM,8,13,14,13,39,35,68,4.9,1017,16,9,243,23,United%20States%2C%20New%20Jersey
2020-01-13,8,4,0.0,7.0,2,76,08:19 PM,09:35 AM,07:19 AM,04:51 PM,-2,4,6,4,9,56,59,0.0,1030,8,10,91,8,United%20States%2C%20New%20Jersey
2020-01-14,7,1,0.0,7.0,2,69,09:33 PM,10:10 AM,07:19 AM,04:52 PM,3,4,6,4,10,71,80,0.2,1026,7,10,139,7,United%20States%2C%20New%20Jersey
2020-01-15,10,2,0.0,8.7,3,61,10:45 PM,10:42 AM,07:19 AM,04:53 PM,3,6,8,6,11,26,72,0.2,1020,10,10,257,9,United%20States%2C%20New%20Jersey
2020-01-16,8,1,0.0,5.2,2,54,11:56 PM,11:12 AM,07:18 AM,04:54 PM,-2,1,6,1,38,74,59,1.9,1013,8,9,272,27,United%20States%2C%20New%20Jersey
2020-01-17,-2,-5,0.0,8.7,2,47,No moonrise,11:42 AM,07:18 AM,04:55 PM,-17,-10,-3,-10,33,13,34,0.0,1033,-2,10,330,26,United%20States%2C%20New%20Jersey
2020-01-18,-1,-5,4.6,3.5,1,40,01:05 AM,12:12 PM,07:17 AM,04:56 PM,-12,-6,-2,-6,19,80,50,10.2,1028,-1,8,241,14,United%20States%2C%20New%20Jersey
2020-01-19,3,-5,0.0,8.7,2,32,02:14 AM,12:46 PM,07:17 AM,04:58 PM,-3,-4,1,-4,40,39,73,0.6,1008,3,8,262,26,United%20States%2C%20New%20Jersey
2020-01-20,-2,-5,0.0,8.7,2,25,03:23 AM,01:25 PM,07:16 AM,04:59 PM,-13,-10,-4,-10,29,21,48,0.1,1020,-2,10,326,22,United%20States%2C%20New%20Jersey
2020-01-21,1,-3,0.0,8.7,1,18,04:29 AM,02:08 PM,07:16 AM,05:00 PM,-11,-5,-1,-5,14,12,47,0.0,1029,1,10,335,12,United%20States%2C%20New%20Jersey
2020-01-22,4,-1,0.0,8.7,2,11,05:31 AM,02:57 PM,07:15 AM,05:01 PM,-8,-1,1,-1,7,6,51,0.0,1030,4,10,167,6,United%20States%2C%20New%20Jersey
2020-01-23,3,-0,0.0,5.4,1,3,06:25 AM,03:53 PM,07:14 AM,05:02 PM,-9,-1,1,-1,11,72,48,0.0,1028,3,10,245,8,United%20States%2C%20New%20Jersey
2020-01-24,6,-2,0.0,7.0,1,0,07:14 AM,04:51 PM,07:14 AM,05:04 PM,-5,1,3,1,10,60,55,0.0,1026,6,10,162,7,United%20States%2C%20New%20Jersey
2020-01-25,9,3,0.0,3.7,2,0,07:55 AM,05:52 PM,07:13 AM,05:05 PM,4,2,6,2,41,87,88,60.1,1015,9,8,107,24,United%20States%2C%20New%20Jersey
2020-01-26,6,3,0.0,8.7,1,4,08:30 AM,06:52 PM,07:12 AM,05:06 PM,0,1,5,1,23,28,70,0.0,1009,6,10,263,17,United%20States%2C%20New%20Jersey
2020-01-27,6,2,0.0,7.0,1,11,09:00 AM,07:53 PM,07:11 AM,05:07 PM,-2,0,4,0,22,48,64,0.0,1007,6,10,272,17,United%20States%2C%20New%20Jersey
2020-01-28,4,1,0.0,8.7,2,18,09:27 AM,08:51 PM,07:10 AM,05:09 PM,-5,-2,2,-2,26,17,60,0.0,1009,4,10,313,19,United%20States%2C%20New%20Jersey
2020-01-29,6,-1,0.0,8.7,2,26,09:52 AM,09:50 PM,07:10 AM,05:10 PM,-8,-2,2,-2,18,2,48,0.0,1016,6,10,320,15,United%20States%2C%20New%20Jersey
2020-01-30,2,-1,0.0,7.1,1,33,10:15 AM,10:47 PM,07:09 AM,05:11 PM,-8,-2,1,-2,10,44,50,0.0,1024,2,10,39,8,United%20States%2C%20New%20Jersey
2020-01-31,5,-4,0.0,5.4,1,37,10:39 AM,11:46 PM,07:08 AM,05:12 PM,-6,1,2,1,6,63,53,0.0,1026,5,10,235,4,United%20States%2C%20New%20Jersey
2020-02-01,7,3,0.0,5.4,2,49,11:05 AM,No moonset,07:07 AM,05:14 PM,2,4,5,4,7,72,79,0.1,1015,7,10,134,5,United%20States%2C%20New%20Jersey
2020-02-02,6,3,0.4,5.4,1,57,11:33 AM,12:45 AM,07:06 AM,05:15 PM,0,2,5,2,17,79,73,0.9,1002,6,8,276,13,United%20States%2C%20New%20Jersey
2020-02-03,10,2,0.0,8.7,3,64,12:05 PM,01:47 AM,07:05 AM,05:16 PM,1,5,7,5,21,28,63,0.3,1008,10,9,270,15,United%20States%2C%20New%20Jersey
2020-02-04,9,7,0.0,3.8,2,72,12:43 PM,02:49 AM,07:04 AM,05:17 PM,6,7,8,7,13,77,88,1.0,1010,9,6,193,8,United%20States%2C%20New%20Jersey
2020-02-05,6,3,0.0,3.8,1,79,01:30 PM,03:53 AM,07:03 AM,05:19 PM,-2,2,5,2,18,95,62,1.0,1014,6,5,126,13,United%20States%2C%20New%20Jersey
2020-02-06,10,2,0.0,3.8,2,87,02:25 PM,04:55 AM,07:02 AM,05:20 PM,5,4,6,4,17,98,90,18.2,1005,10,7,140,10,United%20States%2C%20New%20Jersey
2020-02-07,11,2,0.0,5.5,2,95,03:30 PM,05:52 AM,07:01 AM,05:21 PM,5,6,9,6,31,75,79,9.2,988,11,9,235,21,United%20States%2C%20New%20Jersey
2020-02-08,2,-3,0.0,7.1,1,100,04:41 PM,06:43 AM,06:59 AM,05:22 PM,-11,-5,-0,-5,25,41,44,0.0,1018,2,10,239,21,United%20States%2C%20New%20Jersey
2020-02-09,7,0,0.0,5.6,1,100,05:57 PM,07:28 AM,06:58 AM,05:24 PM,-3,1,3,1,11,82,63,0.0,1030,7,10,120,9,United%20States%2C%20New%20Jersey
2020-02-10,6,3,0.0,4.0,2,83,07:13 PM,08:07 AM,06:57 AM,05:25 PM,3,2,6,2,31,100,79,4.1,1022,6,9,222,20,United%20States%2C%20New%20Jersey
2020-02-11,8,1,0.0,4.0,2,75,08:28 PM,08:41 AM,06:56 AM,05:26 PM,7,6,7,6,12,93,94,31.8,1012,8,6,208,7,United%20States%2C%20New%20Jersey
2020-02-12,5,1,0.0,8.7,2,68,09:43 PM,09:12 AM,06:55 AM,05:27 PM,-5,0,4,0,22,44,54,0.7,1020,5,10,266,15,United%20States%2C%20New%20Jersey
2020-02-13,12,3,0.0,4.0,2,60,10:55 PM,09:43 AM,06:53 AM,05:28 PM,4,4,7,4,27,89,82,35.9,1006,12,8,234,16,United%20States%2C%20New%20Jersey
2020-02-14,-0,-5,0.0,8.7,2,53,No moonrise,10:14 AM,06:52 AM,05:30 PM,-11,-8,-2,-8,28,5,50,0.0,1023,-0,10,320,22,United%20States%2C%20New%20Jersey
2020-02-15,0,-6,0.0,8.7,1,45,12:06 AM,10:47 AM,06:51 AM,05:31 PM,-15,-7,-3,-7,12,16,39,0.0,1033,0,10,269,10,United%20States%2C%20New%20Jersey
2020-02-16,7,-7,0.0,8.7,1,38,01:16 AM,11:25 AM,06:49 AM,05:32 PM,-5,-1,3,-1,22,55,56,0.0,1022,7,10,233,16,United%20States%2C%20New%20Jersey
2020-02-17,9,2,0.0,7.2,2,30,02:22 AM,12:06 PM,06:48 AM,05:33 PM,-2,3,5,3,14,38,61,0.0,1023,9,10,308,11,United%20States%2C%20New%20Jersey
2020-02-18,8,3,0.0,4.1,2,22,03:25 AM,12:54 PM,06:47 AM,05:34 PM,3,3,6,3,24,90,82,2.5,1023,8,7,138,15,United%20States%2C%20New%20Jersey
2020-02-19,6,1,0.0,8.7,1,15,04:22 AM,01:46 PM,06:45 AM,05:36 PM,-4,1,5,1,26,41,57,7.0,1021,6,9,317,19,United%20States%2C%20New%20Jersey
2020-02-20,1,-2,0.0,4.1,1,7,05:11 AM,02:43 PM,06:44 AM,05:37 PM,-13,-5,-1,-5,17,57,39,0.0,1031,1,10,319,13,United%20States%2C%20New%20Jersey
2020-02-21,2,-5,0.0,8.7,2,0,05:54 AM,03:43 PM,06:43 AM,05:38 PM,-15,-5,-1,-5,15,2,34,0.0,1031,2,10,319,13,United%20States%2C%20New%20Jersey
2020-02-22,7,-2,0.0,8.7,2,0,06:30 AM,04:43 PM,06:41 AM,05:39 PM,-11,0,4,0,19,1,32,0.0,1025,7,10,259,16,United%20States%2C%20New%20Jersey
2020-02-23,9,3,0.0,8.7,2,0,07:02 AM,05:44 PM,06:40 AM,05:40 PM,-6,4,6,4,15,17,43,0.0,1023,9,10,253,12,United%20States%2C%20New%20Jersey
2020-02-24,11,4,0.0,5.7,2,0,07:30 AM,06:42 PM,06:38 AM,05:42 PM,0,6,7,6,12,49,60,0.0,1018,11,10,215,8,United%20States%2C%20New%20Jersey
2020-02-25,7,3,0.0,4.1,2,8,07:55 AM,07:41 PM,06:37 AM,05:43 PM,6,6,7,6,13,90,88,11.0,1012,7,8,125,9,United%20States%2C%20New%20Jersey
2020-02-26,11,3,0.0,4.2,2,15,08:18 AM,08:39 PM,06:35 AM,05:44 PM,9,7,9,7,22,98,98,8.3,1006,11,6,105,13,United%20States%2C%20New%20Jersey
2020-02-27,5,3,0.0,5.7,1,23,08:42 AM,09:37 PM,06:34 AM,05:45 PM,-4,0,5,0,35,62,55,4.0,1004,5,10,263,26,United%20States%2C%20New%20Jersey
2020-02-28,2,-1,0.1,7.2,1,30,09:07 AM,10:35 PM,06:32 AM,05:46 PM,-11,-6,0,-6,34,62,42,0.1,1010,2,10,263,27,United%20States%2C%20New%20Jersey
2020-02-29,1,-1,0.0,4.2,1,38,09:34 AM,11:36 PM,06:31 AM,05:47 PM,-13,-6,-0,-6,27,51,37,0.0,1011,1,10,286,22,United%20States%2C%20New%20Jersey
2020-03-01,6,-3,0.0,8.7,2,44,10:03 AM,No moonset,06:29 AM,05:48 PM,-10,-4,1,-4,23,28,43,0.0,1017,6,10,290,19,United%20States%2C%20New%20Jersey
2020-03-02,12,2,0.0,7.2,2,51,10:37 AM,12:36 AM,06:28 AM,05:50 PM,-2,4,7,4,18,63,56,0.2,1017,12,10,206,12,United%20States%2C%20New%20Jersey
2020-03-03,12,6,0.0,4.2,2,58,11:19 AM,01:38 AM,06:26 AM,05:51 PM,7,8,10,8,19,82,82,0.5,1007,12,8,195,12,United%20States%2C%20New%20Jersey
2020-03-04,10,5,0.0,8.7,3,65,12:08 PM,02:39 AM,06:25 AM,05:52 PM,-0,5,8,5,35,31,55,4.2,1005,10,9,267,27,United%20States%2C%20New%20Jersey
2020-03-05,9,3,0.0,5.7,2,73,01:07 PM,03:37 AM,06:23 AM,05:53 PM,-4,4,7,4,20,58,47,0.2,1016,9,10,283,15,United%20States%2C%20New%20Jersey
2020-03-06,9,6,0.0,5.7,2,80,02:14 PM,04:30 AM,06:21 AM,05:54 PM,-1,5,7,5,12,77,58,0.2,1010,9,10,220,10,United%20States%2C%20New%20Jersey
2020-03-07,7,1,0.4,7.2,1,87,03:28 PM,05:17 AM,06:20 AM,05:55 PM,-5,0,4,0,26,44,52,1.0,1019,7,10,276,22,United%20States%2C%20New%20Jersey
2020-03-08,11,3,0.0,7.2,2,95,04:44 PM,05:58 AM,06:18 AM,05:56 PM,-7,4,7,4,19,26,38,0.0,1028,11,10,269,15,United%20States%2C%20New%20Jersey
2020-03-09,17,8,0.0,8.7,4,100,06:01 PM,06:35 AM,06:17 AM,05:57 PM,2,11,12,11,23,18,49,0.0,1026,17,10,243,16,United%20States%2C%20New%20Jersey
2020-03-10,14,10,0.0,4.3,3,100,07:18 PM,07:08 AM,06:15 AM,05:58 PM,7,11,13,11,31,65,68,1.5,1019,14,9,229,19,United%20States%2C%20New%20Jersey
2020-03-11,12,7,0.0,8.7,2,84,08:34 PM,07:40 AM,06:13 AM,05:59 PM,-2,7,9,7,17,46,46,1.3,1019,12,10,243,13,United%20States%2C%20New%20Jersey
2020-03-12,11,6,0.0,7.4,2,76,09:50 PM,08:11 AM,06:12 AM,06:00 PM,1,7,9,7,14,67,57,0.0,1019,11,10,111,11,United%20States%2C%20New%20Jersey
2020-03-13,18,6,0.0,8.8,3,69,11:03 PM,08:45 AM,06:10 AM,06:01 PM,7,11,13,11,42,69,73,20.5,1012,18,8,203,26,United%20States%2C%20New%20Jersey
2020-03-14,12,5,0.0,11.6,3,62,No moonrise,09:22 AM,06:09 AM,06:03 PM,-5,5,8,5,26,11,40,0.0,1025,12,10,304,20,United%20States%2C%20New%20Jersey
2020-03-15,12,4,0.0,11.6,2,55,12:13 AM,10:03 AM,06:07 AM,06:04 PM,-7,5,8,5,15,42,38,0.2,1031,12,10,128,12,United%20States%2C%20New%20Jersey
2020-03-16,6,2,0.0,8.8,1,47,01:20 AM,10:49 AM,06:05 AM,06:05 PM,-7,1,4,1,21,39,45,0.0,1034,6,10,95,17,United%20States%2C%20New%20Jersey
2020-03-17,10,3,0.0,6.0,2,40,02:19 AM,11:42 AM,06:04 AM,06:06 PM,5,5,8,5,22,89,78,1.8,1024,10,9,203,15,United%20States%2C%20New%20Jersey
2020-03-18,13,6,0.0,11.6,2,33,03:11 AM,12:37 PM,06:02 AM,06:07 PM,-1,8,9,8,13,15,49,0.0,1030,13,10,276,11,United%20States%2C%20New%20Jersey
2020-03-19,8,3,0.0,6.0,2,25,03:55 AM,01:37 PM,06:01 AM,06:08 PM,4,4,7,4,23,88,82,19.3,1027,8,9,84,17,United%20States%2C%20New%20Jersey
2020-03-20,20,10,0.0,9.2,4,18,04:33 AM,02:36 PM,05:59 AM,06:09 PM,13,15,15,15,31,82,85,5.3,1014,20,9,202,17,United%20States%2C%20New%20Jersey
2020-03-21,12,4,0.0,12.5,3,11,05:05 AM,03:37 PM,05:57 AM,06:10 PM,-3,7,10,7,23,18,44,0.0,1024,12,10,196,17,United%20States%2C%20New%20Jersey
2020-03-22,7,1,0.0,12.6,2,4,05:34 AM,04:35 PM,05:56 AM,06:11 PM,-10,0,4,0,21,10,36,0.0,1036,7,10,70,17,United%20States%2C%20New%20Jersey
2020-03-23,6,1,0.1,7.9,1,0,05:59 AM,05:34 PM,05:54 AM,06:12 PM,1,1,5,1,28,99,77,24.4,1031,6,7,110,20,United%20States%2C%20New%20Jersey
2020-03-24,15,0,0.0,12.6,4,0,06:23 AM,06:32 PM,05:52 AM,06:13 PM,4,8,10,8,15,41,68,3.0,1019,15,10,221,11,United%20States%2C%20New%20Jersey
2020-03-25,7,5,0.0,7.9,2,3,06:46 AM,07:31 PM,05:51 AM,06:14 PM,2,4,7,4,26,92,73,4.2,1017,7,9,75,19,United%20States%2C%20New%20Jersey
2020-03-26,10,2,0.0,12.7,3,11,07:11 AM,08:29 PM,05:49 AM,06:15 PM,1,5,7,5,13,23,65,0.0,1018,10,10,97,11,United%20States%2C%20New%20Jersey
2020-03-27,15,6,0.0,9.2,3,18,07:36 AM,09:29 PM,05:47 AM,06:16 PM,7,9,11,9,17,68,77,6.1,1009,15,9,252,13,United%20States%2C%20New%20Jersey
2020-03-28,9,4,0.0,9.3,2,25,08:04 AM,10:29 PM,05:46 AM,06:17 PM,3,7,9,7,17,71,69,22.3,1019,9,7,90,12,United%20States%2C%20New%20Jersey
2020-03-29,12,2,0.0,8.0,3,32,08:36 AM,11:30 PM,05:44 AM,06:18 PM,9,8,10,8,20,98,89,8.9,1014,12,7,85,14,United%20States%2C%20New%20Jersey
2020-03-30,15,12,0.0,9.3,3,40,09:15 AM,No moonset,05:43 AM,06:19 PM,6,13,14,13,23,67,60,1.3,1010,15,10,274,18,United%20States%2C%20New%20Jersey
2020-03-31,9,7,0.0,8.0,2,44,09:59 AM,12:30 AM,05:41 AM,06:20 PM,2,6,8,6,17,91,67,0.3,1013,9,9,143,13,United%20States%2C%20New%20Jersey
2020-04-01,11,4,0.0,12.8,3,56,10:53 AM,01:28 AM,05:39 AM,06:21 PM,-1,5,7,5,16,47,55,0.0,1011,11,10,184,14,United%20States%2C%20New%20Jersey
2020-04-02,11,5,0.0,12.8,3,64,11:55 AM,02:21 AM,05:38 AM,06:22 PM,-1,5,8,5,30,25,53,0.0,1009,11,10,334,25,United%20States%2C%20New%20Jersey
2020-04-03,12,9,0.0,8.1,3,71,01:03 PM,03:09 AM,05:36 AM,06:24 PM,4,7,10,7,33,92,65,1.2,1009,12,7,162,25,United%20States%2C%20New%20Jersey
2020-04-04,12,4,0.0,8.1,3,79,02:16 PM,03:51 AM,05:34 AM,06:25 PM,4,8,10,8,18,84,66,0.0,1016,12,10,65,14,United%20States%2C%20New%20Jersey
2020-04-05,14,8,0.0,9.4,3,87,03:32 PM,04:28 AM,05:33 AM,06:26 PM,6,9,11,9,14,84,72,0.3,1018,14,9,182,11,United%20States%2C%20New%20Jersey
2020-04-06,17,9,0.0,13.0,4,94,04:48 PM,05:02 AM,05:31 AM,06:27 PM,2,13,14,13,15,28,48,0.0,1017,17,10,330,12,United%20States%2C%20New%20Jersey
2020-04-07,12,7,0.0,8.1,3,100,06:05 PM,05:35 AM,05:30 AM,06:28 PM,-0,10,11,10,12,84,47,0.2,1016,12,9,194,10,United%20States%2C%20New%20Jersey
2020-04-08,18,13,0.0,9.4,4,100,07:23 PM,06:06 AM,05:28 AM,06:29 PM,10,15,16,15,13,80,73,8.1,1000,18,10,182,9,United%20States%2C%20New%20Jersey
2020-04-09,12,9,0.0,8.2,3,83,08:39 PM,06:39 AM,05:26 AM,06:30 PM,4,8,11,8,27,79,70,7.1,995,12,9,218,20,United%20States%2C%20New%20Jersey
2020-04-10,10,5,0.0,12.0,2,76,09:54 PM,07:15 AM,05:25 AM,06:31 PM,-4,3,7,3,39,42,43,0.0,995,10,10,280,32,United%20States%2C%20New%20Jersey
2020-04-11,12,4,0.0,13.1,3,68,11:05 PM,07:55 AM,05:23 AM,06:32 PM,-6,4,8,4,27,11,41,0.0,1011,12,10,299,22,United%20States%2C%20New%20Jersey
2020-04-12,18,9,0.0,13.1,3,61,No moonrise,08:41 AM,05:22 AM,06:33 PM,3,12,13,12,19,44,49,0.0,1018,18,10,209,14,United%20States%2C%20New%20Jersey
2020-04-13,19,13,0.0,8.2,4,53,12:10 AM,09:33 AM,05:20 AM,06:34 PM,10,14,15,14,62,86,72,49.2,1008,19,7,198,37,United%20States%2C%20New%20Jersey
2020-04-14,13,8,0.0,13.2,3,46,01:07 AM,10:29 AM,05:19 AM,06:35 PM,-3,8,10,8,25,33,40,0.0,1017,13,10,279,19,United%20States%2C%20New%20Jersey
2020-04-15,11,8,0.0,8.2,2,38,01:55 AM,11:29 AM,05:17 AM,06:36 PM,-3,8,10,8,13,84,41,0.2,1014,11,10,303,12,United%20States%2C%20New%20Jersey
2020-04-16,9,5,0.0,12.0,2,30,02:35 AM,12:29 PM,05:15 AM,06:37 PM,-6,4,8,4,25,54,39,0.2,1018,9,10,290,21,United%20States%2C%20New%20Jersey
2020-04-17,8,3,0.0,10.8,2,23,03:09 AM,01:30 PM,05:14 AM,06:38 PM,-3,4,7,4,18,61,50,5.7,1021,8,10,245,14,United%20States%2C%20New%20Jersey
2020-04-18,11,3,0.0,8.3,2,15,03:38 AM,02:29 PM,05:12 AM,06:39 PM,5,7,9,7,23,93,74,9.2,1008,11,8,241,17,United%20States%2C%20New%20Jersey
2020-04-19,15,5,0.0,12.0,3,8,04:04 AM,03:28 PM,05:11 AM,06:40 PM,0,9,11,9,24,35,49,0.0,1011,15,10,249,19,United%20States%2C%20New%20Jersey
2020-04-20,13,9,0.0,13.3,4,0,04:28 AM,04:26 PM,05:09 AM,06:41 PM,3,10,12,10,17,40,54,0.0,1005,13,10,158,13,United%20States%2C%20New%20Jersey
2020-04-21,13,7,0.0,9.6,3,0,04:51 AM,05:24 PM,05:08 AM,06:42 PM,2,8,10,8,25,55,54,7.9,1004,13,9,243,19,United%20States%2C%20New%20Jersey
2020-04-22,11,3,0.0,13.4,3,0,05:15 AM,06:22 PM,05:07 AM,06:44 PM,-8,3,7,3,30,8,35,0.0,1011,11,10,290,25,United%20States%2C%20New%20Jersey
2020-04-23,8,2,0.0,8.4,2,0,05:40 AM,07:22 PM,05:05 AM,06:45 PM,-3,4,6,4,13,73,54,5.2,1015,8,10,204,10,United%20States%2C%20New%20Jersey
2020-04-24,10,8,0.0,8.4,3,7,06:07 AM,08:23 PM,05:04 AM,06:46 PM,8,7,10,7,25,100,91,36.9,1004,10,5,68,18,United%20States%2C%20New%20Jersey
2020-04-25,15,4,0.0,13.5,4,15,06:38 AM,09:25 PM,05:02 AM,06:47 PM,2,8,10,8,19,22,56,0.2,1015,15,9,65,15,United%20States%2C%20New%20Jersey
2020-04-26,10,9,0.0,8.4,2,22,07:14 AM,10:25 PM,05:01 AM,06:48 PM,7,7,10,7,30,88,81,33.4,1010,10,7,80,21,United%20States%2C%20New%20Jersey
2020-04-27,9,4,0.0,8.7,2,30,07:56 AM,11:24 PM,04:59 AM,06:49 PM,7,6,8,6,24,99,84,15.5,1007,9,7,149,18,United%20States%2C%20New%20Jersey
2020-04-28,16,7,0.0,13.9,4,37,08:46 AM,No moonset,04:58 AM,06:50 PM,3,10,11,10,18,26,58,0.0,1018,16,10,284,14,United%20States%2C%20New%20Jersey
2020-04-29,10,9,0.0,8.7,3,45,09:44 AM,12:17 AM,04:57 AM,06:51 PM,7,8,10,8,24,78,78,1.9,1021,10,7,145,17,United%20States%2C%20New%20Jersey
2020-04-30,15,7,0.0,8.7,3,52,10:48 AM,01:06 AM,04:56 AM,06:52 PM,11,11,13,11,50,100,86,8.2,1016,15,8,138,32,United%20States%2C%20New%20Jersey
2020-05-01,19,8,0.0,8.7,4,58,11:58 AM,01:49 AM,04:54 AM,06:53 PM,12,14,15,14,26,90,79,42.1,1004,19,9,136,19,United%20States%2C%20New%20Jersey
2020-05-02,20,8,0.0,13.4,4,65,01:10 PM,02:26 AM,04:53 AM,06:54 PM,5,14,15,14,25,23,51,0.0,1011,20,10,315,19,United%20States%2C%20New%20Jersey
2020-05-03,23,15,0.0,13.4,4,72,02:24 PM,03:00 AM,04:52 AM,06:55 PM,10,19,19,19,23,59,57,3.5,1008,23,9,247,17,United%20States%2C%20New%20Jersey
2020-05-04,14,11,0.0,13.4,3,80,03:39 PM,03:32 AM,04:50 AM,06:56 PM,4,13,14,13,28,32,50,0.1,1007,14,10,312,22,United%20States%2C%20New%20Jersey
2020-05-05,16,7,0.0,14.1,4,87,04:54 PM,04:02 AM,04:49 AM,06:57 PM,-4,9,11,9,24,19,36,0.0,1012,16,10,303,19,United%20States%2C%20New%20Jersey
2020-05-06,11,5,0.0,10.0,3,94,06:11 PM,04:33 AM,04:48 AM,06:58 PM,1,8,11,8,23,70,54,8.7,1008,11,8,74,19,United%20States%2C%20New%20Jersey
2020-05-07,17,9,0.0,13.4,3,100,07:28 PM,05:07 AM,04:47 AM,06:59 PM,2,12,13,12,19,57,53,0.4,1007,17,9,283,15,United%20States%2C%20New%20Jersey
2020-05-08,12,8,0.0,10.2,3,100,08:42 PM,05:45 AM,04:46 AM,07:00 PM,3,9,11,9,18,68,61,18.1,1007,12,8,217,14,United%20States%2C%20New%20Jersey
2020-05-09,8,4,0.0,9.1,2,84,09:53 PM,06:28 AM,04:45 AM,07:01 PM,-2,2,6,2,37,82,56,37.7,1003,8,7,253,31,United%20States%2C%20New%20Jersey
2020-05-10,15,7,0.0,12.3,3,77,10:55 PM,07:19 AM,04:44 AM,07:02 PM,-2,8,11,8,29,33,42,0.0,1016,15,10,258,23,United%20States%2C%20New%20Jersey
2020-05-11,15,9,0.0,11.3,3,70,11:49 PM,08:15 AM,04:43 AM,07:03 PM,3,10,12,10,30,61,54,0.2,1010,15,10,247,23,United%20States%2C%20New%20Jersey
2020-05-12,13,5,0.0,13.4,2,62,No moonrise,09:15 AM,04:41 AM,07:04 PM,-5,6,9,6,29,24,40,0.0,1016,13,10,303,23,United%20States%2C%20New%20Jersey
2020-05-13,15,6,0.0,14.5,4,55,12:33 AM,10:17 AM,04:40 AM,07:05 PM,-4,9,11,9,23,7,35,0.0,1024,15,10,316,18,United%20States%2C%20New%20Jersey
2020-05-14,17,11,0.0,14.5,3,48,01:10 AM,11:19 AM,04:39 AM,07:06 PM,2,14,14,14,16,32,45,0.0,1026,17,10,251,12,United%20States%2C%20New%20Jersey
2020-05-15,27,15,0.0,12.4,5,40,01:41 AM,12:20 PM,04:39 AM,07:07 PM,14,21,21,21,30,68,66,3.2,1013,27,10,238,21,United%20States%2C%20New%20Jersey
2020-05-16,25,20,0.0,13.4,6,33,02:08 AM,01:19 PM,04:38 AM,07:08 PM,13,22,22,22,24,36,59,2.9,1013,25,10,224,17,United%20States%2C%20New%20Jersey
2020-05-17,17,11,0.0,13.4,3,26,02:33 AM,02:18 PM,04:37 AM,07:09 PM,8,14,15,14,21,39,63,0.0,1023,17,10,105,18,United%20States%2C%20New%20Jersey
2020-05-18,20,14,0.0,14.5,5,19,02:56 AM,03:16 PM,04:36 AM,07:10 PM,7,16,17,16,20,27,53,0.0,1021,20,10,91,16,United%20States%2C%20New%20Jersey
2020-05-19,18,14,0.0,14.5,5,11,03:20 AM,04:14 PM,04:35 AM,07:11 PM,3,15,16,15,33,20,44,0.0,1022,18,10,69,26,United%20States%2C%20New%20Jersey
2020-05-20,17,11,0.0,13.4,4,4,03:44 AM,05:14 PM,04:34 AM,07:12 PM,1,12,14,12,26,47,44,0.0,1029,17,10,84,21,United%20States%2C%20New%20Jersey
2020-05-21,17,10,0.0,14.5,5,0,04:10 AM,06:14 PM,04:33 AM,07:13 PM,6,14,15,14,14,0,54,0.0,1029,17,10,123,12,United%20States%2C%20New%20Jersey
2020-05-22,20,13,0.0,12.4,4,0,04:39 AM,07:17 PM,04:33 AM,07:14 PM,12,16,16,16,10,53,75,5.6,1022,20,9,177,8,United%20States%2C%20New%20Jersey
2020-05-23,19,13,0.0,9.3,4,3,05:14 AM,08:18 PM,04:32 AM,07:15 PM,15,17,17,17,17,100,86,11.9,1016,19,8,73,13,United%20States%2C%20New%20Jersey
2020-05-24,17,12,0.0,9.3,3,10,05:54 AM,09:19 PM,04:31 AM,07:16 PM,9,13,14,13,16,94,69,0.0,1023,17,10,68,14,United%20States%2C%20New%20Jersey
2020-05-25,22,14,0.0,12.4,4,17,06:42 AM,10:15 PM,04:31 AM,07:17 PM,12,18,18,18,12,49,70,0.0,1023,22,10,107,10,United%20States%2C%20New%20Jersey
2020-05-26,23,16,0.0,13.5,6,25,07:38 AM,11:06 PM,04:30 AM,07:17 PM,15,19,20,19,10,32,77,0.0,1023,23,10,172,9,United%20States%2C%20New%20Jersey
2020-05-27,23,17,0.0,14.5,6,32,08:41 AM,11:50 PM,04:29 AM,07:18 PM,16,20,21,20,16,32,78,0.0,1024,23,10,167,12,United%20States%2C%20New%20Jersey
2020-05-28,20,18,0.0,9.3,4,39,09:48 AM,No moonset,04:29 AM,07:19 PM,17,19,19,19,26,85,88,0.7,1021,20,9,160,17,United%20States%2C%20New%20Jersey
2020-05-29,24,16,0.0,9.3,5,47,10:58 AM,12:28 AM,04:28 AM,07:20 PM,19,21,22,21,23,93,86,7.2,1015,24,10,177,15,United%20States%2C%20New%20Jersey
2020-05-30,28,22,0.0,13.5,6,54,12:09 PM,01:02 AM,04:28 AM,07:21 PM,14,26,26,24,22,38,58,5.5,1011,28,10,251,16,United%20States%2C%20New%20Jersey
2020-05-31,21,14,0.0,14.5,5,58,01:21 PM,01:33 AM,04:27 AM,07:21 PM,4,17,18,17,27,7,40,0.0,1016,21,10,337,22,United%20States%2C%20New%20Jersey
2020-06-01,22,14,0.0,13.5,4,71,02:34 PM,02:02 AM,04:27 AM,07:22 PM,3,17,18,17,20,26,38,0.0,1020,22,10,322,17,United%20States%2C%20New%20Jersey
2020-06-02,18,17,0.0,11.4,4,79,03:48 PM,02:31 AM,04:26 AM,07:23 PM,7,18,18,18,14,61,50,0.0,1016,18,10,264,11,United%20States%2C%20New%20Jersey
2020-06-03,28,17,0.0,10.4,5,86,05:03 PM,03:03 AM,04:26 AM,07:23 PM,15,23,23,22,24,65,66,7.3,1006,28,9,251,17,United%20States%2C%20New%20Jersey
2020-06-04,29,22,0.0,12.4,6,94,06:17 PM,03:38 AM,04:26 AM,07:24 PM,17,26,26,25,11,49,64,0.5,1009,29,10,253,8,United%20States%2C%20New%20Jersey
2020-06-05,28,22,0.0,12.5,5,100,07:31 PM,04:18 AM,04:25 AM,07:25 PM,18,26,26,25,18,53,69,2.1,1012,28,10,199,14,United%20States%2C%20New%20Jersey
2020-06-06,30,24,0.0,9.4,6,100,08:37 PM,05:05 AM,04:25 AM,07:25 PM,17,27,27,26,21,79,61,3.7,1008,30,9,253,16,United%20States%2C%20New%20Jersey
2020-06-07,25,19,0.0,14.5,6,84,09:37 PM,05:59 AM,04:25 AM,07:26 PM,8,22,22,22,25,12,44,0.0,1011,25,10,337,20,United%20States%2C%20New%20Jersey
2020-06-08,27,18,0.0,14.5,6,76,10:26 PM,06:58 AM,04:25 AM,07:27 PM,8,22,22,22,13,12,41,0.0,1016,27,10,331,11,United%20States%2C%20New%20Jersey
2020-06-09,30,20,0.0,14.5,7,69,11:08 PM,08:01 AM,04:25 AM,07:27 PM,11,25,25,25,14,8,44,0.0,1015,30,10,269,12,United%20States%2C%20New%20Jersey
2020-06-10,28,25,0.0,13.5,6,61,11:42 PM,09:05 AM,04:24 AM,07:28 PM,19,28,28,26,21,33,63,6.5,1014,28,10,173,15,United%20States%2C%20New%20Jersey
2020-06-11,27,24,0.0,9.4,5,54,No moonrise,10:07 AM,04:24 AM,07:28 PM,20,27,27,25,30,89,73,20.0,1016,27,8,213,19,United%20States%2C%20New%20Jersey
2020-06-12,30,18,0.0,14.5,7,46,12:10 AM,11:08 AM,04:24 AM,07:29 PM,11,26,26,25,14,9,42,0.0,1019,30,10,291,12,United%20States%2C%20New%20Jersey
2020-06-13,26,17,0.0,14.5,6,38,12:36 AM,12:07 PM,04:24 AM,07:29 PM,6,22,22,22,14,10,38,0.0,1020,26,10,191,13,United%20States%2C%20New%20Jersey
2020-06-14,25,15,0.0,14.5,6,31,01:00 AM,01:06 PM,04:24 AM,07:29 PM,4,20,20,20,13,7,37,0.0,1026,25,10,107,11,United%20States%2C%20New%20Jersey
2020-06-15,24,18,0.0,14.5,6,23,01:23 AM,02:04 PM,04:24 AM,07:30 PM,10,21,21,21,15,11,50,0.0,1027,24,10,95,13,United%20States%2C%20New%20Jersey
2020-06-16,25,19,0.0,14.5,6,16,01:47 AM,03:03 PM,04:24 AM,07:30 PM,12,23,23,22,13,2,57,0.0,1028,25,10,96,11,United%20States%2C%20New%20Jersey
2020-06-17,24,18,0.0,14.5,6,8,02:12 AM,04:03 PM,04:24 AM,07:31 PM,12,21,21,21,12,21,56,0.0,1025,24,10,104,10,United%20States%2C%20New%20Jersey
2020-06-18,24,19,0.0,14.5,5,1,02:40 AM,05:05 PM,04:25 AM,07:31 PM,17,21,22,21,12,42,76,0.0,1022,24,10,144,10,United%20States%2C%20New%20Jersey
2020-06-19,26,21,0.0,13.5,5,0,03:12 AM,06:08 PM,04:25 AM,07:31 PM,18,25,25,23,14,57,72,1.1,1019,26,10,170,12,United%20States%2C%20New%20Jersey
2020-06-20,27,22,0.0,10.4,6,0,03:51 AM,07:10 PM,04:25 AM,07:31 PM,18,26,26,25,19,69,67,3.1,1018,27,9,176,15,United%20States%2C%20New%20Jersey
2020-06-21,27,22,0.0,10.4,5,0,04:36 AM,08:08 PM,04:25 AM,07:31 PM,18,26,26,24,17,46,69,0.1,1016,27,10,180,14,United%20States%2C%20New%20Jersey
2020-06-22,27,23,0.0,14.5,6,7,05:31 AM,09:02 PM,04:25 AM,07:32 PM,19,27,27,25,17,27,68,1.6,1015,27,10,177,14,United%20States%2C%20New%20Jersey
2020-06-23,31,24,0.0,14.5,6,14,06:32 AM,09:49 PM,04:26 AM,07:32 PM,19,30,30,28,17,28,60,0.9,1009,31,10,191,13,United%20States%2C%20New%20Jersey
2020-06-24,31,25,0.0,13.5,6,22,07:40 AM,10:30 PM,04:26 AM,07:32 PM,18,29,29,28,19,38,57,9.2,1006,31,9,242,14,United%20States%2C%20New%20Jersey
2020-06-25,29,24,0.0,13.5,6,29,08:49 AM,11:05 PM,04:26 AM,07:32 PM,15,27,27,27,16,36,50,0.9,1013,29,10,242,13,United%20States%2C%20New%20Jersey
2020-06-26,31,20,0.0,14.5,7,37,10:01 AM,11:37 PM,04:27 AM,07:32 PM,15,27,27,26,16,29,52,2.0,1014,31,10,252,13,United%20States%2C%20New%20Jersey
2020-06-27,30,23,0.0,10.4,6,44,11:12 AM,No moonset,04:27 AM,07:32 PM,17,28,28,26,26,55,57,1.0,1009,30,10,248,19,United%20States%2C%20New%20Jersey
2020-06-28,31,24,0.0,9.4,6,52,12:22 PM,12:05 AM,04:27 AM,07:32 PM,19,29,29,27,20,72,62,6.2,1006,31,10,259,15,United%20States%2C%20New%20Jersey
2020-06-29,32,25,0.0,14.5,6,59,01:34 PM,12:34 AM,04:28 AM,07:32 PM,17,29,29,28,13,27,54,1.0,1009,32,10,234,11,United%20States%2C%20New%20Jersey
2020-06-30,29,23,0.0,12.5,6,67,02:46 PM,01:04 AM,04:28 AM,07:32 PM,17,27,27,26,12,51,59,8.6,1010,29,10,81,9,United%20States%2C%20New%20Jersey
2020-07-01,27,23,0.0,9.4,6,72,03:59 PM,01:36 AM,04:29 AM,07:32 PM,18,27,27,25,12,69,64,14.9,1010,27,9,118,8,United%20States%2C%20New%20Jersey
2020-07-02,33,24,0.0,14.5,7,79,05:12 PM,02:12 AM,04:29 AM,07:31 PM,17,29,29,28,9,20,53,0.1,1010,33,10,149,8,United%20States%2C%20New%20Jersey
2020-07-03,30,25,0.0,11.4,6,86,06:20 PM,02:55 AM,04:30 AM,07:31 PM,18,29,29,27,14,62,58,4.3,1010,30,10,204,10,United%20States%2C%20New%20Jersey
2020-07-04,29,24,0.0,11.4,6,94,07:23 PM,03:45 AM,04:31 AM,07:31 PM,18,27,27,25,14,61,63,1.2,1012,29,10,99,12,United%20States%2C%20New%20Jersey
2020-07-05,34,25,0.0,14.5,7,100,08:17 PM,04:42 AM,04:31 AM,07:31 PM,17,30,30,29,8,22,51,0.1,1014,34,10,239,7,United%20States%2C%20New%20Jersey
2020-07-06,33,27,0.0,13.5,6,100,09:02 PM,05:44 AM,04:32 AM,07:30 PM,17,30,30,29,13,31,47,2.9,1016,33,10,281,10,United%20States%2C%20New%20Jersey
2020-07-07,32,27,0.0,9.4,6,85,09:39 PM,06:48 AM,04:32 AM,07:30 PM,20,31,31,29,16,75,59,8.4,1016,32,9,203,13,United%20States%2C%20New%20Jersey
2020-07-08,30,25,0.0,13.5,6,77,10:11 PM,07:52 AM,04:33 AM,07:30 PM,20,30,30,28,22,55,64,9.2,1015,30,9,187,16,United%20States%2C%20New%20Jersey
2020-07-09,31,27,0.0,14.5,7,70,10:38 PM,08:55 AM,04:34 AM,07:29 PM,20,30,30,28,15,18,63,0.2,1015,31,10,180,13,United%20States%2C%20New%20Jersey
2020-07-10,27,21,0.0,9.3,6,63,11:03 PM,09:55 AM,04:34 AM,07:29 PM,22,28,28,25,21,83,78,3.0,1013,27,9,98,17,United%20States%2C%20New%20Jersey
2020-07-11,33,22,0.0,12.4,6,55,11:26 PM,10:54 AM,04:35 AM,07:28 PM,21,31,31,28,27,55,65,9.9,1006,33,9,203,20,United%20States%2C%20New%20Jersey
2020-07-12,32,25,0.0,14.5,7,48,11:49 PM,11:53 AM,04:36 AM,07:28 PM,18,30,30,29,20,21,54,0.1,1007,32,10,254,17,United%20States%2C%20New%20Jersey
2020-07-13,30,25,0.0,12.4,6,41,No moonrise,12:51 PM,04:37 AM,07:27 PM,17,28,28,27,14,46,55,0.8,1009,30,10,244,11,United%20States%2C%20New%20Jersey
2020-07-14,30,23,0.0,14.5,7,34,12:13 AM,01:51 PM,04:37 AM,07:27 PM,14,27,27,27,19,15,48,0.0,1013,30,10,322,16,United%20States%2C%20New%20Jersey
2020-07-15,28,24,0.0,12.4,6,26,12:40 AM,02:51 PM,04:38 AM,07:26 PM,17,27,27,26,15,33,59,0.0,1019,28,10,108,13,United%20States%2C%20New%20Jersey
2020-07-16,26,23,0.0,14.5,5,19,01:10 AM,03:54 PM,04:39 AM,07:26 PM,18,26,26,24,20,34,66,0.0,1024,26,10,154,17,United%20States%2C%20New%20Jersey
2020-07-17,29,23,0.0,10.3,6,12,01:46 AM,04:56 PM,04:40 AM,07:25 PM,20,28,28,25,18,68,72,0.7,1019,29,10,186,14,United%20States%2C%20New%20Jersey
2020-07-18,36,24,0.0,12.4,7,5,02:28 AM,05:57 PM,04:41 AM,07:24 PM,20,32,32,30,8,42,55,2.0,1017,36,10,218,7,United%20States%2C%20New%20Jersey
2020-07-19,35,29,0.0,14.5,8,0,03:19 AM,06:53 PM,04:41 AM,07:24 PM,18,33,33,31,14,8,45,0.0,1015,35,10,225,12,United%20States%2C%20New%20Jersey
2020-07-20,35,28,0.0,14.5,7,0,04:18 AM,07:44 PM,04:42 AM,07:23 PM,20,34,34,31,19,25,53,0.7,1012,35,10,246,16,United%20States%2C%20New%20Jersey
2020-07-21,33,28,0.0,14.5,8,2,05:26 AM,08:27 PM,04:43 AM,07:22 PM,17,31,31,30,11,14,46,0.0,1016,33,10,263,9,United%20States%2C%20New%20Jersey
2020-07-22,33,27,0.0,11.3,7,10,06:36 AM,09:06 PM,04:44 AM,07:21 PM,21,33,33,30,13,55,58,3.3,1015,33,9,179,11,United%20States%2C%20New%20Jersey
2020-07-23,32,27,0.0,12.4,6,17,07:49 AM,09:39 PM,04:45 AM,07:20 PM,20,31,31,29,17,59,62,9.9,1015,32,10,241,13,United%20States%2C%20New%20Jersey
2020-07-24,31,28,0.0,12.4,6,24,09:02 AM,10:09 PM,04:46 AM,07:19 PM,21,32,32,29,14,53,60,4.9,1016,31,10,162,11,United%20States%2C%20New%20Jersey
2020-07-25,32,28,0.0,12.4,7,32,10:14 AM,10:37 PM,04:47 AM,07:18 PM,20,32,32,30,11,56,56,1.1,1018,32,10,173,9,United%20States%2C%20New%20Jersey
2020-07-26,35,27,0.0,12.4,7,39,11:26 AM,11:07 PM,04:48 AM,07:18 PM,19,33,33,31,18,39,53,0.3,1016,35,10,253,15,United%20States%2C%20New%20Jersey
2020-07-27,34,31,0.0,14.5,8,46,12:37 PM,11:38 PM,04:49 AM,07:17 PM,19,35,35,32,17,1,46,0.0,1011,34,10,262,15,United%20States%2C%20New%20Jersey
2020-07-28,34,30,0.0,14.5,8,53,01:49 PM,No moonset,04:50 AM,07:16 PM,20,34,34,31,20,20,51,0.0,1008,34,10,250,17,United%20States%2C%20New%20Jersey
2020-07-29,34,28,0.0,14.5,8,61,03:00 PM,12:12 AM,04:51 AM,07:15 PM,18,33,33,31,16,11,49,0.0,1011,34,10,274,14,United%20States%2C%20New%20Jersey
2020-07-30,33,28,0.0,14.5,8,68,04:09 PM,12:52 AM,04:51 AM,07:14 PM,18,31,31,30,15,29,48,0.0,1012,33,10,278,13,United%20States%2C%20New%20Jersey
2020-07-31,30,26,0.0,9.1,6,72,05:12 PM,01:38 AM,04:52 AM,07:12 PM,18,30,30,28,11,64,53,5.9,1010,30,9,202,8,United%20States%2C%20New%20Jersey
2020-08-01,31,22,0.0,14.5,7,82,06:08 PM,02:31 AM,04:53 AM,07:11 PM,19,28,28,27,10,32,60,1.0,1012,31,10,214,8,United%20States%2C%20New%20Jersey
2020-08-02,33,26,0.0,12.3,6,90,06:56 PM,03:31 AM,04:54 AM,07:10 PM,21,32,32,29,21,51,64,0.8,1014,33,10,170,18,United%20States%2C%20New%20Jersey
2020-08-03,32,27,0.0,14.5,6,97,07:37 PM,04:33 AM,04:55 AM,07:09 PM,19,31,31,29,21,48,53,1.2,1016,32,9,242,18,United%20States%2C%20New%20Jersey
2020-08-04,26,23,0.0,9.1,5,100,08:10 PM,05:38 AM,04:56 AM,07:08 PM,19,27,27,25,27,79,68,41.2,1013,26,8,220,19,United%20States%2C%20New%20Jersey
2020-08-05,32,21,0.0,12.3,6,88,08:39 PM,06:41 AM,04:57 AM,07:07 PM,19,30,30,28,15,40,58,0.9,1014,32,10,233,13,United%20States%2C%20New%20Jersey
2020-08-06,30,25,0.0,13.4,6,81,09:04 PM,07:43 AM,04:58 AM,07:05 PM,16,28,28,27,13,40,49,0.7,1019,30,10,143,12,United%20States%2C%20New%20Jersey
2020-08-07,27,22,0.0,9.0,5,74,09:28 PM,08:43 AM,04:59 AM,07:04 PM,19,26,26,24,13,86,70,33.0,1019,27,8,93,10,United%20States%2C%20New%20Jersey
2020-08-08,29,24,0.0,12.2,6,67,09:51 PM,09:42 AM,05:00 AM,07:03 PM,20,28,28,26,7,61,68,6.5,1019,29,9,150,6,United%20States%2C%20New%20Jersey
2020-08-09,30,25,0.0,12.2,6,59,10:15 PM,10:40 AM,05:01 AM,07:02 PM,20,30,30,28,9,36,65,0.2,1019,30,10,163,8,United%20States%2C%20New%20Jersey
2020-08-10,33,23,0.0,14.0,8,52,10:40 PM,11:39 AM,05:02 AM,07:00 PM,19,32,32,29,11,24,52,0.0,1016,33,10,247,9,United%20States%2C%20New%20Jersey
2020-08-11,32,28,0.0,13.6,8,45,11:08 PM,12:38 PM,05:03 AM,06:59 PM,20,33,33,30,18,26,56,0.1,1015,32,10,207,14,United%20States%2C%20New%20Jersey
2020-08-12,33,28,0.0,13.3,7,38,11:41 PM,01:40 PM,05:04 AM,06:58 PM,21,32,32,30,13,31,61,2.2,1016,33,10,187,11,United%20States%2C%20New%20Jersey
2020-08-13,29,25,0.0,10.9,6,30,No moonrise,02:41 PM,05:05 AM,06:56 PM,19,29,29,27,18,68,63,30.5,1018,29,7,108,10,United%20States%2C%20New%20Jersey
2020-08-14,30,22,0.0,13.5,7,23,12:19 AM,03:42 PM,05:06 AM,06:55 PM,19,28,28,27,12,40,59,0.2,1016,30,10,120,10,United%20States%2C%20New%20Jersey
2020-08-15,27,24,0.0,12.1,6,16,01:06 AM,04:40 PM,05:07 AM,06:53 PM,16,27,27,26,23,46,55,0.0,1015,27,10,74,19,United%20States%2C%20New%20Jersey
2020-08-16,22,20,0.0,8.4,5,8,02:02 AM,05:34 PM,05:08 AM,06:52 PM,17,22,24,22,23,96,74,21.8,1014,22,9,64,18,United%20States%2C%20New%20Jersey
2020-08-17,26,18,0.0,8.4,5,1,03:06 AM,06:20 PM,05:09 AM,06:51 PM,17,25,25,23,14,85,67,3.8,1011,26,10,91,11,United%20States%2C%20New%20Jersey
2020-08-18,30,24,0.0,13.3,6,0,04:16 AM,07:01 PM,05:10 AM,06:49 PM,17,28,28,27,10,52,55,6.3,1010,30,9,258,7,United%20States%2C%20New%20Jersey
2020-08-19,28,22,0.0,13.4,7,0,05:30 AM,07:37 PM,05:11 AM,06:48 PM,11,26,26,25,12,17,43,0.0,1014,28,10,304,11,United%20States%2C%20New%20Jersey
2020-08-20,30,21,0.0,13.3,7,6,06:45 AM,08:09 PM,05:12 AM,06:46 PM,12,26,26,25,14,9,45,0.0,1017,30,10,111,12,United%20States%2C%20New%20Jersey
2020-08-21,29,24,0.0,13.3,7,13,07:59 AM,08:39 PM,05:13 AM,06:45 PM,17,27,27,26,14,10,58,0.0,1016,29,10,212,12,United%20States%2C%20New%20Jersey
2020-08-22,30,25,0.0,13.3,7,20,09:14 AM,09:09 PM,05:14 AM,06:43 PM,19,29,29,27,14,34,60,0.1,1014,30,10,213,12,United%20States%2C%20New%20Jersey
2020-08-23,30,26,0.0,12.0,6,28,10:27 AM,09:40 PM,05:15 AM,06:42 PM,20,29,29,27,11,44,64,1.0,1016,30,10,212,9,United%20States%2C%20New%20Jersey
2020-08-24,33,26,0.0,12.0,7,35,11:40 AM,10:13 PM,05:16 AM,06:40 PM,20,32,32,30,15,49,55,0.8,1015,33,10,254,13,United%20States%2C%20New%20Jersey
2020-08-25,33,27,0.0,13.2,8,42,12:52 PM,10:51 PM,05:17 AM,06:39 PM,19,31,31,30,19,22,55,0.1,1010,33,10,278,15,United%20States%2C%20New%20Jersey
2020-08-26,26,21,0.0,13.2,5,50,02:02 PM,11:35 PM,05:18 AM,06:37 PM,10,25,25,24,21,17,41,0.0,1013,26,10,328,18,United%20States%2C%20New%20Jersey
2020-08-27,32,23,0.0,13.2,6,57,03:07 PM,No moonset,05:19 AM,06:35 PM,18,29,29,27,21,52,57,1.1,1009,32,8,248,17,United%20States%2C%20New%20Jersey
2020-08-28,31,27,0.0,12.0,6,64,04:04 PM,12:26 AM,05:20 AM,06:34 PM,20,31,31,29,19,40,59,1.6,1008,31,10,281,15,United%20States%2C%20New%20Jersey
2020-08-29,26,19,0.0,8.2,6,71,04:54 PM,01:23 AM,05:21 AM,06:32 PM,21,27,27,24,22,79,73,20.3,1003,26,9,239,16,United%20States%2C%20New%20Jersey
2020-08-30,27,20,0.0,13.1,6,79,05:36 PM,02:24 AM,05:22 AM,06:31 PM,13,25,25,24,21,1,52,0.0,1006,27,10,318,18,United%20States%2C%20New%20Jersey
2020-08-31,24,21,0.0,13.1,5,82,06:10 PM,03:27 AM,05:23 AM,06:29 PM,11,24,24,23,13,26,49,0.2,1017,24,10,169,12,United%20States%2C%20New%20Jersey
2020-09-01,25,20,0.0,10.7,5,97,06:40 PM,04:30 AM,05:24 AM,06:27 PM,16,25,25,23,13,63,66,1.1,1020,25,9,168,11,United%20States%2C%20New%20Jersey
2020-09-02,26,21,0.0,8.1,5,100,07:07 PM,05:33 AM,05:25 AM,06:26 PM,21,26,26,24,17,83,77,0.7,1013,26,10,169,14,United%20States%2C%20New%20Jersey
2020-09-03,29,26,0.0,11.9,6,88,07:31 PM,06:33 AM,05:26 AM,06:24 PM,21,29,29,27,12,56,67,0.1,1009,29,10,242,9,United%20States%2C%20New%20Jersey
2020-09-04,30,25,0.0,13.0,7,81,07:54 PM,07:33 AM,05:27 AM,06:23 PM,15,28,28,27,21,22,52,2.2,1011,30,10,287,18,United%20States%2C%20New%20Jersey
2020-09-05,27,21,0.0,12.9,6,73,08:17 PM,08:31 AM,05:28 AM,06:21 PM,8,25,25,24,17,4,37,0.0,1022,27,10,309,15,United%20States%2C%20New%20Jersey
2020-09-06,28,23,0.0,12.9,7,66,08:41 PM,09:30 AM,05:29 AM,06:19 PM,11,26,26,25,11,15,42,0.0,1022,28,10,231,10,United%20States%2C%20New%20Jersey
2020-09-07,26,24,0.0,12.9,6,58,09:08 PM,10:28 AM,05:30 AM,06:18 PM,15,26,26,25,17,10,54,0.0,1018,26,10,171,15,United%20States%2C%20New%20Jersey
2020-09-08,30,21,0.0,12.9,7,50,09:39 PM,11:29 AM,05:31 AM,06:16 PM,18,27,27,26,11,12,62,0.0,1021,30,10,175,10,United%20States%2C%20New%20Jersey
2020-09-09,28,24,0.0,12.8,7,43,10:13 PM,12:29 PM,05:32 AM,06:14 PM,18,27,27,26,11,37,64,0.0,1025,28,10,117,10,United%20States%2C%20New%20Jersey
2020-09-10,26,19,0.0,8.0,6,35,10:56 PM,01:29 PM,05:33 AM,06:13 PM,21,27,27,25,6,67,77,6.1,1023,26,10,151,5,United%20States%2C%20New%20Jersey
2020-09-11,27,24,0.0,8.0,6,28,11:46 PM,02:27 PM,05:34 AM,06:11 PM,18,26,26,25,15,82,69,6.0,1020,27,10,111,12,United%20States%2C%20New%20Jersey
2020-09-12,24,20,0.0,12.7,6,20,No moonrise,03:22 PM,05:35 AM,06:09 PM,12,22,23,22,19,22,55,0.1,1023,24,10,95,16,United%20States%2C%20New%20Jersey
2020-09-13,25,20,0.0,8.0,5,13,12:45 AM,04:11 PM,05:36 AM,06:08 PM,15,24,24,23,16,77,63,0.0,1020,25,10,146,14,United%20States%2C%20New%20Jersey
2020-09-14,28,21,0.0,12.7,5,5,01:52 AM,04:54 PM,05:37 AM,06:06 PM,13,25,25,24,20,33,54,0.2,1018,28,10,301,17,United%20States%2C%20New%20Jersey
2020-09-15,23,15,0.0,12.7,5,0,03:04 AM,05:32 PM,05:38 AM,06:04 PM,5,18,19,18,18,0,42,0.0,1026,23,10,79,16,United%20States%2C%20New%20Jersey
2020-09-16,24,18,0.0,12.6,6,0,04:19 AM,06:05 PM,05:39 AM,06:03 PM,12,23,23,21,18,2,54,0.0,1023,24,10,200,15,United%20States%2C%20New%20Jersey
2020-09-17,26,20,0.0,12.6,5,0,05:35 AM,06:36 PM,05:40 AM,06:01 PM,15,23,23,22,13,29,62,0.0,1017,26,10,231,11,United%20States%2C%20New%20Jersey
2020-09-18,19,17,0.0,6.1,4,2,06:51 AM,07:07 PM,05:41 AM,05:59 PM,8,18,19,18,25,79,54,2.4,1017,19,10,36,19,United%20States%2C%20New%20Jersey
2020-09-19,21,12,0.0,11.6,5,10,08:08 AM,07:38 PM,05:42 AM,05:58 PM,-1,16,17,16,22,0,32,0.0,1025,21,10,28,18,United%20States%2C%20New%20Jersey
2020-09-20,18,13,0.0,11.6,5,17,09:24 AM,08:11 PM,05:43 AM,05:56 PM,-1,14,15,14,19,5,32,0.0,1031,18,10,32,17,United%20States%2C%20New%20Jersey
2020-09-21,22,14,0.0,11.6,5,25,10:40 AM,08:48 PM,05:44 AM,05:54 PM,1,17,18,17,15,0,32,0.0,1032,22,10,47,13,United%20States%2C%20New%20Jersey
2020-09-22,23,16,0.0,11.6,5,32,11:53 AM,09:32 PM,05:45 AM,05:53 PM,3,19,19,19,17,0,34,0.0,1021,23,10,225,14,United%20States%2C%20New%20Jersey
2020-09-23,26,16,0.0,11.6,6,40,01:01 PM,10:21 PM,05:46 AM,05:51 PM,9,22,22,21,20,2,46,0.0,1012,26,10,314,17,United%20States%2C%20New%20Jersey
2020-09-24,26,20,0.0,8.8,5,47,02:02 PM,11:17 PM,05:47 AM,05:49 PM,13,24,24,23,12,40,53,0.0,1015,26,10,267,10,United%20States%2C%20New%20Jersey
2020-09-25,27,21,0.0,11.6,6,55,02:54 PM,No moonset,05:48 AM,05:48 PM,13,24,24,23,13,6,53,0.0,1018,27,10,218,11,United%20States%2C%20New%20Jersey
2020-09-26,23,21,0.0,7.4,5,62,03:37 PM,12:17 AM,05:49 AM,05:46 PM,16,22,24,22,13,52,69,0.1,1019,23,10,181,11,United%20States%2C%20New%20Jersey
2020-09-27,26,21,0.0,11.6,6,70,04:13 PM,01:20 AM,05:50 AM,05:44 PM,18,25,25,23,10,16,75,0.0,1016,26,10,172,9,United%20States%2C%20New%20Jersey
2020-09-28,26,22,0.0,10.2,6,78,04:44 PM,02:22 AM,05:51 AM,05:43 PM,19,26,26,24,20,43,74,0.1,1013,26,10,179,15,United%20States%2C%20New%20Jersey
2020-09-29,23,22,0.0,5.9,5,85,05:11 PM,03:25 AM,05:52 AM,05:41 PM,19,25,25,23,19,83,80,9.7,1012,23,9,190,14,United%20States%2C%20New%20Jersey
2020-09-30,21,18,0.0,5.9,4,93,05:36 PM,04:25 AM,05:53 AM,05:39 PM,13,20,22,20,28,73,65,54.4,1006,21,7,236,22,United%20States%2C%20New%20Jersey
2020-10-01,24,19,0.0,11.6,6,97,05:58 PM,05:25 AM,05:54 AM,05:38 PM,8,21,21,21,19,15,45,0.0,1013,24,10,244,16,United%20States%2C%20New%20Jersey
2020-10-02,19,14,0.0,5.9,4,100,06:21 PM,06:23 AM,05:55 AM,05:36 PM,8,17,18,17,11,69,55,9.5,1015,19,9,256,10,United%20States%2C%20New%20Jersey
2020-10-03,22,14,0.0,10.2,4,89,06:45 PM,07:22 AM,05:56 AM,05:34 PM,6,18,19,18,12,17,46,0.0,1020,22,10,300,10,United%20States%2C%20New%20Jersey
2020-10-04,20,15,0.0,11.6,5,82,07:10 PM,08:21 AM,05:57 AM,05:33 PM,6,18,18,18,12,18,46,0.0,1024,20,10,117,10,United%20States%2C%20New%20Jersey
2020-10-05,22,17,0.0,5.9,4,74,07:39 PM,09:21 AM,05:58 AM,05:31 PM,10,19,20,19,8,61,58,0.2,1020,22,10,154,6,United%20States%2C%20New%20Jersey
2020-10-06,23,18,0.0,11.6,6,67,08:11 PM,10:20 AM,05:59 AM,05:30 PM,11,20,21,20,13,20,55,0.5,1019,23,10,221,11,United%20States%2C%20New%20Jersey
2020-10-07,23,17,0.0,11.3,5,60,08:50 PM,11:21 AM,06:00 AM,05:28 PM,9,20,20,20,29,31,51,0.1,1009,23,10,254,23,United%20States%2C%20New%20Jersey
2020-10-08,17,13,0.0,8.7,4,53,09:37 PM,12:19 PM,06:01 AM,05:26 PM,3,14,15,14,27,1,46,0.0,1014,17,10,313,23,United%20States%2C%20New%20Jersey
2020-10-09,21,14,0.0,8.7,5,45,10:30 PM,01:14 PM,06:02 AM,05:25 PM,6,17,17,17,16,5,50,0.0,1021,21,10,267,14,United%20States%2C%20New%20Jersey
2020-10-10,24,16,0.0,8.7,6,38,11:33 PM,02:03 PM,06:03 AM,05:23 PM,12,20,21,20,26,9,59,0.0,1017,24,10,225,19,United%20States%2C%20New%20Jersey
2020-10-11,21,18,0.0,7.2,4,31,No moonrise,02:47 PM,06:04 AM,05:22 PM,13,19,20,19,19,59,67,0.2,1018,21,10,176,15,United%20States%2C%20New%20Jersey
2020-10-12,13,7,0.0,4.2,3,23,12:40 AM,03:27 PM,06:05 AM,05:20 PM,11,11,13,11,34,100,84,52.8,1017,13,6,62,26,United%20States%2C%20New%20Jersey
2020-10-13,21,9,0.0,4.2,4,16,01:53 AM,04:01 PM,06:06 AM,05:18 PM,14,17,17,17,24,81,80,14.2,1011,21,8,126,19,United%20States%2C%20New%20Jersey
2020-10-14,23,15,0.0,8.7,5,9,03:07 AM,04:32 PM,06:07 AM,05:17 PM,7,18,19,18,14,5,46,0.0,1016,23,10,301,12,United%20States%2C%20New%20Jersey
2020-10-15,23,17,0.0,8.7,5,2,04:22 AM,05:02 PM,06:08 AM,05:15 PM,9,19,20,19,23,7,54,0.0,1016,23,10,205,17,United%20States%2C%20New%20Jersey
2020-10-16,17,13,0.0,5.7,4,0,05:40 AM,05:33 PM,06:09 AM,05:14 PM,9,16,16,16,14,72,64,3.4,1020,17,8,255,11,United%20States%2C%20New%20Jersey
2020-10-17,17,9,0.0,8.7,3,0,06:57 AM,06:05 PM,06:10 AM,05:12 PM,2,11,13,11,20,42,49,15.8,1024,17,9,314,17,United%20States%2C%20New%20Jersey
2020-10-18,18,11,0.0,8.7,4,5,08:16 AM,06:41 PM,06:11 AM,05:11 PM,3,15,15,15,12,18,43,0.0,1029,18,10,164,10,United%20States%2C%20New%20Jersey
2020-10-19,19,10,0.0,8.7,5,13,09:34 AM,07:23 PM,06:12 AM,05:09 PM,10,16,16,16,11,35,68,0.0,1027,19,10,182,9,United%20States%2C%20New%20Jersey
2020-10-20,22,16,0.0,8.7,4,20,10:47 AM,08:12 PM,06:13 AM,05:08 PM,14,19,19,19,12,58,75,0.1,1024,22,9,223,9,United%20States%2C%20New%20Jersey
2020-10-21,23,19,0.0,4.1,5,27,11:54 AM,09:07 PM,06:15 AM,05:06 PM,18,21,22,21,13,80,85,1.4,1024,23,7,150,9,United%20States%2C%20New%20Jersey
2020-10-22,26,18,0.0,8.7,6,35,12:50 PM,10:08 PM,06:16 AM,05:05 PM,17,23,23,22,8,33,74,0.0,1024,26,10,151,6,United%20States%2C%20New%20Jersey
2020-10-23,19,16,0.0,4.1,4,42,01:38 PM,11:11 PM,06:17 AM,05:04 PM,17,19,19,19,14,73,86,0.0,1022,19,10,142,10,United%20States%2C%20New%20Jersey
2020-10-24,23,17,0.0,7.2,4,49,02:16 PM,No moonset,06:18 AM,05:02 PM,14,19,20,19,17,48,75,0.2,1016,23,10,250,13,United%20States%2C%20New%20Jersey
2020-10-25,10,3,0.0,4.1,2,56,02:49 PM,12:15 AM,06:19 AM,05:01 PM,3,7,9,7,19,78,62,8.7,1021,10,9,63,15,United%20States%2C%20New%20Jersey
2020-10-26,16,6,0.0,4.1,3,64,03:16 PM,01:17 AM,06:20 AM,05:00 PM,11,12,13,12,19,100,80,2.1,1022,16,7,106,14,United%20States%2C%20New%20Jersey
2020-10-27,17,14,0.0,8.7,5,71,03:41 PM,02:18 AM,06:21 AM,04:58 PM,8,15,15,15,13,63,65,0.0,1021,17,10,278,10,United%20States%2C%20New%20Jersey
2020-10-28,17,11,0.0,7.1,3,78,04:04 PM,03:18 AM,06:22 AM,04:57 PM,6,14,14,14,15,60,55,0.0,1020,17,10,263,12,United%20States%2C%20New%20Jersey
2020-10-29,13,8,0.0,3.9,3,85,04:26 PM,04:16 AM,06:24 AM,04:56 PM,8,10,12,10,19,86,76,29.0,1011,13,8,137,14,United%20States%2C%20New%20Jersey
2020-10-30,8,3,0.0,3.9,2,93,04:49 PM,05:15 AM,06:25 AM,04:54 PM,2,4,7,4,22,89,68,4.8,1014,8,7,19,18,United%20States%2C%20New%20Jersey
2020-10-31,12,3,0.0,8.7,3,97,05:14 PM,06:14 AM,06:26 AM,04:53 PM,-1,6,8,6,11,13,54,0.0,1030,12,10,159,10,United%20States%2C%20New%20Jersey
2020-11-01,14,4,0.0,3.8,3,89,05:41 PM,07:14 AM,06:27 AM,04:52 PM,6,9,11,9,27,64,68,7.6,1017,14,10,211,20,United%20States%2C%20New%20Jersey
2020-11-02,7,4,0.0,7.1,2,81,06:12 PM,08:14 AM,06:28 AM,04:51 PM,-4,1,6,1,37,48,49,0.2,1005,7,10,289,31,United%20States%2C%20New%20Jersey
2020-11-03,9,1,0.0,5.5,2,74,06:49 PM,09:15 AM,06:29 AM,04:50 PM,-3,4,7,4,30,46,48,0.1,1016,9,10,280,24,United%20States%2C%20New%20Jersey
2020-11-04,15,8,0.0,8.7,4,66,07:33 PM,10:13 AM,06:31 AM,04:48 PM,1,10,11,10,11,4,50,0.0,1031,15,10,131,9,United%20States%2C%20New%20Jersey
2020-11-05,18,14,0.0,7.1,4,58,08:23 PM,11:09 AM,06:32 AM,04:47 PM,8,15,15,15,19,37,63,0.0,1029,18,10,219,15,United%20States%2C%20New%20Jersey
2020-11-06,21,14,0.0,8.7,5,51,09:21 PM,12:00 PM,06:33 AM,04:46 PM,11,17,18,17,13,21,69,0.0,1026,21,10,236,11,United%20States%2C%20New%20Jersey
2020-11-07,22,16,0.0,8.7,5,43,10:25 PM,12:45 PM,06:34 AM,04:45 PM,11,18,19,18,11,4,62,0.0,1026,22,10,265,9,United%20States%2C%20New%20Jersey
2020-11-08,24,17,0.0,8.7,6,36,11:34 PM,01:25 PM,06:35 AM,04:44 PM,12,20,21,20,6,0,61,0.0,1028,24,10,214,5,United%20States%2C%20New%20Jersey
2020-11-09,24,18,0.0,8.7,6,28,No moonrise,01:59 PM,06:37 AM,04:43 PM,12,21,22,21,7,0,57,0.0,1027,24,10,250,6,United%20States%2C%20New%20Jersey
2020-11-10,20,17,0.0,8.7,4,21,12:44 AM,02:30 PM,06:38 AM,04:42 PM,14,19,19,19,14,23,75,0.0,1023,20,10,219,11,United%20States%2C%20New%20Jersey
2020-11-11,20,17,0.0,3.8,4,13,01:57 AM,03:00 PM,06:39 AM,04:41 PM,17,19,19,19,21,82,88,8.8,1018,20,9,202,13,United%20States%2C%20New%20Jersey
2020-11-12,18,8,0.0,3.8,3,6,03:11 AM,03:29 PM,06:40 AM,04:40 PM,12,14,15,14,17,91,78,27.9,1014,18,7,200,13,United%20States%2C%20New%20Jersey
2020-11-13,16,12,0.0,3.7,3,0,04:27 AM,03:59 PM,06:41 AM,04:39 PM,8,12,13,12,15,71,72,7.5,1016,16,7,174,12,United%20States%2C%20New%20Jersey
2020-11-14,12,6,0.0,8.7,3,0,05:45 AM,04:33 PM,06:42 AM,04:38 PM,1,7,9,7,19,1,52,0.0,1020,12,10,308,16,United%20States%2C%20New%20Jersey
2020-11-15,14,7,0.0,7.0,3,0,07:04 AM,05:12 PM,06:44 AM,04:38 PM,3,9,11,9,28,43,57,15.2,1015,14,9,177,20,United%20States%2C%20New%20Jersey
2020-11-16,9,8,0.0,8.7,3,2,08:21 AM,05:58 PM,06:45 AM,04:37 PM,-1,6,9,6,34,16,47,9.8,1011,9,10,267,27,United%20States%2C%20New%20Jersey
2020-11-17,8,6,0.0,7.0,2,9,09:35 AM,06:51 PM,06:46 AM,04:36 PM,-4,4,7,4,26,30,45,0.0,1015,8,10,285,21,United%20States%2C%20New%20Jersey
2020-11-18,4,-2,0.0,8.7,2,17,10:38 AM,07:52 PM,06:47 AM,04:35 PM,-9,-3,2,-3,27,0,42,0.0,1028,4,10,321,22,United%20States%2C%20New%20Jersey
2020-11-19,8,-1,0.0,7.0,2,24,11:32 AM,08:57 PM,06:48 AM,04:35 PM,-5,2,5,2,21,32,48,0.0,1032,8,10,241,16,United%20States%2C%20New%20Jersey
2020-11-20,14,3,0.0,8.7,4,32,12:15 PM,10:03 PM,06:50 AM,04:34 PM,2,8,10,8,23,8,55,0.0,1028,14,10,234,17,United%20States%2C%20New%20Jersey
2020-11-21,15,11,0.0,8.7,3,39,12:51 PM,11:07 PM,06:51 AM,04:33 PM,6,11,12,11,15,43,64,0.0,1027,15,10,275,11,United%20States%2C%20New%20Jersey
2020-11-22,10,7,0.0,3.7,2,47,01:21 PM,No moonset,06:52 AM,04:33 PM,4,6,8,6,23,80,70,1.0,1029,10,10,70,16,United%20States%2C%20New%20Jersey
2020-11-23,14,8,0.0,7.0,3,54,01:46 PM,12:09 AM,06:53 AM,04:32 PM,5,8,11,8,31,50,68,6.4,1016,14,10,258,22,United%20States%2C%20New%20Jersey
2020-11-24,8,5,0.0,8.7,3,62,02:09 PM,01:10 AM,06:54 AM,04:32 PM,-3,3,6,3,22,6,52,0.0,1026,8,10,308,18,United%20States%2C%20New%20Jersey
2020-11-25,12,6,0.0,8.7,3,70,02:31 PM,02:09 AM,06:55 AM,04:31 PM,-0,8,9,8,14,34,51,0.0,1027,12,10,172,11,United%20States%2C%20New%20Jersey
2020-11-26,15,12,0.0,3.7,3,77,02:54 PM,03:08 AM,06:56 AM,04:31 PM,12,13,13,13,13,91,89,16.0,1019,15,9,205,9,United%20States%2C%20New%20Jersey
2020-11-27,14,8,0.0,8.7,3,85,03:18 PM,04:06 AM,06:57 AM,04:30 PM,7,11,12,11,13,28,70,0.0,1017,14,10,286,10,United%20States%2C%20New%20Jersey
2020-11-28,12,11,0.0,7.0,3,92,03:44 PM,05:06 AM,06:58 AM,04:30 PM,3,10,12,10,17,66,57,0.2,1015,12,10,286,14,United%20States%2C%20New%20Jersey
2020-11-29,13,8,0.0,8.7,4,100,04:14 PM,06:06 AM,07:00 AM,04:30 PM,-0,9,10,9,13,7,50,0.0,1020,13,10,250,11,United%20States%2C%20New%20Jersey
2020-11-30,14,7,0.0,5.2,3,100,04:49 PM,07:08 AM,07:01 AM,04:29 PM,9,9,12,9,31,73,80,27.4,1009,14,8,157,19,United%20States%2C%20New%20Jersey
2020-12-01,11,6,0.0,3.5,2,89,05:30 PM,08:08 AM,07:02 AM,04:29 PM,5,8,10,8,23,59,68,3.0,1002,11,10,227,18,United%20States%2C%20New%20Jersey
2020-12-02,6,4,0.0,8.7,1,82,06:19 PM,09:05 AM,07:03 AM,04:29 PM,-3,1,5,1,29,35,55,0.0,1014,6,10,251,23,United%20States%2C%20New%20Jersey
2020-12-03,8,4,0.0,5.2,2,75,07:15 PM,09:58 AM,07:04 AM,04:29 PM,-3,2,6,2,21,32,54,0.0,1023,8,10,259,17,United%20States%2C%20New%20Jersey
2020-12-04,9,7,0.0,3.5,2,67,08:17 PM,10:45 AM,07:05 AM,04:29 PM,0,5,8,5,22,77,59,0.2,1019,9,9,232,15,United%20States%2C%20New%20Jersey
2020-12-05,8,-1,0.0,3.5,2,60,09:24 PM,11:26 AM,07:06 AM,04:29 PM,4,3,6,3,30,95,84,66.8,1006,8,7,174,23,United%20States%2C%20New%20Jersey
2020-12-06,4,2,0.0,8.7,2,53,10:32 PM,12:01 PM,07:06 AM,04:28 PM,-6,-2,3,-2,29,0,53,0.0,1009,4,10,302,24,United%20States%2C%20New%20Jersey
2020-12-07,4,0,0.0,8.7,2,46,11:42 PM,12:32 PM,07:07 AM,04:28 PM,-7,-2,2,-2,21,18,53,0.0,1009,4,10,305,17,United%20States%2C%20New%20Jersey
2020-12-08,4,1,0.0,8.7,2,38,No moonrise,01:01 PM,07:08 AM,04:28 PM,-7,-2,2,-2,20,12,51,0.0,1008,4,10,326,17,United%20States%2C%20New%20Jersey
2020-12-09,5,2,0.4,3.4,1,31,12:52 AM,01:29 PM,07:09 AM,04:28 PM,-3,-1,3,-1,23,53,65,2.9,1009,5,9,267,18,United%20States%2C%20New%20Jersey
2020-12-10,8,-1,0.0,8.7,3,24,02:04 AM,01:57 PM,07:10 AM,04:29 PM,0,2,5,2,21,17,67,0.0,1016,8,10,296,16,United%20States%2C%20New%20Jersey
2020-12-11,12,5,0.0,8.7,3,17,03:19 AM,02:27 PM,07:11 AM,04:29 PM,3,6,7,6,14,12,72,0.0,1022,12,10,235,11,United%20States%2C%20New%20Jersey
2020-12-12,11,7,0.0,3.4,2,9,04:35 AM,03:02 PM,07:12 AM,04:29 PM,9,8,9,8,10,73,95,3.7,1018,11,5,170,6,United%20States%2C%20New%20Jersey
2020-12-13,12,6,0.0,6.9,3,2,05:53 AM,03:44 PM,07:12 AM,04:29 PM,5,8,10,8,26,37,71,0.0,1015,12,10,244,17,United%20States%2C%20New%20Jersey
2020-12-14,5,-3,11.1,3.4,1,0,07:08 AM,04:33 PM,07:13 AM,04:29 PM,0,1,4,1,20,71,78,34.4,1012,5,8,252,14,United%20States%2C%20New%20Jersey
2020-12-15,2,-3,0.0,8.7,1,0,08:18 AM,05:31 PM,07:14 AM,04:30 PM,-9,-4,1,-4,26,32,46,0.0,1023,2,10,321,19,United%20States%2C%20New%20Jersey
2020-12-16,1,-1,0.6,5.2,1,5,09:18 AM,06:36 PM,07:14 AM,04:30 PM,-11,-5,-0,-5,21,82,46,4.4,1027,1,8,84,16,United%20States%2C%20New%20Jersey
2020-12-17,-1,-4,19.6,3.4,1,12,10:08 AM,07:44 PM,07:15 AM,04:30 PM,-3,-7,-2,-7,33,92,92,51.7,1019,-1,4,37,22,United%20States%2C%20New%20Jersey
2020-12-18,-1,-6,0.1,8.7,1,20,10:48 AM,08:51 PM,07:16 AM,04:31 PM,-5,-8,-4,-8,14,46,90,0.2,1026,-1,9,325,10,United%20States%2C%20New%20Jersey
2020-12-19,-3,-9,0.0,8.7,1,27,11:21 AM,09:56 PM,07:16 AM,04:31 PM,-8,-9,-6,-9,9,41,91,0.0,1029,-3,9,305,5,United%20States%2C%20New%20Jersey
2020-12-20,1,-6,0.0,3.4,1,34,11:48 AM,10:59 PM,07:17 AM,04:32 PM,-2,-3,-1,-3,10,71,90,6.6,1022,1,9,229,5,United%20States%2C%20New%20Jersey
2020-12-21,1,-4,0.0,3.4,1,41,12:13 PM,11:59 PM,07:17 AM,04:32 PM,1,-1,1,-1,10,93,98,0.0,1011,1,1,297,6,United%20States%2C%20New%20Jersey
2020-12-22,3,-5,0.0,5.2,1,49,12:35 PM,No moonset,07:18 AM,04:33 PM,1,-1,2,-1,17,63,93,3.8,1009,3,7,248,10,United%20States%2C%20New%20Jersey
2020-12-23,3,-3,0.0,8.7,2,56,12:58 PM,12:58 AM,07:18 AM,04:33 PM,-2,-2,1,-2,16,7,81,0.0,1026,3,10,250,10,United%20States%2C%20New%20Jersey
2020-12-24,12,0,0.0,5.2,2,63,01:21 PM,01:57 AM,07:19 AM,04:34 PM,7,5,8,5,48,71,86,1.5,1019,12,9,166,26,United%20States%2C%20New%20Jersey
2020-12-25,14,2,0.0,3.4,2,70,01:46 PM,02:56 AM,07:19 AM,04:34 PM,5,5,9,5,51,83,77,89.1,1001,14,8,208,33,United%20States%2C%20New%20Jersey
2020-12-26,-1,-7,0.0,8.7,2,78,02:14 PM,03:56 AM,07:19 AM,04:35 PM,-10,-8,-2,-8,28,35,53,0.0,1012,-1,10,258,24,United%20States%2C%20New%20Jersey
2020-12-27,3,-2,0.0,8.7,1,85,02:47 PM,04:57 AM,07:20 AM,04:36 PM,-7,-3,0,-3,15,19,58,0.0,1022,3,10,241,12,United%20States%2C%20New%20Jersey
2020-12-28,7,-2,0.0,5.2,2,92,03:27 PM,05:58 AM,07:20 AM,04:36 PM,-0,1,4,1,24,51,71,0.2,1021,7,10,214,15,United%20States%2C%20New%20Jersey
2020-12-29,3,-2,0.0,8.7,2,100,04:13 PM,06:57 AM,07:20 AM,04:37 PM,-7,-3,2,-3,27,10,53,0.0,1027,3,10,303,20,United%20States%2C%20New%20Jersey
2020-12-30,3,-3,0.0,8.7,2,100,05:08 PM,07:53 AM,07:20 AM,04:38 PM,-10,-3,1,-3,17,21,45,0.0,1030,3,10,251,13,United%20States%2C%20New%20Jersey
2020-12-31,7,1,0.0,5.2,2,89,06:09 PM,08:43 AM,07:21 AM,04:39 PM,0,2,5,2,28,69,72,0.7,1021,7,9,275,18,United%20States%2C%20New%20Jersey
2021-01-01,4,1,0.0,6.9,1,79,07:16 PM,09:26 AM,07:21 AM,04:40 PM,-3,1,3,1,10,40,66,3.2,1030,4,10,119,8,United%20States%2C%20New%20Jersey
2021-01-02,11,2,0.0,5.2,2,71,08:24 PM,10:03 AM,07:21 AM,04:41 PM,5,5,8,5,30,68,80,22.6,1013,11,9,217,19,United%20States%2C%20New%20Jersey
2021-01-03,5,3,0.0,3.5,1,64,09:34 PM,10:35 AM,07:21 AM,04:41 PM,0,1,4,1,21,73,76,11.8,1016,5,9,81,15,United%20States%2C%20New%20Jersey
2021-01-04,5,-1,0.0,5.2,1,57,10:43 PM,11:05 AM,07:21 AM,04:42 PM,1,2,4,2,14,80,79,2.8,1014,5,10,141,11,United%20States%2C%20New%20Jersey
2021-01-05,5,3,0.0,3.5,1,50,11:53 PM,11:32 AM,07:21 AM,04:43 PM,-1,2,4,2,11,87,70,0.0,1013,5,10,117,9,United%20States%2C%20New%20Jersey
2021-01-06,4,-2,0.0,8.7,2,42,No moonrise,11:59 AM,07:21 AM,04:44 PM,-3,-2,2,-2,17,29,67,0.0,1016,4,10,336,14,United%20States%2C%20New%20Jersey
2021-01-07,6,0,0.0,7.0,1,35,01:04 AM,12:27 PM,07:21 AM,04:45 PM,-4,-1,3,-1,18,16,61,0.0,1018,6,10,329,14,United%20States%2C%20New%20Jersey
2021-01-08,4,0,0.0,7.0,1,28,02:17 AM,12:59 PM,07:20 AM,04:46 PM,-6,-1,2,-1,14,46,54,0.0,1017,4,10,293,11,United%20States%2C%20New%20Jersey
2021-01-09,3,-1,0.0,8.7,2,20,03:32 AM,01:37 PM,07:20 AM,04:47 PM,-8,-4,1,-4,20,20,54,0.0,1012,3,10,219,15,United%20States%2C%20New%20Jersey
2021-01-10,6,0,0.0,8.7,2,13,04:46 AM,02:20 PM,07:20 AM,04:48 PM,-5,-0,3,-0,12,8,56,0.0,1021,6,10,344,10,United%20States%2C%20New%20Jersey
2021-01-11,4,-3,0.0,5.2,1,6,05:57 AM,03:14 PM,07:20 AM,04:49 PM,-6,-0,2,-0,8,60,55,0.0,1026,4,10,282,6,United%20States%2C%20New%20Jersey
2021-01-12,6,-2,0.0,8.7,1,0,07:01 AM,04:14 PM,07:19 AM,04:51 PM,-3,0,3,0,16,32,64,0.0,1021,6,10,257,12,United%20States%2C%20New%20Jersey
2021-01-13,5,2,0.0,8.7,2,0,07:56 AM,05:22 PM,07:19 AM,04:52 PM,-3,1,4,1,15,24,61,0.0,1017,5,10,263,11,United%20States%2C%20New%20Jersey
2021-01-14,7,3,0.0,7.0,1,1,08:40 AM,06:30 PM,07:19 AM,04:53 PM,-0,3,5,3,11,47,70,0.0,1011,7,10,241,8,United%20States%2C%20New%20Jersey
2021-01-15,8,3,0.0,3.5,2,8,09:17 AM,07:38 PM,07:18 AM,04:54 PM,2,3,6,3,20,70,77,0.3,1009,8,10,124,13,United%20States%2C%20New%20Jersey
2021-01-16,8,3,0.0,7.0,2,16,09:48 AM,08:42 PM,07:18 AM,04:55 PM,2,3,7,3,31,85,74,33.2,999,8,8,191,21,United%20States%2C%20New%20Jersey
2021-01-17,6,2,0.0,8.7,2,23,10:14 AM,09:45 PM,07:17 AM,04:56 PM,-4,-1,4,-1,32,15,58,0.0,1002,6,10,261,23,United%20States%2C%20New%20Jersey
2021-01-18,5,2,0.0,7.0,1,30,10:37 AM,10:45 PM,07:17 AM,04:57 PM,-3,-0,4,-0,24,57,61,0.0,1006,5,10,264,18,United%20States%2C%20New%20Jersey
2021-01-19,4,1,0.0,8.7,2,38,11:00 AM,11:45 PM,07:16 AM,04:59 PM,-5,-1,3,-1,22,26,58,0.0,1016,4,10,266,17,United%20States%2C%20New%20Jersey
2021-01-20,2,-1,0.0,3.7,1,45,11:23 AM,No moonset,07:16 AM,05:00 PM,-8,-4,1,-4,28,70,51,0.2,1016,2,9,294,21,United%20States%2C%20New%20Jersey
2021-01-21,4,-2,0.0,7.0,1,52,11:47 AM,12:44 AM,07:15 AM,05:01 PM,-8,-3,1,-3,21,36,52,0.0,1010,4,10,254,16,United%20States%2C%20New%20Jersey
2021-01-22,4,2,0.0,7.0,1,59,12:14 PM,01:44 AM,07:14 AM,05:02 PM,-4,-2,3,-2,25,25,60,0.0,1007,4,10,276,18,United%20States%2C%20New%20Jersey
2021-01-23,-2,-4,0.0,7.0,1,67,12:44 PM,02:44 AM,07:14 AM,05:03 PM,-13,-9,-2,-9,34,30,42,0.0,1016,-2,10,309,26,United%20States%2C%20New%20Jersey
2021-01-24,0,-4,0.0,7.0,1,74,01:21 PM,03:45 AM,07:13 AM,05:05 PM,-12,-8,-2,-8,29,37,46,0.0,1021,0,10,307,23,United%20States%2C%20New%20Jersey
2021-01-25,3,-1,0.0,8.7,1,81,02:04 PM,04:45 AM,07:12 AM,05:06 PM,-9,-3,0,-3,12,37,48,0.0,1019,3,10,269,10,United%20States%2C%20New%20Jersey
2021-01-26,1,-5,0.5,3.7,1,88,02:56 PM,05:43 AM,07:12 AM,05:07 PM,-5,-3,-0,-3,14,66,70,6.2,1016,1,8,61,10,United%20States%2C%20New%20Jersey
2021-01-27,4,-4,0.0,7.0,1,96,03:56 PM,06:35 AM,07:11 AM,05:08 PM,-0,-1,2,-1,16,69,82,2.2,1012,4,8,251,11,United%20States%2C%20New%20Jersey
2021-01-28,-2,-6,0.0,8.7,2,100,05:02 PM,07:22 AM,07:10 AM,05:10 PM,-10,-9,-2,-9,31,19,59,0.0,1017,-2,10,336,24,United%20States%2C%20New%20Jersey
2021-01-29,-6,-8,0.0,7.1,1,90,06:11 PM,08:02 AM,07:09 AM,05:11 PM,-17,-15,-7,-15,37,41,45,0.0,1021,-6,10,322,30,United%20States%2C%20New%20Jersey
2021-01-30,-2,-8,0.0,8.7,2,82,07:23 PM,08:36 AM,07:08 AM,05:12 PM,-15,-12,-5,-12,23,1,46,0.0,1025,-2,10,320,20,United%20States%2C%20New%20Jersey
2021-01-31,-2,-6,0.1,3.8,1,79,08:34 PM,09:07 AM,07:07 AM,05:13 PM,-14,-8,-4,-8,11,57,46,0.1,1026,-2,10,149,9,United%20States%2C%20New%20Jersey
2021-02-01,-0,-5,1.4,3.8,1,63,09:45 PM,09:36 AM,07:06 AM,05:15 PM,-1,-7,-1,-7,50,99,94,26.5,1012,-0,0,52,32,United%20States%2C%20New%20Jersey
2021-02-02,-0,-7,5.4,3.8,1,55,10:56 PM,10:03 AM,07:05 AM,05:16 PM,-1,-8,-2,-8,48,100,95,27.2,997,-0,0,244,32,United%20States%2C%20New%20Jersey
2021-02-03,-0,-6,4.7,5.4,1,48,No moonrise,10:30 AM,07:04 AM,05:17 PM,-4,-8,-2,-8,30,67,84,5.5,1001,-0,8,303,19,United%20States%2C%20New%20Jersey
2021-02-04,2,-3,0.0,8.7,2,40,12:08 AM,11:01 AM,07:03 AM,05:18 PM,-3,-5,-1,-5,23,24,82,0.0,1010,2,10,304,16,United%20States%2C%20New%20Jersey
2021-02-05,3,-1,0.0,3.8,1,33,01:21 AM,11:36 AM,07:02 AM,05:19 PM,-0,-2,2,-2,21,62,88,5.6,1007,3,9,223,13,United%20States%2C%20New%20Jersey
2021-02-06,3,0,0.0,8.7,2,25,02:33 AM,12:16 PM,07:01 AM,05:21 PM,-6,-4,1,-4,26,14,58,0.0,1015,3,10,257,19,United%20States%2C%20New%20Jersey
2021-02-07,0,-2,15.0,3.8,1,18,03:44 AM,01:04 PM,07:00 AM,05:22 PM,-3,-5,-1,-5,19,92,84,17.7,1016,0,5,133,12,United%20States%2C%20New%20Jersey
