date_time,United%20States%2C%20Minnesota_maxtempC,United%20States%2C%20Minnesota_mintempC,United%20States%2C%20Minnesota_totalSnow_cm,United%20States%2C%20Minnesota_sunHour,United%20States%2C%20Minnesota_uvIndex,United%20States%2C%20Minnesota_moon_illumination,United%20States%2C%20Minnesota_moonrise,United%20States%2C%20Minnesota_moonset,United%20States%2C%20Minnesota_sunrise,United%20States%2C%20Minnesota_sunset,United%20States%2C%20Minnesota_DewPointC,United%20States%2C%20Minnesota_FeelsLikeC,United%20States%2C%20Minnesota_HeatIndexC,United%20States%2C%20Minnesota_WindChillC,United%20States%2C%20Minnesota_WindGustKmph,United%20States%2C%20Minnesota_cloudcover,United%20States%2C%20Minnesota_humidity,United%20States%2C%20Minnesota_precipMM,United%20States%2C%20Minnesota_pressure,United%20States%2C%20Minnesota_tempC,United%20States%2C%20Minnesota_visibility,United%20States%2C%20Minnesota_winddirDegree,United%20States%2C%20Minnesota_windspeedKmph,United%20States%2C%20Minnesota_location
2020-01-01,1,-11,0.0,8.7,2,37,11:40 AM,11:14 PM,07:42 AM,04:39 PM,-8,-10,-5,-10,25,7,80,0.0,1006,1,10,212,15,United%20States%2C%20Minnesota
2020-01-02,1,-3,0.0,5.1,1,44,12:02 PM,No moonset,07:42 AM,04:40 PM,-2,-5,-1,-5,23,62,93,0.0,999,1,7,255,13,United%20States%2C%20Minnesota
2020-01-03,-6,-9,0.0,6.9,1,51,12:24 PM,12:14 AM,07:42 AM,04:41 PM,-8,-12,-7,-12,18,58,91,0.0,1012,-6,9,315,13,United%20States%2C%20Minnesota
2020-01-04,-4,-10,0.1,3.4,1,59,12:47 PM,01:15 AM,07:42 AM,04:42 PM,-7,-11,-7,-11,16,74,93,0.1,1018,-4,6,276,11,United%20States%2C%20Minnesota
2020-01-05,1,-6,0.0,8.7,1,66,01:12 PM,02:16 AM,07:42 AM,04:43 PM,-4,-7,-1,-7,38,26,80,0.0,1013,1,10,258,25,United%20States%2C%20Minnesota
2020-01-06,-0,-6,0.0,6.9,1,73,01:41 PM,03:21 AM,07:42 AM,04:44 PM,-6,-9,-4,-9,27,56,81,0.0,1018,-0,10,250,16,United%20States%2C%20Minnesota
2020-01-07,-4,-13,0.0,6.9,1,80,02:14 PM,04:26 AM,07:42 AM,04:45 PM,-8,-13,-6,-13,29,52,85,0.1,1019,-4,10,283,21,United%20States%2C%20Minnesota
2020-01-08,-12,-18,0.0,6.9,1,88,02:56 PM,05:33 AM,07:42 AM,04:46 PM,-17,-21,-15,-21,19,60,79,0.0,1029,-12,10,189,15,United%20States%2C%20Minnesota
2020-01-09,2,-11,0.0,3.4,1,95,03:47 PM,06:38 AM,07:42 AM,04:47 PM,-4,-8,-2,-8,31,83,86,0.1,1012,2,9,189,20,United%20States%2C%20Minnesota
2020-01-10,-8,-12,0.0,3.4,1,100,04:48 PM,07:39 AM,07:41 AM,04:48 PM,-10,-16,-9,-16,25,87,87,0.0,1022,-8,10,326,19,United%20States%2C%20Minnesota
2020-01-11,-9,-15,0.0,8.7,2,100,05:57 PM,08:31 AM,07:41 AM,04:49 PM,-14,-20,-12,-20,25,53,82,0.2,1025,-9,9,83,21,United%20States%2C%20Minnesota
2020-01-12,-7,-13,0.9,5.2,1,83,07:12 PM,09:17 AM,07:41 AM,04:50 PM,-12,-15,-10,-15,14,56,88,1.1,1025,-7,8,80,10,United%20States%2C%20Minnesota
2020-01-13,-2,-9,1.2,3.4,1,76,08:28 PM,09:55 AM,07:40 AM,04:52 PM,-6,-8,-5,-8,13,85,94,1.5,1024,-2,6,122,9,United%20States%2C%20Minnesota
2020-01-14,1,-14,1.5,5.2,1,69,09:44 PM,10:27 AM,07:40 AM,04:53 PM,-6,-12,-5,-12,26,77,92,5.7,1018,1,8,235,19,United%20States%2C%20Minnesota
2020-01-15,-5,-13,2.6,3.4,1,61,10:58 PM,10:56 AM,07:39 AM,04:54 PM,-11,-13,-9,-13,21,89,92,3.2,1022,-5,6,187,16,United%20States%2C%20Minnesota
2020-01-16,-18,-24,0.0,8.7,2,54,No moonrise,11:24 AM,07:39 AM,04:55 PM,-22,-28,-21,-28,19,44,91,0.0,1043,-18,10,255,14,United%20States%2C%20Minnesota
2020-01-17,-7,-22,1.0,3.4,1,47,12:11 AM,11:51 AM,07:38 AM,04:56 PM,-13,-19,-13,-19,28,62,89,8.1,1034,-7,6,141,20,United%20States%2C%20Minnesota
2020-01-18,-1,-20,0.3,3.5,1,40,01:24 AM,12:19 PM,07:38 AM,04:58 PM,-10,-17,-9,-17,38,100,92,6.3,1012,-1,4,236,29,United%20States%2C%20Minnesota
2020-01-19,-19,-24,0.0,3.5,1,32,02:35 AM,12:51 PM,07:37 AM,04:59 PM,-23,-33,-22,-33,34,100,91,0.0,1030,-19,10,299,26,United%20States%2C%20Minnesota
2020-01-20,-12,-23,0.0,3.6,1,25,03:46 AM,01:28 PM,07:36 AM,05:00 PM,-19,-22,-18,-22,11,90,96,0.1,1038,-12,3,294,6,United%20States%2C%20Minnesota
2020-01-21,-10,-20,0.0,7.0,1,18,04:53 AM,02:09 PM,07:36 AM,05:02 PM,-16,-22,-15,-22,23,45,93,0.0,1033,-10,7,209,14,United%20States%2C%20Minnesota
2020-01-22,0,-11,6.7,3.6,1,11,05:56 AM,02:59 PM,07:35 AM,05:03 PM,-4,-9,-3,-9,37,85,93,7.9,1016,0,5,193,23,United%20States%2C%20Minnesota
2020-01-23,2,-2,0.0,3.6,1,3,06:51 AM,03:54 PM,07:34 AM,05:04 PM,1,-2,1,-2,17,100,100,6.3,1014,2,4,136,9,United%20States%2C%20Minnesota
2020-01-24,1,-2,0.0,3.6,1,0,07:38 AM,04:54 PM,07:33 AM,05:06 PM,1,-3,1,-3,19,100,100,5.4,1015,1,6,51,11,United%20States%2C%20Minnesota
2020-01-25,-0,-2,0.5,3.7,1,0,08:17 AM,05:56 PM,07:32 AM,05:07 PM,-1,-5,-1,-5,18,98,98,0.7,1016,-0,7,309,12,United%20States%2C%20Minnesota
2020-01-26,-3,-9,0.1,8.7,1,4,08:50 AM,06:59 PM,07:31 AM,05:08 PM,-6,-8,-5,-8,9,71,93,0.1,1014,-3,8,232,6,United%20States%2C%20Minnesota
2020-01-27,-0,-8,0.3,3.7,1,11,09:18 AM,08:01 PM,07:30 AM,05:10 PM,-4,-6,-3,-6,10,93,96,0.4,1017,-0,7,316,7,United%20States%2C%20Minnesota
2020-01-28,-4,-7,0.4,3.7,1,18,09:43 AM,09:02 PM,07:30 AM,05:11 PM,-6,-8,-5,-8,10,95,94,0.7,1021,-4,7,289,7,United%20States%2C%20Minnesota
2020-01-29,-2,-8,0.1,3.7,1,26,10:05 AM,10:02 PM,07:28 AM,05:13 PM,-6,-6,-5,-6,6,100,93,0.2,1023,-2,7,107,4,United%20States%2C%20Minnesota
2020-01-30,-3,-11,0.0,3.7,1,33,10:27 AM,11:02 PM,07:27 AM,05:14 PM,-8,-10,-8,-10,10,86,94,0.0,1024,-3,5,190,6,United%20States%2C%20Minnesota
2020-01-31,-0,-9,0.4,3.7,1,37,10:49 AM,No moonset,07:26 AM,05:15 PM,-4,-8,-4,-8,16,98,97,0.9,1018,-0,5,183,11,United%20States%2C%20Minnesota
2020-02-01,-1,-4,0.3,5.4,1,49,11:13 AM,12:03 AM,07:25 AM,05:17 PM,-3,-6,-2,-6,19,68,93,0.3,1013,-1,9,241,14,United%20States%2C%20Minnesota
2020-02-02,4,-3,0.0,8.7,1,57,11:39 AM,01:05 AM,07:24 AM,05:18 PM,-0,-3,2,-3,37,43,87,0.0,1004,4,10,279,22,United%20States%2C%20Minnesota
2020-02-03,-1,-6,0.0,7.0,1,64,12:09 PM,02:08 AM,07:23 AM,05:20 PM,-5,-8,-4,-8,17,55,90,0.0,1012,-1,8,136,11,United%20States%2C%20Minnesota
2020-02-04,-8,-11,0.0,3.7,1,72,12:46 PM,03:13 AM,07:22 AM,05:21 PM,-11,-16,-9,-16,21,67,84,0.0,1023,-8,10,283,17,United%20States%2C%20Minnesota
2020-02-05,-6,-12,0.0,5.4,1,79,01:32 PM,04:18 AM,07:21 AM,05:22 PM,-13,-11,-9,-11,6,51,78,0.0,1021,-6,10,214,4,United%20States%2C%20Minnesota
2020-02-06,-3,-7,0.0,3.8,1,87,02:27 PM,05:21 AM,07:19 AM,05:24 PM,-9,-9,-6,-9,9,89,79,0.0,1008,-3,10,246,6,United%20States%2C%20Minnesota
2020-02-07,-3,-7,0.4,3.8,1,95,03:33 PM,06:17 AM,07:18 AM,05:25 PM,-8,-6,-6,-6,3,93,86,0.5,1009,-3,8,132,2,United%20States%2C%20Minnesota
2020-02-08,-7,-11,0.3,5.4,1,100,04:46 PM,07:07 AM,07:17 AM,05:27 PM,-10,-13,-9,-13,10,69,92,0.4,1020,-7,9,250,7,United%20States%2C%20Minnesota
2020-02-09,-1,-10,10.4,3.8,1,100,06:04 PM,07:49 AM,07:15 AM,05:28 PM,-6,-10,-5,-10,17,96,93,12.2,1018,-1,6,193,13,United%20States%2C%20Minnesota
2020-02-10,-5,-16,0.0,8.7,1,83,07:23 PM,08:24 AM,07:14 AM,05:29 PM,-11,-15,-10,-15,18,27,89,0.0,1023,-5,8,246,11,United%20States%2C%20Minnesota
2020-02-11,-6,-11,0.0,7.1,1,75,08:41 PM,08:56 AM,07:13 AM,05:31 PM,-10,-15,-9,-15,24,46,92,0.0,1021,-6,9,267,15,United%20States%2C%20Minnesota
2020-02-12,0,-10,1.3,5.5,1,68,09:58 PM,09:25 AM,07:11 AM,05:32 PM,-6,-10,-4,-10,32,52,88,1.6,1013,0,8,245,20,United%20States%2C%20Minnesota
2020-02-13,-19,-25,0.1,3.8,1,60,11:13 PM,09:53 AM,07:10 AM,05:33 PM,-21,-30,-20,-30,28,93,92,0.4,1028,-19,8,323,21,United%20States%2C%20Minnesota
2020-02-14,-13,-27,0.0,8.7,2,53,No moonrise,10:21 AM,07:08 AM,05:35 PM,-22,-28,-21,-28,23,4,84,0.0,1032,-13,10,208,15,United%20States%2C%20Minnesota
2020-02-15,-1,-14,0.0,3.9,1,45,12:27 AM,10:53 AM,07:07 AM,05:36 PM,-7,-12,-6,-12,33,56,88,0.1,1016,-1,10,233,21,United%20States%2C%20Minnesota
2020-02-16,-8,-15,0.0,7.1,1,38,01:39 AM,11:28 AM,07:06 AM,05:38 PM,-12,-15,-11,-15,16,52,86,0.0,1022,-8,10,174,9,United%20States%2C%20Minnesota
2020-02-17,-1,-10,16.1,3.9,1,30,02:47 AM,12:08 PM,07:04 AM,05:39 PM,-5,-10,-5,-10,21,98,96,18.9,1014,-1,5,161,14,United%20States%2C%20Minnesota
2020-02-18,-8,-13,0.7,3.9,1,22,03:51 AM,12:55 PM,07:02 AM,05:40 PM,-9,-15,-8,-15,27,93,93,1.1,1024,-8,10,310,19,United%20States%2C%20Minnesota
2020-02-19,-14,-20,0.0,7.1,1,15,04:47 AM,01:48 PM,07:01 AM,05:42 PM,-18,-25,-17,-25,18,61,92,0.0,1041,-14,5,302,11,United%20States%2C%20Minnesota
2020-02-20,-12,-25,0.0,7.2,1,7,05:36 AM,02:45 PM,06:59 AM,05:43 PM,-20,-25,-19,-25,16,42,91,0.0,1044,-12,5,267,9,United%20States%2C%20Minnesota
2020-02-21,0,-16,0.0,8.7,2,0,06:17 AM,03:47 PM,06:58 AM,05:44 PM,-9,-14,-7,-14,34,1,83,0.0,1030,0,10,223,20,United%20States%2C%20Minnesota
2020-02-22,0,-9,0.0,7.2,1,0,06:51 AM,04:49 PM,06:56 AM,05:46 PM,-5,-8,-4,-8,19,34,92,0.0,1020,0,6,225,11,United%20States%2C%20Minnesota
2020-02-23,1,-5,0.0,7.2,1,0,07:21 AM,05:51 PM,06:55 AM,05:47 PM,-3,-6,-2,-6,20,48,93,0.0,1015,1,9,267,12,United%20States%2C%20Minnesota
2020-02-24,0,-7,0.0,8.7,1,0,07:46 AM,06:52 PM,06:53 AM,05:48 PM,-4,-6,-3,-6,12,50,93,0.0,1015,0,6,122,8,United%20States%2C%20Minnesota
2020-02-25,0,-2,0.1,4.1,1,8,08:09 AM,07:53 PM,06:51 AM,05:50 PM,-3,-7,-1,-7,25,100,90,0.4,1016,0,7,54,19,United%20States%2C%20Minnesota
2020-02-26,-5,-10,0.0,4.1,1,15,08:31 AM,08:53 PM,06:50 AM,05:51 PM,-8,-15,-7,-15,38,100,91,7.9,1017,-5,3,326,30,United%20States%2C%20Minnesota
2020-02-27,-9,-15,0.0,4.1,1,23,08:52 AM,09:53 PM,06:48 AM,05:52 PM,-13,-21,-12,-21,28,100,92,0.4,1022,-9,8,299,22,United%20States%2C%20Minnesota
2020-02-28,-8,-15,0.0,4.2,1,30,09:15 AM,10:54 PM,06:46 AM,05:54 PM,-13,-19,-12,-19,22,94,93,0.2,1028,-8,9,298,15,United%20States%2C%20Minnesota
2020-02-29,-0,-13,0.1,4.2,1,38,09:40 AM,11:56 PM,06:45 AM,05:55 PM,-7,-11,-7,-11,18,56,94,0.1,1019,-0,9,206,11,United%20States%2C%20Minnesota
2020-03-01,2,-2,0.0,4.2,1,44,10:07 AM,No moonset,06:43 AM,05:56 PM,-0,-3,1,-3,25,60,94,0.0,1006,2,9,235,14,United%20States%2C%20Minnesota
2020-03-02,-1,-5,0.0,8.7,1,51,10:40 AM,12:59 AM,06:41 AM,05:57 PM,-6,-8,-3,-8,21,33,83,0.0,1012,-1,10,280,15,United%20States%2C%20Minnesota
2020-03-03,2,-3,0.0,8.7,1,58,11:21 AM,02:02 AM,06:39 AM,05:59 PM,-3,-5,-0,-5,32,65,78,0.0,1004,2,10,255,23,United%20States%2C%20Minnesota
2020-03-04,4,-3,0.0,11.6,2,65,12:10 PM,03:04 AM,06:38 AM,06:00 PM,-3,-4,-0,-4,20,39,82,0.0,1014,4,10,276,14,United%20States%2C%20Minnesota
2020-03-05,4,-3,0.6,7.3,1,73,01:09 PM,04:02 AM,06:36 AM,06:01 PM,-1,-3,2,-3,36,82,80,2.2,1013,4,8,272,25,United%20States%2C%20Minnesota
2020-03-06,2,-3,0.0,11.6,1,80,02:18 PM,04:54 AM,06:34 AM,06:03 PM,-6,-5,-1,-5,19,35,68,0.0,1030,2,10,284,14,United%20States%2C%20Minnesota
2020-03-07,9,-3,0.0,8.7,1,87,03:34 PM,05:40 AM,06:32 AM,06:04 PM,-2,-2,3,-2,32,26,71,0.0,1023,9,10,185,20,United%20States%2C%20Minnesota
2020-03-08,13,4,0.0,11.6,3,95,04:52 PM,06:18 AM,06:31 AM,06:05 PM,5,4,8,4,37,24,80,0.0,1013,13,10,197,22,United%20States%2C%20Minnesota
2020-03-09,6,2,0.0,5.9,2,100,06:12 PM,06:51 AM,06:29 AM,06:06 PM,4,3,6,3,21,91,88,0.0,1013,6,10,271,15,United%20States%2C%20Minnesota
2020-03-10,8,-2,0.0,11.6,2,100,07:33 PM,07:22 AM,06:27 AM,06:08 PM,-3,-1,2,-1,13,44,73,1.6,1022,8,9,214,10,United%20States%2C%20Minnesota
2020-03-11,9,2,0.0,8.8,2,84,08:51 PM,07:51 AM,06:25 AM,06:09 PM,2,3,5,3,9,77,85,10.4,1014,9,9,163,6,United%20States%2C%20Minnesota
2020-03-12,7,1,0.0,8.8,2,76,10:09 PM,08:20 AM,06:23 AM,06:10 PM,1,1,5,1,31,65,77,2.3,1008,7,9,246,20,United%20States%2C%20Minnesota
2020-03-13,3,-3,0.0,11.6,2,69,11:25 PM,08:51 AM,06:22 AM,06:11 PM,-9,-6,-0,-6,33,6,54,0.0,1022,3,10,301,26,United%20States%2C%20Minnesota
2020-03-14,4,-4,0.0,7.4,1,62,No moonrise,09:26 AM,06:20 AM,06:13 PM,-9,-5,-1,-5,16,71,58,0.0,1036,4,10,135,11,United%20States%2C%20Minnesota
2020-03-15,5,-4,0.0,11.6,2,55,12:37 AM,10:05 AM,06:18 AM,06:14 PM,-7,-3,0,-3,15,12,65,0.0,1037,5,10,117,10,United%20States%2C%20Minnesota
2020-03-16,4,-1,0.2,6.0,1,47,01:45 AM,10:51 AM,06:16 AM,06:15 PM,0,-3,1,-3,22,99,90,2.1,1024,4,8,214,15,United%20States%2C%20Minnesota
2020-03-17,6,-4,0.2,11.6,2,40,02:44 AM,11:43 AM,06:14 AM,06:16 PM,-5,-3,1,-3,19,23,66,0.7,1024,6,9,241,14,United%20States%2C%20Minnesota
2020-03-18,4,1,0.0,6.0,1,33,03:36 AM,12:39 PM,06:13 AM,06:17 PM,0,-1,3,-1,18,87,86,2.5,1020,4,8,127,12,United%20States%2C%20Minnesota
2020-03-19,10,2,0.0,6.0,2,25,04:18 AM,01:40 PM,06:11 AM,06:19 PM,6,5,8,5,26,100,96,18.9,1009,10,9,189,17,United%20States%2C%20Minnesota
2020-03-20,-1,-6,0.0,10.2,1,18,04:54 AM,02:41 PM,06:09 AM,06:20 PM,-6,-10,-3,-10,33,65,78,6.2,1025,-1,5,308,26,United%20States%2C%20Minnesota
2020-03-21,1,-6,0.0,10.2,1,11,05:25 AM,03:44 PM,06:07 AM,06:21 PM,-10,-7,-3,-7,14,51,59,0.1,1036,1,10,120,10,United%20States%2C%20Minnesota
2020-03-22,7,-2,1.6,6.1,1,4,05:51 AM,04:45 PM,06:05 AM,06:22 PM,-2,-3,2,-3,26,79,76,2.2,1026,7,6,158,19,United%20States%2C%20Minnesota
2020-03-23,8,1,0.0,6.1,1,0,06:14 AM,05:46 PM,06:04 AM,06:24 PM,2,1,4,1,13,88,89,0.3,1020,8,7,192,9,United%20States%2C%20Minnesota
2020-03-24,10,3,0.0,8.9,2,0,06:36 AM,06:46 PM,06:02 AM,06:25 PM,3,3,6,3,19,77,84,0.3,1015,10,8,149,13,United%20States%2C%20Minnesota
2020-03-25,9,3,0.0,7.7,2,3,06:57 AM,07:46 PM,06:00 AM,06:26 PM,4,3,6,3,23,92,91,14.3,1009,9,9,215,14,United%20States%2C%20Minnesota
2020-03-26,7,1,0.0,7.9,1,11,07:19 AM,08:47 PM,05:58 AM,06:27 PM,1,1,4,1,13,92,85,1.7,1012,7,10,146,10,United%20States%2C%20Minnesota
2020-03-27,11,4,0.0,10.6,2,18,07:43 AM,09:49 PM,05:56 AM,06:29 PM,4,6,7,6,10,63,83,0.2,1012,11,7,70,7,United%20States%2C%20Minnesota
2020-03-28,10,6,0.0,8.0,2,25,08:09 AM,10:51 PM,05:55 AM,06:30 PM,7,5,8,5,32,100,92,13.0,1002,10,8,86,24,United%20States%2C%20Minnesota
2020-03-29,6,5,0.0,8.0,2,32,08:39 AM,11:54 PM,05:53 AM,06:31 PM,5,3,6,3,27,97,92,13.7,1000,6,7,258,19,United%20States%2C%20Minnesota
2020-03-30,10,1,0.0,12.8,2,40,09:16 AM,No moonset,05:51 AM,06:32 PM,1,3,6,3,17,28,75,0.1,1021,10,10,187,12,United%20States%2C%20Minnesota
2020-03-31,10,-1,0.0,12.8,1,44,10:01 AM,12:55 AM,05:49 AM,06:33 PM,-1,2,4,2,13,37,71,0.0,1021,10,10,80,8,United%20States%2C%20Minnesota
2020-04-01,6,-0,0.0,10.6,1,56,10:54 AM,01:53 AM,05:47 AM,06:35 PM,0,-0,3,-0,20,47,83,0.4,1018,6,8,145,13,United%20States%2C%20Minnesota
2020-04-02,11,3,0.0,8.1,2,64,11:57 AM,02:46 AM,05:46 AM,06:36 PM,6,4,7,4,30,83,88,5.8,1014,11,10,149,18,United%20States%2C%20Minnesota
2020-04-03,10,-7,1.4,8.1,1,71,01:07 PM,03:33 AM,05:44 AM,06:37 PM,4,1,5,1,32,87,93,25.8,1016,10,7,227,20,United%20States%2C%20Minnesota
2020-04-04,5,-6,0.8,13.0,1,79,02:23 PM,04:12 AM,05:42 AM,06:38 PM,-4,-5,-1,-5,19,31,81,0.9,1023,5,9,331,13,United%20States%2C%20Minnesota
2020-04-05,10,-4,0.0,13.0,2,87,03:42 PM,04:47 AM,05:40 AM,06:40 PM,-2,1,2,1,11,18,78,0.0,1021,10,10,163,7,United%20States%2C%20Minnesota
2020-04-06,10,1,0.0,8.1,2,94,05:01 PM,05:18 AM,05:39 AM,06:41 PM,3,3,5,3,18,88,90,1.3,1014,10,7,142,10,United%20States%2C%20Minnesota
2020-04-07,21,9,0.0,10.7,4,100,06:21 PM,05:47 AM,05:37 AM,06:42 PM,12,15,16,15,22,71,85,0.4,1002,21,6,188,14,United%20States%2C%20Minnesota
2020-04-08,10,5,0.0,10.7,2,100,07:41 PM,06:15 AM,05:35 AM,06:43 PM,3,6,8,6,19,48,74,15.2,1006,10,9,256,11,United%20States%2C%20Minnesota
2020-04-09,5,-0,0.0,10.7,1,83,09:00 PM,06:46 AM,05:33 AM,06:44 PM,-6,-3,2,-3,34,49,54,0.2,1011,5,10,303,26,United%20States%2C%20Minnesota
2020-04-10,8,-2,0.0,10.7,1,76,10:18 PM,07:20 AM,05:32 AM,06:46 PM,-5,-1,3,-1,21,44,59,0.0,1016,8,10,288,14,United%20States%2C%20Minnesota
2020-04-11,10,0,0.0,10.7,2,68,11:31 PM,07:58 AM,05:30 AM,06:47 PM,2,3,5,3,15,72,79,4.1,1008,10,10,161,10,United%20States%2C%20Minnesota
2020-04-12,2,0,8.6,8.3,1,61,No moonrise,08:42 AM,05:28 AM,06:48 PM,-1,-3,2,-3,28,86,81,10.6,1010,2,5,16,22,United%20States%2C%20Minnesota
2020-04-13,0,-4,0.3,13.2,1,53,12:36 AM,09:34 AM,05:26 AM,06:49 PM,-4,-9,-2,-9,39,56,85,6.1,1011,0,6,305,28,United%20States%2C%20Minnesota
2020-04-14,-1,-10,1.2,9.5,1,46,01:33 AM,10:30 AM,05:25 AM,06:51 PM,-7,-11,-5,-11,26,70,86,1.6,1020,-1,8,261,16,United%20States%2C%20Minnesota
2020-04-15,-0,-11,0.4,12.0,1,38,02:19 AM,11:31 AM,05:23 AM,06:52 PM,-8,-10,-5,-10,15,31,84,0.7,1020,-0,9,275,10,United%20States%2C%20Minnesota
2020-04-16,2,-8,0.0,13.3,2,30,02:57 AM,12:33 PM,05:21 AM,06:53 PM,-6,-7,-3,-7,19,25,79,0.0,1024,2,10,266,11,United%20States%2C%20Minnesota
2020-04-17,6,-5,0.0,13.3,2,23,03:29 AM,01:36 PM,05:20 AM,06:54 PM,-4,-2,1,-2,15,30,72,0.0,1019,6,10,271,9,United%20States%2C%20Minnesota
2020-04-18,14,-1,0.0,13.3,2,15,03:56 AM,02:37 PM,05:18 AM,06:55 PM,2,3,6,3,32,30,76,0.1,1008,14,10,244,21,United%20States%2C%20Minnesota
2020-04-19,9,1,0.0,13.4,2,8,04:20 AM,03:38 PM,05:16 AM,06:57 PM,-1,3,5,3,16,22,72,0.1,1010,9,9,313,11,United%20States%2C%20Minnesota
2020-04-20,12,-1,0.0,10.8,2,0,04:42 AM,04:38 PM,05:15 AM,06:58 PM,-0,3,6,3,29,51,64,0.3,1005,12,9,251,19,United%20States%2C%20Minnesota
2020-04-21,7,-3,0.0,13.5,2,0,05:03 AM,05:39 PM,05:13 AM,06:59 PM,-5,-1,3,-1,24,14,59,0.1,1014,7,10,303,18,United%20States%2C%20Minnesota
2020-04-22,17,2,0.0,8.7,3,0,05:25 AM,06:40 PM,05:11 AM,07:00 PM,5,8,10,8,19,74,76,16.4,1008,17,8,168,12,United%20States%2C%20Minnesota
2020-04-23,7,5,0.0,8.7,2,0,05:47 AM,07:42 PM,05:10 AM,07:02 PM,5,3,6,3,17,99,94,0.0,1005,7,6,74,12,United%20States%2C%20Minnesota
2020-04-24,5,3,0.0,8.7,1,7,06:12 AM,08:45 PM,05:08 AM,07:03 PM,3,2,4,2,13,99,94,8.1,1010,5,6,53,10,United%20States%2C%20Minnesota
2020-04-25,14,1,0.0,13.3,2,15,06:41 AM,09:48 PM,05:07 AM,07:04 PM,4,6,8,6,16,43,80,0.0,1016,14,6,25,11,United%20States%2C%20Minnesota
2020-04-26,15,4,0.0,13.4,3,22,07:16 AM,10:50 PM,05:05 AM,07:05 PM,5,8,10,8,14,46,76,0.1,1020,15,10,129,9,United%20States%2C%20Minnesota
2020-04-27,19,7,0.0,9.9,3,30,07:57 AM,11:49 PM,05:04 AM,07:07 PM,8,11,12,11,28,65,77,7.4,1012,19,9,236,17,United%20States%2C%20Minnesota
2020-04-28,14,9,0.0,9.9,3,37,08:47 AM,No moonset,05:02 AM,07:08 PM,9,10,11,10,23,66,88,18.0,1005,14,8,190,15,United%20States%2C%20Minnesota
2020-04-29,10,7,0.0,9.9,2,45,09:46 AM,12:43 AM,05:01 AM,07:09 PM,7,6,9,6,33,81,87,3.2,1008,10,10,171,25,United%20States%2C%20Minnesota
2020-04-30,15,4,0.0,14.5,3,52,10:52 AM,01:30 AM,04:59 AM,07:10 PM,5,7,10,7,19,19,78,0.0,1014,15,10,275,14,United%20States%2C%20Minnesota
2020-05-01,13,5,0.0,12.3,3,58,12:03 PM,02:11 AM,04:58 AM,07:11 PM,6,8,10,8,20,54,82,2.9,1012,13,8,139,13,United%20States%2C%20Minnesota
2020-05-02,19,9,0.0,14.5,5,65,01:19 PM,02:46 AM,04:56 AM,07:13 PM,10,13,14,13,31,29,78,0.5,1009,19,10,273,19,United%20States%2C%20Minnesota
2020-05-03,14,7,0.0,14.5,4,72,02:35 PM,03:17 AM,04:55 AM,07:14 PM,5,9,11,9,21,7,69,0.0,1015,14,10,281,14,United%20States%2C%20Minnesota
2020-05-04,12,2,0.0,12.4,2,80,03:53 PM,03:45 AM,04:53 AM,07:15 PM,4,6,8,6,17,52,79,2.6,1019,12,10,107,11,United%20States%2C%20Minnesota
2020-05-05,4,-1,0.0,9.2,1,87,05:11 PM,04:13 AM,04:52 AM,07:16 PM,3,1,4,1,13,96,95,8.1,1017,4,8,102,10,United%20States%2C%20Minnesota
2020-05-06,14,5,0.0,10.2,3,94,06:30 PM,04:41 AM,04:51 AM,07:17 PM,4,8,9,8,17,69,73,3.7,1019,14,10,301,11,United%20States%2C%20Minnesota
2020-05-07,13,4,0.0,14.5,3,100,07:50 PM,05:13 AM,04:49 AM,07:19 PM,2,6,9,6,20,13,69,0.0,1017,13,10,316,13,United%20States%2C%20Minnesota
2020-05-08,7,-2,0.0,14.5,2,100,09:07 PM,05:49 AM,04:48 AM,07:20 PM,-7,-0,4,-0,24,14,49,0.0,1021,7,10,250,17,United%20States%2C%20Minnesota
2020-05-09,12,-3,0.0,13.4,3,84,10:18 PM,06:30 AM,04:47 AM,07:21 PM,-3,3,5,3,16,30,57,2.7,1021,12,10,249,10,United%20States%2C%20Minnesota
2020-05-10,9,3,0.0,9.2,2,77,11:22 PM,07:20 AM,04:46 AM,07:22 PM,3,3,6,3,25,87,83,3.6,1017,9,9,326,18,United%20States%2C%20Minnesota
2020-05-11,10,-2,0.0,14.5,3,70,No moonrise,08:16 AM,04:44 AM,07:23 PM,-3,2,4,2,18,20,65,0.4,1023,10,10,306,12,United%20States%2C%20Minnesota
2020-05-12,11,-3,0.0,14.5,3,62,12:14 AM,09:17 AM,04:43 AM,07:24 PM,-4,4,5,4,10,5,56,0.0,1023,11,10,293,6,United%20States%2C%20Minnesota
2020-05-13,10,1,0.0,9.3,2,55,12:57 AM,10:20 AM,04:42 AM,07:25 PM,3,3,6,3,26,74,78,4.1,1019,10,9,147,17,United%20States%2C%20Minnesota
2020-05-14,21,10,0.0,10.3,4,48,01:32 AM,11:25 AM,04:41 AM,07:27 PM,14,15,16,15,19,78,89,1.7,1007,21,5,225,13,United%20States%2C%20Minnesota
2020-05-15,15,9,0.0,12.4,3,40,02:00 AM,12:27 PM,04:40 AM,07:28 PM,10,12,13,12,19,44,86,0.3,1011,15,9,300,13,United%20States%2C%20Minnesota
2020-05-16,18,9,0.0,10.4,3,33,02:25 AM,01:29 PM,04:39 AM,07:29 PM,10,12,13,12,18,70,85,0.7,1017,18,9,117,13,United%20States%2C%20Minnesota
2020-05-17,15,11,0.0,10.4,3,26,02:47 AM,02:30 PM,04:38 AM,07:30 PM,11,11,12,11,19,83,94,37.7,1015,15,7,77,14,United%20States%2C%20Minnesota
2020-05-18,12,10,0.0,9.3,3,19,03:09 AM,03:30 PM,04:37 AM,07:31 PM,10,9,11,9,31,100,93,1.9,1014,12,8,43,23,United%20States%2C%20Minnesota
2020-05-19,16,11,0.0,9.4,3,11,03:30 AM,04:31 PM,04:36 AM,07:32 PM,11,12,13,12,20,92,87,0.0,1018,16,10,64,16,United%20States%2C%20Minnesota
2020-05-20,20,9,0.0,11.4,4,4,03:52 AM,05:33 PM,04:35 AM,07:33 PM,12,14,15,14,21,60,85,0.1,1020,20,8,101,15,United%20States%2C%20Minnesota
2020-05-21,19,7,0.0,10.4,4,0,04:16 AM,06:36 PM,04:34 AM,07:34 PM,11,13,14,13,17,69,88,0.5,1019,19,7,122,11,United%20States%2C%20Minnesota
2020-05-22,20,13,0.0,9.4,4,0,04:43 AM,07:40 PM,04:33 AM,07:35 PM,15,16,16,16,14,86,89,1.2,1014,20,7,132,10,United%20States%2C%20Minnesota
2020-05-23,20,13,0.0,10.4,4,3,05:16 AM,08:43 PM,04:32 AM,07:36 PM,15,16,16,16,22,85,94,14.0,1011,20,6,109,13,United%20States%2C%20Minnesota
2020-05-24,26,14,0.0,10.4,5,10,05:56 AM,09:45 PM,04:31 AM,07:37 PM,18,20,21,20,14,77,91,4.8,1009,26,6,150,10,United%20States%2C%20Minnesota
2020-05-25,26,17,0.0,12.5,5,17,06:43 AM,10:41 PM,04:31 AM,07:38 PM,20,23,23,22,17,64,89,13.4,1010,26,9,180,11,United%20States%2C%20Minnesota
2020-05-26,25,17,0.0,13.5,5,25,07:40 AM,11:31 PM,04:30 AM,07:39 PM,18,20,21,20,23,63,88,4.0,1010,25,9,181,16,United%20States%2C%20Minnesota
2020-05-27,23,17,0.0,9.4,5,32,08:43 AM,No moonset,04:29 AM,07:40 PM,19,20,21,20,18,82,94,12.0,1011,23,7,183,11,United%20States%2C%20Minnesota
2020-05-28,21,16,0.0,14.5,4,39,09:53 AM,12:12 AM,04:29 AM,07:41 PM,15,19,19,19,17,34,82,0.0,1013,21,9,337,11,United%20States%2C%20Minnesota
2020-05-29,17,10,0.0,12.5,3,47,11:05 AM,12:48 AM,04:28 AM,07:42 PM,9,12,14,12,26,44,78,0.1,1019,17,10,323,19,United%20States%2C%20Minnesota
2020-05-30,16,7,0.0,14.5,4,54,12:19 PM,01:20 AM,04:27 AM,07:42 PM,8,11,12,11,16,13,79,0.0,1023,16,10,324,11,United%20States%2C%20Minnesota
2020-05-31,18,5,0.0,14.5,4,58,01:34 PM,01:48 AM,04:27 AM,07:43 PM,7,12,13,12,9,7,76,0.0,1025,18,10,209,6,United%20States%2C%20Minnesota
2020-06-01,24,11,0.0,9.5,4,71,02:49 PM,02:14 AM,04:26 AM,07:44 PM,16,17,19,17,25,71,87,0.7,1014,24,9,199,16,United%20States%2C%20Minnesota
2020-06-02,30,18,0.0,14.5,6,79,04:06 PM,02:41 AM,04:26 AM,07:45 PM,22,27,27,24,20,23,87,0.0,1008,30,9,228,12,United%20States%2C%20Minnesota
2020-06-03,25,15,0.0,14.5,6,86,05:24 PM,03:10 AM,04:25 AM,07:46 PM,16,20,21,20,18,18,78,0.1,1009,25,10,301,11,United%20States%2C%20Minnesota
2020-06-04,26,14,0.0,11.5,5,94,06:41 PM,03:43 AM,04:25 AM,07:46 PM,17,22,22,21,10,52,81,2.0,1007,26,10,177,7,United%20States%2C%20Minnesota
2020-06-05,24,17,0.0,12.5,5,100,07:56 PM,04:20 AM,04:25 AM,07:47 PM,16,20,22,20,25,42,82,9.2,1010,24,8,277,16,United%20States%2C%20Minnesota
2020-06-06,20,10,0.0,13.5,5,100,09:04 PM,05:06 AM,04:24 AM,07:48 PM,11,15,15,15,15,20,79,0.1,1019,20,10,141,9,United%20States%2C%20Minnesota
2020-06-07,23,15,0.0,11.5,4,84,10:03 PM,05:59 AM,04:24 AM,07:48 PM,15,18,19,18,32,44,80,1.0,1014,23,10,147,22,United%20States%2C%20Minnesota
2020-06-08,28,19,0.0,14.5,6,76,10:51 PM,06:59 AM,04:24 AM,07:49 PM,20,25,25,23,30,26,86,0.0,1010,28,9,176,19,United%20States%2C%20Minnesota
2020-06-09,21,17,0.0,10.5,4,69,11:30 PM,08:04 AM,04:23 AM,07:50 PM,18,19,20,19,22,66,95,85.9,1000,21,8,160,13,United%20States%2C%20Minnesota
2020-06-10,17,13,0.0,9.5,4,61,No moonrise,09:09 AM,04:23 AM,07:50 PM,13,15,16,15,37,87,87,15.1,998,17,9,297,26,United%20States%2C%20Minnesota
2020-06-11,22,11,0.0,11.5,4,54,12:01 AM,10:14 AM,04:23 AM,07:51 PM,13,16,18,16,26,41,80,1.6,1016,22,10,276,17,United%20States%2C%20Minnesota
2020-06-12,23,12,0.0,13.5,4,46,12:28 AM,11:17 AM,04:23 AM,07:51 PM,14,17,19,17,15,38,83,0.2,1023,23,10,243,10,United%20States%2C%20Minnesota
2020-06-13,19,7,0.0,13.5,4,38,12:52 AM,12:18 PM,04:23 AM,07:52 PM,9,12,13,12,19,38,78,0.0,1026,19,10,104,13,United%20States%2C%20Minnesota
2020-06-14,20,6,0.0,14.5,5,31,01:13 AM,01:19 PM,04:23 AM,07:52 PM,10,13,14,13,30,17,82,0.0,1025,20,10,133,20,United%20States%2C%20Minnesota
2020-06-15,20,11,0.0,13.5,4,23,01:34 AM,02:20 PM,04:23 AM,07:52 PM,12,15,15,15,35,41,78,0.5,1023,20,10,153,23,United%20States%2C%20Minnesota
2020-06-16,24,14,0.0,14.5,6,16,01:56 AM,03:21 PM,04:23 AM,07:53 PM,16,19,20,19,28,16,80,0.0,1021,24,10,171,18,United%20States%2C%20Minnesota
2020-06-17,25,14,0.0,14.5,6,8,02:19 AM,04:23 PM,04:23 AM,07:53 PM,17,20,22,20,28,7,86,0.0,1018,25,10,171,19,United%20States%2C%20Minnesota
2020-06-18,26,16,0.0,13.5,5,1,02:45 AM,05:28 PM,04:23 AM,07:53 PM,18,22,22,21,31,36,88,12.1,1013,26,9,179,19,United%20States%2C%20Minnesota
2020-06-19,21,18,0.0,11.5,4,0,03:16 AM,06:32 PM,04:23 AM,07:54 PM,17,19,21,19,18,60,91,15.4,1014,21,8,254,12,United%20States%2C%20Minnesota
2020-06-20,21,16,0.0,10.6,4,0,03:52 AM,07:35 PM,04:23 AM,07:54 PM,17,18,18,18,9,88,94,16.2,1012,21,6,151,5,United%20States%2C%20Minnesota
2020-06-21,24,14,0.0,11.5,5,0,04:37 AM,08:34 PM,04:24 AM,07:54 PM,17,19,21,19,26,67,89,8.7,1006,24,9,238,17,United%20States%2C%20Minnesota
2020-06-22,21,17,0.0,9.6,4,7,05:32 AM,09:28 PM,04:24 AM,07:54 PM,17,19,20,19,23,75,93,21.5,1006,21,8,240,13,United%20States%2C%20Minnesota
2020-06-23,20,12,0.0,10.6,4,14,06:34 AM,10:13 PM,04:24 AM,07:54 PM,14,16,17,16,22,58,86,5.2,1009,20,9,319,14,United%20States%2C%20Minnesota
2020-06-24,21,11,0.0,11.5,4,22,07:44 AM,10:51 PM,04:25 AM,07:54 PM,13,16,17,16,15,55,85,6.2,1010,21,7,235,9,United%20States%2C%20Minnesota
2020-06-25,25,12,0.0,13.5,6,29,08:56 AM,11:24 PM,04:25 AM,07:55 PM,15,19,20,19,10,26,82,0.2,1011,25,9,243,6,United%20States%2C%20Minnesota
2020-06-26,25,18,0.0,9.6,5,37,10:09 AM,11:52 PM,04:25 AM,07:55 PM,20,23,23,21,22,79,94,36.5,1008,25,8,225,12,United%20States%2C%20Minnesota
2020-06-27,26,16,0.0,14.5,5,44,11:24 AM,No moonset,04:26 AM,07:54 PM,17,21,22,21,11,0,81,0.0,1008,26,7,269,6,United%20States%2C%20Minnesota
2020-06-28,26,15,0.0,12.5,5,52,12:37 PM,12:18 AM,04:26 AM,07:54 PM,19,23,23,22,19,39,87,0.6,1007,26,10,141,13,United%20States%2C%20Minnesota
2020-06-29,28,19,0.0,9.5,5,59,01:51 PM,12:44 AM,04:27 AM,07:54 PM,22,25,25,23,25,85,93,11.8,1008,28,8,152,16,United%20States%2C%20Minnesota
2020-06-30,26,20,0.0,11.5,5,67,03:06 PM,01:12 AM,04:27 AM,07:54 PM,21,25,25,23,19,65,90,0.1,1010,26,6,151,13,United%20States%2C%20Minnesota
2020-07-01,26,19,0.0,9.5,5,72,04:22 PM,01:42 AM,04:28 AM,07:54 PM,21,24,24,23,21,82,93,2.4,1009,26,8,142,14,United%20States%2C%20Minnesota
2020-07-02,28,19,0.0,14.5,6,79,05:37 PM,02:16 AM,04:28 AM,07:54 PM,21,25,25,24,8,27,85,0.1,1016,28,7,132,5,United%20States%2C%20Minnesota
2020-07-03,29,18,0.0,13.5,6,86,06:46 PM,02:57 AM,04:29 AM,07:54 PM,20,26,26,24,5,16,83,0.0,1018,29,10,192,3,United%20States%2C%20Minnesota
2020-07-04,28,19,0.0,10.5,6,94,07:49 PM,03:46 AM,04:30 AM,07:53 PM,21,26,26,24,6,55,84,5.8,1017,28,10,234,3,United%20States%2C%20Minnesota
2020-07-05,28,18,0.0,11.5,6,100,08:42 PM,04:43 AM,04:30 AM,07:53 PM,21,26,26,24,12,37,85,0.8,1014,28,9,186,8,United%20States%2C%20Minnesota
2020-07-06,29,20,0.0,12.5,6,100,09:25 PM,05:46 AM,04:31 AM,07:53 PM,22,28,28,25,12,48,87,7.9,1013,29,9,214,7,United%20States%2C%20Minnesota
2020-07-07,29,20,0.0,11.5,6,85,10:00 PM,06:52 AM,04:32 AM,07:52 PM,22,27,27,25,7,70,86,15.6,1012,29,9,264,4,United%20States%2C%20Minnesota
2020-07-08,30,20,0.0,12.5,6,77,10:29 PM,07:58 AM,04:32 AM,07:52 PM,23,28,28,25,17,38,88,1.0,1010,30,7,185,12,United%20States%2C%20Minnesota
2020-07-09,28,21,0.0,10.5,6,70,10:54 PM,09:03 AM,04:33 AM,07:51 PM,22,27,27,24,20,59,91,9.0,1008,28,6,220,11,United%20States%2C%20Minnesota
2020-07-10,26,15,0.0,14.5,6,63,11:17 PM,10:05 AM,04:34 AM,07:51 PM,18,22,22,21,17,1,83,0.0,1012,26,9,289,11,United%20States%2C%20Minnesota
2020-07-11,23,17,0.0,9.5,5,55,11:38 PM,11:07 AM,04:35 AM,07:50 PM,18,20,21,20,27,67,91,11.1,1009,23,8,243,17,United%20States%2C%20Minnesota
2020-07-12,24,14,0.0,13.5,5,48,11:59 PM,12:07 PM,04:36 AM,07:50 PM,16,20,20,20,10,38,85,1.0,1012,24,8,159,6,United%20States%2C%20Minnesota
2020-07-13,26,16,0.0,14.5,5,41,No moonrise,01:08 PM,04:36 AM,07:49 PM,19,23,23,22,14,37,85,0.4,1012,26,9,176,10,United%20States%2C%20Minnesota
2020-07-14,25,15,0.0,9.4,5,34,12:21 AM,02:10 PM,04:37 AM,07:48 PM,18,19,20,19,27,79,93,18.4,1011,25,8,239,17,United%20States%2C%20Minnesota
2020-07-15,23,14,0.0,12.5,5,26,12:45 AM,03:13 PM,04:38 AM,07:48 PM,17,19,20,19,11,51,90,3.1,1014,23,8,136,7,United%20States%2C%20Minnesota
2020-07-16,24,12,0.0,14.5,5,19,01:14 AM,04:17 PM,04:39 AM,07:47 PM,15,18,19,18,11,3,84,0.0,1017,24,6,188,7,United%20States%2C%20Minnesota
2020-07-17,26,16,0.0,14.5,6,12,01:48 AM,05:21 PM,04:40 AM,07:46 PM,18,22,22,21,18,9,86,0.0,1016,26,8,194,11,United%20States%2C%20Minnesota
2020-07-18,29,22,0.0,11.4,6,5,02:29 AM,06:22 PM,04:41 AM,07:45 PM,24,30,30,26,28,60,89,8.8,1008,29,9,191,18,United%20States%2C%20Minnesota
2020-07-19,26,20,0.0,14.5,5,0,03:20 AM,07:19 PM,04:42 AM,07:44 PM,20,25,25,23,24,35,85,0.5,1009,26,10,282,16,United%20States%2C%20Minnesota
2020-07-20,25,14,0.0,13.5,6,0,04:20 AM,08:08 PM,04:43 AM,07:44 PM,16,20,21,20,8,22,82,0.1,1016,25,10,197,5,United%20States%2C%20Minnesota
2020-07-21,24,14,0.0,10.4,5,2,05:29 AM,08:50 PM,04:44 AM,07:43 PM,18,19,21,19,19,69,92,9.1,1013,24,9,197,11,United%20States%2C%20Minnesota
2020-07-22,22,16,0.0,10.4,4,10,06:42 AM,09:25 PM,04:45 AM,07:42 PM,17,19,19,19,15,76,90,0.2,1015,22,6,288,10,United%20States%2C%20Minnesota
2020-07-23,25,12,0.0,14.5,5,17,07:58 AM,09:55 PM,04:46 AM,07:41 PM,16,19,20,19,10,24,86,0.0,1018,25,6,217,7,United%20States%2C%20Minnesota
2020-07-24,29,15,0.0,11.4,5,24,09:13 AM,10:23 PM,04:47 AM,07:40 PM,20,25,25,22,21,51,89,0.4,1016,29,7,165,14,United%20States%2C%20Minnesota
2020-07-25,29,21,0.0,9.3,6,32,10:27 AM,10:49 PM,04:48 AM,07:39 PM,23,28,28,25,26,73,90,0.5,1014,29,9,190,17,United%20States%2C%20Minnesota
2020-07-26,28,22,0.0,9.3,6,39,11:42 AM,11:16 PM,04:49 AM,07:38 PM,24,28,28,25,23,79,93,28.2,1012,28,8,238,13,United%20States%2C%20Minnesota
2020-07-27,25,15,0.0,13.5,6,46,12:56 PM,11:44 PM,04:50 AM,07:37 PM,17,20,22,20,20,27,83,0.6,1014,25,10,302,13,United%20States%2C%20Minnesota
2020-07-28,25,14,0.0,14.5,6,53,02:11 PM,No moonset,04:51 AM,07:35 PM,16,20,22,20,15,24,82,0.2,1012,25,10,289,9,United%20States%2C%20Minnesota
2020-07-29,25,15,0.0,14.5,6,61,03:24 PM,12:16 AM,04:52 AM,07:34 PM,16,20,21,20,8,21,83,0.0,1013,25,10,144,5,United%20States%2C%20Minnesota
2020-07-30,24,13,0.0,14.5,5,68,04:34 PM,12:54 AM,04:53 AM,07:33 PM,15,19,20,19,14,15,83,0.1,1015,24,9,56,9,United%20States%2C%20Minnesota
2020-07-31,25,13,0.0,14.5,5,72,05:39 PM,01:39 AM,04:54 AM,07:32 PM,15,19,20,19,11,9,80,0.0,1016,25,9,174,7,United%20States%2C%20Minnesota
2020-08-01,26,14,0.0,12.4,5,82,06:34 PM,02:32 AM,04:56 AM,07:31 PM,17,20,21,20,9,41,83,1.9,1013,26,10,292,6,United%20States%2C%20Minnesota
2020-08-02,19,16,0.0,9.2,4,90,07:21 PM,03:32 AM,04:57 AM,07:29 PM,16,18,18,18,20,92,92,2.3,1012,19,7,180,14,United%20States%2C%20Minnesota
2020-08-03,21,10,0.0,13.4,4,97,07:58 PM,04:37 AM,04:58 AM,07:28 PM,11,15,16,15,18,26,80,0.1,1019,21,8,13,12,United%20States%2C%20Minnesota
2020-08-04,21,8,0.0,14.5,4,100,08:29 PM,05:43 AM,04:59 AM,07:27 PM,10,15,16,15,9,22,77,0.0,1019,21,10,183,5,United%20States%2C%20Minnesota
2020-08-05,22,10,0.0,14.3,5,88,08:56 PM,06:48 AM,05:00 AM,07:25 PM,12,16,17,16,13,36,82,0.1,1018,22,9,224,8,United%20States%2C%20Minnesota
2020-08-06,22,15,0.0,10.0,4,81,09:19 PM,07:52 AM,05:01 AM,07:24 PM,16,18,19,18,21,78,88,1.2,1016,22,9,171,14,United%20States%2C%20Minnesota
2020-08-07,25,16,0.0,11.1,5,74,09:41 PM,08:54 AM,05:02 AM,07:23 PM,17,20,21,20,24,65,85,0.1,1017,25,9,167,16,United%20States%2C%20Minnesota
2020-08-08,25,19,0.0,8.9,5,67,10:02 PM,09:56 AM,05:03 AM,07:21 PM,20,23,23,22,22,83,89,0.4,1014,25,9,186,14,United%20States%2C%20Minnesota
2020-08-09,29,23,0.0,11.1,6,59,10:23 PM,10:56 AM,05:05 AM,07:20 PM,24,29,29,25,19,65,90,0.4,1010,29,7,171,13,United%20States%2C%20Minnesota
2020-08-10,24,20,0.0,11.1,5,52,10:46 PM,11:57 AM,05:06 AM,07:18 PM,19,24,24,22,20,64,85,7.9,1011,24,9,290,13,United%20States%2C%20Minnesota
2020-08-11,26,12,0.0,14.1,6,45,11:13 PM,12:59 PM,05:07 AM,07:17 PM,13,18,19,18,10,1,71,0.0,1015,26,10,232,6,United%20States%2C%20Minnesota
2020-08-12,26,14,0.0,14.1,6,38,11:44 PM,02:02 PM,05:08 AM,07:15 PM,15,20,21,20,14,18,78,0.0,1018,26,10,158,9,United%20States%2C%20Minnesota
2020-08-13,25,15,0.0,8.8,5,30,No moonrise,03:06 PM,05:09 AM,07:14 PM,17,20,21,20,20,72,87,2.3,1018,25,7,141,12,United%20States%2C%20Minnesota
2020-08-14,27,16,0.0,13.4,5,23,12:21 AM,04:07 PM,05:10 AM,07:12 PM,18,23,23,21,20,18,84,0.0,1015,27,7,161,13,United%20States%2C%20Minnesota
2020-08-15,23,12,0.0,13.4,4,16,01:07 AM,05:06 PM,05:11 AM,07:11 PM,14,18,19,18,19,44,83,5.7,1015,23,9,313,13,United%20States%2C%20Minnesota
2020-08-16,26,14,0.0,13.3,5,8,02:03 AM,05:58 PM,05:13 AM,07:09 PM,16,19,21,19,16,29,81,1.0,1016,26,9,283,10,United%20States%2C%20Minnesota
2020-08-17,24,13,0.0,13.3,5,1,03:08 AM,06:43 PM,05:14 AM,07:08 PM,14,18,19,18,14,37,77,0.3,1018,24,10,321,10,United%20States%2C%20Minnesota
2020-08-18,24,11,0.0,13.9,5,0,04:20 AM,07:22 PM,05:15 AM,07:06 PM,13,17,18,17,9,8,78,0.0,1018,24,10,281,6,United%20States%2C%20Minnesota
2020-08-19,25,12,0.0,13.9,5,0,05:37 AM,07:55 PM,05:16 AM,07:04 PM,14,18,19,18,14,6,78,0.0,1016,25,9,189,9,United%20States%2C%20Minnesota
2020-08-20,25,14,0.0,13.9,6,6,06:55 AM,08:24 PM,05:17 AM,07:03 PM,15,19,20,19,25,6,80,0.0,1013,25,9,205,16,United%20States%2C%20Minnesota
2020-08-21,27,13,0.0,13.8,6,13,08:12 AM,08:51 PM,05:18 AM,07:01 PM,16,19,21,19,21,5,82,0.0,1011,27,8,200,13,United%20States%2C%20Minnesota
2020-08-22,29,16,0.0,13.3,5,20,09:29 AM,09:18 PM,05:20 AM,06:59 PM,19,23,23,22,24,29,84,6.0,1010,29,9,229,15,United%20States%2C%20Minnesota
2020-08-23,26,18,0.0,8.4,5,28,10:45 AM,09:46 PM,05:21 AM,06:58 PM,20,23,23,22,17,77,92,12.4,1011,26,8,187,10,United%20States%2C%20Minnesota
2020-08-24,31,18,0.0,13.3,7,35,12:01 PM,10:17 PM,05:22 AM,06:56 PM,20,26,26,24,13,5,80,0.0,1014,31,10,213,8,United%20States%2C%20Minnesota
2020-08-25,26,20,0.0,9.6,5,42,01:16 PM,10:54 PM,05:23 AM,06:54 PM,21,24,24,23,19,74,91,6.7,1013,26,7,118,11,United%20States%2C%20Minnesota
2020-08-26,30,20,0.0,13.3,7,50,02:27 PM,11:37 PM,05:24 AM,06:52 PM,21,27,27,25,25,8,80,0.0,1009,30,9,199,15,United%20States%2C%20Minnesota
2020-08-27,30,21,0.0,13.3,6,57,03:33 PM,No moonset,05:25 AM,06:51 PM,20,27,27,25,12,40,77,2.9,1007,30,10,188,7,United%20States%2C%20Minnesota
2020-08-28,26,18,0.0,12.0,5,64,04:30 PM,12:26 AM,05:26 AM,06:49 PM,20,23,23,21,16,70,92,9.1,1006,26,8,202,10,United%20States%2C%20Minnesota
2020-08-29,22,14,0.0,13.2,4,71,05:19 PM,01:24 AM,05:28 AM,06:47 PM,14,18,19,18,17,21,81,0.0,1011,22,8,303,11,United%20States%2C%20Minnesota
2020-08-30,23,10,0.0,13.2,4,79,05:58 PM,02:26 AM,05:29 AM,06:45 PM,12,16,17,16,15,6,80,0.0,1010,23,9,141,10,United%20States%2C%20Minnesota
2020-08-31,21,13,0.0,10.7,4,82,06:31 PM,03:31 AM,05:30 AM,06:44 PM,13,16,17,16,19,50,83,0.9,1009,21,10,237,12,United%20States%2C%20Minnesota
2020-09-01,18,10,0.0,13.1,4,97,06:59 PM,04:36 AM,05:31 AM,06:42 PM,9,14,14,14,9,28,75,0.1,1012,18,10,173,5,United%20States%2C%20Minnesota
2020-09-02,25,12,0.0,13.1,5,100,07:23 PM,05:41 AM,05:32 AM,06:40 PM,11,17,18,17,24,4,67,0.0,1008,25,10,234,14,United%20States%2C%20Minnesota
2020-09-03,20,12,0.0,13.1,5,88,07:45 PM,06:44 AM,05:33 AM,06:38 PM,8,17,18,17,41,11,55,0.0,1008,20,10,270,25,United%20States%2C%20Minnesota
2020-09-04,22,9,0.0,13.0,5,81,08:05 PM,07:46 AM,05:34 AM,06:36 PM,7,14,16,14,21,9,62,0.0,1018,22,10,268,13,United%20States%2C%20Minnesota
2020-09-05,23,11,0.0,13.0,5,73,08:26 PM,08:46 AM,05:36 AM,06:35 PM,9,18,19,18,10,15,62,0.0,1020,23,10,193,6,United%20States%2C%20Minnesota
2020-09-06,29,14,0.0,10.7,5,66,08:48 PM,09:47 AM,05:37 AM,06:33 PM,14,20,22,20,37,48,75,12.9,1010,29,8,203,21,United%20States%2C%20Minnesota
2020-09-07,16,10,0.0,12.9,4,58,09:13 PM,10:48 AM,05:38 AM,06:31 PM,7,13,14,13,25,38,66,4.1,1014,16,10,310,17,United%20States%2C%20Minnesota
2020-09-08,8,7,0.0,8.1,2,50,09:42 PM,11:51 AM,05:39 AM,06:29 PM,7,5,8,5,18,94,96,26.0,1024,8,7,40,14,United%20States%2C%20Minnesota
2020-09-09,7,2,0.0,8.0,2,43,10:15 PM,12:53 PM,05:40 AM,06:27 PM,6,3,6,3,19,100,97,11.9,1029,7,6,23,14,United%20States%2C%20Minnesota
2020-09-10,16,4,0.0,12.8,3,35,10:57 PM,01:55 PM,05:41 AM,06:25 PM,6,9,9,9,7,28,82,0.0,1032,16,7,86,4,United%20States%2C%20Minnesota
2020-09-11,19,3,0.0,12.8,4,28,11:47 PM,02:53 PM,05:42 AM,06:24 PM,6,11,12,11,9,11,76,0.0,1025,19,9,160,6,United%20States%2C%20Minnesota
2020-09-12,17,11,0.0,8.0,4,20,No moonrise,03:48 PM,05:44 AM,06:22 PM,14,13,14,13,20,96,97,53.2,1013,17,7,123,12,United%20States%2C%20Minnesota
2020-09-13,22,12,0.0,12.8,4,13,12:47 AM,04:35 PM,05:45 AM,06:20 PM,14,16,18,16,16,49,86,0.0,1016,22,6,294,10,United%20States%2C%20Minnesota
2020-09-14,23,9,0.0,12.7,4,5,01:56 AM,05:16 PM,05:46 AM,06:18 PM,13,16,17,16,20,32,85,0.0,1025,23,9,132,12,United%20States%2C%20Minnesota
2020-09-15,26,16,0.0,12.7,6,0,03:10 AM,05:51 PM,05:47 AM,06:16 PM,15,20,21,20,41,11,76,0.0,1017,26,10,210,24,United%20States%2C%20Minnesota
2020-09-16,20,14,0.0,12.7,5,0,04:27 AM,06:21 PM,05:48 AM,06:14 PM,12,18,18,18,30,6,70,0.0,1016,20,10,298,18,United%20States%2C%20Minnesota
2020-09-17,17,5,0.0,12.6,3,0,05:47 AM,06:50 PM,05:49 AM,06:12 PM,4,10,11,10,15,18,65,0.0,1024,17,9,118,9,United%20States%2C%20Minnesota
2020-09-18,17,2,0.0,12.6,4,2,07:06 AM,07:17 PM,05:50 AM,06:11 PM,3,9,11,9,15,30,64,0.0,1028,17,10,89,8,United%20States%2C%20Minnesota
2020-09-19,18,3,0.0,12.6,3,10,08:25 AM,07:46 PM,05:52 AM,06:09 PM,6,10,11,10,22,7,78,0.0,1026,18,8,163,14,United%20States%2C%20Minnesota
2020-09-20,20,8,0.0,12.5,5,17,09:45 AM,08:16 PM,05:53 AM,06:07 PM,7,12,14,12,36,17,70,0.0,1023,20,10,167,22,United%20States%2C%20Minnesota
2020-09-21,23,12,0.0,12.5,5,25,11:03 AM,08:52 PM,05:54 AM,06:05 PM,11,17,18,17,34,19,68,0.0,1021,23,10,186,20,United%20States%2C%20Minnesota
2020-09-22,26,12,0.0,12.5,5,32,12:18 PM,09:33 PM,05:55 AM,06:03 PM,14,18,19,18,23,40,79,2.7,1018,26,10,200,13,United%20States%2C%20Minnesota
2020-09-23,25,13,0.0,12.5,5,40,01:28 PM,10:21 PM,05:56 AM,06:01 PM,15,19,20,19,23,11,81,0.0,1013,25,8,194,14,United%20States%2C%20Minnesota
2020-09-24,21,16,0.0,7.8,4,47,02:28 PM,11:18 PM,05:57 AM,06:00 PM,16,18,18,18,21,74,90,8.2,1007,21,9,216,12,United%20States%2C%20Minnesota
2020-09-25,26,13,0.0,10.2,5,55,03:19 PM,No moonset,05:58 AM,05:58 PM,15,19,20,19,27,43,81,0.0,1008,26,8,180,17,United%20States%2C%20Minnesota
2020-09-26,27,14,0.0,11.6,6,62,04:01 PM,12:18 AM,06:00 AM,05:56 PM,13,20,21,20,24,32,65,0.0,1002,27,10,207,15,United%20States%2C%20Minnesota
2020-09-27,20,14,0.0,7.2,4,70,04:34 PM,01:23 AM,06:01 AM,05:54 PM,5,18,18,18,27,42,44,0.0,1005,20,10,271,18,United%20States%2C%20Minnesota
2020-09-28,13,7,0.0,5.8,3,78,05:03 PM,02:28 AM,06:02 AM,05:52 PM,4,8,11,8,27,54,71,0.2,1012,13,10,309,18,United%20States%2C%20Minnesota
2020-09-29,14,5,0.0,7.2,3,85,05:28 PM,03:32 AM,06:03 AM,05:51 PM,5,8,9,8,21,56,76,0.1,1012,14,8,270,13,United%20States%2C%20Minnesota
2020-09-30,16,7,0.0,5.8,3,93,05:50 PM,04:35 AM,06:04 AM,05:49 PM,4,10,12,10,26,38,66,0.6,1007,16,10,293,17,United%20States%2C%20Minnesota
2020-10-01,11,3,0.0,4.3,2,97,06:10 PM,05:37 AM,06:05 AM,05:47 PM,2,4,7,4,26,64,74,0.2,1019,11,10,325,17,United%20States%2C%20Minnesota
2020-10-02,10,-2,0.0,8.7,3,100,06:31 PM,06:38 AM,06:06 AM,05:45 PM,-4,2,4,2,9,16,65,0.0,1024,10,10,303,6,United%20States%2C%20Minnesota
2020-10-03,6,1,0.0,4.3,1,89,06:52 PM,07:39 AM,06:08 AM,05:43 PM,-0,3,4,3,7,83,77,1.3,1021,6,7,64,4,United%20States%2C%20Minnesota
2020-10-04,13,1,0.0,8.7,3,82,07:16 PM,08:40 AM,06:09 AM,05:42 PM,-1,6,7,6,9,24,66,0.0,1024,13,10,202,5,United%20States%2C%20Minnesota
2020-10-05,18,2,0.0,8.7,4,74,07:43 PM,09:42 AM,06:10 AM,05:40 PM,2,8,10,8,36,10,61,0.0,1016,18,10,185,23,United%20States%2C%20Minnesota
2020-10-06,21,7,0.0,8.7,5,67,08:13 PM,10:44 AM,06:11 AM,05:38 PM,6,14,15,14,24,12,61,0.0,1010,21,10,264,14,United%20States%2C%20Minnesota
2020-10-07,19,11,0.0,8.7,5,60,08:51 PM,11:46 AM,06:12 AM,05:36 PM,5,16,16,16,22,7,52,0.0,1013,19,10,300,13,United%20States%2C%20Minnesota
2020-10-08,19,5,0.0,8.7,4,53,09:37 PM,12:45 PM,06:14 AM,05:34 PM,2,12,13,12,14,8,56,0.0,1019,19,10,190,8,United%20States%2C%20Minnesota
2020-10-09,26,12,0.0,8.7,6,45,10:31 PM,01:40 PM,06:15 AM,05:33 PM,11,19,21,19,36,14,62,0.0,1007,26,10,201,22,United%20States%2C%20Minnesota
2020-10-10,19,10,0.0,8.7,5,38,11:35 PM,02:28 PM,06:16 AM,05:31 PM,6,15,16,15,19,0,61,0.0,1011,19,10,155,11,United%20States%2C%20Minnesota
2020-10-11,22,7,0.0,8.7,5,31,No moonrise,03:11 PM,06:17 AM,05:29 PM,10,13,15,13,30,34,76,0.0,1010,22,10,137,20,United%20States%2C%20Minnesota
2020-10-12,18,10,0.0,7.2,3,23,12:45 AM,03:47 PM,06:18 AM,05:27 PM,6,13,15,13,35,40,63,24.8,1006,18,9,251,23,United%20States%2C%20Minnesota
2020-10-13,17,10,0.0,7.2,3,16,02:00 AM,04:18 PM,06:20 AM,05:26 PM,-0,12,14,12,31,24,44,0.0,1011,17,10,256,19,United%20States%2C%20Minnesota
2020-10-14,18,6,0.0,7.2,3,9,03:17 AM,04:47 PM,06:21 AM,05:24 PM,2,11,13,11,29,51,52,0.3,1005,18,10,214,18,United%20States%2C%20Minnesota
2020-10-15,8,3,0.0,8.7,2,2,04:35 AM,05:15 PM,06:22 AM,05:22 PM,-4,2,6,2,32,37,52,0.1,1014,8,10,296,24,United%20States%2C%20Minnesota
2020-10-16,9,0,0.0,8.7,3,0,05:56 AM,05:42 PM,06:23 AM,05:21 PM,-6,1,4,1,26,29,51,0.0,1019,9,10,260,17,United%20States%2C%20Minnesota
2020-10-17,15,1,0.0,5.6,3,0,07:17 AM,06:12 PM,06:25 AM,05:19 PM,-2,6,9,6,32,71,55,1.1,1009,15,7,195,20,United%20States%2C%20Minnesota
2020-10-18,6,-1,0.0,8.7,2,5,08:38 AM,06:45 PM,06:26 AM,05:17 PM,-9,-0,3,-0,18,30,48,0.0,1022,6,10,296,12,United%20States%2C%20Minnesota
2020-10-19,4,-4,0.0,4.1,1,13,09:58 AM,07:26 PM,06:27 AM,05:16 PM,-8,-2,0,-2,10,69,55,0.5,1025,4,10,168,6,United%20States%2C%20Minnesota
2020-10-20,1,-4,10.1,4.1,1,20,11:13 AM,08:12 PM,06:29 AM,05:14 PM,-3,-4,-1,-4,16,70,89,18.9,1024,1,7,127,11,United%20States%2C%20Minnesota
2020-10-21,4,-3,0.0,5.6,1,27,12:20 PM,09:08 PM,06:30 AM,05:12 PM,1,-2,1,-2,19,71,91,1.8,1020,4,8,230,14,United%20States%2C%20Minnesota
2020-10-22,6,-1,0.0,4.1,1,35,01:17 PM,10:09 PM,06:31 AM,05:11 PM,2,-1,3,-1,24,95,96,10.7,1017,6,8,54,15,United%20States%2C%20Minnesota
2020-10-23,1,-1,0.0,4.0,1,42,02:02 PM,11:14 PM,06:32 AM,05:09 PM,-1,-4,1,-4,28,100,90,0.9,1023,1,9,321,21,United%20States%2C%20Minnesota
2020-10-24,0,-6,0.0,4.0,1,49,02:38 PM,No moonset,06:34 AM,05:08 PM,-6,-7,-3,-7,14,87,83,0.1,1030,0,6,143,9,United%20States%2C%20Minnesota
2020-10-25,-1,-5,3.2,4.0,1,56,03:08 PM,12:19 AM,06:35 AM,05:06 PM,-4,-6,-3,-6,10,90,93,3.8,1028,-1,5,340,7,United%20States%2C%20Minnesota
2020-10-26,-2,-8,0.1,4.0,1,64,03:34 PM,01:24 AM,06:36 AM,05:05 PM,-6,-10,-5,-10,15,90,92,0.1,1031,-2,6,315,11,United%20States%2C%20Minnesota
2020-10-27,-0,-9,0.0,8.7,1,71,03:56 PM,02:27 AM,06:38 AM,05:03 PM,-9,-9,-5,-9,16,21,80,0.0,1028,-0,10,247,10,United%20States%2C%20Minnesota
2020-10-28,5,-7,0.0,8.7,2,78,04:16 PM,03:30 AM,06:39 AM,05:02 PM,-4,-5,-0,-5,28,11,85,0.0,1017,5,9,255,16,United%20States%2C%20Minnesota
2020-10-29,4,-5,0.0,8.7,1,85,04:37 PM,04:30 AM,06:40 AM,05:00 PM,-3,-4,-0,-4,17,46,88,0.0,1021,4,6,258,10,United%20States%2C%20Minnesota
2020-10-30,5,-3,0.0,5.4,1,93,04:58 PM,05:32 AM,06:42 AM,04:59 PM,-4,-1,1,-1,7,62,79,0.0,1023,5,10,178,5,United%20States%2C%20Minnesota
2020-10-31,11,-2,0.0,7.1,2,97,05:20 PM,06:32 AM,06:43 AM,04:57 PM,1,0,5,0,38,39,78,0.1,1014,11,10,202,24,United%20States%2C%20Minnesota
2020-11-01,4,-2,0.0,7.1,1,89,05:45 PM,07:35 AM,06:44 AM,04:56 PM,-9,-6,0,-6,39,56,52,0.0,1022,4,9,309,30,United%20States%2C%20Minnesota
2020-11-02,11,-3,0.0,8.7,3,81,06:15 PM,08:37 AM,06:46 AM,04:55 PM,-6,0,4,0,23,3,55,0.0,1022,11,10,263,14,United%20States%2C%20Minnesota
2020-11-03,18,2,0.0,8.7,4,74,06:50 PM,09:40 AM,06:47 AM,04:53 PM,3,9,10,9,22,1,73,0.0,1015,18,10,213,14,United%20States%2C%20Minnesota
2020-11-04,18,7,0.0,8.7,4,66,07:33 PM,10:39 AM,06:48 AM,04:52 PM,7,12,13,12,24,16,74,0.0,1012,18,10,218,13,United%20States%2C%20Minnesota
2020-11-05,18,9,0.0,8.7,4,58,08:23 PM,11:36 AM,06:50 AM,04:51 PM,5,13,14,13,14,11,64,0.0,1018,18,10,272,8,United%20States%2C%20Minnesota
2020-11-06,20,8,0.0,8.7,4,51,09:23 PM,12:26 PM,06:51 AM,04:50 PM,7,13,14,13,23,13,71,0.0,1017,20,10,195,14,United%20States%2C%20Minnesota
2020-11-07,20,13,0.0,7.0,4,43,10:28 PM,01:09 PM,06:52 AM,04:48 PM,11,15,16,15,40,34,77,0.0,1015,20,10,198,24,United%20States%2C%20Minnesota
2020-11-08,21,12,0.0,7.0,4,36,11:39 PM,01:46 PM,06:54 AM,04:47 PM,11,15,16,15,40,39,77,0.0,1015,21,10,185,24,United%20States%2C%20Minnesota
2020-11-09,18,15,0.0,3.7,4,28,No moonrise,02:18 PM,06:55 AM,04:46 PM,13,17,17,17,37,94,83,4.3,1010,18,6,201,24,United%20States%2C%20Minnesota
2020-11-10,6,0,0.0,3.7,1,21,12:53 AM,02:46 PM,06:56 AM,04:45 PM,4,1,5,1,25,96,92,58.6,1004,6,7,273,19,United%20States%2C%20Minnesota
2020-11-11,3,-4,0.0,8.7,1,13,02:08 AM,03:13 PM,06:58 AM,04:44 PM,-4,-5,-0,-5,22,34,82,0.4,1014,3,10,253,16,United%20States%2C%20Minnesota
2020-11-12,3,-6,3.0,3.7,1,6,03:26 AM,03:40 PM,06:59 AM,04:43 PM,-3,-5,-1,-5,20,57,89,3.9,1017,3,8,254,12,United%20States%2C%20Minnesota
2020-11-13,4,-6,0.0,8.7,2,0,04:44 AM,04:07 PM,07:00 AM,04:42 PM,-9,-6,-1,-6,21,3,60,0.0,1023,4,10,246,14,United%20States%2C%20Minnesota
2020-11-14,6,-2,0.0,5.2,1,0,06:05 AM,04:38 PM,07:02 AM,04:41 PM,-1,-3,2,-3,38,51,76,0.5,1005,6,8,185,22,United%20States%2C%20Minnesota
2020-11-15,1,-1,0.0,5.2,1,0,07:28 AM,05:15 PM,07:03 AM,04:40 PM,-3,-6,0,-6,41,66,75,1.0,1003,1,9,288,31,United%20States%2C%20Minnesota
2020-11-16,6,-4,0.0,8.7,2,2,08:47 AM,05:59 PM,07:04 AM,04:39 PM,-4,-2,2,-2,26,27,71,0.0,1016,6,10,279,17,United%20States%2C%20Minnesota
2020-11-17,2,-5,0.0,8.7,2,9,10:01 AM,06:52 PM,07:06 AM,04:38 PM,-8,-5,-1,-5,17,13,65,0.0,1030,2,10,304,12,United%20States%2C%20Minnesota
2020-11-18,8,-3,0.0,7.0,1,17,11:05 AM,07:53 PM,07:07 AM,04:37 PM,-4,-2,2,-2,36,37,62,0.0,1021,8,10,165,22,United%20States%2C%20Minnesota
2020-11-19,15,7,0.0,8.7,4,24,11:57 AM,08:59 PM,07:08 AM,04:36 PM,6,10,12,10,33,25,69,0.0,1008,15,10,233,19,United%20States%2C%20Minnesota
2020-11-20,9,3,0.0,8.7,2,32,12:38 PM,10:06 PM,07:10 AM,04:35 PM,1,4,6,4,22,13,77,0.0,1025,9,9,295,15,United%20States%2C%20Minnesota
2020-11-21,5,-4,0.0,8.7,2,39,01:12 PM,11:13 PM,07:11 AM,04:35 PM,-6,-1,0,-1,10,3,67,0.0,1033,5,10,229,6,United%20States%2C%20Minnesota
2020-11-22,5,-2,0.0,3.5,1,47,01:39 PM,No moonset,07:12 AM,04:34 PM,-2,-3,1,-3,19,47,83,3.5,1024,5,10,222,12,United%20States%2C%20Minnesota
2020-11-23,1,-5,0.0,8.7,1,54,02:02 PM,12:18 AM,07:13 AM,04:33 PM,-6,-5,-2,-5,14,22,76,0.0,1026,1,9,185,9,United%20States%2C%20Minnesota
2020-11-24,3,-5,2.5,3.4,1,62,02:23 PM,01:21 AM,07:15 AM,04:33 PM,-1,-4,0,-4,30,94,86,12.5,1016,3,8,149,20,United%20States%2C%20Minnesota
2020-11-25,5,2,0.0,3.4,1,70,02:43 PM,02:22 AM,07:16 AM,04:32 PM,3,2,4,2,13,100,96,0.2,1011,5,5,61,9,United%20States%2C%20Minnesota
2020-11-26,8,2,0.0,8.7,2,77,03:03 PM,03:23 AM,07:17 AM,04:32 PM,1,2,5,2,18,33,82,0.0,1012,8,7,221,12,United%20States%2C%20Minnesota
2020-11-27,2,-3,0.0,8.7,2,85,03:25 PM,04:24 AM,07:18 AM,04:31 PM,-5,-4,-1,-4,20,5,76,0.0,1020,2,10,282,13,United%20States%2C%20Minnesota
2020-11-28,8,-3,0.0,8.7,2,92,03:49 PM,05:26 AM,07:19 AM,04:31 PM,-4,-1,3,-1,29,2,63,0.0,1017,8,10,227,17,United%20States%2C%20Minnesota
2020-11-29,2,-4,0.0,6.9,1,100,04:17 PM,06:28 AM,07:21 AM,04:30 PM,-5,-5,0,-5,30,17,68,0.0,1019,2,10,306,20,United%20States%2C%20Minnesota
2020-11-30,-2,-7,0.0,8.7,2,100,04:50 PM,07:32 AM,07:22 AM,04:30 PM,-12,-10,-5,-10,17,8,60,0.0,1024,-2,10,312,14,United%20States%2C%20Minnesota
2020-12-01,0,-7,0.0,8.7,2,89,05:31 PM,08:33 AM,07:23 AM,04:29 PM,-9,-7,-4,-7,8,8,70,0.0,1020,0,10,228,5,United%20States%2C%20Minnesota
2020-12-02,3,-5,0.0,8.7,2,82,06:19 PM,09:32 AM,07:24 AM,04:29 PM,-11,-3,-2,-3,6,32,50,0.0,1026,3,10,282,3,United%20States%2C%20Minnesota
2020-12-03,3,-4,0.0,8.7,1,75,07:16 PM,10:24 AM,07:25 AM,04:29 PM,-4,-6,-2,-6,22,21,81,0.0,1022,3,8,264,13,United%20States%2C%20Minnesota
2020-12-04,3,-2,0.0,8.7,2,67,08:20 PM,11:10 AM,07:26 AM,04:29 PM,-4,-3,-0,-3,14,10,76,0.0,1016,3,10,248,9,United%20States%2C%20Minnesota
2020-12-05,3,-3,0.0,8.7,2,60,09:29 PM,11:48 AM,07:27 AM,04:28 PM,-5,-2,-1,-2,6,23,77,0.0,1022,3,10,241,4,United%20States%2C%20Minnesota
2020-12-06,3,-3,0.0,8.7,2,53,10:39 PM,12:21 PM,07:28 AM,04:28 PM,-4,-2,-1,-2,8,29,79,0.0,1019,3,10,197,5,United%20States%2C%20Minnesota
2020-12-07,3,-3,0.0,8.7,1,46,11:52 PM,12:49 PM,07:29 AM,04:28 PM,-3,-2,0,-2,8,44,85,0.0,1017,3,10,140,5,United%20States%2C%20Minnesota
2020-12-08,5,-3,0.0,8.7,2,38,No moonrise,01:16 PM,07:30 AM,04:28 PM,-3,-3,0,-3,16,16,80,0.0,1016,5,10,223,9,United%20States%2C%20Minnesota
2020-12-09,7,-1,0.0,8.7,2,31,01:05 AM,01:41 PM,07:31 AM,04:28 PM,-2,1,2,1,11,14,77,0.0,1011,7,10,274,6,United%20States%2C%20Minnesota
2020-12-10,7,-1,0.0,8.7,1,24,02:20 AM,02:06 PM,07:32 AM,04:28 PM,-1,-0,2,-0,15,30,81,0.0,1014,7,10,180,9,United%20States%2C%20Minnesota
2020-12-11,3,-1,0.0,3.4,1,17,03:38 AM,02:34 PM,07:33 AM,04:28 PM,-2,-3,1,-3,21,85,82,0.0,1019,3,10,129,14,United%20States%2C%20Minnesota
2020-12-12,0,-2,0.0,3.4,1,9,04:57 AM,03:07 PM,07:34 AM,04:28 PM,-6,-6,-1,-6,23,90,70,0.0,1019,0,10,95,18,United%20States%2C%20Minnesota
2020-12-13,1,-4,0.0,8.7,2,2,06:17 AM,03:46 PM,07:34 AM,04:29 PM,-7,-6,-2,-6,18,31,68,0.0,1021,1,10,286,13,United%20States%2C%20Minnesota
2020-12-14,-6,-8,0.0,8.7,2,0,07:35 AM,04:34 PM,07:35 AM,04:29 PM,-15,-12,-6,-12,21,41,51,0.0,1026,-6,10,295,17,United%20States%2C%20Minnesota
2020-12-15,-4,-8,0.0,3.3,1,0,08:45 AM,05:32 PM,07:36 AM,04:29 PM,-18,-10,-6,-10,10,76,40,0.0,1028,-4,10,125,8,United%20States%2C%20Minnesota
2020-12-16,-1,-7,0.0,8.7,2,5,09:45 AM,06:37 PM,07:37 AM,04:29 PM,-9,-8,-5,-8,10,34,70,0.0,1020,-1,10,142,7,United%20States%2C%20Minnesota
2020-12-17,-1,-6,0.0,3.3,1,12,10:32 AM,07:47 PM,07:37 AM,04:30 PM,-6,-7,-3,-7,12,70,81,0.1,1019,-1,9,163,9,United%20States%2C%20Minnesota
2020-12-18,3,-5,0.1,3.3,1,20,11:10 AM,08:56 PM,07:38 AM,04:30 PM,-4,-7,-2,-7,28,87,84,0.1,1017,3,10,179,19,United%20States%2C%20Minnesota
2020-12-19,-0,-4,4.8,3.3,1,27,11:40 AM,10:03 PM,07:38 AM,04:31 PM,-3,-4,-1,-4,11,81,90,5.6,1016,-0,7,292,8,United%20States%2C%20Minnesota
2020-12-20,2,-5,0.0,8.7,2,34,12:05 PM,11:08 PM,07:39 AM,04:31 PM,-5,-6,-2,-6,18,25,79,0.0,1011,2,10,244,11,United%20States%2C%20Minnesota
2020-12-21,2,-2,0.0,5.1,1,41,12:27 PM,No moonset,07:39 AM,04:31 PM,-3,-5,0,-5,33,82,79,2.0,1006,2,9,277,24,United%20States%2C%20Minnesota
2020-12-22,2,-4,0.0,8.7,1,49,12:48 PM,12:11 AM,07:40 AM,04:32 PM,-4,-6,-1,-6,26,49,82,0.0,1015,2,8,219,17,United%20States%2C%20Minnesota
2020-12-23,6,-11,0.0,3.3,1,56,01:08 PM,01:12 AM,07:40 AM,04:33 PM,-2,-5,0,-5,40,85,85,6.8,996,6,6,220,29,United%20States%2C%20Minnesota
2020-12-24,-14,-16,0.0,3.3,1,63,01:29 PM,02:13 AM,07:41 AM,04:33 PM,-19,-25,-15,-25,34,100,71,0.4,1011,-14,7,308,30,United%20States%2C%20Minnesota
2020-12-25,-7,-18,0.0,8.7,1,70,01:52 PM,03:15 AM,07:41 AM,04:34 PM,-16,-20,-13,-20,18,51,79,0.0,1017,-7,10,283,14,United%20States%2C%20Minnesota
2020-12-26,-4,-10,0.0,8.7,1,78,02:18 PM,04:17 AM,07:41 AM,04:35 PM,-9,-12,-8,-12,15,41,91,0.0,1016,-4,8,301,9,United%20States%2C%20Minnesota
2020-12-27,-3,-8,0.0,3.3,1,85,02:49 PM,05:21 AM,07:42 AM,04:35 PM,-8,-10,-6,-10,15,83,86,0.2,1011,-3,9,185,11,United%20States%2C%20Minnesota
2020-12-28,-8,-12,0.1,3.4,1,92,03:27 PM,06:23 AM,07:42 AM,04:36 PM,-11,-16,-10,-16,20,74,90,0.1,1027,-8,8,294,15,United%20States%2C%20Minnesota
2020-12-29,-8,-13,3.4,3.4,1,100,04:13 PM,07:24 AM,07:42 AM,04:37 PM,-12,-15,-11,-15,16,75,86,4.1,1031,-8,8,183,12,United%20States%2C%20Minnesota
2020-12-30,-3,-12,4.2,3.4,1,100,05:08 PM,08:19 AM,07:42 AM,04:38 PM,-7,-13,-7,-13,24,84,94,4.9,1015,-3,8,260,17,United%20States%2C%20Minnesota
2020-12-31,-7,-15,0.0,8.7,1,89,06:11 PM,09:08 AM,07:42 AM,04:39 PM,-13,-16,-12,-16,13,32,92,0.0,1026,-7,8,218,7,United%20States%2C%20Minnesota
2021-01-01,-4,-11,0.0,8.7,2,79,07:20 PM,09:49 AM,07:42 AM,04:39 PM,-10,-12,-8,-12,13,5,85,0.0,1023,-4,10,122,7,United%20States%2C%20Minnesota
2021-01-02,-2,-12,0.0,8.7,2,71,08:30 PM,10:24 AM,07:42 AM,04:40 PM,-9,-10,-7,-10,11,13,90,0.0,1020,-2,10,236,6,United%20States%2C%20Minnesota
2021-01-03,-2,-9,0.0,8.7,2,64,09:43 PM,10:54 AM,07:42 AM,04:41 PM,-8,-9,-5,-9,14,10,89,0.0,1015,-2,10,196,8,United%20States%2C%20Minnesota
2021-01-04,2,-6,0.0,8.7,1,57,10:55 PM,11:20 AM,07:42 AM,04:42 PM,-4,-8,-3,-8,26,37,90,0.0,1014,2,9,247,15,United%20States%2C%20Minnesota
2021-01-05,-1,-8,0.0,8.7,2,50,No moonrise,11:45 AM,07:42 AM,04:43 PM,-6,-7,-4,-7,13,24,89,0.0,1018,-1,10,218,7,United%20States%2C%20Minnesota
2021-01-06,-1,-6,0.0,3.4,1,42,12:08 AM,12:09 PM,07:42 AM,04:44 PM,-4,-8,-4,-8,19,80,93,0.0,1026,-1,8,117,13,United%20States%2C%20Minnesota
2021-01-07,-1,-4,0.0,3.4,1,35,01:22 AM,12:35 PM,07:42 AM,04:45 PM,-4,-6,-3,-6,12,92,94,0.0,1031,-1,4,97,8,United%20States%2C%20Minnesota
2021-01-08,-3,-6,0.0,3.4,1,28,02:37 AM,01:05 PM,07:42 AM,04:47 PM,-6,-7,-4,-7,9,90,92,0.0,1030,-3,8,138,6,United%20States%2C%20Minnesota
2021-01-09,-4,-13,0.0,5.2,1,20,03:55 AM,01:40 PM,07:41 AM,04:48 PM,-8,-11,-8,-11,12,66,94,0.0,1029,-4,5,322,7,United%20States%2C%20Minnesota
2021-01-10,-2,-8,0.3,3.4,1,13,05:11 AM,02:22 PM,07:41 AM,04:49 PM,-5,-8,-4,-8,12,97,94,0.3,1030,-2,8,293,9,United%20States%2C%20Minnesota
2021-01-11,-1,-9,0.0,3.4,1,6,06:24 AM,03:14 PM,07:41 AM,04:50 PM,-5,-10,-5,-10,22,83,94,0.0,1022,-1,7,223,16,United%20States%2C%20Minnesota
2021-01-12,-0,-7,0.0,8.7,2,0,07:28 AM,04:15 PM,07:40 AM,04:51 PM,-5,-8,-4,-8,19,26,90,0.0,1017,-0,10,248,11,United%20States%2C%20Minnesota
2021-01-13,2,-4,0.0,6.9,1,0,08:21 AM,05:24 PM,07:40 AM,04:52 PM,-2,-4,-1,-4,19,42,88,0.0,1008,2,10,222,10,United%20States%2C%20Minnesota
2021-01-14,1,-2,3.5,3.4,1,1,09:04 AM,06:34 PM,07:39 AM,04:54 PM,-1,-5,-1,-5,23,94,94,8.3,999,1,6,267,16,United%20States%2C%20Minnesota
2021-01-15,1,-1,5.3,3.4,1,8,09:38 AM,07:44 PM,07:39 AM,04:55 PM,-0,-5,0,-5,30,100,96,7.6,1000,1,3,141,21,United%20States%2C%20Minnesota
2021-01-16,-1,-4,1.8,3.4,1,16,10:05 AM,08:51 PM,07:38 AM,04:56 PM,-3,-7,-2,-7,24,100,93,2.2,1010,-1,5,314,19,United%20States%2C%20Minnesota
2021-01-17,-4,-6,0.7,3.4,1,23,10:29 AM,09:56 PM,07:38 AM,04:57 PM,-6,-10,-5,-10,17,100,94,1.2,1010,-4,6,310,14,United%20States%2C%20Minnesota
2021-01-18,-8,-10,0.0,3.5,1,30,10:51 AM,10:59 PM,07:37 AM,04:59 PM,-10,-14,-9,-14,16,97,94,0.0,1015,-8,6,291,12,United%20States%2C%20Minnesota
2021-01-19,-11,-16,0.4,3.6,1,38,11:11 AM,No moonset,07:36 AM,05:00 PM,-15,-20,-14,-20,14,83,93,0.5,1024,-11,7,293,10,United%20States%2C%20Minnesota
2021-01-20,1,-15,0.0,5.3,1,45,11:32 AM,12:01 AM,07:36 AM,05:01 PM,-8,-13,-7,-13,29,52,88,0.0,1015,1,8,230,18,United%20States%2C%20Minnesota
2021-01-21,-2,-7,0.1,7.0,1,52,11:54 AM,01:02 AM,07:35 AM,05:03 PM,-6,-8,-2,-8,35,51,84,0.2,1009,-2,9,285,24,United%20States%2C%20Minnesota
2021-01-22,-13,-17,0.0,7.0,1,59,12:18 PM,02:04 AM,07:34 AM,05:04 PM,-17,-23,-15,-23,21,50,89,0.0,1025,-13,10,310,16,United%20States%2C%20Minnesota
2021-01-23,-9,-17,3.1,3.6,1,67,12:47 PM,03:07 AM,07:33 AM,05:05 PM,-15,-18,-13,-18,14,56,86,3.6,1028,-9,8,184,10,United%20States%2C%20Minnesota
2021-01-24,-5,-9,7.2,3.7,1,74,01:22 PM,04:09 AM,07:33 AM,05:07 PM,-8,-10,-7,-10,11,98,94,8.5,1020,-5,6,192,8,United%20States%2C%20Minnesota
2021-01-25,-7,-17,0.0,8.7,2,81,02:04 PM,05:11 AM,07:32 AM,05:08 PM,-14,-18,-12,-18,21,9,86,0.0,1021,-7,10,51,13,United%20States%2C%20Minnesota
2021-01-26,-6,-11,0.0,3.7,1,88,02:56 PM,06:09 AM,07:31 AM,05:09 PM,-10,-16,-9,-16,25,84,89,0.1,1019,-6,9,27,18,United%20States%2C%20Minnesota
2021-01-27,-11,-17,0.0,3.7,1,96,03:57 PM,07:01 AM,07:30 AM,05:11 PM,-16,-19,-14,-19,17,59,94,0.0,1032,-11,7,338,10,United%20States%2C%20Minnesota
2021-01-28,-8,-20,0.0,7.0,1,100,05:05 PM,07:46 AM,07:29 AM,05:12 PM,-16,-18,-14,-18,13,44,90,0.0,1038,-8,10,163,8,United%20States%2C%20Minnesota
2021-01-29,-5,-13,1.2,3.7,1,90,06:17 PM,08:23 AM,07:28 AM,05:14 PM,-10,-16,-9,-16,25,97,94,1.5,1027,-5,6,133,17,United%20States%2C%20Minnesota
2021-01-30,-1,-8,3.8,3.7,1,82,07:31 PM,08:55 AM,07:27 AM,05:15 PM,-4,-9,-4,-9,27,100,95,4.5,1015,-1,3,118,20,United%20States%2C%20Minnesota
2021-01-31,-1,-5,3.3,3.7,1,79,08:45 PM,09:24 AM,07:26 AM,05:16 PM,-3,-8,-3,-8,21,99,95,4.5,1017,-1,4,149,15,United%20States%2C%20Minnesota
2021-02-01,-3,-7,0.3,3.7,1,63,09:59 PM,09:49 AM,07:24 AM,05:18 PM,-5,-9,-5,-9,14,98,96,0.4,1027,-3,8,312,9,United%20States%2C%20Minnesota
2021-02-02,-2,-13,0.0,7.0,1,55,11:13 PM,10:13 AM,07:23 AM,05:19 PM,-9,-10,-8,-10,8,59,94,0.0,1027,-2,6,196,5,United%20States%2C%20Minnesota
2021-02-03,-1,-11,0.0,8.7,2,48,No moonrise,10:39 AM,07:22 AM,05:21 PM,-7,-12,-6,-12,27,25,89,0.0,1018,-1,10,170,16,United%20States%2C%20Minnesota
2021-02-04,1,-12,0.0,3.8,1,40,12:28 AM,11:07 AM,07:21 AM,05:22 PM,-3,-9,-3,-9,34,95,95,25.8,1000,1,4,241,24,United%20States%2C%20Minnesota
2021-02-05,-15,-19,0.0,3.8,1,33,01:44 AM,11:39 AM,07:20 AM,05:23 PM,-19,-29,-18,-29,37,100,89,0.2,1007,-15,8,295,29,United%20States%2C%20Minnesota
2021-02-06,-21,-27,0.0,3.8,1,25,02:59 AM,12:17 PM,07:18 AM,05:25 PM,-24,-34,-23,-34,28,97,91,0.0,1023,-21,10,294,20,United%20States%2C%20Minnesota
2021-02-07,-23,-33,0.0,8.7,1,18,04:11 AM,01:05 PM,07:17 AM,05:26 PM,-29,-37,-28,-37,18,54,92,0.0,1030,-23,8,291,11,United%20States%2C%20Minnesota
