date_time,United%20States%2C%20Montana_maxtempC,United%20States%2C%20Montana_mintempC,United%20States%2C%20Montana_totalSnow_cm,United%20States%2C%20Montana_sunHour,United%20States%2C%20Montana_uvIndex,United%20States%2C%20Montana_moon_illumination,United%20States%2C%20Montana_moonrise,United%20States%2C%20Montana_moonset,United%20States%2C%20Montana_sunrise,United%20States%2C%20Montana_sunset,United%20States%2C%20Montana_DewPointC,United%20States%2C%20Montana_FeelsLikeC,United%20States%2C%20Montana_HeatIndexC,United%20States%2C%20Montana_WindChillC,United%20States%2C%20Montana_WindGustKmph,United%20States%2C%20Montana_cloudcover,United%20States%2C%20Montana_humidity,United%20States%2C%20Montana_precipMM,United%20States%2C%20Montana_pressure,United%20States%2C%20Montana_tempC,United%20States%2C%20Montana_visibility,United%20States%2C%20Montana_winddirDegree,United%20States%2C%20Montana_windspeedKmph,United%20States%2C%20Montana_location
2020-01-01,2,-6,0.3,3.1,1,37,12:04 PM,11:36 PM,08:12 AM,04:51 PM,-4,-5,-1,-5,23,62,77,1.0,1001,2,9,231,13,United%20States%2C%20Montana
2020-01-02,-1,-5,0.0,8.4,2,44,12:25 PM,No moonset,08:12 AM,04:52 PM,-8,-7,-3,-7,20,19,66,0.0,1012,-1,10,242,14,United%20States%2C%20Montana
2020-01-03,-0,-4,0.0,6.9,1,51,12:45 PM,12:38 AM,08:12 AM,04:53 PM,-8,-6,-2,-6,14,68,67,0.0,1020,-0,10,173,9,United%20States%2C%20Montana
2020-01-04,3,-8,0.0,6.9,1,59,01:06 PM,01:41 AM,08:11 AM,04:54 PM,-7,-6,-2,-6,30,20,64,0.9,1019,3,10,218,18,United%20States%2C%20Montana
2020-01-05,-3,-11,0.0,5.0,1,66,01:30 PM,02:44 AM,08:11 AM,04:55 PM,-12,-9,-6,-9,14,52,61,0.0,1027,-3,10,176,7,United%20States%2C%20Montana
2020-01-06,-0,-6,0.2,5.0,1,73,01:57 PM,03:50 AM,08:11 AM,04:56 PM,-9,-7,-3,-7,14,64,68,0.2,1025,-0,9,199,9,United%20States%2C%20Montana
2020-01-07,2,-5,0.0,8.5,2,80,02:29 PM,04:58 AM,08:11 AM,04:57 PM,-5,-4,-1,-4,13,30,77,0.0,1018,2,10,176,7,United%20States%2C%20Montana
2020-01-08,2,-4,0.1,6.9,1,88,03:10 PM,06:06 AM,08:11 AM,04:58 PM,-6,-5,-2,-5,17,56,73,0.1,1005,2,10,210,11,United%20States%2C%20Montana
2020-01-09,-6,-12,1.2,3.2,1,95,04:01 PM,07:12 AM,08:10 AM,04:59 PM,-10,-11,-7,-11,9,90,80,1.4,1014,-6,8,289,7,United%20States%2C%20Montana
2020-01-10,-6,-15,0.1,8.7,2,100,05:03 PM,08:12 AM,08:10 AM,05:01 PM,-14,-14,-10,-14,11,38,73,0.1,1024,-6,10,211,7,United%20States%2C%20Montana
2020-01-11,-6,-13,0.0,5.1,1,100,06:13 PM,09:04 AM,08:10 AM,05:02 PM,-11,-12,-8,-12,14,62,75,0.0,1011,-6,10,162,8,United%20States%2C%20Montana
2020-01-12,-7,-13,0.3,3.4,1,83,07:30 PM,09:47 AM,08:09 AM,05:03 PM,-11,-12,-8,-12,11,79,78,0.4,1013,-7,8,266,7,United%20States%2C%20Montana
2020-01-13,-13,-20,0.9,3.4,1,76,08:48 PM,10:23 AM,08:09 AM,05:04 PM,-18,-21,-16,-21,8,92,86,1.1,1017,-13,7,288,7,United%20States%2C%20Montana
2020-01-14,-19,-23,1.3,3.4,1,69,10:06 PM,10:53 AM,08:08 AM,05:06 PM,-21,-26,-20,-26,10,83,92,1.5,1019,-19,5,335,8,United%20States%2C%20Montana
2020-01-15,-6,-15,0.0,8.7,2,61,11:23 PM,11:20 AM,08:08 AM,05:07 PM,-16,-14,-12,-14,8,19,73,0.0,1027,-6,10,201,4,United%20States%2C%20Montana
2020-01-16,-2,-12,0.0,6.9,1,54,No moonrise,11:45 AM,08:07 AM,05:08 PM,-11,-8,-7,-8,5,71,77,0.0,1016,-2,10,210,3,United%20States%2C%20Montana
2020-01-17,-6,-16,2.0,5.2,1,47,12:38 AM,12:10 PM,08:06 AM,05:10 PM,-13,-14,-9,-14,13,76,79,2.4,1018,-6,8,286,9,United%20States%2C%20Montana
2020-01-18,-4,-12,0.0,3.4,1,40,01:53 AM,12:37 PM,08:06 AM,05:11 PM,-11,-10,-8,-10,10,85,72,0.0,1032,-4,10,181,5,United%20States%2C%20Montana
2020-01-19,-0,-10,0.0,8.7,2,32,03:06 AM,01:07 PM,08:05 AM,05:12 PM,-8,-8,-5,-8,11,11,79,0.0,1032,-0,10,170,6,United%20States%2C%20Montana
2020-01-20,1,-6,0.0,8.7,2,25,04:18 AM,01:42 PM,08:04 AM,05:14 PM,-7,-4,-3,-4,7,24,77,0.0,1023,1,10,171,4,United%20States%2C%20Montana
2020-01-21,3,-4,0.0,8.7,1,18,05:27 AM,02:23 PM,08:03 AM,05:15 PM,-5,-3,-1,-3,9,56,75,0.0,1012,3,10,173,5,United%20States%2C%20Montana
2020-01-22,2,-4,1.1,8.7,2,11,06:29 AM,03:13 PM,08:02 AM,05:17 PM,-6,-5,-1,-5,15,28,71,1.3,1017,2,9,220,10,United%20States%2C%20Montana
2020-01-23,4,-3,0.0,5.2,1,3,07:24 AM,04:08 PM,08:02 AM,05:18 PM,-4,-2,-0,-2,10,71,74,0.0,1021,4,10,166,6,United%20States%2C%20Montana
2020-01-24,4,-2,0.0,5.2,1,0,08:10 AM,05:10 PM,08:01 AM,05:20 PM,-3,-1,0,-1,9,53,81,0.0,1015,4,10,164,5,United%20States%2C%20Montana
2020-01-25,5,-2,0.0,8.7,2,0,08:47 AM,06:13 PM,08:00 AM,05:21 PM,-4,-3,0,-3,14,18,73,0.0,1018,5,10,216,8,United%20States%2C%20Montana
2020-01-26,3,-3,0.2,5.3,1,4,09:19 AM,07:18 PM,07:59 AM,05:23 PM,-4,-2,-1,-2,7,57,81,0.2,1017,3,9,172,4,United%20States%2C%20Montana
2020-01-27,5,-1,0.0,8.7,2,11,09:45 AM,08:21 PM,07:58 AM,05:24 PM,-4,-2,1,-2,13,47,70,0.0,1019,5,10,214,9,United%20States%2C%20Montana
2020-01-28,1,-5,0.0,7.0,1,18,10:08 AM,09:24 PM,07:57 AM,05:26 PM,-7,-4,-2,-4,14,46,69,0.0,1019,1,10,177,7,United%20States%2C%20Montana
2020-01-29,1,-7,0.0,8.7,2,26,10:28 AM,10:25 PM,07:56 AM,05:27 PM,-7,-5,-3,-5,12,25,76,0.0,1022,1,10,209,7,United%20States%2C%20Montana
2020-01-30,2,-7,0.1,8.7,1,33,10:49 AM,11:28 PM,07:54 AM,05:29 PM,-8,-4,-2,-4,12,41,66,0.2,1025,2,10,230,7,United%20States%2C%20Montana
2020-01-31,4,-3,0.0,8.7,2,37,11:09 AM,No moonset,07:53 AM,05:30 PM,-6,-2,1,-2,16,39,61,0.0,1023,4,10,174,9,United%20States%2C%20Montana
2020-02-01,11,1,0.0,8.7,3,49,11:31 AM,12:30 AM,07:52 AM,05:32 PM,-3,1,4,1,25,6,64,0.0,1014,11,10,195,14,United%20States%2C%20Montana
2020-02-02,-2,-6,1.0,3.7,1,57,11:56 AM,01:34 AM,07:51 AM,05:33 PM,-10,-6,-2,-6,12,78,59,1.2,1016,-2,8,258,10,United%20States%2C%20Montana
2020-02-03,-7,-9,0.0,7.0,1,64,12:25 PM,02:39 AM,07:50 AM,05:35 PM,-15,-11,-7,-11,12,55,56,0.0,1020,-7,10,299,9,United%20States%2C%20Montana
2020-02-04,-5,-10,0.0,8.7,2,72,01:01 PM,03:46 AM,07:48 AM,05:36 PM,-13,-12,-8,-12,14,15,67,0.0,1027,-5,10,223,11,United%20States%2C%20Montana
2020-02-05,0,-7,0.0,3.7,1,79,01:46 PM,04:51 AM,07:47 AM,05:38 PM,-9,-7,-4,-7,11,77,68,0.0,1015,0,10,185,8,United%20States%2C%20Montana
2020-02-06,4,-1,3.3,3.7,1,87,02:41 PM,05:54 AM,07:46 AM,05:39 PM,-1,0,1,0,7,100,88,4.1,1007,4,6,254,5,United%20States%2C%20Montana
2020-02-07,-0,-7,2.4,5.4,1,95,03:48 PM,06:50 AM,07:44 AM,05:41 PM,-3,-3,-2,-3,5,84,88,2.8,1012,-0,6,253,3,United%20States%2C%20Montana
2020-02-08,-2,-11,6.9,3.7,1,100,05:03 PM,07:39 AM,07:43 AM,05:42 PM,-6,-8,-3,-8,23,69,82,8.1,1011,-2,5,252,14,United%20States%2C%20Montana
2020-02-09,-3,-12,0.8,8.7,1,100,06:23 PM,08:18 AM,07:41 AM,05:44 PM,-11,-9,-7,-9,10,48,73,0.9,1028,-3,9,249,6,United%20States%2C%20Montana
2020-02-10,-3,-7,1.5,7.1,1,83,07:45 PM,08:52 AM,07:40 AM,05:45 PM,-8,-8,-5,-8,10,37,76,1.8,1029,-3,8,291,7,United%20States%2C%20Montana
2020-02-11,-3,-10,0.0,3.8,1,75,09:05 PM,09:21 AM,07:38 AM,05:47 PM,-11,-10,-7,-10,14,53,71,0.0,1022,-3,10,211,7,United%20States%2C%20Montana
2020-02-12,-6,-15,1.9,3.8,1,68,10:23 PM,09:48 AM,07:37 AM,05:48 PM,-9,-11,-8,-11,12,67,82,2.3,1024,-6,8,203,6,United%20States%2C%20Montana
2020-02-13,-1,-11,0.0,8.7,1,60,11:41 PM,10:13 AM,07:35 AM,05:50 PM,-9,-8,-5,-8,13,36,74,0.0,1017,-1,10,170,7,United%20States%2C%20Montana
2020-02-14,1,-4,0.1,7.1,1,53,No moonrise,10:40 AM,07:34 AM,05:51 PM,-7,-6,-2,-6,22,51,69,0.1,1012,1,10,238,16,United%20States%2C%20Montana
2020-02-15,2,-5,0.0,5.5,1,45,12:57 AM,11:10 AM,07:32 AM,05:53 PM,-8,-7,-3,-7,15,48,67,0.0,1019,2,10,208,10,United%20States%2C%20Montana
2020-02-16,-2,-8,0.0,8.7,1,38,02:10 AM,11:43 AM,07:31 AM,05:54 PM,-8,-8,-4,-8,20,60,71,0.1,1013,-2,10,231,12,United%20States%2C%20Montana
2020-02-17,-4,-14,1.0,3.9,1,30,03:20 AM,12:22 PM,07:29 AM,05:56 PM,-9,-9,-5,-9,16,92,68,1.2,1022,-4,9,271,11,United%20States%2C%20Montana
2020-02-18,-4,-10,0.3,8.7,1,22,04:24 AM,01:09 PM,07:27 AM,05:57 PM,-11,-9,-7,-9,8,40,69,0.4,1031,-4,9,271,6,United%20States%2C%20Montana
2020-02-19,-5,-13,0.1,8.7,2,15,05:21 AM,02:02 PM,07:26 AM,05:59 PM,-12,-10,-8,-10,7,20,73,0.1,1035,-5,10,175,4,United%20States%2C%20Montana
2020-02-20,1,-8,0.0,10.8,2,7,06:08 AM,03:01 PM,07:24 AM,06:00 PM,-11,-7,-4,-7,10,5,60,0.0,1033,1,10,159,6,United%20States%2C%20Montana
2020-02-21,1,-6,0.0,10.8,2,0,06:48 AM,04:03 PM,07:22 AM,06:01 PM,-11,-5,-3,-5,11,16,53,0.0,1026,1,10,156,6,United%20States%2C%20Montana
2020-02-22,4,-4,0.0,10.8,2,0,07:21 AM,05:07 PM,07:20 AM,06:03 PM,-7,-3,-0,-3,12,16,60,0.0,1019,4,10,168,6,United%20States%2C%20Montana
2020-02-23,4,-4,1.7,7.0,1,0,07:48 AM,06:10 PM,07:19 AM,06:04 PM,-5,-1,-0,-1,8,68,68,2.2,1015,4,9,188,5,United%20States%2C%20Montana
2020-02-24,-3,-12,5.4,8.5,1,0,08:11 AM,07:14 PM,07:17 AM,06:06 PM,-8,-9,-4,-9,20,63,71,6.4,1022,-3,7,296,14,United%20States%2C%20Montana
2020-02-25,1,-6,0.2,10.9,2,8,08:33 AM,08:16 PM,07:15 AM,06:07 PM,-8,-5,-3,-5,8,31,68,0.2,1034,1,10,228,6,United%20States%2C%20Montana
2020-02-26,4,-4,0.0,8.5,1,15,08:53 AM,09:18 PM,07:13 AM,06:09 PM,-6,-4,-1,-4,14,51,69,0.0,1028,4,10,224,10,United%20States%2C%20Montana
2020-02-27,6,-3,0.0,10.1,1,23,09:13 AM,10:20 PM,07:12 AM,06:10 PM,-4,-2,1,-2,15,35,71,0.0,1027,6,10,240,10,United%20States%2C%20Montana
2020-02-28,8,-2,0.0,11.0,2,30,09:34 AM,11:23 PM,07:10 AM,06:12 PM,-4,-0,2,-0,12,5,67,0.0,1025,8,10,170,7,United%20States%2C%20Montana
2020-02-29,0,-7,0.8,7.0,1,38,09:57 AM,No moonset,07:08 AM,06:13 PM,-7,-4,-1,-4,22,42,60,0.9,1011,0,8,228,13,United%20States%2C%20Montana
2020-03-01,1,-5,0.1,10.1,1,44,10:23 AM,12:26 AM,07:06 AM,06:14 PM,-8,-5,-2,-5,9,28,64,0.1,1019,1,10,299,7,United%20States%2C%20Montana
2020-03-02,4,-5,0.0,10.1,1,51,10:55 AM,01:31 AM,07:04 AM,06:16 PM,-9,-5,-1,-5,20,29,52,0.0,1015,4,10,227,14,United%20States%2C%20Montana
2020-03-03,4,1,0.0,10.1,1,58,11:35 AM,02:35 AM,07:02 AM,06:17 PM,-3,-1,2,-1,21,47,69,0.1,1014,4,10,231,12,United%20States%2C%20Montana
2020-03-04,5,-1,0.0,11.2,2,65,12:23 PM,03:39 AM,07:00 AM,06:19 PM,-6,-3,1,-3,33,12,60,0.0,1015,5,10,244,21,United%20States%2C%20Montana
2020-03-05,6,-3,0.0,11.6,2,73,01:24 PM,04:36 AM,06:59 AM,06:20 PM,-7,-1,1,-1,12,13,57,0.0,1023,6,10,170,7,United%20States%2C%20Montana
2020-03-06,12,-2,0.0,11.6,3,80,02:34 PM,05:27 AM,06:57 AM,06:22 PM,-4,2,5,2,20,9,58,0.0,1013,12,10,185,10,United%20States%2C%20Montana
2020-03-07,7,1,0.0,10.2,1,87,03:52 PM,06:10 AM,06:55 AM,06:23 PM,-2,3,4,3,10,50,68,0.3,1005,7,9,164,5,United%20States%2C%20Montana
2020-03-08,6,-2,0.3,10.2,1,95,05:13 PM,06:46 AM,06:53 AM,06:24 PM,-5,1,2,1,4,42,65,0.5,1013,6,9,244,3,United%20States%2C%20Montana
2020-03-09,4,-1,0.5,10.2,1,100,06:35 PM,07:18 AM,06:51 AM,06:26 PM,-5,-1,1,-1,10,54,68,0.7,1017,4,9,230,8,United%20States%2C%20Montana
2020-03-10,5,-4,0.0,11.6,2,100,07:58 PM,07:46 AM,06:49 AM,06:27 PM,-8,-3,1,-3,17,10,55,0.0,1021,5,10,223,12,United%20States%2C%20Montana
2020-03-11,6,1,0.2,8.8,1,84,09:19 PM,08:12 AM,06:47 AM,06:29 PM,-4,-0,4,-0,24,63,58,0.5,1014,6,10,241,18,United%20States%2C%20Montana
2020-03-12,3,-5,1.1,11.6,1,76,10:38 PM,08:39 AM,06:45 AM,06:30 PM,-8,-4,-1,-4,12,41,64,1.3,1022,3,9,303,10,United%20States%2C%20Montana
2020-03-13,-4,-12,6.3,5.9,1,69,11:57 PM,09:08 AM,06:43 AM,06:31 PM,-10,-12,-7,-12,17,83,77,7.4,1022,-4,5,299,14,United%20States%2C%20Montana
2020-03-14,-20,-28,8.0,6.0,1,62,No moonrise,09:42 AM,06:41 AM,06:33 PM,-21,-29,-20,-29,23,92,91,9.4,1030,-20,3,344,16,United%20States%2C%20Montana
2020-03-15,-10,-20,0.9,7.4,1,55,01:11 AM,10:19 AM,06:39 AM,06:34 PM,-17,-21,-16,-21,9,82,88,1.1,1034,-10,7,292,7,United%20States%2C%20Montana
2020-03-16,-1,-15,0.0,11.6,2,47,02:18 AM,11:05 AM,06:37 AM,06:36 PM,-11,-9,-8,-9,4,21,82,0.0,1029,-1,10,140,2,United%20States%2C%20Montana
2020-03-17,-0,-8,0.0,11.6,2,40,03:19 AM,11:56 AM,06:35 AM,06:37 PM,-7,-7,-4,-7,13,19,80,0.0,1015,-0,10,227,8,United%20States%2C%20Montana
2020-03-18,-2,-11,2.5,7.4,1,33,04:09 AM,12:54 PM,06:33 AM,06:38 PM,-8,-9,-6,-9,10,72,85,3.0,1015,-2,7,221,7,United%20States%2C%20Montana
2020-03-19,-6,-15,0.8,7.4,1,25,04:50 AM,01:55 PM,06:31 AM,06:40 PM,-10,-13,-8,-13,16,66,81,0.9,1024,-6,8,346,11,United%20States%2C%20Montana
2020-03-20,2,-9,0.0,11.6,2,18,05:24 AM,02:59 PM,06:29 AM,06:41 PM,-8,-5,-4,-5,8,30,74,0.0,1026,2,10,225,4,United%20States%2C%20Montana
2020-03-21,3,-4,0.0,8.8,1,11,05:53 AM,04:02 PM,06:27 AM,06:42 PM,-5,-3,0,-3,16,30,71,0.1,1022,3,10,262,9,United%20States%2C%20Montana
2020-03-22,8,-3,0.9,11.6,1,4,06:17 AM,05:06 PM,06:25 AM,06:44 PM,-4,1,3,1,9,40,69,1.1,1018,8,9,252,7,United%20States%2C%20Montana
2020-03-23,6,-4,0.0,7.5,1,0,06:38 AM,06:08 PM,06:23 AM,06:45 PM,-4,0,2,0,10,84,62,1.4,1008,6,9,168,6,United%20States%2C%20Montana
2020-03-24,3,-3,1.9,7.5,1,0,06:58 AM,07:10 PM,06:21 AM,06:47 PM,-5,-1,1,-1,11,56,67,2.2,1010,3,8,265,9,United%20States%2C%20Montana
2020-03-25,2,-6,0.0,10.2,1,3,07:18 AM,08:12 PM,06:19 AM,06:48 PM,-10,-3,-1,-3,12,58,53,0.0,1011,2,10,254,7,United%20States%2C%20Montana
2020-03-26,6,-5,0.0,11.6,2,11,07:39 AM,09:15 PM,06:18 AM,06:49 PM,-7,-2,2,-2,16,33,61,0.0,1010,6,10,255,13,United%20States%2C%20Montana
2020-03-27,7,-2,0.0,11.6,2,18,08:00 AM,10:18 PM,06:16 AM,06:51 PM,-6,-1,2,-1,16,26,57,0.0,1011,7,10,235,12,United%20States%2C%20Montana
2020-03-28,8,-1,0.0,11.6,2,25,08:25 AM,11:23 PM,06:14 AM,06:52 PM,-3,1,4,1,16,20,66,0.0,1013,8,10,239,12,United%20States%2C%20Montana
2020-03-29,11,-0,0.0,10.3,2,32,08:55 AM,No moonset,06:12 AM,06:53 PM,-2,3,5,3,12,32,63,0.2,1012,11,10,197,8,United%20States%2C%20Montana
2020-03-30,11,1,0.0,10.3,2,40,09:31 AM,12:27 AM,06:10 AM,06:55 PM,-3,4,6,4,15,66,58,0.4,1011,11,10,200,11,United%20States%2C%20Montana
2020-03-31,3,-5,4.7,7.6,1,44,10:14 AM,01:29 AM,06:08 AM,06:56 PM,-7,-2,0,-2,13,84,61,5.9,1011,3,7,247,9,United%20States%2C%20Montana
2020-04-01,-4,-9,2.4,6.3,1,56,11:08 AM,02:27 AM,06:06 AM,06:58 PM,-10,-11,-6,-11,14,79,76,2.8,1019,-4,7,349,12,United%20States%2C%20Montana
2020-04-02,-3,-14,0.1,11.6,1,64,12:12 PM,03:19 AM,06:04 AM,06:59 PM,-13,-12,-9,-12,8,59,72,0.1,1026,-3,10,233,7,United%20States%2C%20Montana
2020-04-03,4,-7,0.2,9.0,1,71,01:25 PM,04:04 AM,06:02 AM,07:00 PM,-8,-3,-1,-3,8,64,64,1.8,1018,4,10,220,5,United%20States%2C%20Montana
2020-04-04,4,-7,3.9,13.0,1,79,02:42 PM,04:41 AM,06:00 AM,07:02 PM,-7,-2,-0,-2,8,54,62,4.6,1011,4,7,209,5,United%20States%2C%20Montana
2020-04-05,11,-3,0.1,13.5,2,87,04:03 PM,05:14 AM,05:58 AM,07:03 PM,-4,3,4,3,6,43,64,0.2,1005,11,10,234,4,United%20States%2C%20Montana
2020-04-06,10,2,0.0,13.5,2,94,05:25 PM,05:43 AM,05:56 AM,07:04 PM,-1,3,6,3,18,30,63,0.3,1002,10,10,225,13,United%20States%2C%20Montana
2020-04-07,8,-4,0.0,13.5,2,100,06:47 PM,06:09 AM,05:55 AM,07:06 PM,-5,-1,3,-1,25,10,56,0.0,1010,8,10,252,17,United%20States%2C%20Montana
2020-04-08,6,-5,0.1,13.5,1,100,08:09 PM,06:36 AM,05:53 AM,07:07 PM,-6,-2,1,-2,11,27,60,0.1,1023,6,10,295,8,United%20States%2C%20Montana
2020-04-09,12,-5,0.0,13.6,2,83,09:31 PM,07:04 AM,05:51 AM,07:09 PM,-3,4,4,4,6,15,59,0.0,1016,12,10,191,3,United%20States%2C%20Montana
2020-04-10,14,5,0.0,12.1,3,76,10:50 PM,07:36 AM,05:49 AM,07:10 PM,1,7,9,7,14,45,58,0.4,1009,14,10,298,10,United%20States%2C%20Montana
2020-04-11,-5,-14,19.5,8.5,1,68,No moonrise,08:12 AM,05:47 AM,07:11 PM,-6,-10,-4,-10,27,91,89,24.5,1019,-5,3,176,20,United%20States%2C%20Montana
2020-04-12,-5,-17,2.1,12.1,1,61,12:04 AM,08:56 AM,05:45 AM,07:13 PM,-13,-12,-9,-12,9,48,72,2.6,1032,-5,8,271,6,United%20States%2C%20Montana
2020-04-13,-2,-12,1.3,12.1,1,53,01:10 AM,09:47 AM,05:43 AM,07:14 PM,-11,-10,-7,-10,9,56,73,1.5,1029,-2,8,233,5,United%20States%2C%20Montana
2020-04-14,3,-7,0.3,9.8,1,46,02:06 AM,10:44 AM,05:42 AM,07:15 PM,-6,-6,-2,-6,22,76,68,1.4,1021,3,9,255,14,United%20States%2C%20Montana
2020-04-15,-2,-10,10.3,9.8,1,38,02:51 AM,11:46 AM,05:40 AM,07:17 PM,-4,-7,-3,-7,26,86,83,12.1,1022,-2,4,196,16,United%20States%2C%20Montana
2020-04-16,3,-6,0.7,12.2,1,30,03:28 AM,12:50 PM,05:38 AM,07:18 PM,-6,-4,-1,-4,10,51,75,0.8,1029,3,8,294,7,United%20States%2C%20Montana
2020-04-17,11,-4,0.0,13.8,3,23,03:58 AM,01:54 PM,05:36 AM,07:19 PM,-4,1,4,1,18,15,61,0.0,1016,11,10,216,12,United%20States%2C%20Montana
2020-04-18,4,-4,0.0,9.8,1,15,04:23 AM,02:57 PM,05:34 AM,07:21 PM,-1,-0,2,-0,10,62,77,0.7,1012,4,8,303,7,United%20States%2C%20Montana
2020-04-19,11,-3,1.0,12.2,2,8,04:45 AM,04:00 PM,05:33 AM,07:22 PM,-0,4,5,4,11,57,76,1.4,1013,11,8,273,8,United%20States%2C%20Montana
2020-04-20,14,1,0.0,13.9,3,0,05:05 AM,05:02 PM,05:31 AM,07:24 PM,1,7,8,7,14,10,67,0.0,1014,14,10,247,9,United%20States%2C%20Montana
2020-04-21,16,3,0.0,14.0,4,0,05:25 AM,06:04 PM,05:29 AM,07:25 PM,1,8,10,8,21,7,57,0.0,1013,16,10,245,14,United%20States%2C%20Montana
2020-04-22,15,3,0.0,13.3,3,0,05:44 AM,07:07 PM,05:27 AM,07:26 PM,0,8,10,8,18,34,56,0.0,1013,15,10,233,13,United%20States%2C%20Montana
2020-04-23,10,3,0.0,8.8,2,0,06:05 AM,08:11 PM,05:26 AM,07:28 PM,1,4,6,4,17,81,70,7.1,1013,10,8,269,12,United%20States%2C%20Montana
2020-04-24,10,-1,0.0,8.8,2,7,06:29 AM,09:16 PM,05:24 AM,07:29 PM,-2,2,5,2,19,79,63,2.6,1018,10,10,262,12,United%20States%2C%20Montana
2020-04-25,13,-2,0.0,13.4,2,15,06:57 AM,10:20 PM,05:22 AM,07:30 PM,-2,6,7,6,11,38,56,0.2,1017,13,10,213,7,United%20States%2C%20Montana
2020-04-26,12,1,0.0,14.1,3,22,07:30 AM,11:24 PM,05:21 AM,07:32 PM,-2,5,8,5,20,22,52,0.1,1013,12,10,255,13,United%20States%2C%20Montana
2020-04-27,12,3,0.0,13.4,2,30,08:11 AM,No moonset,05:19 AM,07:33 PM,-2,6,8,6,27,32,49,0.0,1012,12,10,238,18,United%20States%2C%20Montana
2020-04-28,12,-0,0.0,13.4,2,37,09:01 AM,12:23 AM,05:17 AM,07:34 PM,-2,3,6,3,24,29,53,0.5,1019,12,10,270,15,United%20States%2C%20Montana
2020-04-29,20,4,0.0,14.2,4,45,10:00 AM,01:17 AM,05:16 AM,07:36 PM,-0,12,13,12,12,23,40,0.0,1016,20,10,167,7,United%20States%2C%20Montana
2020-04-30,16,7,0.0,10.0,3,52,11:08 AM,02:02 AM,05:14 AM,07:37 PM,6,12,13,12,13,64,63,7.7,1008,16,9,216,8,United%20States%2C%20Montana
2020-05-01,11,-0,0.0,14.3,3,58,12:21 PM,02:41 AM,05:13 AM,07:38 PM,-2,6,7,6,15,25,54,2.1,1014,11,10,270,10,United%20States%2C%20Montana
2020-05-02,15,-0,0.0,14.3,3,65,01:39 PM,03:14 AM,05:11 AM,07:40 PM,-2,8,9,8,8,21,46,0.9,1013,15,10,164,4,United%20States%2C%20Montana
2020-05-03,9,3,0.0,12.3,2,72,02:57 PM,03:43 AM,05:09 AM,07:41 PM,-1,5,6,5,20,49,59,1.0,1012,9,10,255,13,United%20States%2C%20Montana
2020-05-04,9,-3,0.0,14.3,2,80,04:17 PM,04:09 AM,05:08 AM,07:42 PM,-7,2,5,2,23,5,44,0.0,1018,9,10,245,15,United%20States%2C%20Montana
2020-05-05,14,1,0.0,14.4,3,87,05:39 PM,04:34 AM,05:06 AM,07:44 PM,-4,6,8,6,12,19,46,0.0,1021,14,10,244,8,United%20States%2C%20Montana
2020-05-06,13,5,0.0,11.2,2,94,07:00 PM,05:01 AM,05:05 AM,07:45 PM,2,7,9,7,16,56,68,6.4,1016,13,9,206,12,United%20States%2C%20Montana
2020-05-07,7,-2,0.1,11.2,1,100,08:22 PM,05:30 AM,05:04 AM,07:46 PM,-1,-0,3,-0,17,51,71,0.3,1023,7,10,229,11,United%20States%2C%20Montana
2020-05-08,12,3,0.0,13.4,2,100,09:41 PM,06:04 AM,05:02 AM,07:47 PM,2,5,7,5,12,43,73,0.4,1025,12,10,214,9,United%20States%2C%20Montana
2020-05-09,11,-0,0.0,14.5,3,84,10:53 PM,06:45 AM,05:01 AM,07:49 PM,-1,5,6,5,9,30,62,0.1,1026,11,10,141,7,United%20States%2C%20Montana
2020-05-10,6,-2,0.0,11.4,1,77,11:56 PM,07:34 AM,04:59 AM,07:50 PM,-0,1,3,1,15,57,72,0.0,1025,6,10,131,10,United%20States%2C%20Montana
2020-05-11,5,-5,0.8,9.3,1,70,No moonrise,08:29 AM,04:58 AM,07:51 PM,-0,-1,2,-1,10,93,79,1.8,1018,5,7,66,7,United%20States%2C%20Montana
2020-05-12,11,-1,0.9,11.4,2,62,12:47 AM,09:32 AM,04:57 AM,07:52 PM,2,4,6,4,7,73,76,9.9,1006,11,8,166,4,United%20States%2C%20Montana
2020-05-13,10,2,0.0,10.4,2,55,01:28 AM,10:37 AM,04:56 AM,07:54 PM,1,5,7,5,22,74,66,0.7,1006,10,10,242,16,United%20States%2C%20Montana
2020-05-14,16,-1,0.0,14.5,3,48,02:01 AM,11:42 AM,04:54 AM,07:55 PM,-1,6,8,6,13,21,58,0.1,1012,16,10,216,8,United%20States%2C%20Montana
2020-05-15,9,-2,0.0,9.4,2,40,02:28 AM,12:47 PM,04:53 AM,07:56 PM,2,3,6,3,18,73,72,18.7,1013,9,8,276,12,United%20States%2C%20Montana
2020-05-16,15,2,0.0,13.5,2,33,02:51 AM,01:50 PM,04:52 AM,07:57 PM,1,8,9,8,10,36,61,1.2,1014,15,8,185,7,United%20States%2C%20Montana
2020-05-17,19,4,0.0,14.5,4,26,03:11 AM,02:53 PM,04:51 AM,07:58 PM,3,12,13,12,10,37,52,0.4,1008,19,10,166,6,United%20States%2C%20Montana
2020-05-18,17,7,0.0,9.4,3,19,03:31 AM,03:55 PM,04:50 AM,07:59 PM,8,12,12,12,7,73,77,9.9,1005,17,9,190,5,United%20States%2C%20Montana
2020-05-19,17,5,0.0,11.6,3,11,03:50 AM,04:58 PM,04:49 AM,08:01 PM,7,11,11,11,17,57,74,10.9,1007,17,9,183,11,United%20States%2C%20Montana
2020-05-20,11,3,0.0,10.7,2,4,04:10 AM,06:01 PM,04:48 AM,08:02 PM,8,9,10,9,10,78,83,11.1,1006,11,9,208,7,United%20States%2C%20Montana
2020-05-21,11,4,0.0,9.7,2,0,04:33 AM,07:06 PM,04:47 AM,08:03 PM,-0,5,8,5,29,79,58,1.2,1006,11,9,243,20,United%20States%2C%20Montana
2020-05-22,10,1,0.0,12.6,2,0,04:59 AM,08:12 PM,04:46 AM,08:04 PM,-3,4,6,4,19,34,52,0.3,1008,10,10,253,13,United%20States%2C%20Montana
2020-05-23,9,-2,0.0,10.7,2,3,05:31 AM,09:17 PM,04:45 AM,08:05 PM,-3,3,5,3,13,58,57,0.0,1015,9,10,171,8,United%20States%2C%20Montana
2020-05-24,16,1,0.0,14.5,3,10,06:09 AM,10:19 PM,04:44 AM,08:06 PM,1,8,9,8,13,18,62,0.0,1017,16,10,269,9,United%20States%2C%20Montana
2020-05-25,17,3,0.0,13.6,3,17,06:57 AM,11:15 PM,04:43 AM,08:07 PM,2,10,11,10,17,27,56,0.0,1014,17,10,247,10,United%20States%2C%20Montana
2020-05-26,18,6,0.0,14.5,4,25,07:54 AM,No moonset,04:42 AM,08:08 PM,5,13,14,13,23,30,57,0.2,1012,18,10,251,15,United%20States%2C%20Montana
2020-05-27,18,8,0.0,14.5,4,32,08:59 AM,12:03 AM,04:41 AM,08:09 PM,3,14,14,14,17,19,51,0.0,1015,18,10,272,11,United%20States%2C%20Montana
2020-05-28,18,5,0.0,14.5,4,39,10:10 AM,12:43 AM,04:40 AM,08:10 PM,6,11,12,11,9,20,65,0.0,1020,18,10,137,6,United%20States%2C%20Montana
2020-05-29,24,7,0.0,14.5,5,47,11:25 AM,01:17 AM,04:40 AM,08:11 PM,8,16,17,16,6,19,59,0.0,1015,24,10,166,4,United%20States%2C%20Montana
2020-05-30,26,8,0.0,13.6,4,54,12:40 PM,01:46 AM,04:39 AM,08:12 PM,10,18,19,18,7,34,67,5.8,1011,26,10,155,5,United%20States%2C%20Montana
2020-05-31,22,11,0.0,14.5,5,58,01:58 PM,02:12 AM,04:38 AM,08:13 PM,6,17,18,17,25,14,52,0.4,1005,22,10,226,16,United%20States%2C%20Montana
2020-06-01,20,5,0.0,13.6,3,71,03:16 PM,02:36 AM,04:38 AM,08:14 PM,5,13,13,13,7,35,64,3.9,1012,20,10,245,5,United%20States%2C%20Montana
2020-06-02,19,4,0.0,14.5,4,79,04:34 PM,03:01 AM,04:37 AM,08:15 PM,2,12,13,12,16,16,52,0.6,1017,19,10,243,11,United%20States%2C%20Montana
2020-06-03,18,7,0.0,14.5,4,86,05:55 PM,03:28 AM,04:37 AM,08:15 PM,0,13,14,13,23,7,40,0.0,1013,18,10,255,15,United%20States%2C%20Montana
2020-06-04,19,8,0.0,12.7,3,94,07:14 PM,03:59 AM,04:36 AM,08:16 PM,0,13,14,13,17,39,40,0.0,1010,19,10,271,11,United%20States%2C%20Montana
2020-06-05,21,5,0.0,13.6,3,100,08:30 PM,04:35 AM,04:36 AM,08:17 PM,3,13,14,13,9,22,48,0.2,1008,21,10,164,5,United%20States%2C%20Montana
2020-06-06,18,9,0.0,10.8,3,100,09:39 PM,05:20 AM,04:35 AM,08:18 PM,9,14,14,14,16,70,68,9.4,999,18,10,277,9,United%20States%2C%20Montana
2020-06-07,9,0,0.0,10.8,2,84,10:36 PM,06:13 AM,04:35 AM,08:18 PM,1,5,7,5,23,59,62,4.5,1000,9,9,243,17,United%20States%2C%20Montana
2020-06-08,11,1,0.0,11.7,2,76,11:23 PM,07:14 AM,04:35 AM,08:19 PM,2,3,6,3,21,65,78,21.6,1010,11,8,264,16,United%20States%2C%20Montana
2020-06-09,15,1,0.0,14.5,4,69,No moonrise,08:19 AM,04:35 AM,08:20 PM,1,6,8,6,22,26,63,0.0,1017,15,10,240,16,United%20States%2C%20Montana
2020-06-10,17,3,0.0,12.7,3,61,12:00 AM,09:26 AM,04:34 AM,08:20 PM,4,9,11,9,20,40,63,0.2,1018,17,10,242,13,United%20States%2C%20Montana
2020-06-11,21,5,0.0,14.5,5,54,12:30 AM,10:32 AM,04:34 AM,08:21 PM,5,14,14,14,10,17,57,1.3,1018,21,10,158,6,United%20States%2C%20Montana
2020-06-12,28,8,0.0,14.5,5,46,12:55 AM,11:38 AM,04:34 AM,08:21 PM,7,18,18,18,15,17,56,0.0,1013,28,10,166,10,United%20States%2C%20Montana
2020-06-13,24,14,0.0,14.5,5,38,01:16 AM,12:41 PM,04:34 AM,08:22 PM,2,18,18,18,34,8,37,0.0,1002,24,10,193,22,United%20States%2C%20Montana
2020-06-14,13,6,0.0,11.8,2,31,01:36 AM,01:43 PM,04:34 AM,08:22 PM,3,8,9,8,9,66,65,10.3,1008,13,10,222,6,United%20States%2C%20Montana
2020-06-15,19,-0,0.0,14.5,4,23,01:55 AM,02:46 PM,04:34 AM,08:23 PM,1,9,10,9,21,38,55,0.2,1010,19,9,215,15,United%20States%2C%20Montana
2020-06-16,14,4,0.0,10.8,2,16,02:15 AM,03:49 PM,04:34 AM,08:23 PM,5,9,10,9,8,70,71,4.0,1007,14,8,251,5,United%20States%2C%20Montana
2020-06-17,11,3,0.0,11.8,2,8,02:36 AM,04:53 PM,04:34 AM,08:23 PM,8,7,9,7,10,77,87,18.2,1014,11,8,274,7,United%20States%2C%20Montana
2020-06-18,17,5,0.0,11.8,3,1,03:01 AM,05:59 PM,04:34 AM,08:24 PM,6,11,11,11,6,77,74,11.3,1020,17,9,218,4,United%20States%2C%20Montana
2020-06-19,20,7,0.0,12.7,4,0,03:31 AM,07:05 PM,04:34 AM,08:24 PM,6,13,14,13,12,37,62,0.7,1014,20,10,219,7,United%20States%2C%20Montana
2020-06-20,21,10,0.0,13.6,4,0,04:06 AM,08:09 PM,04:34 AM,08:24 PM,8,15,16,15,16,48,62,0.4,1012,21,10,238,11,United%20States%2C%20Montana
2020-06-21,19,10,0.0,13.6,4,0,04:51 AM,09:09 PM,04:35 AM,08:24 PM,7,14,15,14,23,37,63,0.4,1010,19,10,255,17,United%20States%2C%20Montana
2020-06-22,22,9,0.0,14.5,5,7,05:46 AM,10:01 PM,04:35 AM,08:25 PM,6,15,16,15,8,11,55,0.0,1017,22,10,185,5,United%20States%2C%20Montana
2020-06-23,25,10,0.0,14.5,5,14,06:49 AM,10:44 PM,04:35 AM,08:25 PM,7,18,19,18,16,2,48,0.0,1015,25,10,246,10,United%20States%2C%20Montana
2020-06-24,23,11,0.0,13.6,4,22,08:00 AM,11:21 PM,04:35 AM,08:25 PM,9,18,19,18,10,28,59,9.8,1010,23,10,125,5,United%20States%2C%20Montana
2020-06-25,22,9,0.0,9.9,4,29,09:15 AM,11:51 PM,04:36 AM,08:25 PM,11,16,17,16,11,77,70,8.8,1012,22,9,169,8,United%20States%2C%20Montana
2020-06-26,26,10,0.0,14.5,5,37,10:30 AM,No moonset,04:36 AM,08:25 PM,7,19,19,19,12,3,49,0.0,1012,26,10,238,7,United%20States%2C%20Montana
2020-06-27,25,14,0.0,14.5,6,44,11:47 AM,12:17 AM,04:37 AM,08:25 PM,9,19,19,19,15,19,53,0.6,1004,25,10,243,10,United%20States%2C%20Montana
2020-06-28,19,9,0.0,12.7,4,52,01:02 PM,12:41 AM,04:37 AM,08:25 PM,7,15,15,15,7,70,68,9.3,1000,19,9,198,6,United%20States%2C%20Montana
2020-06-29,10,3,0.0,10.8,2,59,02:19 PM,01:05 AM,04:38 AM,08:24 PM,7,6,8,6,16,85,86,64.0,1006,10,7,327,11,United%20States%2C%20Montana
2020-06-30,8,0,0.0,11.7,2,67,03:36 PM,01:31 AM,04:38 AM,08:24 PM,4,3,6,3,15,68,83,6.5,1009,8,8,198,8,United%20States%2C%20Montana
2020-07-01,21,3,0.0,13.6,3,72,04:54 PM,01:59 AM,04:39 AM,08:24 PM,4,12,14,12,15,39,62,0.3,1006,21,10,217,11,United%20States%2C%20Montana
2020-07-02,20,3,0.0,14.5,4,79,06:10 PM,02:31 AM,04:39 AM,08:24 PM,1,12,13,12,17,5,49,0.0,1010,20,10,222,10,United%20States%2C%20Montana
2020-07-03,28,6,0.0,13.6,4,86,07:21 PM,03:11 AM,04:40 AM,08:23 PM,5,17,18,17,9,31,52,2.1,1014,28,10,168,6,United%20States%2C%20Montana
2020-07-04,26,8,0.0,14.5,4,94,08:23 PM,04:00 AM,04:41 AM,08:23 PM,10,17,18,17,9,20,70,1.1,1015,26,10,201,5,United%20States%2C%20Montana
2020-07-05,23,8,0.0,13.6,4,100,09:15 PM,04:57 AM,04:42 AM,08:23 PM,7,16,17,16,8,17,57,0.1,1017,23,10,273,5,United%20States%2C%20Montana
2020-07-06,23,11,0.0,14.5,5,100,09:57 PM,06:01 AM,04:42 AM,08:22 PM,8,17,18,17,8,9,54,0.0,1013,23,10,131,5,United%20States%2C%20Montana
2020-07-07,24,7,0.0,12.6,4,85,10:29 PM,07:08 AM,04:43 AM,08:22 PM,8,15,16,15,13,22,56,2.3,1007,24,10,235,9,United%20States%2C%20Montana
2020-07-08,18,7,0.0,14.5,4,77,10:57 PM,08:16 AM,04:44 AM,08:21 PM,4,12,13,12,21,7,54,0.0,1011,18,10,260,14,United%20States%2C%20Montana
2020-07-09,22,7,0.0,14.5,5,70,11:20 PM,09:23 AM,04:45 AM,08:21 PM,4,15,15,15,9,3,50,0.0,1012,22,10,132,5,United%20States%2C%20Montana
2020-07-10,24,12,0.0,12.6,4,63,11:40 PM,10:27 AM,04:46 AM,08:20 PM,7,17,18,17,15,28,50,4.5,1015,24,10,268,11,United%20States%2C%20Montana
2020-07-11,29,10,0.0,14.5,6,55,12:00 AM,11:30 AM,04:46 AM,08:19 PM,5,20,20,20,8,0,43,0.0,1017,29,10,200,4,United%20States%2C%20Montana
2020-07-12,25,14,0.0,14.5,6,48,No moonrise,12:32 PM,04:47 AM,08:19 PM,5,20,20,20,18,13,38,0.0,1011,25,10,263,13,United%20States%2C%20Montana
2020-07-13,19,9,0.0,14.5,5,41,12:19 AM,01:36 PM,04:48 AM,08:18 PM,2,15,15,15,17,5,44,0.0,1012,19,10,276,13,United%20States%2C%20Montana
2020-07-14,22,6,0.0,14.5,5,34,12:39 AM,02:39 PM,04:49 AM,08:17 PM,-0,15,15,15,14,2,38,0.0,1015,22,10,268,10,United%20States%2C%20Montana
2020-07-15,25,9,0.0,14.5,5,26,01:02 AM,03:44 PM,04:50 AM,08:17 PM,2,17,17,17,12,9,38,0.0,1014,25,10,262,8,United%20States%2C%20Montana
2020-07-16,30,11,0.0,14.5,6,19,01:30 AM,04:49 PM,04:51 AM,08:16 PM,6,21,21,21,13,3,41,0.0,1012,30,10,240,8,United%20States%2C%20Montana
2020-07-17,28,13,0.0,14.5,6,12,02:02 AM,05:55 PM,04:52 AM,08:15 PM,7,21,21,21,16,5,43,0.0,1010,28,10,237,11,United%20States%2C%20Montana
2020-07-18,26,12,0.0,14.5,5,5,02:43 AM,06:57 PM,04:53 AM,08:14 PM,7,18,19,18,12,9,49,0.0,1014,26,10,238,8,United%20States%2C%20Montana
2020-07-19,23,9,0.0,14.5,5,0,03:34 AM,07:53 PM,04:54 AM,08:13 PM,4,17,18,17,13,5,41,0.0,1014,23,10,243,8,United%20States%2C%20Montana
2020-07-20,24,11,0.0,14.5,5,0,04:35 AM,08:40 PM,04:55 AM,08:12 PM,7,17,18,17,12,13,51,0.0,1015,24,10,195,8,United%20States%2C%20Montana
2020-07-21,29,11,0.0,14.5,6,2,05:45 AM,09:20 PM,04:57 AM,08:11 PM,7,20,21,20,8,3,46,0.0,1011,29,10,207,5,United%20States%2C%20Montana
2020-07-22,30,12,0.0,14.5,6,10,07:00 AM,09:53 PM,04:58 AM,08:10 PM,6,22,22,22,11,16,40,0.5,1007,30,10,160,7,United%20States%2C%20Montana
2020-07-23,24,12,0.0,12.6,4,17,08:18 AM,10:21 PM,04:59 AM,08:09 PM,12,17,17,17,12,42,72,12.2,1008,24,9,171,7,United%20States%2C%20Montana
2020-07-24,29,9,0.0,14.5,6,24,09:36 AM,10:46 PM,05:00 AM,08:08 PM,7,19,18,19,13,8,56,0.0,1009,29,10,227,8,United%20States%2C%20Montana
2020-07-25,27,14,0.0,14.5,6,32,10:52 AM,11:11 PM,05:01 AM,08:07 PM,2,20,20,20,11,12,34,0.0,1012,27,10,284,8,United%20States%2C%20Montana
2020-07-26,24,8,0.0,14.5,5,39,12:09 PM,11:35 PM,05:02 AM,08:06 PM,1,18,18,18,9,0,33,0.0,1018,24,10,111,5,United%20States%2C%20Montana
2020-07-27,29,10,0.0,14.5,6,46,01:26 PM,No moonset,05:03 AM,08:04 PM,5,20,20,20,7,2,37,0.0,1015,29,10,145,4,United%20States%2C%20Montana
2020-07-28,27,13,0.0,14.5,6,53,02:42 PM,12:01 AM,05:05 AM,08:03 PM,7,21,21,21,13,12,43,0.0,1011,27,10,183,8,United%20States%2C%20Montana
2020-07-29,26,11,0.0,12.4,5,61,03:57 PM,12:32 AM,05:06 AM,08:02 PM,9,20,20,20,10,33,52,0.9,1015,26,10,166,6,United%20States%2C%20Montana
2020-07-30,29,11,0.0,14.5,6,68,05:09 PM,01:09 AM,05:07 AM,08:01 PM,8,20,21,20,9,8,49,0.0,1018,29,10,144,5,United%20States%2C%20Montana
2020-07-31,29,11,0.0,14.5,6,72,06:13 PM,01:53 AM,05:08 AM,07:59 PM,8,21,22,21,7,19,46,1.6,1018,29,10,188,4,United%20States%2C%20Montana
2020-08-01,29,12,0.0,13.4,5,82,07:08 PM,02:46 AM,05:09 AM,07:58 PM,9,21,22,21,7,27,48,0.6,1016,29,10,114,4,United%20States%2C%20Montana
2020-08-02,28,11,0.0,14.5,6,90,07:53 PM,03:47 AM,05:11 AM,07:57 PM,10,20,20,20,7,12,57,6.1,1014,28,10,148,4,United%20States%2C%20Montana
2020-08-03,29,14,0.0,13.4,5,97,08:28 PM,04:52 AM,05:12 AM,07:55 PM,6,22,22,22,14,14,37,0.1,1012,29,10,225,9,United%20States%2C%20Montana
2020-08-04,24,9,0.0,14.4,5,100,08:58 PM,06:00 AM,05:13 AM,07:54 PM,3,18,18,18,11,0,39,0.0,1015,24,10,148,6,United%20States%2C%20Montana
2020-08-05,28,10,0.0,14.4,6,88,09:22 PM,07:08 AM,05:14 AM,07:52 PM,5,20,20,20,6,2,38,0.0,1011,28,10,153,4,United%20States%2C%20Montana
2020-08-06,27,11,0.0,12.3,5,81,09:44 PM,08:13 AM,05:16 AM,07:51 PM,10,19,19,19,9,51,62,7.9,1006,27,10,180,5,United%20States%2C%20Montana
2020-08-07,23,7,0.0,14.3,5,74,10:03 PM,09:17 AM,05:17 AM,07:49 PM,2,16,16,16,18,18,46,0.8,1011,23,10,265,12,United%20States%2C%20Montana
2020-08-08,26,10,0.0,14.3,5,67,10:22 PM,10:20 AM,05:18 AM,07:48 PM,1,18,18,18,13,9,35,0.0,1013,26,10,207,9,United%20States%2C%20Montana
2020-08-09,21,6,0.0,14.3,4,59,10:42 PM,11:23 AM,05:19 AM,07:46 PM,3,14,15,14,15,5,49,0.0,1017,21,10,309,10,United%20States%2C%20Montana
2020-08-10,24,7,0.0,14.2,5,52,11:04 PM,12:25 PM,05:21 AM,07:45 PM,1,17,17,17,14,1,36,0.0,1014,24,10,255,9,United%20States%2C%20Montana
2020-08-11,27,11,0.0,14.2,6,45,11:29 PM,01:30 PM,05:22 AM,07:43 PM,2,20,20,20,11,1,33,0.0,1008,27,10,230,7,United%20States%2C%20Montana
2020-08-12,25,10,0.0,10.0,4,38,11:58 PM,02:34 PM,05:23 AM,07:42 PM,-0,18,19,18,15,45,29,0.0,1008,25,10,252,9,United%20States%2C%20Montana
2020-08-13,21,7,0.0,14.2,5,30,No moonrise,03:39 PM,05:25 AM,07:40 PM,1,15,16,15,14,16,40,0.0,1013,21,10,286,9,United%20States%2C%20Montana
2020-08-14,22,5,0.0,14.1,5,23,12:35 AM,04:42 PM,05:26 AM,07:38 PM,-2,14,15,14,14,0,34,0.0,1016,22,10,260,9,United%20States%2C%20Montana
2020-08-15,26,7,0.0,14.1,5,16,01:21 AM,05:40 PM,05:27 AM,07:37 PM,-1,17,18,17,12,0,30,0.0,1017,26,10,270,7,United%20States%2C%20Montana
2020-08-16,30,10,0.0,14.1,6,8,02:17 AM,06:31 PM,05:28 AM,07:35 PM,1,21,21,21,11,2,29,0.0,1019,30,10,201,7,United%20States%2C%20Montana
2020-08-17,31,14,0.0,14.0,6,1,03:24 AM,07:15 PM,05:30 AM,07:33 PM,3,23,23,23,13,11,27,0.0,1019,31,10,255,8,United%20States%2C%20Montana
2020-08-18,33,19,0.0,14.0,7,0,04:38 AM,07:51 PM,05:31 AM,07:32 PM,5,25,25,25,8,20,30,0.0,1018,33,10,216,5,United%20States%2C%20Montana
2020-08-19,26,14,0.0,12.2,5,0,05:56 AM,08:21 PM,05:32 AM,07:30 PM,10,20,21,20,10,51,52,2.1,1013,26,10,165,6,United%20States%2C%20Montana
2020-08-20,27,14,0.0,12.2,5,6,07:16 AM,08:48 PM,05:34 AM,07:28 PM,11,21,21,21,11,45,57,1.0,1008,27,10,211,7,United%20States%2C%20Montana
2020-08-21,30,12,0.0,13.9,6,13,08:36 AM,09:13 PM,05:35 AM,07:26 PM,6,21,21,21,9,3,41,0.0,1011,30,10,240,5,United%20States%2C%20Montana
2020-08-22,29,13,0.0,13.9,6,20,09:55 AM,09:38 PM,05:36 AM,07:24 PM,4,21,21,21,13,1,33,0.0,1011,29,10,266,9,United%20States%2C%20Montana
2020-08-23,29,11,0.0,13.9,6,28,11:14 AM,10:04 PM,05:37 AM,07:23 PM,2,21,21,21,8,1,33,0.0,1013,29,10,264,5,United%20States%2C%20Montana
2020-08-24,32,13,0.0,13.8,6,35,12:32 PM,10:34 PM,05:39 AM,07:21 PM,4,24,24,23,12,19,33,0.0,1010,32,10,192,9,United%20States%2C%20Montana
2020-08-25,27,12,0.0,13.3,5,42,01:49 PM,11:09 PM,05:40 AM,07:19 PM,6,21,21,21,7,36,43,1.9,1011,27,10,206,4,United%20States%2C%20Montana
2020-08-26,24,9,0.0,12.1,4,50,03:01 PM,11:50 PM,05:41 AM,07:17 PM,8,17,18,17,10,43,58,2.8,1011,24,10,167,6,United%20States%2C%20Montana
2020-08-27,24,9,0.0,13.7,5,57,04:07 PM,No moonset,05:42 AM,07:15 PM,3,17,17,17,13,6,47,0.0,1011,24,10,226,8,United%20States%2C%20Montana
2020-08-28,24,7,0.0,13.7,5,64,05:04 PM,12:40 AM,05:44 AM,07:13 PM,2,17,17,17,6,1,38,0.0,1014,24,10,202,4,United%20States%2C%20Montana
2020-08-29,27,9,0.0,13.7,5,71,05:51 PM,01:38 AM,05:45 AM,07:11 PM,-1,19,19,19,15,1,28,0.0,1007,27,10,239,10,United%20States%2C%20Montana
2020-08-30,17,4,0.0,13.6,4,79,06:29 PM,02:41 AM,05:46 AM,07:09 PM,-2,11,12,11,18,13,41,0.0,1011,17,10,267,11,United%20States%2C%20Montana
2020-08-31,15,5,0.0,13.6,4,82,07:00 PM,03:48 AM,05:47 AM,07:08 PM,-4,10,11,10,14,26,35,0.0,1012,15,10,256,9,United%20States%2C%20Montana
2020-09-01,22,3,0.0,13.6,4,97,07:26 PM,04:55 AM,05:49 AM,07:06 PM,3,11,13,11,22,8,54,0.0,1014,22,10,229,14,United%20States%2C%20Montana
2020-09-02,25,8,0.0,13.5,5,100,07:48 PM,06:01 AM,05:50 AM,07:04 PM,3,17,18,17,27,2,43,0.0,1012,25,10,248,18,United%20States%2C%20Montana
2020-09-03,26,6,0.0,13.5,5,88,08:07 PM,07:06 AM,05:51 AM,07:02 PM,3,16,17,16,14,5,48,0.0,1016,26,10,264,9,United%20States%2C%20Montana
2020-09-04,28,9,0.0,13.5,6,81,08:26 PM,08:09 AM,05:53 AM,07:00 PM,1,19,20,19,9,2,34,0.0,1017,28,10,156,5,United%20States%2C%20Montana
2020-09-05,34,15,0.0,13.0,6,73,08:46 PM,09:12 AM,05:54 AM,06:58 PM,0,24,24,24,17,27,24,0.0,1015,34,10,248,11,United%20States%2C%20Montana
2020-09-06,24,7,0.0,13.0,5,66,09:07 PM,10:14 AM,05:55 AM,06:56 PM,3,17,17,17,15,4,43,0.0,1019,24,10,277,10,United%20States%2C%20Montana
2020-09-07,5,-7,0.0,10.7,1,58,09:30 PM,11:18 AM,05:56 AM,06:54 PM,2,0,3,0,22,54,83,8.5,1025,5,9,219,13,United%20States%2C%20Montana
2020-09-08,11,-5,0.3,12.9,2,50,09:57 PM,12:21 PM,05:58 AM,06:52 PM,-5,2,3,2,9,20,60,0.3,1033,11,10,216,6,United%20States%2C%20Montana
2020-09-09,18,-1,0.0,12.9,4,43,10:29 PM,01:26 PM,05:59 AM,06:50 PM,-4,9,10,9,8,3,41,0.0,1025,18,10,139,5,United%20States%2C%20Montana
2020-09-10,20,3,0.0,12.5,4,35,11:10 PM,02:28 PM,06:00 AM,06:48 PM,1,12,13,12,9,0,46,0.0,1020,20,10,150,5,United%20States%2C%20Montana
2020-09-11,23,7,0.0,11.6,5,28,No moonrise,03:28 PM,06:01 AM,06:46 PM,1,15,16,15,11,5,40,0.0,1014,23,10,248,6,United%20States%2C%20Montana
2020-09-12,27,10,0.0,11.6,5,20,12:00 AM,04:21 PM,06:03 AM,06:44 PM,2,17,17,17,10,1,40,0.0,1014,27,10,218,6,United%20States%2C%20Montana
2020-09-13,28,9,0.0,11.6,5,13,01:01 AM,05:07 PM,06:04 AM,06:42 PM,2,18,19,18,7,0,38,0.0,1015,28,10,197,4,United%20States%2C%20Montana
2020-09-14,31,12,0.0,8.9,5,5,02:11 AM,05:46 PM,06:05 AM,06:40 PM,-2,21,21,21,16,45,24,0.0,1013,31,10,219,10,United%20States%2C%20Montana
2020-09-15,28,10,0.0,11.6,6,0,03:28 AM,06:19 PM,06:06 AM,06:38 PM,-3,20,20,20,12,25,23,0.0,1017,28,10,225,8,United%20States%2C%20Montana
2020-09-16,29,8,0.0,11.6,6,0,04:48 AM,06:47 PM,06:08 AM,06:36 PM,3,19,19,19,9,4,44,0.0,1020,29,10,250,6,United%20States%2C%20Montana
2020-09-17,26,9,0.0,11.6,5,0,06:10 AM,07:13 PM,06:09 AM,06:34 PM,-1,18,18,18,10,12,30,0.0,1017,26,10,147,6,United%20States%2C%20Montana
2020-09-18,28,8,0.0,11.6,5,2,07:32 AM,07:39 PM,06:10 AM,06:32 PM,1,19,19,19,8,28,36,0.0,1012,28,10,148,4,United%20States%2C%20Montana
2020-09-19,19,12,0.0,8.8,4,10,08:53 AM,08:04 PM,06:11 AM,06:30 PM,3,16,16,16,15,53,43,0.8,1009,19,10,231,10,United%20States%2C%20Montana
2020-09-20,21,8,0.0,11.6,5,17,10:15 AM,08:33 PM,06:13 AM,06:28 PM,4,14,15,14,20,13,54,0.0,1014,21,10,238,14,United%20States%2C%20Montana
2020-09-21,25,8,0.0,10.2,4,25,11:35 AM,09:07 PM,06:14 AM,06:26 PM,1,16,16,16,9,15,44,0.0,1013,25,10,220,5,United%20States%2C%20Montana
2020-09-22,23,10,0.0,11.6,5,32,12:52 PM,09:47 PM,06:15 AM,06:24 PM,-1,15,16,15,9,9,34,0.0,1012,23,10,265,6,United%20States%2C%20Montana
2020-09-23,22,7,0.0,11.6,5,40,02:02 PM,10:35 PM,06:16 AM,06:22 PM,0,14,15,14,9,15,41,0.0,1014,22,10,207,5,United%20States%2C%20Montana
2020-09-24,18,8,0.0,11.6,4,47,03:02 PM,11:31 PM,06:18 AM,06:20 PM,0,14,14,14,20,16,41,0.0,1009,18,10,242,14,United%20States%2C%20Montana
2020-09-25,19,5,0.0,11.6,4,55,03:52 PM,No moonset,06:19 AM,06:18 PM,0,12,13,12,19,16,47,0.0,1010,19,10,222,13,United%20States%2C%20Montana
2020-09-26,13,3,0.0,11.6,2,62,04:32 PM,12:33 AM,06:20 AM,06:16 PM,-2,5,8,5,36,27,54,1.0,1011,13,9,266,23,United%20States%2C%20Montana
2020-09-27,14,2,0.0,11.6,2,70,05:04 PM,01:39 AM,06:22 AM,06:14 PM,-1,7,9,7,18,34,55,0.5,1024,14,10,275,13,United%20States%2C%20Montana
2020-09-28,21,3,0.0,11.6,4,78,05:31 PM,02:45 AM,06:23 AM,06:12 PM,-1,11,12,11,10,2,47,0.0,1027,21,10,207,5,United%20States%2C%20Montana
2020-09-29,23,7,0.0,11.6,5,85,05:53 PM,03:52 AM,06:24 AM,06:10 PM,-1,13,15,13,15,0,40,0.0,1021,23,10,244,9,United%20States%2C%20Montana
2020-09-30,18,5,0.0,11.6,4,93,06:13 PM,04:56 AM,06:26 AM,06:08 PM,3,12,13,12,10,11,59,0.0,1025,18,10,248,6,United%20States%2C%20Montana
2020-10-01,24,4,0.0,10.2,4,97,06:32 PM,06:00 AM,06:27 AM,06:06 PM,1,14,14,14,9,36,47,0.0,1023,24,10,215,6,United%20States%2C%20Montana
2020-10-02,22,9,0.0,11.6,5,100,06:51 PM,07:03 AM,06:28 AM,06:04 PM,1,16,16,16,9,4,40,0.0,1019,22,10,215,6,United%20States%2C%20Montana
2020-10-03,24,7,0.0,11.6,5,89,07:11 PM,08:06 AM,06:30 AM,06:02 PM,2,15,16,15,6,2,46,0.0,1018,24,10,186,4,United%20States%2C%20Montana
2020-10-04,27,10,0.0,11.6,5,82,07:33 PM,09:09 AM,06:31 AM,06:00 PM,1,18,18,18,16,0,38,0.0,1012,27,10,234,10,United%20States%2C%20Montana
2020-10-05,23,8,0.0,8.7,5,74,07:58 PM,10:13 AM,06:32 AM,05:59 PM,1,15,16,15,13,6,42,0.0,1017,23,10,255,8,United%20States%2C%20Montana
2020-10-06,25,9,0.0,8.7,5,67,08:27 PM,11:17 AM,06:34 AM,05:57 PM,1,16,17,16,13,2,39,0.0,1015,25,10,243,8,United%20States%2C%20Montana
2020-10-07,24,8,0.0,8.7,5,60,09:05 PM,12:19 PM,06:35 AM,05:55 PM,2,16,16,16,7,2,46,0.0,1014,24,10,197,4,United%20States%2C%20Montana
2020-10-08,26,9,0.0,7.2,4,53,09:50 PM,01:19 PM,06:36 AM,05:53 PM,-2,17,17,17,15,34,34,0.0,1008,26,10,227,10,United%20States%2C%20Montana
2020-10-09,23,8,0.0,8.7,5,45,10:45 PM,02:14 PM,06:38 AM,05:51 PM,-1,15,16,15,13,5,36,0.0,1008,23,10,241,8,United%20States%2C%20Montana
2020-10-10,22,8,0.0,8.7,4,38,11:50 PM,03:01 PM,06:39 AM,05:49 PM,-2,14,16,14,23,28,42,0.9,1001,22,9,211,16,United%20States%2C%20Montana
2020-10-11,10,1,0.0,8.7,3,31,No moonrise,03:42 PM,06:40 AM,05:47 PM,-3,3,6,3,25,28,57,1.2,1008,10,10,267,20,United%20States%2C%20Montana
2020-10-12,9,2,0.0,5.7,2,23,01:02 AM,04:16 PM,06:42 AM,05:46 PM,1,3,5,3,19,59,74,9.8,1011,9,9,230,14,United%20States%2C%20Montana
2020-10-13,9,1,0.0,7.2,2,16,02:19 AM,04:45 PM,06:43 AM,05:44 PM,0,4,5,4,16,54,68,2.9,1014,9,10,203,11,United%20States%2C%20Montana
2020-10-14,9,2,0.0,5.6,2,9,03:39 AM,05:12 PM,06:45 AM,05:42 PM,-2,1,5,1,32,56,61,5.6,1018,9,10,275,25,United%20States%2C%20Montana
2020-10-15,9,1,0.0,8.7,3,2,05:00 AM,05:37 PM,06:46 AM,05:40 PM,-5,1,5,1,22,11,54,0.0,1029,9,10,277,16,United%20States%2C%20Montana
2020-10-16,13,-1,0.0,8.7,3,0,06:22 AM,06:02 PM,06:47 AM,05:38 PM,-3,4,6,4,19,36,52,0.0,1017,13,10,213,13,United%20States%2C%20Montana
2020-10-17,-3,-9,18.4,5.6,1,0,07:46 AM,06:29 PM,06:49 AM,05:37 PM,-5,-8,-4,-8,15,68,90,23.9,1022,-3,5,339,13,United%20States%2C%20Montana
2020-10-18,1,-8,4.3,5.6,1,5,09:10 AM,07:01 PM,06:50 AM,05:35 PM,-3,-5,-4,-5,5,82,95,5.9,1021,1,3,221,4,United%20States%2C%20Montana
2020-10-19,8,-1,0.9,5.6,1,13,10:31 AM,07:40 PM,06:52 AM,05:33 PM,3,2,3,2,8,73,96,5.7,1012,8,8,223,5,United%20States%2C%20Montana
2020-10-20,5,1,0.0,8.7,1,20,11:48 AM,08:26 PM,06:53 AM,05:31 PM,0,1,3,1,14,41,82,0.9,1015,5,9,219,8,United%20States%2C%20Montana
2020-10-21,3,-4,4.5,5.6,1,27,12:55 PM,09:21 PM,06:55 AM,05:30 PM,-3,-4,-1,-4,15,56,83,6.2,1012,3,9,236,8,United%20States%2C%20Montana
2020-10-22,-7,-13,3.7,5.6,1,35,01:51 PM,10:23 PM,06:56 AM,05:28 PM,-12,-13,-9,-13,14,57,80,4.4,1034,-7,7,246,9,United%20States%2C%20Montana
2020-10-23,-5,-13,4.4,4.0,1,42,02:34 PM,11:30 PM,06:57 AM,05:26 PM,-11,-9,-8,-9,6,67,82,5.2,1027,-5,7,195,4,United%20States%2C%20Montana
2020-10-24,-12,-18,15.0,4.0,1,49,03:09 PM,No moonset,06:59 AM,05:24 PM,-15,-21,-14,-21,19,92,92,17.6,1035,-12,3,342,13,United%20States%2C%20Montana
2020-10-25,-13,-23,0.6,7.1,1,56,03:37 PM,12:36 AM,07:00 AM,05:23 PM,-18,-20,-18,-20,8,67,94,0.7,1043,-13,7,199,4,United%20States%2C%20Montana
2020-10-26,-6,-22,0.0,7.1,1,64,04:00 PM,01:43 AM,07:02 AM,05:21 PM,-16,-17,-14,-17,9,20,86,0.0,1033,-6,10,162,5,United%20States%2C%20Montana
2020-10-27,4,-8,0.0,8.7,2,71,04:20 PM,02:48 AM,07:03 AM,05:20 PM,-5,-6,-3,-6,12,11,87,0.0,1025,4,10,176,6,United%20States%2C%20Montana
2020-10-28,2,-4,0.0,8.7,2,78,04:39 PM,03:52 AM,07:05 AM,05:18 PM,-3,-2,-1,-2,9,9,85,0.0,1021,2,10,178,5,United%20States%2C%20Montana
2020-10-29,9,-1,0.0,8.7,2,85,04:57 PM,04:55 AM,07:06 AM,05:16 PM,-0,2,3,2,13,11,79,0.0,1019,9,10,183,6,United%20States%2C%20Montana
2020-10-30,13,1,0.0,5.4,2,93,05:17 PM,05:58 AM,07:08 AM,05:15 PM,-1,4,6,4,16,28,71,0.0,1012,13,10,203,9,United%20States%2C%20Montana
2020-10-31,9,-0,0.0,8.7,2,97,05:38 PM,07:01 AM,07:09 AM,05:13 PM,-3,1,3,1,12,13,67,0.0,1024,9,10,225,7,United%20States%2C%20Montana
2020-11-01,13,1,0.0,8.7,3,89,06:01 PM,08:05 AM,07:11 AM,05:12 PM,-2,4,6,4,13,2,60,0.0,1026,13,10,182,6,United%20States%2C%20Montana
2020-11-02,15,2,0.0,8.7,3,81,06:29 PM,09:09 AM,07:12 AM,05:10 PM,-2,6,8,6,13,0,57,0.0,1022,15,10,177,7,United%20States%2C%20Montana
2020-11-03,17,5,0.0,8.7,4,74,07:03 PM,10:13 AM,07:13 AM,05:09 PM,-2,8,10,8,15,12,47,0.0,1014,17,10,186,8,United%20States%2C%20Montana
2020-11-04,16,6,0.0,8.7,4,66,07:46 PM,11:14 AM,07:15 AM,05:07 PM,-0,9,11,9,19,11,52,0.0,1016,16,10,208,12,United%20States%2C%20Montana
2020-11-05,17,6,0.0,8.7,4,58,08:37 PM,12:10 PM,07:16 AM,05:06 PM,0,9,10,9,21,7,52,0.0,1017,17,10,194,11,United%20States%2C%20Montana
2020-11-06,10,3,0.0,8.7,3,51,09:37 PM,12:59 PM,07:18 AM,05:05 PM,-0,5,6,5,11,25,66,0.0,1007,10,10,300,8,United%20States%2C%20Montana
2020-11-07,7,-1,0.2,8.7,1,43,10:44 PM,01:41 PM,07:19 AM,05:03 PM,-1,1,2,1,10,52,80,0.5,999,7,10,220,7,United%20States%2C%20Montana
2020-11-08,-11,-22,23.7,3.7,1,36,11:57 PM,02:16 PM,07:21 AM,05:02 PM,-11,-18,-11,-18,30,93,92,27.9,1014,-11,2,245,17,United%20States%2C%20Montana
2020-11-09,-7,-15,1.5,7.0,1,28,No moonrise,02:46 PM,07:22 AM,05:01 PM,-13,-14,-11,-14,9,54,86,1.8,1023,-7,8,179,5,United%20States%2C%20Montana
2020-11-10,-2,-11,0.3,3.5,1,21,01:13 AM,03:12 PM,07:24 AM,04:59 PM,-11,-12,-8,-12,21,67,78,0.4,1014,-2,9,205,10,United%20States%2C%20Montana
2020-11-11,-7,-15,2.6,7.0,1,13,02:31 AM,03:37 PM,07:25 AM,04:58 PM,-11,-12,-9,-12,11,63,81,3.1,1018,-7,7,266,6,United%20States%2C%20Montana
2020-11-12,-3,-13,0.1,8.7,2,6,03:51 AM,04:00 PM,07:27 AM,04:57 PM,-13,-12,-8,-12,14,28,68,0.1,1020,-3,10,180,7,United%20States%2C%20Montana
2020-11-13,2,-11,0.1,8.7,1,0,05:12 AM,04:26 PM,07:28 AM,04:56 PM,-11,-9,-5,-9,21,36,65,0.1,1008,2,9,173,11,United%20States%2C%20Montana
2020-11-14,-3,-13,0.0,5.2,1,0,06:35 AM,04:55 PM,07:30 AM,04:55 PM,-11,-11,-6,-11,36,33,63,0.0,1010,-3,10,250,19,United%20States%2C%20Montana
2020-11-15,3,-9,0.0,8.7,1,0,08:00 AM,05:30 PM,07:31 AM,04:54 PM,-8,-8,-3,-8,30,27,69,0.0,1015,3,10,208,15,United%20States%2C%20Montana
2020-11-16,2,-6,0.0,7.0,1,2,09:22 AM,06:12 PM,07:32 AM,04:53 PM,-5,-4,-1,-4,13,43,76,0.0,1023,2,10,178,6,United%20States%2C%20Montana
2020-11-17,7,-2,0.0,6.9,2,9,10:37 AM,07:05 PM,07:34 AM,04:52 PM,-2,-1,1,-1,13,25,76,0.0,1013,7,10,179,6,United%20States%2C%20Montana
2020-11-18,9,2,0.0,8.7,2,17,11:40 AM,08:06 PM,07:35 AM,04:51 PM,-1,3,5,3,14,55,74,0.0,1006,9,10,191,7,United%20States%2C%20Montana
2020-11-19,2,-3,2.1,6.9,1,24,12:30 PM,09:14 PM,07:37 AM,04:50 PM,-4,-4,-0,-4,19,63,76,2.9,1017,2,7,234,12,United%20States%2C%20Montana
2020-11-20,4,-4,0.0,8.7,2,32,01:10 PM,10:23 PM,07:38 AM,04:49 PM,-8,-5,-1,-5,17,8,65,0.0,1031,4,10,224,11,United%20States%2C%20Montana
2020-11-21,4,-4,0.0,8.7,2,39,01:41 PM,11:32 PM,07:39 AM,04:48 PM,-9,-5,-2,-5,16,8,58,0.0,1031,4,10,216,9,United%20States%2C%20Montana
2020-11-22,4,-6,0.0,8.7,2,47,02:05 PM,No moonset,07:41 AM,04:47 PM,-13,-4,-1,-4,11,11,46,0.0,1023,4,10,172,6,United%20States%2C%20Montana
2020-11-23,2,-4,0.1,3.4,1,54,02:26 PM,12:38 AM,07:42 AM,04:46 PM,-11,-3,-2,-3,9,55,52,0.1,1013,2,10,200,5,United%20States%2C%20Montana
2020-11-24,3,-5,0.0,8.7,2,62,02:46 PM,01:43 AM,07:43 AM,04:46 PM,-8,-5,-2,-5,17,7,65,0.0,1016,3,10,206,10,United%20States%2C%20Montana
2020-11-25,1,-4,1.6,3.4,1,70,03:04 PM,02:46 AM,07:45 AM,04:45 PM,-7,-5,-2,-5,12,55,69,1.9,1012,1,8,200,7,United%20States%2C%20Montana
2020-11-26,1,-6,0.0,8.7,2,77,03:23 PM,03:49 AM,07:46 AM,04:44 PM,-9,-7,-3,-7,18,19,64,0.0,1023,1,10,221,11,United%20States%2C%20Montana
2020-11-27,6,-4,0.0,8.7,2,85,03:43 PM,04:51 AM,07:47 AM,04:44 PM,-9,-3,0,-3,15,18,55,0.0,1025,6,10,181,8,United%20States%2C%20Montana
2020-11-28,6,-3,0.0,8.7,2,92,04:05 PM,05:55 AM,07:48 AM,04:43 PM,-10,-1,2,-1,12,27,46,0.0,1024,6,10,201,6,United%20States%2C%20Montana
2020-11-29,1,-7,0.0,8.7,2,100,04:31 PM,07:00 AM,07:50 AM,04:43 PM,-9,-5,-3,-5,11,10,65,0.0,1030,1,10,181,5,United%20States%2C%20Montana
2020-11-30,7,-6,0.0,6.9,1,100,05:04 PM,08:05 AM,07:51 AM,04:42 PM,-11,-3,0,-3,18,20,46,0.0,1019,7,10,207,12,United%20States%2C%20Montana
2020-12-01,2,-4,2.5,5.1,1,89,05:44 PM,09:08 AM,07:52 AM,04:42 PM,-6,-5,-1,-5,13,48,71,2.9,1030,2,7,258,10,United%20States%2C%20Montana
2020-12-02,2,-6,0.0,8.7,2,82,06:32 PM,10:06 AM,07:53 AM,04:41 PM,-9,-4,-3,-4,6,1,68,0.0,1035,2,10,183,4,United%20States%2C%20Montana
2020-12-03,5,-4,0.0,8.7,2,75,07:30 PM,10:58 AM,07:54 AM,04:41 PM,-12,-3,-1,-3,10,0,43,0.0,1028,5,10,165,5,United%20States%2C%20Montana
2020-12-04,5,-3,0.0,8.7,2,67,08:35 PM,11:43 AM,07:55 AM,04:41 PM,-8,-1,1,-1,7,3,55,0.0,1029,5,10,166,4,United%20States%2C%20Montana
2020-12-05,6,-4,0.0,8.7,2,60,09:46 PM,12:19 PM,07:56 AM,04:41 PM,-8,-1,1,-1,9,1,56,0.0,1027,6,10,171,5,United%20States%2C%20Montana
2020-12-06,7,-2,0.0,8.7,2,53,10:59 PM,12:49 PM,07:57 AM,04:40 PM,-9,-0,2,-0,11,1,50,0.0,1025,7,10,185,5,United%20States%2C%20Montana
2020-12-07,7,-2,0.0,8.7,2,46,No moonrise,01:16 PM,07:58 AM,04:40 PM,-8,-0,2,-0,12,8,51,0.0,1028,7,10,181,6,United%20States%2C%20Montana
2020-12-08,8,0,0.0,8.7,2,38,12:13 AM,01:40 PM,07:59 AM,04:40 PM,-8,2,4,2,15,16,42,0.0,1022,8,10,172,7,United%20States%2C%20Montana
2020-12-09,6,0,0.0,6.9,1,31,01:29 AM,02:02 PM,08:00 AM,04:40 PM,-6,1,3,1,9,46,57,0.0,1018,6,10,215,5,United%20States%2C%20Montana
2020-12-10,2,-4,0.0,8.4,2,24,02:47 AM,02:26 PM,08:01 AM,04:40 PM,-6,-2,-2,-2,4,12,74,0.0,1023,2,10,218,2,United%20States%2C%20Montana
2020-12-11,-0,-9,0.1,8.4,1,17,04:06 AM,02:52 PM,08:02 AM,04:40 PM,-7,-4,-4,-4,3,38,75,0.2,1018,-0,10,221,2,United%20States%2C%20Montana
2020-12-12,-1,-7,0.3,8.4,1,9,05:28 AM,03:23 PM,08:03 AM,04:40 PM,-7,-6,-4,-6,6,43,80,0.3,1023,-1,9,285,4,United%20States%2C%20Montana
2020-12-13,-2,-8,0.0,6.8,1,2,06:51 AM,04:00 PM,08:04 AM,04:40 PM,-12,-7,-5,-7,8,29,64,0.0,1023,-2,10,187,5,United%20States%2C%20Montana
2020-12-14,-1,-5,1.2,6.8,1,0,08:10 AM,04:47 PM,08:05 AM,04:41 PM,-6,-6,-4,-6,7,58,84,1.5,1020,-1,7,211,5,United%20States%2C%20Montana
2020-12-15,-1,-6,0.0,5.0,1,0,09:20 AM,05:45 PM,08:05 AM,04:41 PM,-8,-7,-4,-7,13,45,72,0.0,1020,-1,10,169,8,United%20States%2C%20Montana
2020-12-16,3,-3,0.4,8.4,1,5,10:18 AM,06:51 PM,08:06 AM,04:41 PM,-6,-5,-1,-5,14,45,74,0.5,1017,3,9,191,9,United%20States%2C%20Montana
2020-12-17,2,-4,0.0,6.8,1,12,11:04 AM,08:02 PM,08:07 AM,04:41 PM,-5,-5,-2,-5,12,50,77,0.0,1008,2,10,175,7,United%20States%2C%20Montana
2020-12-18,2,-5,0.0,8.4,2,20,11:40 AM,09:14 PM,08:07 AM,04:42 PM,-7,-5,-2,-5,14,35,70,0.0,1020,2,10,186,8,United%20States%2C%20Montana
2020-12-19,0,-8,0.7,5.0,1,27,12:08 PM,10:23 PM,08:08 AM,04:42 PM,-7,-7,-2,-7,31,39,64,0.8,1018,0,9,228,18,United%20States%2C%20Montana
2020-12-20,3,-6,0.0,8.4,2,34,12:31 PM,11:30 PM,08:08 AM,04:43 PM,-6,-4,-0,-4,33,13,64,0.0,1015,3,10,209,17,United%20States%2C%20Montana
2020-12-21,7,-4,0.2,5.0,1,41,12:51 PM,No moonset,08:09 AM,04:43 PM,-2,-1,1,-1,16,61,77,0.4,1010,7,9,174,8,United%20States%2C%20Montana
2020-12-22,-4,-11,4.4,5.0,1,49,01:10 PM,12:34 AM,08:09 AM,04:44 PM,-8,-9,-4,-9,28,63,71,5.7,1014,-4,5,262,17,United%20States%2C%20Montana
2020-12-23,-5,-12,0.4,8.3,1,56,01:28 PM,01:38 AM,08:10 AM,04:44 PM,-13,-11,-8,-11,13,46,63,0.5,1033,-5,9,207,7,United%20States%2C%20Montana
2020-12-24,-1,-10,0.0,8.4,2,63,01:48 PM,02:40 AM,08:10 AM,04:45 PM,-13,-8,-5,-8,13,15,55,0.0,1028,-1,10,173,6,United%20States%2C%20Montana
2020-12-25,1,-6,0.0,3.1,1,70,02:09 PM,03:44 AM,08:11 AM,04:46 PM,-10,-3,-2,-3,7,86,53,0.0,1019,1,10,162,4,United%20States%2C%20Montana
2020-12-26,1,-10,0.0,6.8,1,78,02:33 PM,04:48 AM,08:11 AM,04:46 PM,-8,-4,-2,-4,11,24,66,0.0,1013,1,10,201,5,United%20States%2C%20Montana
2020-12-27,-0,-9,0.0,6.8,1,85,03:03 PM,05:53 AM,08:11 AM,04:47 PM,-9,-6,-3,-6,13,34,66,0.1,1021,-0,10,220,7,United%20States%2C%20Montana
2020-12-28,-1,-6,0.0,8.4,2,92,03:41 PM,06:57 AM,08:11 AM,04:48 PM,-10,-5,-4,-5,5,5,66,0.0,1021,-1,10,168,3,United%20States%2C%20Montana
2020-12-29,-1,-7,0.0,8.4,2,100,04:26 PM,07:58 AM,08:11 AM,04:49 PM,-11,-5,-5,-5,5,24,61,0.0,1022,-1,10,204,3,United%20States%2C%20Montana
2020-12-30,0,-5,0.0,8.4,1,100,05:22 PM,08:53 AM,08:12 AM,04:50 PM,-9,-6,-3,-6,12,49,61,0.0,1018,0,10,175,8,United%20States%2C%20Montana
2020-12-31,-0,-9,0.0,8.4,1,89,06:26 PM,09:41 AM,08:12 AM,04:51 PM,-7,-6,-4,-6,8,40,75,0.0,1017,-0,10,188,5,United%20States%2C%20Montana
2021-01-01,-2,-11,0.0,8.4,2,79,07:37 PM,10:20 AM,08:12 AM,04:51 PM,-10,-9,-5,-9,14,26,69,0.0,1021,-2,10,178,7,United%20States%2C%20Montana
2021-01-02,3,-5,0.0,8.4,1,71,08:49 PM,10:53 AM,08:12 AM,04:52 PM,-6,-5,-1,-5,15,34,69,0.0,1016,3,10,187,9,United%20States%2C%20Montana
2021-01-03,4,-2,0.0,6.9,1,64,10:04 PM,11:21 AM,08:12 AM,04:53 PM,-8,-5,-0,-5,24,36,57,0.2,1012,4,10,211,15,United%20States%2C%20Montana
2021-01-04,3,-5,0.0,6.9,1,57,11:18 PM,11:45 AM,08:11 AM,04:55 PM,-8,-4,-1,-4,15,35,61,0.0,1014,3,10,173,9,United%20States%2C%20Montana
2021-01-05,2,-3,0.2,8.5,1,50,No moonrise,12:07 PM,08:11 AM,04:56 PM,-6,-4,-1,-4,15,41,65,0.2,1017,2,10,233,10,United%20States%2C%20Montana
2021-01-06,2,-5,0.0,8.5,2,42,12:33 AM,12:30 PM,08:11 AM,04:57 PM,-9,-5,-2,-5,12,26,61,0.0,1024,2,10,169,7,United%20States%2C%20Montana
2021-01-07,1,-3,1.8,5.0,1,35,01:50 AM,12:54 PM,08:11 AM,04:58 PM,-4,-3,-1,-3,6,82,81,2.1,1027,1,8,276,4,United%20States%2C%20Montana
2021-01-08,-1,-9,0.1,8.5,2,28,03:08 AM,01:21 PM,08:10 AM,04:59 PM,-7,-6,-4,-6,7,27,82,0.1,1026,-1,10,171,4,United%20States%2C%20Montana
2021-01-09,-1,-8,0.0,8.7,2,20,04:27 AM,01:54 PM,08:10 AM,05:00 PM,-7,-5,-4,-5,6,12,79,0.0,1030,-1,10,208,3,United%20States%2C%20Montana
2021-01-10,1,-8,0.0,8.7,1,13,05:46 AM,02:35 PM,08:10 AM,05:01 PM,-10,-7,-4,-7,13,23,63,0.0,1027,1,10,169,7,United%20States%2C%20Montana
2021-01-11,0,-8,0.0,6.9,1,6,06:59 AM,03:27 PM,08:09 AM,05:03 PM,-9,-6,-4,-6,11,21,66,0.0,1026,0,10,172,6,United%20States%2C%20Montana
2021-01-12,1,-7,0.0,8.7,1,0,08:03 AM,04:29 PM,08:09 AM,05:04 PM,-8,-6,-3,-6,18,33,66,0.0,1018,1,10,166,8,United%20States%2C%20Montana
2021-01-13,1,-10,0.0,6.9,1,0,08:54 AM,05:39 PM,08:08 AM,05:05 PM,-6,-6,-1,-6,47,34,67,0.7,1014,1,10,222,26,United%20States%2C%20Montana
2021-01-14,-3,-12,0.0,8.7,2,1,09:35 AM,06:51 PM,08:08 AM,05:07 PM,-13,-10,-5,-10,24,23,54,0.0,1033,-3,10,264,14,United%20States%2C%20Montana
2021-01-15,-1,-7,0.3,5.2,1,8,10:06 AM,08:03 PM,08:07 AM,05:08 PM,-10,-6,-4,-6,9,60,61,0.3,1029,-1,9,176,5,United%20States%2C%20Montana
2021-01-16,3,-3,0.3,8.7,2,16,10:32 AM,09:12 PM,08:06 AM,05:09 PM,-4,-2,-1,-2,8,37,79,0.3,1026,3,9,218,4,United%20States%2C%20Montana
2021-01-17,1,-6,0.1,5.2,1,23,10:54 AM,10:19 PM,08:06 AM,05:11 PM,-6,-4,-1,-4,16,68,69,0.2,1020,1,8,197,10,United%20States%2C%20Montana
2021-01-18,-3,-10,4.4,5.2,1,30,11:14 AM,11:24 PM,08:05 AM,05:12 PM,-6,-7,-4,-7,12,77,86,5.2,1027,-3,4,290,7,United%20States%2C%20Montana
2021-01-19,2,-9,0.0,8.7,2,38,11:32 AM,No moonset,08:04 AM,05:13 PM,-9,-6,-3,-6,14,16,66,0.0,1030,2,10,205,8,United%20States%2C%20Montana
2021-01-20,3,-4,0.0,8.7,2,45,11:51 AM,12:27 AM,08:04 AM,05:15 PM,-11,-5,-2,-5,14,24,51,0.0,1020,3,10,202,9,United%20States%2C%20Montana
2021-01-21,-3,-12,0.6,3.4,1,52,12:11 PM,01:30 AM,08:03 AM,05:16 PM,-9,-7,-5,-7,7,92,73,0.7,1022,-3,9,283,5,United%20States%2C%20Montana
2021-01-22,-5,-10,0.6,8.7,1,59,12:34 PM,02:34 AM,08:02 AM,05:18 PM,-8,-8,-6,-8,4,59,89,0.7,1019,-5,9,227,3,United%20States%2C%20Montana
2021-01-23,-4,-11,0.8,8.7,2,67,01:02 PM,03:39 AM,08:01 AM,05:19 PM,-11,-9,-8,-9,6,20,82,0.9,1019,-4,9,196,4,United%20States%2C%20Montana
2021-01-24,-3,-9,0.0,8.7,1,74,01:36 PM,04:43 AM,08:00 AM,05:21 PM,-10,-9,-7,-9,8,38,75,0.0,1012,-3,10,173,5,United%20States%2C%20Montana
2021-01-25,-4,-9,0.0,3.6,1,81,02:17 PM,05:45 AM,07:59 AM,05:22 PM,-10,-8,-7,-8,5,91,77,0.0,1012,-4,10,240,3,United%20States%2C%20Montana
2021-01-26,-5,-11,0.0,3.6,1,88,03:10 PM,06:43 AM,07:58 AM,05:24 PM,-11,-9,-9,-9,4,70,85,0.0,1014,-5,10,195,2,United%20States%2C%20Montana
2021-01-27,-6,-13,0.0,8.7,2,96,04:11 PM,07:35 AM,07:57 AM,05:25 PM,-13,-13,-10,-13,12,9,75,0.0,1016,-6,10,170,6,United%20States%2C%20Montana
2021-01-28,-1,-9,0.0,8.7,1,100,05:21 PM,08:18 AM,07:56 AM,05:27 PM,-9,-8,-5,-8,10,39,75,0.0,1014,-1,10,180,5,United%20States%2C%20Montana
2021-01-29,-1,-9,0.0,3.6,1,90,06:35 PM,08:53 AM,07:55 AM,05:28 PM,-5,-5,-4,-5,7,77,84,0.0,1008,-1,10,167,3,United%20States%2C%20Montana
2021-01-30,3,-6,0.0,7.0,1,82,07:51 PM,09:23 AM,07:54 AM,05:30 PM,-6,-4,-2,-4,11,31,73,0.0,1016,3,10,228,6,United%20States%2C%20Montana
2021-01-31,2,-6,0.0,8.7,2,79,09:08 PM,09:49 AM,07:52 AM,05:31 PM,-7,-5,-3,-5,11,18,72,0.0,1025,2,10,171,6,United%20States%2C%20Montana
2021-02-01,-1,-9,0.0,8.7,2,63,10:24 PM,10:12 AM,07:51 AM,05:33 PM,-9,-7,-5,-7,13,6,71,0.0,1020,-1,10,163,6,United%20States%2C%20Montana
2021-02-02,4,-4,0.0,8.7,2,55,11:40 PM,10:34 AM,07:50 AM,05:34 PM,-6,-3,-0,-3,15,31,66,0.2,1013,4,10,176,8,United%20States%2C%20Montana
2021-02-03,1,-4,1.0,5.4,1,48,No moonrise,10:58 AM,07:49 AM,05:36 PM,-7,-4,-1,-4,12,65,65,1.2,1013,1,8,252,9,United%20States%2C%20Montana
2021-02-04,1,-5,0.0,7.0,1,40,12:57 AM,11:24 AM,07:47 AM,05:37 PM,-8,-6,-2,-6,16,50,64,0.0,1020,1,10,248,12,United%20States%2C%20Montana
2021-02-05,-3,-8,2.3,3.7,1,33,02:15 AM,11:54 AM,07:46 AM,05:39 PM,-6,-5,-3,-5,9,81,80,2.7,1015,-3,7,221,6,United%20States%2C%20Montana
2021-02-06,-2,-14,5.4,3.7,1,25,03:33 AM,12:31 PM,07:45 AM,05:40 PM,-11,-10,-8,-10,7,95,88,6.3,1017,-2,4,213,6,United%20States%2C%20Montana
2021-02-07,-18,-23,7.6,3.7,1,18,04:46 AM,01:18 PM,07:43 AM,05:42 PM,-21,-26,-20,-26,10,98,95,8.9,1021,-18,3,331,8,United%20States%2C%20Montana
