date_time,United%20Arab%20Emirates_maxtempC,United%20Arab%20Emirates_mintempC,United%20Arab%20Emirates_totalSnow_cm,United%20Arab%20Emirates_sunHour,United%20Arab%20Emirates_uvIndex,United%20Arab%20Emirates_moon_illumination,United%20Arab%20Emirates_moonrise,United%20Arab%20Emirates_moonset,United%20Arab%20Emirates_sunrise,United%20Arab%20Emirates_sunset,United%20Arab%20Emirates_DewPointC,United%20Arab%20Emirates_FeelsLikeC,United%20Arab%20Emirates_HeatIndexC,United%20Arab%20Emirates_WindChillC,United%20Arab%20Emirates_WindGustKmph,United%20Arab%20Emirates_cloudcover,United%20Arab%20Emirates_humidity,United%20Arab%20Emirates_precipMM,United%20Arab%20Emirates_pressure,United%20Arab%20Emirates_tempC,United%20Arab%20Emirates_visibility,United%20Arab%20Emirates_winddirDegree,United%20Arab%20Emirates_windspeedKmph,United%20Arab%20Emirates_location
2020-01-01,24,20,0.0,8.7,5,37,11:28 AM,11:19 PM,07:06 AM,05:46 PM,12,23,23,22,17,28,55,0.0,1014,24,10,251,12,United%20Arab%20Emirates
2020-01-02,24,21,0.0,8.7,6,44,12:00 PM,No moonset,07:07 AM,05:46 PM,15,24,24,22,14,9,64,0.0,1017,24,10,316,10,United%20Arab%20Emirates
2020-01-03,25,20,0.0,8.7,6,51,12:32 PM,12:09 AM,07:07 AM,05:47 PM,14,24,24,23,12,7,57,0.0,1018,25,10,128,7,United%20Arab%20Emirates
2020-01-04,28,22,0.0,8.7,7,59,01:05 PM,12:59 AM,07:07 AM,05:48 PM,11,26,26,25,24,2,42,0.0,1015,28,10,153,14,United%20Arab%20Emirates
2020-01-05,27,22,0.0,8.7,6,66,01:39 PM,01:50 AM,07:07 AM,05:48 PM,13,25,25,24,40,15,51,0.0,1012,27,10,217,26,United%20Arab%20Emirates
2020-01-06,22,20,0.0,8.7,5,73,02:15 PM,02:42 AM,07:08 AM,05:49 PM,14,21,21,21,31,33,64,0.1,1015,22,10,277,23,United%20Arab%20Emirates
2020-01-07,22,19,0.0,8.7,6,80,02:56 PM,03:38 AM,07:08 AM,05:50 PM,10,20,21,20,25,1,54,0.0,1018,22,10,249,17,United%20Arab%20Emirates
2020-01-08,23,18,0.0,8.7,6,88,03:42 PM,04:35 AM,07:08 AM,05:50 PM,7,21,21,21,16,3,44,0.0,1016,23,10,104,10,United%20Arab%20Emirates
2020-01-09,24,16,0.0,8.7,6,95,04:34 PM,05:35 AM,07:08 AM,05:51 PM,9,21,21,21,21,36,48,3.1,1014,24,10,152,14,United%20Arab%20Emirates
2020-01-10,24,18,0.0,3.9,5,100,05:33 PM,06:35 AM,07:08 AM,05:52 PM,15,21,22,21,37,78,67,10.7,1011,24,9,124,26,United%20Arab%20Emirates
2020-01-11,20,18,0.0,5.5,4,100,06:35 PM,07:34 AM,07:08 AM,05:52 PM,14,20,20,20,45,66,68,68.7,1009,20,8,244,31,United%20Arab%20Emirates
2020-01-12,18,15,0.0,3.9,4,83,07:41 PM,08:28 AM,07:08 AM,05:53 PM,9,17,17,17,50,70,59,3.5,1016,18,10,290,36,United%20Arab%20Emirates
2020-01-13,20,15,0.0,8.7,4,76,08:46 PM,09:18 AM,07:08 AM,05:54 PM,11,18,18,18,29,30,60,0.1,1018,20,10,309,21,United%20Arab%20Emirates
2020-01-14,20,18,0.0,8.7,5,69,09:50 PM,10:04 AM,07:09 AM,05:55 PM,9,19,19,19,27,32,53,0.0,1017,20,10,292,20,United%20Arab%20Emirates
2020-01-15,19,16,0.0,7.1,4,61,10:52 PM,10:46 AM,07:09 AM,05:55 PM,8,18,18,18,36,36,54,3.3,1019,19,10,122,27,United%20Arab%20Emirates
2020-01-16,20,16,0.0,8.7,5,54,11:53 PM,11:26 AM,07:08 AM,05:56 PM,7,18,18,18,20,0,48,0.0,1022,20,10,173,14,United%20Arab%20Emirates
2020-01-17,22,17,0.0,8.7,5,47,No moonrise,12:05 PM,07:08 AM,05:57 PM,7,19,19,19,20,0,46,0.0,1021,22,10,48,14,United%20Arab%20Emirates
2020-01-18,23,17,0.0,8.7,6,40,12:54 AM,12:44 PM,07:08 AM,05:58 PM,7,20,21,20,19,1,42,0.0,1018,23,10,138,12,United%20Arab%20Emirates
2020-01-19,24,19,0.0,8.7,6,32,01:54 AM,01:26 PM,07:08 AM,05:58 PM,8,21,21,21,19,0,45,0.0,1017,24,10,196,12,United%20Arab%20Emirates
2020-01-20,23,19,0.0,8.7,6,25,02:54 AM,02:10 PM,07:08 AM,05:59 PM,10,21,22,21,23,1,51,0.0,1016,23,10,226,16,United%20Arab%20Emirates
2020-01-21,21,18,0.0,10.9,5,18,03:55 AM,02:57 PM,07:08 AM,06:00 PM,11,19,19,19,25,0,60,0.0,1017,21,10,307,18,United%20Arab%20Emirates
2020-01-22,24,16,0.0,10.9,6,11,04:53 AM,03:48 PM,07:08 AM,06:00 PM,9,20,20,20,15,2,51,0.0,1017,24,10,134,9,United%20Arab%20Emirates
2020-01-23,25,20,0.0,10.9,6,3,05:50 AM,04:42 PM,07:08 AM,06:01 PM,13,23,23,22,31,16,60,0.0,1016,25,10,179,20,United%20Arab%20Emirates
2020-01-24,20,18,0.0,11.0,5,0,06:42 AM,05:37 PM,07:07 AM,06:02 PM,13,19,19,19,24,37,68,0.0,1018,20,10,327,18,United%20Arab%20Emirates
2020-01-25,21,18,0.0,11.0,5,0,07:29 AM,06:32 PM,07:07 AM,06:03 PM,8,19,19,19,17,23,51,0.0,1019,21,10,326,12,United%20Arab%20Emirates
2020-01-26,18,12,0.0,11.0,5,4,08:12 AM,07:27 PM,07:07 AM,06:03 PM,9,17,17,17,35,22,56,0.1,1019,18,10,296,26,United%20Arab%20Emirates
2020-01-27,19,14,0.0,11.0,5,11,08:51 AM,08:19 PM,07:07 AM,06:04 PM,11,18,18,18,40,31,66,0.1,1019,19,10,308,29,United%20Arab%20Emirates
2020-01-28,20,17,0.0,11.0,4,18,09:26 AM,09:11 PM,07:06 AM,06:05 PM,10,18,18,18,22,30,61,0.1,1020,20,10,315,16,United%20Arab%20Emirates
2020-01-29,21,16,0.0,8.5,4,26,09:59 AM,10:01 PM,07:06 AM,06:05 PM,9,18,18,18,12,25,56,0.0,1019,21,10,212,8,United%20Arab%20Emirates
2020-01-30,20,16,0.0,11.0,5,33,10:31 AM,10:51 PM,07:06 AM,06:06 PM,9,18,18,18,13,1,57,0.0,1019,20,10,298,9,United%20Arab%20Emirates
2020-01-31,20,16,0.0,11.0,5,37,11:03 AM,11:41 PM,07:05 AM,06:07 PM,8,18,18,18,11,0,52,0.0,1018,20,10,275,7,United%20Arab%20Emirates
2020-02-01,21,16,0.0,11.0,5,49,11:36 AM,No moonset,07:05 AM,06:08 PM,7,19,19,19,15,3,48,0.0,1017,21,10,152,10,United%20Arab%20Emirates
2020-02-02,22,17,0.0,11.0,6,57,12:10 PM,12:31 AM,07:04 AM,06:08 PM,8,20,20,20,14,12,47,0.0,1018,22,10,203,9,United%20Arab%20Emirates
2020-02-03,19,17,0.0,11.1,5,64,12:48 PM,01:25 AM,07:04 AM,06:09 PM,11,18,18,18,32,1,62,0.0,1020,19,10,304,24,United%20Arab%20Emirates
2020-02-04,19,16,0.0,11.1,5,72,01:31 PM,02:20 AM,07:03 AM,06:10 PM,10,18,18,18,22,7,61,0.0,1019,19,10,306,15,United%20Arab%20Emirates
2020-02-05,21,17,0.0,11.1,5,79,02:19 PM,03:18 AM,07:03 AM,06:10 PM,12,19,20,19,18,3,64,0.0,1018,21,10,319,12,United%20Arab%20Emirates
2020-02-06,23,17,0.0,11.1,6,87,03:14 PM,04:16 AM,07:02 AM,06:11 PM,13,20,20,20,12,0,66,0.0,1019,23,10,258,8,United%20Arab%20Emirates
2020-02-07,24,18,0.0,11.1,6,95,04:14 PM,05:16 AM,07:02 AM,06:12 PM,12,21,21,21,12,4,59,0.0,1018,24,10,274,8,United%20Arab%20Emirates
2020-02-08,26,20,0.0,11.1,6,100,05:19 PM,06:12 AM,07:01 AM,06:12 PM,10,23,23,23,16,4,46,0.0,1017,26,10,102,9,United%20Arab%20Emirates
2020-02-09,27,22,0.0,11.1,6,100,06:26 PM,07:06 AM,07:01 AM,06:13 PM,10,25,25,24,31,9,40,0.0,1017,27,10,140,18,United%20Arab%20Emirates
2020-02-10,24,22,0.0,11.1,6,83,07:33 PM,07:55 AM,07:00 AM,06:14 PM,12,24,24,23,27,7,50,0.0,1014,24,10,218,16,United%20Arab%20Emirates
2020-02-11,20,15,0.0,7.2,4,75,08:38 PM,08:40 AM,06:59 AM,06:14 PM,14,19,20,19,34,48,71,0.1,1015,20,10,341,24,United%20Arab%20Emirates
2020-02-12,17,15,0.0,11.6,5,68,09:43 PM,09:22 AM,06:59 AM,06:15 PM,10,16,16,16,41,27,64,0.2,1022,17,9,324,32,United%20Arab%20Emirates
2020-02-13,19,15,0.0,11.6,5,60,10:45 PM,10:03 AM,06:58 AM,06:15 PM,9,16,17,16,31,4,62,0.0,1024,19,10,307,23,United%20Arab%20Emirates
2020-02-14,21,16,0.0,11.6,5,53,11:48 PM,10:43 AM,06:57 AM,06:16 PM,10,18,18,18,20,0,58,0.0,1021,21,10,325,14,United%20Arab%20Emirates
2020-02-15,21,17,0.0,11.6,5,45,No moonrise,11:25 AM,06:57 AM,06:17 PM,13,19,20,19,18,4,68,0.0,1019,21,10,300,13,United%20Arab%20Emirates
2020-02-16,25,18,0.0,11.6,6,38,12:49 AM,12:08 PM,06:56 AM,06:17 PM,9,21,21,21,14,1,51,0.0,1018,25,10,148,8,United%20Arab%20Emirates
2020-02-17,27,19,0.0,11.6,6,30,01:50 AM,12:55 PM,06:55 AM,06:18 PM,9,23,23,23,16,12,42,0.0,1017,27,10,145,9,United%20Arab%20Emirates
2020-02-18,26,20,0.0,11.6,6,22,02:49 AM,01:45 PM,06:55 AM,06:18 PM,6,23,23,23,19,8,34,0.0,1017,26,10,151,11,United%20Arab%20Emirates
2020-02-19,27,21,0.0,11.6,6,15,03:45 AM,02:37 PM,06:54 AM,06:19 PM,7,24,24,24,17,2,35,0.0,1014,27,10,123,9,United%20Arab%20Emirates
2020-02-20,29,23,0.0,11.6,7,7,04:38 AM,03:31 PM,06:53 AM,06:20 PM,8,25,25,25,23,9,32,0.0,1011,29,10,120,13,United%20Arab%20Emirates
2020-02-21,24,21,0.0,11.6,6,0,05:26 AM,04:25 PM,06:52 AM,06:20 PM,14,24,24,23,23,1,59,0.0,1013,24,10,264,15,United%20Arab%20Emirates
2020-02-22,25,20,0.0,11.6,6,0,06:10 AM,05:20 PM,06:52 AM,06:21 PM,16,23,23,22,17,5,70,0.0,1017,25,10,149,12,United%20Arab%20Emirates
2020-02-23,28,22,0.0,11.6,7,0,06:49 AM,06:13 PM,06:51 AM,06:21 PM,17,26,26,25,22,4,63,0.0,1016,28,10,108,13,United%20Arab%20Emirates
2020-02-24,29,23,0.0,11.6,7,0,07:26 AM,07:05 PM,06:50 AM,06:22 PM,13,26,26,26,22,15,47,0.0,1015,29,10,80,13,United%20Arab%20Emirates
2020-02-25,31,24,0.0,11.6,6,8,08:00 AM,07:55 PM,06:49 AM,06:22 PM,11,27,27,27,23,19,39,0.0,1012,31,10,121,12,United%20Arab%20Emirates
2020-02-26,30,22,0.0,11.6,7,15,08:31 AM,08:45 PM,06:48 AM,06:23 PM,11,27,27,26,41,4,40,0.0,1011,30,10,207,25,United%20Arab%20Emirates
2020-02-27,22,20,0.0,11.6,6,23,09:03 AM,09:35 PM,06:47 AM,06:23 PM,12,21,22,21,31,9,58,0.0,1015,22,10,313,24,United%20Arab%20Emirates
2020-02-28,22,19,0.0,11.6,6,30,09:36 AM,10:25 PM,06:46 AM,06:24 PM,13,20,21,20,30,1,63,0.0,1013,22,10,299,23,United%20Arab%20Emirates
2020-02-29,24,19,0.0,11.6,6,38,10:09 AM,11:17 PM,06:46 AM,06:24 PM,16,21,22,21,19,4,73,0.0,1012,24,10,280,14,United%20Arab%20Emirates
2020-03-01,26,18,0.0,11.6,6,44,10:44 AM,No moonset,06:45 AM,06:25 PM,13,23,23,22,15,0,58,0.0,1012,26,10,163,10,United%20Arab%20Emirates
2020-03-02,28,21,0.0,11.6,6,51,11:24 AM,12:10 AM,06:44 AM,06:25 PM,13,25,25,24,21,1,52,0.0,1013,28,10,190,14,United%20Arab%20Emirates
2020-03-03,22,20,0.0,11.6,6,58,12:08 PM,01:05 AM,06:43 AM,06:26 PM,12,21,22,21,32,0,60,0.0,1015,22,10,308,24,United%20Arab%20Emirates
2020-03-04,22,18,0.0,11.6,6,65,12:59 PM,02:02 AM,06:42 AM,06:26 PM,11,20,20,20,36,0,59,0.0,1015,22,10,298,27,United%20Arab%20Emirates
2020-03-05,23,18,0.0,11.6,6,73,01:55 PM,02:59 AM,06:41 AM,06:27 PM,13,21,22,21,23,3,64,0.0,1014,23,10,326,16,United%20Arab%20Emirates
2020-03-06,25,19,0.0,11.6,6,80,02:57 PM,03:56 AM,06:40 AM,06:27 PM,13,22,22,22,18,0,59,0.0,1014,25,10,160,13,United%20Arab%20Emirates
2020-03-07,27,19,0.0,11.6,6,87,04:02 PM,04:50 AM,06:39 AM,06:28 PM,11,23,23,23,20,0,50,0.0,1014,27,10,88,13,United%20Arab%20Emirates
2020-03-08,29,21,0.0,11.6,7,95,05:09 PM,05:41 AM,06:38 AM,06:28 PM,9,25,25,24,26,0,38,0.0,1012,29,10,185,16,United%20Arab%20Emirates
2020-03-09,23,20,0.0,11.6,6,100,06:16 PM,06:28 AM,06:37 AM,06:29 PM,14,21,22,21,23,1,62,0.0,1012,23,10,289,17,United%20Arab%20Emirates
2020-03-10,25,19,0.0,11.6,6,100,07:23 PM,07:12 AM,06:36 AM,06:29 PM,11,22,22,22,23,1,53,0.0,1014,25,10,112,17,United%20Arab%20Emirates
2020-03-11,24,19,0.0,11.6,6,84,08:28 PM,07:55 AM,06:35 AM,06:30 PM,9,22,22,21,25,0,45,0.0,1016,24,10,166,17,United%20Arab%20Emirates
2020-03-12,25,18,0.0,10.2,5,76,09:33 PM,08:36 AM,06:34 AM,06:30 PM,10,22,22,21,17,27,49,0.0,1016,25,10,156,12,United%20Arab%20Emirates
2020-03-13,28,20,0.0,10.2,5,69,10:37 PM,09:19 AM,06:33 AM,06:31 PM,9,24,24,24,20,37,40,0.0,1016,28,10,101,13,United%20Arab%20Emirates
2020-03-14,29,23,0.0,8.8,6,62,11:41 PM,10:03 AM,06:32 AM,06:31 PM,7,26,26,26,28,63,31,0.0,1014,29,10,122,17,United%20Arab%20Emirates
2020-03-15,30,25,0.0,11.6,7,55,No moonrise,10:50 AM,06:31 AM,06:31 PM,7,26,26,27,26,19,28,0.0,1012,30,10,134,16,United%20Arab%20Emirates
2020-03-16,29,22,0.0,11.6,7,47,12:42 AM,11:40 AM,06:30 AM,06:32 PM,11,26,26,25,30,2,42,0.0,1013,29,10,100,19,United%20Arab%20Emirates
2020-03-17,29,23,0.0,11.6,7,40,01:41 AM,12:32 PM,06:29 AM,06:32 PM,14,27,27,26,28,4,49,0.0,1014,29,10,137,18,United%20Arab%20Emirates
2020-03-18,28,23,0.0,10.2,6,33,02:35 AM,01:27 PM,06:28 AM,06:33 PM,13,27,27,26,31,24,46,0.0,1013,28,10,111,20,United%20Arab%20Emirates
2020-03-19,30,23,0.0,10.2,6,25,03:25 AM,02:21 PM,06:27 AM,06:33 PM,14,27,27,26,30,31,45,0.2,1011,30,10,137,20,United%20Arab%20Emirates
2020-03-20,30,25,0.0,11.6,7,18,04:10 AM,03:16 PM,06:26 AM,06:34 PM,16,28,28,27,24,13,51,0.0,1009,30,10,80,15,United%20Arab%20Emirates
2020-03-21,32,25,0.0,6.0,6,11,04:50 AM,04:08 PM,06:25 AM,06:34 PM,15,29,29,28,27,68,47,7.9,1007,32,9,106,18,United%20Arab%20Emirates
2020-03-22,32,25,0.0,10.2,6,4,05:27 AM,05:00 PM,06:24 AM,06:34 PM,17,29,29,28,39,53,55,6.7,1006,32,9,190,26,United%20Arab%20Emirates
2020-03-23,23,21,0.0,11.6,6,0,06:01 AM,05:51 PM,06:23 AM,06:35 PM,10,22,24,22,35,5,47,0.3,1012,23,10,312,27,United%20Arab%20Emirates
2020-03-24,23,19,0.0,11.6,5,0,06:33 AM,06:41 PM,06:22 AM,06:35 PM,11,21,22,21,30,19,53,0.0,1013,23,10,303,23,United%20Arab%20Emirates
2020-03-25,23,19,0.0,11.6,6,3,07:05 AM,07:31 PM,06:21 AM,06:36 PM,10,21,22,21,14,9,48,0.0,1012,23,10,277,10,United%20Arab%20Emirates
2020-03-26,26,20,0.0,11.6,6,11,07:37 AM,08:21 PM,06:20 AM,06:36 PM,11,23,23,22,14,8,50,0.0,1012,26,10,82,10,United%20Arab%20Emirates
2020-03-27,30,22,0.0,11.6,6,18,08:09 AM,09:12 PM,06:19 AM,06:37 PM,11,26,26,25,17,14,42,0.0,1013,30,10,65,10,United%20Arab%20Emirates
2020-03-28,32,26,0.0,11.6,7,25,08:44 AM,10:05 PM,06:18 AM,06:37 PM,11,28,28,28,35,12,34,0.0,1011,32,10,101,20,United%20Arab%20Emirates
2020-03-29,32,26,0.0,11.6,7,32,09:22 AM,10:59 PM,06:17 AM,06:37 PM,10,29,29,30,44,16,31,0.0,1008,32,10,162,27,United%20Arab%20Emirates
2020-03-30,26,22,0.0,11.6,7,40,10:04 AM,11:54 PM,06:16 AM,06:38 PM,15,27,27,26,43,13,54,0.4,1008,26,10,249,29,United%20Arab%20Emirates
2020-03-31,25,21,0.0,11.6,6,44,10:51 AM,No moonset,06:15 AM,06:38 PM,13,24,24,23,27,1,54,0.0,1014,25,10,306,20,United%20Arab%20Emirates
2020-04-01,26,21,0.0,11.6,6,56,11:43 AM,12:50 AM,06:14 AM,06:39 PM,15,24,24,23,18,1,60,0.0,1013,26,10,290,14,United%20Arab%20Emirates
2020-04-02,29,22,0.0,11.6,7,64,12:41 PM,01:45 AM,06:13 AM,06:39 PM,13,26,26,25,12,1,50,0.0,1012,29,10,214,8,United%20Arab%20Emirates
2020-04-03,34,26,0.0,11.6,8,71,01:43 PM,02:38 AM,06:12 AM,06:39 PM,10,28,28,29,25,4,31,0.0,1010,34,10,79,14,United%20Arab%20Emirates
2020-04-04,34,28,0.0,11.6,8,79,02:47 PM,03:29 AM,06:11 AM,06:40 PM,12,30,30,31,34,3,31,0.0,1012,34,10,132,19,United%20Arab%20Emirates
2020-04-05,29,26,0.0,11.6,7,87,03:53 PM,04:16 AM,06:10 AM,06:40 PM,14,28,28,28,22,5,44,0.0,1013,29,10,220,14,United%20Arab%20Emirates
2020-04-06,27,23,0.0,11.6,7,94,04:59 PM,05:01 AM,06:09 AM,06:41 PM,15,26,26,25,25,12,53,0.0,1013,27,10,285,18,United%20Arab%20Emirates
2020-04-07,30,23,0.0,11.6,7,100,06:05 PM,05:44 AM,06:08 AM,06:41 PM,15,27,27,26,17,1,54,0.0,1011,30,10,253,12,United%20Arab%20Emirates
2020-04-08,33,24,0.0,11.6,7,100,07:11 PM,06:25 AM,06:07 AM,06:42 PM,12,28,28,28,10,1,38,0.0,1010,33,10,228,6,United%20Arab%20Emirates
2020-04-09,35,29,0.0,11.6,8,83,08:17 PM,07:08 AM,06:06 AM,06:42 PM,12,31,31,32,25,3,29,0.0,1010,35,10,111,13,United%20Arab%20Emirates
2020-04-10,38,30,0.0,8.9,7,76,09:23 PM,07:53 AM,06:05 AM,06:42 PM,12,32,32,33,31,37,27,0.0,1009,38,10,117,17,United%20Arab%20Emirates
2020-04-11,36,30,0.0,10.2,7,68,10:28 PM,08:40 AM,06:04 AM,06:43 PM,11,32,32,33,35,57,26,0.0,1009,36,10,156,20,United%20Arab%20Emirates
2020-04-12,35,29,0.0,11.6,8,61,11:31 PM,09:31 AM,06:03 AM,06:43 PM,13,32,32,32,37,32,32,0.0,1009,35,10,146,23,United%20Arab%20Emirates
2020-04-13,34,29,0.0,11.6,8,53,No moonrise,10:24 AM,06:02 AM,06:44 PM,15,31,31,30,40,25,39,0.0,1009,34,10,128,25,United%20Arab%20Emirates
2020-04-14,31,25,0.0,11.6,7,46,12:29 AM,11:19 AM,06:02 AM,06:44 PM,18,29,29,27,31,15,57,0.0,1010,31,10,108,23,United%20Arab%20Emirates
2020-04-15,28,21,0.0,11.6,7,38,01:22 AM,12:15 PM,06:01 AM,06:45 PM,18,27,27,26,30,22,61,0.0,1011,28,10,108,22,United%20Arab%20Emirates
2020-04-16,28,24,0.0,12.5,7,30,02:09 AM,01:10 PM,06:00 AM,06:45 PM,18,27,27,26,29,19,63,0.0,1009,28,10,155,22,United%20Arab%20Emirates
2020-04-17,28,23,0.0,12.9,7,23,02:51 AM,02:04 PM,05:59 AM,06:45 PM,14,26,26,25,16,2,53,0.0,1010,28,10,251,12,United%20Arab%20Emirates
2020-04-18,31,23,0.0,12.9,7,15,03:29 AM,02:56 PM,05:58 AM,06:46 PM,12,27,27,27,17,4,42,0.0,1010,31,10,128,12,United%20Arab%20Emirates
2020-04-19,35,26,0.0,12.9,8,8,04:03 AM,03:48 PM,05:57 AM,06:46 PM,14,31,31,31,27,13,38,0.0,1008,35,10,119,17,United%20Arab%20Emirates
2020-04-20,34,28,0.0,12.9,8,0,04:36 AM,04:37 PM,05:56 AM,06:47 PM,15,31,31,30,31,34,41,0.1,1009,34,10,200,20,United%20Arab%20Emirates
2020-04-21,31,27,0.0,12.9,7,0,05:08 AM,05:27 PM,05:55 AM,06:47 PM,18,30,30,28,28,43,54,0.1,1010,31,10,179,20,United%20Arab%20Emirates
2020-04-22,28,26,0.0,12.9,7,0,05:39 AM,06:17 PM,05:55 AM,06:48 PM,18,28,28,27,20,8,57,0.0,1011,28,10,225,16,United%20Arab%20Emirates
2020-04-23,31,26,0.0,12.9,7,0,06:11 AM,07:08 PM,05:54 AM,06:48 PM,17,29,29,28,15,3,52,0.0,1010,31,10,234,11,United%20Arab%20Emirates
2020-04-24,33,27,0.0,13.0,8,7,06:45 AM,08:01 PM,05:53 AM,06:49 PM,16,30,30,29,16,1,45,0.0,1009,33,10,247,11,United%20Arab%20Emirates
2020-04-25,36,29,0.0,13.0,8,15,07:22 AM,08:54 PM,05:52 AM,06:49 PM,12,31,31,32,15,0,30,0.0,1007,36,10,137,9,United%20Arab%20Emirates
2020-04-26,39,30,0.0,13.0,9,22,08:03 AM,09:50 PM,05:51 AM,06:50 PM,10,33,33,34,24,1,23,0.0,1007,39,10,129,13,United%20Arab%20Emirates
2020-04-27,36,30,0.0,13.0,8,30,08:48 AM,10:45 PM,05:51 AM,06:50 PM,14,33,33,33,29,1,33,0.0,1006,36,10,164,17,United%20Arab%20Emirates
2020-04-28,34,27,0.0,13.0,8,37,09:38 AM,11:41 PM,05:50 AM,06:51 PM,16,31,31,30,23,2,44,0.0,1009,34,10,301,16,United%20Arab%20Emirates
2020-04-29,36,28,0.0,13.0,8,45,10:33 AM,No moonset,05:49 AM,06:51 PM,13,32,32,32,24,2,32,0.0,1008,36,10,202,14,United%20Arab%20Emirates
2020-04-30,40,32,0.0,13.0,9,52,11:32 AM,12:33 AM,05:48 AM,06:52 PM,15,36,36,36,39,11,30,0.0,1006,40,10,126,23,United%20Arab%20Emirates
2020-05-01,37,32,0.0,13.0,8,58,12:33 PM,01:24 AM,05:48 AM,06:52 PM,16,35,35,34,24,23,35,0.0,1007,37,10,102,14,United%20Arab%20Emirates
2020-05-02,36,28,0.0,13.1,8,65,01:37 PM,02:10 AM,05:47 AM,06:53 PM,20,34,34,32,20,6,51,0.0,1006,36,10,236,13,United%20Arab%20Emirates
2020-05-03,35,31,0.0,10.7,7,72,02:40 PM,02:54 AM,05:46 AM,06:53 PM,18,35,35,33,26,50,42,1.3,1007,35,10,173,16,United%20Arab%20Emirates
2020-05-04,33,28,0.0,13.1,8,80,03:44 PM,03:36 AM,05:46 AM,06:54 PM,17,31,31,30,19,3,44,0.0,1010,33,10,273,14,United%20Arab%20Emirates
2020-05-05,33,27,0.0,13.1,8,87,04:48 PM,04:16 AM,05:45 AM,06:54 PM,13,30,30,30,16,0,38,0.0,1010,33,10,288,11,United%20Arab%20Emirates
2020-05-06,37,28,0.0,13.1,8,94,05:54 PM,04:58 AM,05:44 AM,06:55 PM,10,31,31,32,23,3,27,0.0,1008,37,10,164,14,United%20Arab%20Emirates
2020-05-07,35,31,0.0,13.1,8,100,07:00 PM,05:41 AM,05:44 AM,06:55 PM,11,32,32,33,25,3,28,0.0,1007,35,10,215,15,United%20Arab%20Emirates
2020-05-08,33,29,0.0,13.1,8,100,08:07 PM,06:26 AM,05:43 AM,06:56 PM,17,31,31,31,28,3,45,0.0,1008,33,10,306,20,United%20Arab%20Emirates
2020-05-09,32,27,0.0,13.1,8,84,09:13 PM,07:16 AM,05:42 AM,06:56 PM,18,31,31,29,26,5,52,0.0,1007,32,10,298,20,United%20Arab%20Emirates
2020-05-10,35,28,0.0,13.2,8,77,10:15 PM,08:09 AM,05:42 AM,06:57 PM,18,33,33,31,20,0,46,0.0,1007,35,10,305,14,United%20Arab%20Emirates
2020-05-11,36,30,0.0,13.2,8,70,11:12 PM,09:06 AM,05:41 AM,06:57 PM,20,35,35,33,28,1,48,0.0,1006,36,10,313,19,United%20Arab%20Emirates
2020-05-12,32,29,0.0,13.2,8,62,No moonrise,10:03 AM,05:41 AM,06:58 PM,17,31,31,30,43,1,47,0.0,1007,32,10,298,32,United%20Arab%20Emirates
2020-05-13,31,27,0.0,13.2,7,55,12:03 AM,11:01 AM,05:40 AM,06:58 PM,17,30,30,29,41,0,48,0.0,1006,31,10,297,31,United%20Arab%20Emirates
2020-05-14,33,26,0.0,13.2,8,48,12:48 AM,11:56 AM,05:40 AM,06:59 PM,18,30,30,29,18,0,51,0.0,1005,33,10,302,13,United%20Arab%20Emirates
2020-05-15,36,27,0.0,13.2,8,40,01:29 AM,12:50 PM,05:39 AM,06:59 PM,17,32,32,31,20,6,43,0.0,1005,36,10,181,13,United%20Arab%20Emirates
2020-05-16,38,30,0.0,13.6,8,33,02:04 AM,01:42 PM,05:39 AM,07:00 PM,15,34,34,34,32,7,33,0.0,1006,38,10,95,20,United%20Arab%20Emirates
2020-05-17,38,30,0.0,13.6,8,26,02:38 AM,02:32 PM,05:38 AM,07:00 PM,17,35,35,33,28,2,38,0.0,1005,38,10,178,18,United%20Arab%20Emirates
2020-05-18,38,29,0.0,13.6,8,19,03:10 AM,03:22 PM,05:38 AM,07:01 PM,18,34,34,33,23,1,43,0.0,1006,38,10,227,15,United%20Arab%20Emirates
2020-05-19,37,30,0.0,13.6,8,11,03:41 AM,04:12 PM,05:38 AM,07:01 PM,16,33,33,33,25,15,37,0.0,1005,37,10,110,16,United%20Arab%20Emirates
2020-05-20,36,30,0.0,13.7,7,4,04:12 AM,05:03 PM,05:37 AM,07:02 PM,14,33,33,33,18,38,32,0.0,1004,36,10,169,11,United%20Arab%20Emirates
2020-05-21,37,31,0.0,13.7,8,0,04:46 AM,05:55 PM,05:37 AM,07:02 PM,13,33,33,34,23,3,29,0.0,1005,37,10,158,14,United%20Arab%20Emirates
2020-05-22,36,30,0.0,13.7,8,0,05:22 AM,06:49 PM,05:36 AM,07:03 PM,17,34,34,33,22,0,39,0.0,1005,36,10,168,14,United%20Arab%20Emirates
2020-05-23,36,29,0.0,13.7,8,3,06:01 AM,07:45 PM,05:36 AM,07:03 PM,18,34,34,32,21,1,44,0.0,1005,36,10,158,14,United%20Arab%20Emirates
2020-05-24,37,30,0.0,13.7,8,10,06:45 AM,08:41 PM,05:36 AM,07:04 PM,18,35,35,33,24,1,41,0.0,1005,37,10,109,15,United%20Arab%20Emirates
2020-05-25,39,31,0.0,13.7,9,17,07:35 AM,09:37 PM,05:36 AM,07:04 PM,19,38,38,35,30,3,42,0.0,1006,39,10,126,20,United%20Arab%20Emirates
2020-05-26,39,33,0.0,13.7,9,25,08:28 AM,10:31 PM,05:35 AM,07:05 PM,19,39,39,36,30,5,38,0.0,1007,39,10,183,20,United%20Arab%20Emirates
2020-05-27,36,31,0.0,13.7,8,32,09:27 AM,11:22 PM,05:35 AM,07:05 PM,20,37,37,33,18,3,47,0.0,1007,36,10,250,12,United%20Arab%20Emirates
2020-05-28,39,31,0.0,13.7,9,39,10:27 AM,No moonset,05:35 AM,07:06 PM,17,36,36,35,21,3,37,0.0,1005,39,10,130,13,United%20Arab%20Emirates
2020-05-29,40,32,0.0,13.7,9,47,11:29 AM,12:09 AM,05:35 AM,07:06 PM,18,37,37,35,25,0,36,0.0,1003,40,10,198,16,United%20Arab%20Emirates
2020-05-30,39,33,0.0,13.7,9,54,12:30 PM,12:52 AM,05:34 AM,07:06 PM,19,39,39,35,25,0,39,0.0,1003,39,10,224,17,United%20Arab%20Emirates
2020-05-31,39,33,0.0,13.7,9,58,01:32 PM,01:34 AM,05:34 AM,07:07 PM,20,39,39,36,25,0,40,0.0,1004,39,10,228,17,United%20Arab%20Emirates
2020-06-01,39,33,0.0,13.7,9,71,02:34 PM,02:13 AM,05:34 AM,07:07 PM,20,39,39,35,27,0,42,0.0,1004,39,10,224,18,United%20Arab%20Emirates
2020-06-02,37,32,0.0,13.7,9,79,03:37 PM,02:52 AM,05:34 AM,07:08 PM,19,37,37,34,19,0,42,0.0,1003,37,10,239,14,United%20Arab%20Emirates
2020-06-03,38,31,0.0,13.7,9,86,04:41 PM,03:33 AM,05:34 AM,07:08 PM,20,38,38,35,21,0,44,0.0,1002,38,10,240,15,United%20Arab%20Emirates
2020-06-04,38,32,0.0,13.8,9,94,05:47 PM,04:16 AM,05:34 AM,07:09 PM,21,38,38,34,20,4,46,0.0,1001,38,10,288,14,United%20Arab%20Emirates
2020-06-05,39,31,0.0,13.8,9,100,06:52 PM,05:03 AM,05:34 AM,07:09 PM,24,41,41,35,21,3,56,0.0,1000,39,10,276,14,United%20Arab%20Emirates
2020-06-06,40,31,0.0,13.8,9,100,07:57 PM,05:54 AM,05:34 AM,07:10 PM,22,40,40,35,21,1,48,0.0,999,40,10,269,13,United%20Arab%20Emirates
2020-06-07,39,31,0.0,13.8,9,84,08:57 PM,06:50 AM,05:34 AM,07:10 PM,22,40,40,34,22,0,52,0.0,998,39,10,305,15,United%20Arab%20Emirates
2020-06-08,39,30,0.0,13.8,9,76,09:53 PM,07:48 AM,05:34 AM,07:10 PM,19,37,37,34,21,3,45,0.0,999,39,10,282,14,United%20Arab%20Emirates
2020-06-09,37,29,0.0,13.8,8,69,10:41 PM,08:46 AM,05:34 AM,07:11 PM,21,36,36,33,17,0,50,0.0,1001,37,10,255,12,United%20Arab%20Emirates
2020-06-10,39,31,0.0,13.8,9,61,11:25 PM,09:45 AM,05:34 AM,07:11 PM,25,42,42,34,23,0,60,0.0,1001,39,10,255,15,United%20Arab%20Emirates
2020-06-11,40,31,0.0,13.8,9,54,No moonrise,10:40 AM,05:34 AM,07:11 PM,20,39,39,35,19,3,44,0.0,1000,40,10,197,13,United%20Arab%20Emirates
2020-06-12,39,31,0.0,13.8,9,46,12:03 AM,11:34 AM,05:34 AM,07:12 PM,19,37,37,35,16,0,40,0.0,999,39,10,238,11,United%20Arab%20Emirates
2020-06-13,37,31,0.0,13.8,8,38,12:37 AM,12:25 PM,05:34 AM,07:12 PM,22,38,38,33,25,0,52,0.0,998,37,10,278,17,United%20Arab%20Emirates
2020-06-14,40,30,0.0,13.8,9,31,01:10 AM,01:16 PM,05:34 AM,07:12 PM,23,39,39,34,19,0,55,0.0,999,40,10,292,12,United%20Arab%20Emirates
2020-06-15,40,30,0.0,13.8,9,23,01:42 AM,02:05 PM,05:34 AM,07:13 PM,22,40,40,35,20,0,51,0.0,999,40,10,291,12,United%20Arab%20Emirates
2020-06-16,39,31,0.0,13.8,9,16,02:12 AM,02:56 PM,05:34 AM,07:13 PM,23,40,40,34,25,0,53,0.0,997,39,10,296,16,United%20Arab%20Emirates
2020-06-17,39,30,0.0,13.8,9,8,02:45 AM,03:47 PM,05:34 AM,07:13 PM,23,40,40,35,21,0,57,0.0,995,39,10,262,14,United%20Arab%20Emirates
2020-06-18,38,31,0.0,13.8,8,1,03:20 AM,04:40 PM,05:34 AM,07:14 PM,23,39,39,34,30,0,55,0.0,996,38,10,301,21,United%20Arab%20Emirates
2020-06-19,36,29,0.0,13.8,8,0,03:58 AM,05:36 PM,05:35 AM,07:14 PM,22,37,37,32,19,1,57,0.0,998,36,10,279,13,United%20Arab%20Emirates
2020-06-20,37,28,0.0,13.8,8,0,04:40 AM,06:32 PM,05:35 AM,07:14 PM,23,37,37,32,15,0,59,0.0,998,37,10,240,11,United%20Arab%20Emirates
2020-06-21,38,29,0.0,13.8,8,0,05:29 AM,07:30 PM,05:35 AM,07:14 PM,22,37,37,33,17,0,56,0.0,998,38,10,302,12,United%20Arab%20Emirates
2020-06-22,37,31,0.0,13.8,8,7,06:21 AM,08:25 PM,05:35 AM,07:14 PM,22,38,38,34,35,0,52,0.0,998,37,10,300,25,United%20Arab%20Emirates
2020-06-23,36,29,0.0,13.8,8,14,07:20 AM,09:19 PM,05:36 AM,07:15 PM,22,37,37,32,23,0,56,0.0,999,36,10,287,16,United%20Arab%20Emirates
2020-06-24,37,28,0.0,13.8,8,22,08:20 AM,10:07 PM,05:36 AM,07:15 PM,23,37,37,32,16,2,59,0.0,999,37,10,252,11,United%20Arab%20Emirates
2020-06-25,39,31,0.0,13.8,9,29,09:23 AM,10:53 PM,05:36 AM,07:15 PM,24,42,42,35,27,2,56,0.0,999,39,10,212,19,United%20Arab%20Emirates
2020-06-26,38,32,0.0,13.8,9,37,10:24 AM,11:34 PM,05:36 AM,07:15 PM,24,42,42,35,23,2,55,0.0,998,38,10,160,16,United%20Arab%20Emirates
2020-06-27,40,32,0.0,13.8,9,44,11:26 AM,No moonset,05:37 AM,07:15 PM,23,41,41,35,27,0,52,0.0,998,40,10,219,19,United%20Arab%20Emirates
2020-06-28,39,31,0.0,13.8,9,52,12:26 PM,12:13 AM,05:37 AM,07:15 PM,23,40,40,34,23,0,55,0.0,998,39,10,213,17,United%20Arab%20Emirates
2020-06-29,39,29,0.0,13.8,9,59,01:28 PM,12:52 AM,05:37 AM,07:15 PM,22,38,38,34,21,0,54,0.0,996,39,10,225,14,United%20Arab%20Emirates
2020-06-30,39,31,0.0,13.8,9,67,02:29 PM,01:31 AM,05:38 AM,07:15 PM,22,39,39,35,25,1,48,0.0,996,39,10,160,17,United%20Arab%20Emirates
2020-07-01,40,30,0.0,13.8,9,72,03:33 PM,02:11 AM,05:38 AM,07:15 PM,22,40,40,35,27,2,48,0.0,996,40,10,111,18,United%20Arab%20Emirates
2020-07-02,39,33,0.0,13.8,9,79,04:36 PM,02:55 AM,05:38 AM,07:15 PM,22,41,41,36,32,7,46,0.0,997,39,10,127,22,United%20Arab%20Emirates
2020-07-03,40,33,0.0,13.8,9,86,05:41 PM,03:44 AM,05:39 AM,07:15 PM,23,42,42,36,24,7,48,0.0,997,40,10,141,17,United%20Arab%20Emirates
2020-07-04,40,32,0.0,13.8,9,94,06:42 PM,04:36 AM,05:39 AM,07:15 PM,23,41,41,35,20,0,51,0.0,995,40,10,214,14,United%20Arab%20Emirates
2020-07-05,41,31,0.0,13.8,9,100,07:40 PM,05:33 AM,05:39 AM,07:15 PM,23,41,41,35,21,2,52,0.0,993,41,10,259,15,United%20Arab%20Emirates
2020-07-06,40,31,0.0,13.8,9,100,08:32 PM,06:31 AM,05:40 AM,07:15 PM,18,37,37,35,16,0,38,0.0,993,40,10,219,9,United%20Arab%20Emirates
2020-07-07,40,31,0.0,13.8,9,85,09:18 PM,07:31 AM,05:40 AM,07:15 PM,17,37,37,35,17,0,37,0.0,995,40,10,237,11,United%20Arab%20Emirates
2020-07-08,41,31,0.0,13.7,9,77,09:59 PM,08:28 AM,05:41 AM,07:15 PM,22,41,41,36,25,0,47,0.0,996,41,10,143,15,United%20Arab%20Emirates
2020-07-09,41,33,0.0,13.7,9,70,10:35 PM,09:23 AM,05:41 AM,07:15 PM,22,41,41,36,25,1,44,0.0,997,41,10,181,16,United%20Arab%20Emirates
2020-07-10,42,33,0.0,13.7,9,63,11:09 PM,10:16 AM,05:41 AM,07:15 PM,22,42,42,37,25,25,44,0.0,996,42,10,216,17,United%20Arab%20Emirates
2020-07-11,41,32,0.0,13.7,9,55,11:41 PM,11:07 AM,05:42 AM,07:15 PM,20,40,40,36,27,8,39,0.0,995,41,10,134,17,United%20Arab%20Emirates
2020-07-12,45,33,0.0,13.7,10,48,No moonrise,11:57 AM,05:42 AM,07:15 PM,20,42,42,39,31,1,37,0.0,994,45,10,114,19,United%20Arab%20Emirates
2020-07-13,44,35,0.0,13.7,10,41,12:12 AM,12:47 PM,05:43 AM,07:14 PM,20,43,43,39,31,11,34,0.1,994,44,10,155,19,United%20Arab%20Emirates
2020-07-14,43,34,0.0,13.7,9,34,12:44 AM,01:38 PM,05:43 AM,07:14 PM,22,43,43,38,20,13,44,0.0,997,43,10,216,12,United%20Arab%20Emirates
2020-07-15,39,31,0.0,13.7,9,26,01:18 AM,02:30 PM,05:44 AM,07:14 PM,22,40,40,35,15,0,51,0.0,996,39,10,232,11,United%20Arab%20Emirates
2020-07-16,41,30,0.0,13.7,9,19,01:54 AM,03:24 PM,05:44 AM,07:14 PM,24,42,42,35,18,1,53,0.0,995,41,10,156,12,United%20Arab%20Emirates
2020-07-17,42,33,0.0,13.7,9,12,02:34 AM,04:20 PM,05:44 AM,07:13 PM,24,45,45,37,27,10,51,0.0,995,42,10,168,19,United%20Arab%20Emirates
2020-07-18,41,33,0.0,13.7,8,5,03:20 AM,05:18 PM,05:45 AM,07:13 PM,25,45,45,36,19,18,55,0.0,996,41,10,188,14,United%20Arab%20Emirates
2020-07-19,42,34,0.0,13.7,9,0,04:11 AM,06:14 PM,05:45 AM,07:13 PM,22,44,44,38,30,7,41,0.0,997,42,10,78,20,United%20Arab%20Emirates
2020-07-20,41,34,0.0,13.7,9,0,05:08 AM,07:10 PM,05:46 AM,07:12 PM,23,44,44,37,27,2,46,0.0,997,41,10,159,19,United%20Arab%20Emirates
2020-07-21,41,33,0.0,13.7,9,2,06:08 AM,08:02 PM,05:46 AM,07:12 PM,23,44,44,37,27,1,46,0.0,995,41,10,102,18,United%20Arab%20Emirates
2020-07-22,42,34,0.0,13.6,9,10,07:12 AM,08:49 PM,05:47 AM,07:11 PM,20,42,42,38,31,1,36,0.0,996,42,10,94,19,United%20Arab%20Emirates
2020-07-23,39,32,0.0,13.6,9,17,08:15 AM,09:33 PM,05:47 AM,07:11 PM,23,42,42,35,33,1,49,0.0,999,39,10,146,23,United%20Arab%20Emirates
2020-07-24,41,32,0.0,13.6,9,24,09:19 AM,10:14 PM,05:48 AM,07:11 PM,23,42,42,36,22,2,48,0.0,1000,41,10,123,15,United%20Arab%20Emirates
2020-07-25,41,32,0.0,13.6,9,32,10:21 AM,10:53 PM,05:48 AM,07:10 PM,23,43,43,36,23,4,49,0.0,1000,41,10,125,16,United%20Arab%20Emirates
2020-07-26,40,33,0.0,13.6,9,39,11:22 AM,11:32 PM,05:49 AM,07:10 PM,22,41,41,36,18,9,45,0.0,1002,40,10,185,13,United%20Arab%20Emirates
2020-07-27,40,32,0.0,13.6,9,46,12:23 PM,No moonset,05:49 AM,07:09 PM,23,42,42,36,20,7,51,0.0,1001,40,10,205,15,United%20Arab%20Emirates
2020-07-28,39,33,0.0,13.6,9,53,01:26 PM,12:11 AM,05:49 AM,07:09 PM,22,41,41,36,24,9,45,0.0,1001,39,10,173,17,United%20Arab%20Emirates
2020-07-29,41,33,0.0,13.6,9,61,02:28 PM,12:53 AM,05:50 AM,07:08 PM,22,42,42,36,21,1,46,0.0,999,41,10,193,14,United%20Arab%20Emirates
2020-07-30,40,32,0.0,13.6,9,68,03:31 PM,01:39 AM,05:50 AM,07:08 PM,21,40,40,36,21,0,42,0.0,997,40,10,165,13,United%20Arab%20Emirates
2020-07-31,44,35,0.0,13.6,10,72,04:32 PM,02:29 AM,05:51 AM,07:07 PM,20,43,43,39,26,0,36,0.0,996,44,10,138,15,United%20Arab%20Emirates
2020-08-01,44,35,0.0,13.6,10,82,05:30 PM,03:23 AM,05:51 AM,07:06 PM,21,44,44,39,27,0,37,0.0,996,44,10,120,16,United%20Arab%20Emirates
2020-08-02,43,36,0.0,13.5,9,90,06:23 PM,04:20 AM,05:52 AM,07:06 PM,21,44,44,39,28,0,37,0.0,997,43,10,144,17,United%20Arab%20Emirates
2020-08-03,40,33,0.0,13.5,9,97,07:12 PM,05:19 AM,05:52 AM,07:05 PM,22,41,41,36,21,2,45,0.0,995,40,10,219,14,United%20Arab%20Emirates
2020-08-04,39,31,0.0,13.5,9,100,07:54 PM,06:16 AM,05:53 AM,07:05 PM,23,40,40,35,13,2,55,0.0,993,39,10,276,10,United%20Arab%20Emirates
2020-08-05,38,31,0.0,13.5,9,88,08:32 PM,07:13 AM,05:53 AM,07:04 PM,24,41,41,34,17,2,59,0.0,993,38,10,301,13,United%20Arab%20Emirates
2020-08-06,41,32,0.0,13.5,9,81,09:07 PM,08:07 AM,05:54 AM,07:03 PM,23,42,42,36,26,0,50,0.0,994,41,10,139,17,United%20Arab%20Emirates
2020-08-07,40,32,0.0,13.5,9,74,09:40 PM,08:59 AM,05:54 AM,07:02 PM,24,43,43,35,17,0,56,0.0,994,40,10,235,12,United%20Arab%20Emirates
2020-08-08,40,32,0.0,13.5,9,67,10:11 PM,09:50 AM,05:54 AM,07:02 PM,23,42,42,35,27,6,52,0.0,994,40,10,284,19,United%20Arab%20Emirates
2020-08-09,39,33,0.0,13.5,9,59,10:42 PM,10:39 AM,05:55 AM,07:01 PM,21,40,40,36,17,33,44,0.0,995,39,10,227,11,United%20Arab%20Emirates
2020-08-10,38,31,0.0,13.5,9,52,11:15 PM,11:30 AM,05:55 AM,07:00 PM,24,42,42,34,15,12,56,0.0,996,38,10,253,11,United%20Arab%20Emirates
2020-08-11,40,33,0.0,13.4,9,45,11:50 PM,12:21 PM,05:56 AM,07:00 PM,25,45,45,36,23,6,57,0.0,996,40,10,182,16,United%20Arab%20Emirates
2020-08-12,39,33,0.0,13.0,9,38,No moonrise,01:14 PM,05:56 AM,06:59 PM,25,45,45,36,22,4,57,0.0,998,39,10,239,16,United%20Arab%20Emirates
2020-08-13,37,32,0.0,13.0,9,30,12:28 AM,02:08 PM,05:57 AM,06:58 PM,26,43,43,34,25,15,62,0.0,996,37,10,300,19,United%20Arab%20Emirates
2020-08-14,38,32,0.0,13.0,9,23,01:11 AM,03:04 PM,05:57 AM,06:57 PM,25,43,43,34,20,5,61,0.0,994,38,10,293,15,United%20Arab%20Emirates
2020-08-15,38,31,0.0,13.0,8,16,01:59 AM,04:01 PM,05:57 AM,06:56 PM,26,43,43,34,17,0,67,0.0,993,38,10,231,13,United%20Arab%20Emirates
2020-08-16,39,32,0.0,13.0,9,8,02:52 AM,04:57 PM,05:58 AM,06:55 PM,26,45,45,35,21,4,63,0.0,994,39,10,234,15,United%20Arab%20Emirates
2020-08-17,39,32,0.0,13.0,9,1,03:52 AM,05:50 PM,05:58 AM,06:55 PM,24,42,42,35,19,8,56,0.0,995,39,10,293,14,United%20Arab%20Emirates
2020-08-18,38,31,0.0,13.0,9,0,04:55 AM,06:40 PM,05:59 AM,06:54 PM,23,39,39,34,16,4,55,0.0,995,38,10,228,11,United%20Arab%20Emirates
2020-08-19,38,30,0.0,12.9,9,0,06:00 AM,07:27 PM,05:59 AM,06:53 PM,24,41,41,34,16,4,56,0.0,995,38,10,189,12,United%20Arab%20Emirates
2020-08-20,38,32,0.0,12.9,9,6,07:05 AM,08:09 PM,05:59 AM,06:52 PM,27,45,45,34,17,3,67,0.0,996,38,10,198,13,United%20Arab%20Emirates
2020-08-21,39,32,0.0,12.5,9,13,08:09 AM,08:50 PM,06:00 AM,06:51 PM,25,43,43,35,19,19,59,0.0,996,39,10,295,13,United%20Arab%20Emirates
2020-08-22,38,31,0.0,12.5,9,20,09:13 AM,09:30 PM,06:00 AM,06:50 PM,25,42,42,34,20,9,60,0.0,996,38,10,296,14,United%20Arab%20Emirates
2020-08-23,40,31,0.0,11.6,9,28,10:15 AM,10:10 PM,06:01 AM,06:49 PM,25,43,43,35,21,13,60,0.0,996,40,10,191,15,United%20Arab%20Emirates
2020-08-24,39,32,0.0,11.6,9,35,11:19 AM,10:52 PM,06:01 AM,06:48 PM,25,43,43,35,23,0,60,0.0,997,39,10,190,16,United%20Arab%20Emirates
2020-08-25,39,31,0.0,11.6,9,42,12:22 PM,11:37 PM,06:01 AM,06:47 PM,25,41,41,34,25,0,61,0.0,999,39,10,175,18,United%20Arab%20Emirates
2020-08-26,35,29,0.0,11.6,8,50,01:25 PM,No moonset,06:02 AM,06:46 PM,25,39,39,32,19,0,68,0.0,1000,35,10,234,14,United%20Arab%20Emirates
2020-08-27,39,32,0.0,11.6,9,57,02:26 PM,12:25 AM,06:02 AM,06:45 PM,24,42,42,35,23,11,53,0.0,999,39,10,131,17,United%20Arab%20Emirates
2020-08-28,38,32,0.0,11.6,9,64,03:25 PM,01:18 AM,06:02 AM,06:44 PM,24,42,42,35,19,22,52,0.7,999,38,10,148,14,United%20Arab%20Emirates
2020-08-29,39,33,0.0,11.6,8,71,04:19 PM,02:13 AM,06:03 AM,06:43 PM,23,42,42,36,18,17,49,0.0,999,39,10,169,13,United%20Arab%20Emirates
2020-08-30,40,33,0.0,11.6,9,79,05:08 PM,03:11 AM,06:03 AM,06:42 PM,21,42,42,36,20,5,44,0.0,1000,40,10,139,13,United%20Arab%20Emirates
2020-08-31,41,34,0.0,11.6,9,82,05:52 PM,04:08 AM,06:03 AM,06:41 PM,12,37,37,37,29,1,22,0.0,1001,41,10,83,18,United%20Arab%20Emirates
2020-09-01,41,33,0.0,11.6,9,97,06:31 PM,05:05 AM,06:04 AM,06:40 PM,10,36,36,37,34,0,20,0.0,1003,41,10,74,20,United%20Arab%20Emirates
2020-09-02,40,32,0.0,11.6,9,100,07:07 PM,05:59 AM,06:04 AM,06:39 PM,15,36,36,36,27,0,31,0.0,1006,40,10,112,16,United%20Arab%20Emirates
2020-09-03,39,32,0.0,11.6,9,88,07:40 PM,06:52 AM,06:05 AM,06:38 PM,17,37,37,35,28,0,35,0.0,1006,39,10,106,17,United%20Arab%20Emirates
2020-09-04,41,32,0.0,11.6,9,81,08:11 PM,07:43 AM,06:05 AM,06:37 PM,15,37,37,36,28,0,31,0.0,1005,41,10,54,16,United%20Arab%20Emirates
2020-09-05,40,32,0.0,11.6,9,73,08:42 PM,08:33 AM,06:05 AM,06:36 PM,15,36,36,35,26,16,30,0.0,1003,40,10,63,15,United%20Arab%20Emirates
2020-09-06,39,31,0.0,11.6,9,66,09:14 PM,09:23 AM,06:06 AM,06:35 PM,17,36,36,34,27,2,37,0.0,1004,39,10,69,17,United%20Arab%20Emirates
2020-09-07,40,31,0.0,11.6,9,58,09:48 PM,10:13 AM,06:06 AM,06:34 PM,20,38,38,35,26,0,44,0.0,1005,40,10,153,17,United%20Arab%20Emirates
2020-09-08,39,31,0.0,11.6,9,50,10:24 PM,11:05 AM,06:06 AM,06:33 PM,22,38,38,34,20,0,50,0.0,1005,39,10,200,14,United%20Arab%20Emirates
2020-09-09,37,31,0.0,11.6,8,43,11:04 PM,11:58 AM,06:07 AM,06:32 PM,20,37,37,33,19,0,48,0.0,1004,37,10,209,13,United%20Arab%20Emirates
2020-09-10,38,31,0.0,11.6,9,35,11:49 PM,12:53 PM,06:07 AM,06:31 PM,20,37,37,34,20,0,45,0.0,1002,38,10,134,13,United%20Arab%20Emirates
2020-09-11,40,31,0.0,11.6,9,28,No moonrise,01:48 PM,06:07 AM,06:30 PM,21,39,39,34,23,0,49,0.0,1001,40,10,161,15,United%20Arab%20Emirates
2020-09-12,41,32,0.0,11.6,9,20,12:39 AM,02:43 PM,06:08 AM,06:29 PM,20,39,39,35,20,0,44,0.0,1003,41,10,180,12,United%20Arab%20Emirates
2020-09-13,41,33,0.0,11.6,9,13,01:35 AM,03:37 PM,06:08 AM,06:28 PM,13,36,36,36,27,0,26,0.0,1004,41,10,61,15,United%20Arab%20Emirates
2020-09-14,40,32,0.0,11.6,9,5,02:35 AM,04:28 PM,06:08 AM,06:27 PM,14,35,35,35,28,2,28,0.0,1004,40,10,47,17,United%20Arab%20Emirates
2020-09-15,40,32,0.0,11.6,9,0,03:39 AM,05:16 PM,06:09 AM,06:26 PM,10,35,35,36,30,0,22,0.0,1004,40,10,65,17,United%20Arab%20Emirates
2020-09-16,40,31,0.0,11.6,9,0,04:44 AM,06:00 PM,06:09 AM,06:25 PM,11,34,34,35,27,0,26,0.0,1004,40,10,61,15,United%20Arab%20Emirates
2020-09-17,39,30,0.0,11.6,9,0,05:50 AM,06:42 PM,06:09 AM,06:24 PM,13,35,35,34,25,0,31,0.0,1006,39,10,95,14,United%20Arab%20Emirates
2020-09-18,39,30,0.0,11.6,8,2,06:55 AM,07:24 PM,06:10 AM,06:23 PM,16,34,34,33,26,0,38,0.0,1005,39,10,97,15,United%20Arab%20Emirates
2020-09-19,38,30,0.0,11.6,8,10,08:00 AM,08:04 PM,06:10 AM,06:22 PM,15,34,34,33,24,0,37,0.0,1003,38,10,159,14,United%20Arab%20Emirates
2020-09-20,37,29,0.0,11.6,8,17,09:05 AM,08:47 PM,06:10 AM,06:21 PM,19,35,35,33,24,0,46,0.0,1003,37,10,172,15,United%20Arab%20Emirates
2020-09-21,38,29,0.0,11.6,8,25,10:11 AM,09:33 PM,06:11 AM,06:20 PM,19,35,35,33,24,0,48,0.0,1003,38,10,110,15,United%20Arab%20Emirates
2020-09-22,40,29,0.0,11.6,9,32,11:17 AM,10:21 PM,06:11 AM,06:18 PM,17,36,36,34,29,0,43,0.0,1003,40,10,31,17,United%20Arab%20Emirates
2020-09-23,40,30,0.0,11.6,9,40,12:20 PM,11:14 PM,06:11 AM,06:17 PM,15,34,34,33,24,0,35,0.0,1003,40,10,104,14,United%20Arab%20Emirates
2020-09-24,39,31,0.0,11.6,9,47,01:21 PM,No moonset,06:12 AM,06:16 PM,11,34,34,35,25,0,26,0.0,1004,39,10,121,14,United%20Arab%20Emirates
2020-09-25,37,31,0.0,11.6,8,55,02:17 PM,12:09 AM,06:12 AM,06:15 PM,14,34,34,33,25,0,34,0.0,1004,37,10,169,15,United%20Arab%20Emirates
2020-09-26,38,29,0.0,11.6,8,62,03:07 PM,01:06 AM,06:13 AM,06:14 PM,17,34,34,32,20,0,42,0.0,1004,38,10,171,13,United%20Arab%20Emirates
2020-09-27,38,29,0.0,11.6,8,70,03:52 PM,02:03 AM,06:13 AM,06:13 PM,18,35,35,33,22,0,44,0.0,1004,38,10,157,13,United%20Arab%20Emirates
2020-09-28,37,28,0.0,11.6,8,78,04:31 PM,02:59 AM,06:13 AM,06:12 PM,18,34,34,32,20,0,47,0.0,1005,37,10,181,12,United%20Arab%20Emirates
2020-09-29,37,29,0.0,11.6,8,85,05:08 PM,03:54 AM,06:14 AM,06:11 PM,18,34,34,33,19,0,46,0.0,1005,37,10,152,11,United%20Arab%20Emirates
2020-09-30,39,30,0.0,11.6,9,93,05:41 PM,04:47 AM,06:14 AM,06:10 PM,16,35,35,34,30,0,37,0.0,1005,39,10,122,17,United%20Arab%20Emirates
2020-10-01,38,30,0.0,11.6,8,97,06:13 PM,05:38 AM,06:14 AM,06:09 PM,12,33,33,34,30,0,29,0.0,1007,38,10,158,17,United%20Arab%20Emirates
2020-10-02,37,30,0.0,11.6,8,100,06:44 PM,06:28 AM,06:15 AM,06:08 PM,13,33,33,33,23,0,32,0.0,1008,37,10,222,14,United%20Arab%20Emirates
2020-10-03,35,28,0.0,11.6,8,89,07:15 PM,07:18 AM,06:15 AM,06:07 PM,20,33,33,31,20,0,53,0.0,1008,35,10,177,12,United%20Arab%20Emirates
2020-10-04,35,27,0.0,11.6,8,82,07:48 PM,08:08 AM,06:16 AM,06:06 PM,21,33,33,31,19,0,57,0.0,1008,35,10,156,12,United%20Arab%20Emirates
2020-10-05,37,28,0.0,11.6,8,74,08:23 PM,09:00 AM,06:16 AM,06:05 PM,21,35,35,32,25,0,56,0.0,1008,37,10,167,16,United%20Arab%20Emirates
2020-10-06,37,28,0.0,11.6,8,67,09:01 PM,09:52 AM,06:16 AM,06:04 PM,19,34,34,32,27,0,49,0.0,1007,37,10,170,16,United%20Arab%20Emirates
2020-10-07,36,29,0.0,11.6,8,60,09:44 PM,10:46 AM,06:17 AM,06:03 PM,17,33,33,32,25,0,44,0.0,1008,36,10,132,15,United%20Arab%20Emirates
2020-10-08,35,28,0.0,11.6,8,53,10:30 PM,11:40 AM,06:17 AM,06:02 PM,20,34,34,31,23,1,53,0.0,1009,35,10,193,15,United%20Arab%20Emirates
2020-10-09,35,28,0.0,11.6,8,45,11:23 PM,12:34 PM,06:18 AM,06:01 PM,22,35,35,31,23,1,59,0.0,1009,35,10,171,15,United%20Arab%20Emirates
2020-10-10,34,29,0.0,11.6,8,38,No moonrise,01:28 PM,06:18 AM,06:00 PM,19,33,33,31,27,0,51,0.0,1010,34,10,326,18,United%20Arab%20Emirates
2020-10-11,34,28,0.0,8.7,8,31,12:20 AM,02:18 PM,06:18 AM,05:59 PM,19,32,32,30,26,1,52,0.0,1010,34,10,257,18,United%20Arab%20Emirates
2020-10-12,34,28,0.0,8.7,8,23,01:21 AM,03:06 PM,06:19 AM,05:59 PM,18,32,32,30,25,3,49,0.0,1009,34,10,258,17,United%20Arab%20Emirates
2020-10-13,34,28,0.0,8.7,8,16,02:23 AM,03:50 PM,06:19 AM,05:58 PM,17,31,31,30,25,3,47,0.0,1008,34,10,161,16,United%20Arab%20Emirates
2020-10-14,34,27,0.0,8.7,8,9,03:27 AM,04:32 PM,06:20 AM,05:57 PM,14,30,30,30,29,0,40,0.0,1009,34,10,33,18,United%20Arab%20Emirates
2020-10-15,33,25,0.0,8.7,8,2,04:32 AM,05:14 PM,06:20 AM,05:56 PM,7,28,28,29,33,0,26,0.0,1009,33,10,80,19,United%20Arab%20Emirates
2020-10-16,34,25,0.0,8.7,8,0,05:37 AM,05:55 PM,06:21 AM,05:55 PM,9,28,28,29,32,0,31,0.0,1009,34,10,81,18,United%20Arab%20Emirates
2020-10-17,34,26,0.0,8.7,8,0,06:43 AM,06:37 PM,06:21 AM,05:54 PM,12,29,29,29,31,0,38,0.0,1009,34,10,71,18,United%20Arab%20Emirates
2020-10-18,34,25,0.0,8.7,8,5,07:51 AM,07:22 PM,06:22 AM,05:53 PM,14,29,29,29,32,0,43,0.0,1010,34,10,68,19,United%20Arab%20Emirates
2020-10-19,33,25,0.0,8.7,8,13,08:59 AM,08:10 PM,06:22 AM,05:52 PM,14,29,29,29,30,0,42,0.0,1010,33,10,102,18,United%20Arab%20Emirates
2020-10-20,33,26,0.0,8.7,7,20,10:06 AM,09:03 PM,06:23 AM,05:52 PM,16,29,29,29,28,0,47,0.0,1009,33,10,167,17,United%20Arab%20Emirates
2020-10-21,33,25,0.0,8.7,7,27,11:11 AM,10:00 PM,06:23 AM,05:51 PM,13,28,28,28,25,0,43,0.0,1011,33,10,69,14,United%20Arab%20Emirates
2020-10-22,32,24,0.0,8.7,7,35,12:11 PM,10:58 PM,06:24 AM,05:50 PM,17,29,29,28,22,0,54,0.0,1010,32,10,205,14,United%20Arab%20Emirates
2020-10-23,33,25,0.0,8.7,7,42,01:04 PM,11:57 PM,06:24 AM,05:49 PM,18,29,29,28,23,0,55,0.0,1010,33,10,200,14,United%20Arab%20Emirates
2020-10-24,35,24,0.0,8.7,8,49,01:52 PM,No moonset,06:25 AM,05:48 PM,10,29,29,29,32,0,33,0.0,1011,35,10,64,19,United%20Arab%20Emirates
2020-10-25,33,24,0.0,8.7,7,56,02:33 PM,12:54 AM,06:25 AM,05:48 PM,8,27,27,28,29,0,30,0.0,1013,33,10,111,17,United%20Arab%20Emirates
2020-10-26,31,23,0.0,8.7,7,64,03:10 PM,01:50 AM,06:26 AM,05:47 PM,14,28,28,27,24,0,48,0.0,1013,31,10,176,14,United%20Arab%20Emirates
2020-10-27,31,23,0.0,8.7,7,71,03:44 PM,02:43 AM,06:26 AM,05:46 PM,13,27,27,26,23,0,48,0.0,1012,31,10,165,13,United%20Arab%20Emirates
2020-10-28,31,23,0.0,8.7,7,78,04:15 PM,03:34 AM,06:27 AM,05:45 PM,15,27,27,27,23,0,52,0.0,1013,31,10,154,14,United%20Arab%20Emirates
2020-10-29,31,23,0.0,8.7,7,85,04:46 PM,04:24 AM,06:27 AM,05:45 PM,15,27,27,27,25,0,51,0.0,1014,31,10,128,14,United%20Arab%20Emirates
2020-10-30,32,24,0.0,8.7,7,93,05:17 PM,05:14 AM,06:28 AM,05:44 PM,16,28,28,27,26,0,53,0.0,1014,32,10,157,15,United%20Arab%20Emirates
2020-10-31,31,23,0.0,8.7,7,97,05:50 PM,06:04 AM,06:29 AM,05:43 PM,17,28,28,27,24,0,58,0.0,1014,31,10,169,14,United%20Arab%20Emirates
2020-11-01,31,23,0.0,8.7,7,89,06:23 PM,06:56 AM,06:29 AM,05:43 PM,14,27,27,26,22,0,52,0.0,1016,31,10,166,13,United%20Arab%20Emirates
2020-11-02,30,22,0.0,8.7,7,81,07:01 PM,07:48 AM,06:30 AM,05:42 PM,17,27,27,26,18,0,59,0.0,1016,30,10,188,11,United%20Arab%20Emirates
2020-11-03,31,24,0.0,8.7,7,74,07:42 PM,08:41 AM,06:30 AM,05:42 PM,18,28,28,27,22,0,59,0.0,1016,31,10,298,13,United%20Arab%20Emirates
2020-11-04,30,23,0.0,8.7,7,66,08:27 PM,09:36 AM,06:31 AM,05:41 PM,17,27,27,26,19,0,59,0.0,1013,30,10,271,11,United%20Arab%20Emirates
2020-11-05,30,22,0.0,8.7,7,58,09:17 PM,10:30 AM,06:32 AM,05:40 PM,17,27,27,26,18,0,58,0.0,1012,30,10,181,11,United%20Arab%20Emirates
2020-11-06,31,23,0.0,8.7,7,51,10:11 PM,11:23 AM,06:32 AM,05:40 PM,13,27,27,26,24,0,46,0.0,1014,31,10,124,14,United%20Arab%20Emirates
2020-11-07,31,23,0.0,8.7,7,43,11:09 PM,12:13 PM,06:33 AM,05:39 PM,13,27,27,27,24,9,43,0.0,1016,31,10,143,14,United%20Arab%20Emirates
2020-11-08,31,26,0.0,8.7,7,36,No moonrise,01:00 PM,06:34 AM,05:39 PM,17,29,29,28,25,24,52,0.0,1016,31,10,139,16,United%20Arab%20Emirates
2020-11-09,31,25,0.0,8.7,7,28,12:09 AM,01:44 PM,06:34 AM,05:38 PM,16,28,28,28,23,9,51,0.0,1017,31,10,124,14,United%20Arab%20Emirates
2020-11-10,30,24,0.0,8.7,7,21,01:11 AM,02:25 PM,06:35 AM,05:38 PM,18,28,28,26,20,1,62,0.0,1014,30,10,151,13,United%20Arab%20Emirates
2020-11-11,31,23,0.0,8.7,7,13,02:13 AM,03:06 PM,06:36 AM,05:37 PM,17,28,28,27,19,0,58,0.0,1013,31,10,166,12,United%20Arab%20Emirates
2020-11-12,32,24,0.0,8.7,7,6,03:16 AM,03:45 PM,06:36 AM,05:37 PM,16,29,29,27,24,1,51,0.0,1015,32,10,127,14,United%20Arab%20Emirates
2020-11-13,32,24,0.0,8.7,7,0,04:19 AM,04:25 PM,06:37 AM,05:37 PM,15,29,29,28,26,3,49,0.0,1015,32,10,179,16,United%20Arab%20Emirates
2020-11-14,30,24,0.0,8.7,7,0,05:26 AM,05:09 PM,06:38 AM,05:36 PM,16,28,28,27,23,6,53,0.0,1014,30,10,243,15,United%20Arab%20Emirates
2020-11-15,29,23,0.0,8.7,7,0,06:33 AM,05:55 PM,06:38 AM,05:36 PM,16,27,27,26,18,2,56,0.0,1014,29,10,284,11,United%20Arab%20Emirates
2020-11-16,28,21,0.0,8.7,7,2,07:43 AM,06:47 PM,06:39 AM,05:36 PM,15,26,26,24,17,1,58,0.0,1015,28,10,169,10,United%20Arab%20Emirates
2020-11-17,29,22,0.0,8.7,7,9,08:51 AM,07:44 PM,06:40 AM,05:35 PM,17,26,26,25,21,3,62,0.0,1015,29,10,121,13,United%20Arab%20Emirates
2020-11-18,28,21,0.0,8.7,7,17,09:56 AM,08:43 PM,06:40 AM,05:35 PM,18,26,26,24,19,2,68,0.0,1014,28,10,237,13,United%20Arab%20Emirates
2020-11-19,27,22,0.0,8.7,7,24,10:54 AM,09:45 PM,06:41 AM,05:35 PM,16,26,26,25,25,1,59,0.0,1015,27,10,312,16,United%20Arab%20Emirates
2020-11-20,29,20,0.0,8.7,7,32,11:46 AM,10:44 PM,06:42 AM,05:35 PM,14,24,24,24,19,0,56,0.0,1016,29,10,67,12,United%20Arab%20Emirates
2020-11-21,29,22,0.0,8.7,7,39,12:31 PM,11:42 PM,06:42 AM,05:34 PM,14,26,26,25,26,5,50,0.0,1016,29,10,150,16,United%20Arab%20Emirates
2020-11-22,29,21,0.0,8.7,7,47,01:10 PM,No moonset,06:43 AM,05:34 PM,14,26,26,25,23,1,52,0.0,1015,29,10,217,14,United%20Arab%20Emirates
2020-11-23,27,21,0.0,8.7,7,54,01:46 PM,12:37 AM,06:44 AM,05:34 PM,17,26,26,24,27,9,64,0.0,1014,27,10,259,18,United%20Arab%20Emirates
2020-11-24,26,23,0.0,7.2,5,62,02:18 PM,01:30 AM,06:45 AM,05:34 PM,16,25,25,24,36,46,63,0.2,1014,26,10,300,25,United%20Arab%20Emirates
2020-11-25,28,20,0.0,8.7,6,70,02:49 PM,02:20 AM,06:45 AM,05:34 PM,13,24,24,24,26,5,54,0.0,1015,28,10,107,17,United%20Arab%20Emirates
2020-11-26,28,20,0.0,8.7,6,77,03:20 PM,03:10 AM,06:46 AM,05:34 PM,14,24,24,24,27,7,55,0.0,1017,28,10,100,16,United%20Arab%20Emirates
2020-11-27,26,20,0.0,8.7,6,85,03:51 PM,04:00 AM,06:47 AM,05:34 PM,11,24,24,23,29,7,47,0.0,1019,26,10,88,17,United%20Arab%20Emirates
2020-11-28,27,20,0.0,8.7,6,92,04:24 PM,04:50 AM,06:47 AM,05:34 PM,14,24,24,23,24,11,57,0.0,1019,27,10,96,15,United%20Arab%20Emirates
2020-11-29,26,20,0.0,8.7,6,100,05:00 PM,05:43 AM,06:48 AM,05:34 PM,14,24,24,23,26,12,58,0.0,1017,26,10,137,15,United%20Arab%20Emirates
2020-11-30,26,19,0.0,8.7,6,100,05:40 PM,06:36 AM,06:49 AM,05:34 PM,15,24,24,23,16,9,63,0.0,1016,26,10,168,10,United%20Arab%20Emirates
2020-12-01,27,20,0.0,8.7,6,89,06:24 PM,07:31 AM,06:50 AM,05:34 PM,15,24,24,23,19,0,64,0.0,1016,27,10,167,11,United%20Arab%20Emirates
2020-12-02,28,20,0.0,8.7,6,82,07:14 PM,08:25 AM,06:50 AM,05:34 PM,13,24,24,24,20,0,55,0.0,1017,28,10,123,11,United%20Arab%20Emirates
2020-12-03,27,20,0.0,8.7,6,75,08:07 PM,09:20 AM,06:51 AM,05:34 PM,17,25,25,23,15,3,67,0.0,1016,27,10,212,9,United%20Arab%20Emirates
2020-12-04,27,20,0.0,8.7,6,67,09:04 PM,10:11 AM,06:52 AM,05:34 PM,19,25,25,24,15,1,77,0.0,1014,27,10,312,9,United%20Arab%20Emirates
2020-12-05,28,22,0.0,8.7,7,60,10:03 PM,10:59 AM,06:52 AM,05:34 PM,20,27,27,25,15,0,77,0.0,1012,28,10,303,9,United%20Arab%20Emirates
2020-12-06,30,21,0.0,8.7,7,53,11:03 PM,11:43 AM,06:53 AM,05:34 PM,18,26,26,25,14,1,67,0.0,1012,30,10,206,8,United%20Arab%20Emirates
2020-12-07,26,22,0.0,8.7,6,46,No moonrise,12:24 PM,06:54 AM,05:35 PM,18,26,26,24,27,11,68,0.0,1015,26,10,256,18,United%20Arab%20Emirates
2020-12-08,24,21,0.0,8.7,5,38,12:02 AM,01:03 PM,06:54 AM,05:35 PM,15,23,23,22,30,36,66,0.1,1018,24,10,306,21,United%20Arab%20Emirates
2020-12-09,24,20,0.0,8.7,5,31,01:03 AM,01:41 PM,06:55 AM,05:35 PM,13,23,23,22,28,28,59,0.2,1017,24,10,309,19,United%20Arab%20Emirates
2020-12-10,24,20,0.0,8.7,6,24,02:03 AM,02:19 PM,06:56 AM,05:35 PM,13,23,23,22,30,0,56,0.0,1016,24,10,313,20,United%20Arab%20Emirates
2020-12-11,24,21,0.0,8.7,6,17,03:06 AM,02:59 PM,06:56 AM,05:36 PM,13,24,24,23,27,1,54,0.0,1017,24,10,318,18,United%20Arab%20Emirates
2020-12-12,23,20,0.0,8.7,6,9,04:11 AM,03:43 PM,06:57 AM,05:36 PM,12,23,23,21,17,22,53,0.0,1017,23,10,303,11,United%20Arab%20Emirates
2020-12-13,23,19,0.0,8.7,6,2,05:18 AM,04:30 PM,06:58 AM,05:36 PM,11,21,22,21,19,6,54,0.0,1017,23,10,326,12,United%20Arab%20Emirates
2020-12-14,24,18,0.0,8.7,6,0,06:26 AM,05:25 PM,06:58 AM,05:37 PM,11,21,22,21,17,0,53,0.0,1017,24,10,88,11,United%20Arab%20Emirates
2020-12-15,25,18,0.0,8.7,6,0,07:34 AM,06:23 PM,06:59 AM,05:37 PM,11,21,22,21,19,0,52,0.0,1018,25,10,110,11,United%20Arab%20Emirates
2020-12-16,25,19,0.0,7.1,5,5,08:37 AM,07:25 PM,06:59 AM,05:37 PM,10,23,23,22,20,38,47,0.0,1019,25,10,135,12,United%20Arab%20Emirates
2020-12-17,25,19,0.0,8.7,5,12,09:34 AM,08:27 PM,07:00 AM,05:38 PM,10,23,23,22,20,29,49,0.0,1019,25,10,150,12,United%20Arab%20Emirates
2020-12-18,25,19,0.0,8.7,6,20,10:23 AM,09:29 PM,07:01 AM,05:38 PM,11,23,23,22,17,18,52,0.0,1018,25,10,173,10,United%20Arab%20Emirates
2020-12-19,24,19,0.0,7.1,5,27,11:06 AM,10:26 PM,07:01 AM,05:39 PM,14,23,23,21,17,32,64,0.0,1018,24,10,183,11,United%20Arab%20Emirates
2020-12-20,24,21,0.0,8.7,6,34,11:44 AM,11:21 PM,07:02 AM,05:39 PM,15,23,23,22,25,11,65,0.0,1019,24,10,322,17,United%20Arab%20Emirates
2020-12-21,23,18,0.0,8.7,6,41,12:17 PM,No moonset,07:02 AM,05:40 PM,13,21,22,21,27,2,60,0.0,1019,23,10,312,18,United%20Arab%20Emirates
2020-12-22,23,19,0.0,8.7,6,49,12:49 PM,12:13 AM,07:03 AM,05:40 PM,13,21,22,21,25,0,59,0.0,1018,23,10,325,16,United%20Arab%20Emirates
2020-12-23,24,19,0.0,8.7,6,56,01:20 PM,01:03 AM,07:03 AM,05:41 PM,11,22,22,21,23,0,53,0.0,1016,24,10,112,14,United%20Arab%20Emirates
2020-12-24,23,17,0.0,8.7,6,63,01:51 PM,01:53 AM,07:04 AM,05:41 PM,10,20,21,20,13,0,51,0.0,1014,23,10,181,8,United%20Arab%20Emirates
2020-12-25,23,17,0.0,8.7,6,70,02:23 PM,02:43 AM,07:04 AM,05:42 PM,12,20,21,20,18,7,63,0.0,1016,23,10,272,12,United%20Arab%20Emirates
2020-12-26,21,19,0.0,8.7,5,78,02:58 PM,03:35 AM,07:04 AM,05:42 PM,10,20,20,20,35,27,55,0.0,1019,21,10,296,24,United%20Arab%20Emirates
2020-12-27,24,17,0.0,8.7,6,85,03:37 PM,04:28 AM,07:05 AM,05:43 PM,7,20,20,20,28,15,46,0.0,1021,24,10,67,17,United%20Arab%20Emirates
2020-12-28,22,16,0.0,8.7,5,92,04:19 PM,05:23 AM,07:05 AM,05:44 PM,6,19,19,19,23,0,43,0.0,1020,22,10,106,14,United%20Arab%20Emirates
2020-12-29,23,18,0.0,8.7,6,100,05:08 PM,06:18 AM,07:06 AM,05:44 PM,13,20,21,20,24,3,66,0.0,1019,23,10,281,15,United%20Arab%20Emirates
2020-12-30,23,18,0.0,8.7,6,100,06:00 PM,07:13 AM,07:06 AM,05:45 PM,9,20,21,20,21,1,49,0.0,1018,23,10,142,13,United%20Arab%20Emirates
2020-12-31,24,18,0.0,8.7,6,89,06:57 PM,08:06 AM,07:06 AM,05:45 PM,11,21,21,21,23,6,55,0.0,1017,24,10,79,14,United%20Arab%20Emirates
2021-01-01,23,18,0.0,8.7,6,79,07:57 PM,08:56 AM,07:07 AM,05:46 PM,11,20,21,20,20,9,56,0.0,1017,23,10,146,12,United%20Arab%20Emirates
2021-01-02,23,18,0.0,8.7,6,71,08:57 PM,09:43 AM,07:07 AM,05:47 PM,10,20,21,20,23,5,52,0.0,1018,23,10,182,14,United%20Arab%20Emirates
2021-01-03,23,17,0.0,8.7,5,64,09:57 PM,10:25 AM,07:07 AM,05:47 PM,12,20,21,20,17,16,60,0.2,1018,23,10,151,11,United%20Arab%20Emirates
2021-01-04,23,17,0.0,8.7,6,57,10:57 PM,11:04 AM,07:07 AM,05:48 PM,8,20,20,20,21,2,48,0.0,1017,23,10,78,13,United%20Arab%20Emirates
2021-01-05,23,16,0.0,8.7,5,50,11:56 PM,11:42 AM,07:08 AM,05:49 PM,2,19,19,19,27,1,33,0.0,1018,23,10,36,16,United%20Arab%20Emirates
2021-01-06,23,17,0.0,8.7,6,42,No moonrise,12:18 PM,07:08 AM,05:49 PM,8,20,20,20,24,2,47,0.0,1019,23,10,103,15,United%20Arab%20Emirates
2021-01-07,23,17,0.0,8.7,6,35,12:57 AM,12:56 PM,07:08 AM,05:50 PM,7,20,20,20,33,2,45,0.0,1019,23,10,67,22,United%20Arab%20Emirates
2021-01-08,22,15,0.0,8.7,5,28,01:58 AM,01:37 PM,07:08 AM,05:51 PM,-0,18,18,18,42,1,29,0.0,1020,22,10,70,27,United%20Arab%20Emirates
2021-01-09,22,15,0.0,8.7,5,20,03:02 AM,02:21 PM,07:08 AM,05:52 PM,1,18,18,18,33,1,33,0.0,1019,22,10,44,20,United%20Arab%20Emirates
2021-01-10,22,15,0.0,8.7,5,13,04:07 AM,03:11 PM,07:08 AM,05:52 PM,2,18,18,18,32,0,35,0.0,1019,22,10,118,19,United%20Arab%20Emirates
2021-01-11,22,15,0.0,8.7,5,6,05:14 AM,04:06 PM,07:08 AM,05:53 PM,5,19,19,19,25,0,41,0.0,1019,22,10,178,15,United%20Arab%20Emirates
2021-01-12,22,16,0.0,8.7,5,0,06:18 AM,05:06 PM,07:08 AM,05:54 PM,9,19,20,19,22,0,52,0.0,1019,22,10,247,14,United%20Arab%20Emirates
2021-01-13,22,17,0.0,8.7,6,0,07:18 AM,06:08 PM,07:09 AM,05:54 PM,12,19,20,19,22,0,64,0.0,1018,22,10,313,14,United%20Arab%20Emirates
2021-01-14,21,17,0.0,8.7,5,1,08:11 AM,07:11 PM,07:09 AM,05:55 PM,14,19,19,19,23,3,71,0.0,1016,21,10,299,15,United%20Arab%20Emirates
2021-01-15,21,16,0.0,8.7,5,8,08:57 AM,08:11 PM,07:08 AM,05:56 PM,13,18,19,18,17,2,71,0.0,1015,21,10,302,11,United%20Arab%20Emirates
2021-01-16,22,14,0.0,8.7,5,16,09:38 AM,09:08 PM,07:08 AM,05:57 PM,10,18,19,18,11,3,62,0.0,1014,22,10,258,7,United%20Arab%20Emirates
2021-01-17,24,16,0.0,8.7,6,23,10:14 AM,10:02 PM,07:08 AM,05:57 PM,10,20,20,20,13,1,56,0.0,1013,24,10,286,8,United%20Arab%20Emirates
2021-01-18,25,19,0.0,8.7,6,30,10:47 AM,10:54 PM,07:08 AM,05:58 PM,12,22,22,21,20,0,58,0.0,1014,25,10,235,12,United%20Arab%20Emirates
2021-01-19,24,19,0.0,8.7,6,38,11:19 AM,11:45 PM,07:08 AM,05:59 PM,14,21,21,21,24,0,67,0.0,1016,24,10,316,15,United%20Arab%20Emirates
2021-01-20,24,18,0.0,10.9,6,45,11:50 AM,No moonset,07:08 AM,06:00 PM,13,20,21,20,18,0,66,0.0,1016,24,10,309,11,United%20Arab%20Emirates
2021-01-21,24,17,0.0,10.9,6,52,12:22 PM,12:35 AM,07:08 AM,06:00 PM,12,20,20,20,22,0,63,0.0,1017,24,10,238,16,United%20Arab%20Emirates
2021-01-22,20,18,0.0,10.9,5,59,12:56 PM,01:26 AM,07:08 AM,06:01 PM,12,19,19,19,41,0,65,0.0,1019,20,10,308,29,United%20Arab%20Emirates
2021-01-23,24,16,0.0,11.0,6,67,01:33 PM,02:18 AM,07:07 AM,06:02 PM,10,19,19,19,31,0,58,0.0,1019,24,10,86,20,United%20Arab%20Emirates
2021-01-24,22,16,0.0,11.0,5,74,02:13 PM,03:12 AM,07:07 AM,06:02 PM,9,19,19,19,29,0,52,0.0,1019,22,10,183,18,United%20Arab%20Emirates
2021-01-25,22,17,0.0,11.0,6,81,02:59 PM,04:06 AM,07:07 AM,06:03 PM,14,19,20,19,22,1,73,0.0,1019,22,10,329,14,United%20Arab%20Emirates
2021-01-26,22,17,0.0,11.0,6,88,03:50 PM,05:02 AM,07:07 AM,06:04 PM,14,19,20,19,21,0,72,0.0,1018,22,10,312,14,United%20Arab%20Emirates
2021-01-27,23,18,0.0,11.0,6,96,04:45 PM,05:57 AM,07:06 AM,06:05 PM,14,20,21,20,25,0,69,0.0,1018,23,10,291,16,United%20Arab%20Emirates
2021-01-28,25,17,0.0,11.0,6,100,05:45 PM,06:48 AM,07:06 AM,06:05 PM,11,20,20,20,20,1,59,0.0,1018,25,10,167,11,United%20Arab%20Emirates
2021-01-29,27,18,0.0,11.0,6,90,06:47 PM,07:37 AM,07:06 AM,06:06 PM,8,22,22,22,22,0,43,0.0,1017,27,10,119,12,United%20Arab%20Emirates
2021-01-30,27,19,0.0,11.0,6,82,07:49 PM,08:22 AM,07:05 AM,06:07 PM,8,22,22,22,28,0,42,0.0,1016,27,10,187,16,United%20Arab%20Emirates
2021-01-31,23,19,0.0,11.0,6,79,08:50 PM,09:03 AM,07:05 AM,06:07 PM,14,20,21,20,23,0,67,0.0,1017,23,10,268,15,United%20Arab%20Emirates
2021-02-01,21,17,0.0,11.0,5,63,09:51 PM,09:42 AM,07:04 AM,06:08 PM,12,19,20,19,30,1,64,0.0,1019,21,10,295,20,United%20Arab%20Emirates
2021-02-02,22,18,0.0,11.1,6,55,10:51 PM,10:19 AM,07:04 AM,06:09 PM,13,20,21,20,25,3,66,0.0,1019,22,10,306,16,United%20Arab%20Emirates
2021-02-03,23,15,0.0,11.1,6,48,11:53 PM,10:57 AM,07:03 AM,06:09 PM,13,19,19,19,15,11,69,0.0,1017,23,10,215,10,United%20Arab%20Emirates
2021-02-04,25,17,0.0,11.1,6,40,No moonrise,11:37 AM,07:03 AM,06:10 PM,13,21,21,21,18,0,64,0.0,1016,25,10,240,11,United%20Arab%20Emirates
2021-02-05,28,18,0.0,11.1,6,33,12:55 AM,12:18 PM,07:02 AM,06:11 PM,9,22,22,22,27,0,45,0.0,1016,28,10,111,15,United%20Arab%20Emirates
2021-02-06,27,19,0.0,11.1,6,25,01:59 AM,01:05 PM,07:02 AM,06:11 PM,10,23,23,23,32,1,47,0.0,1014,27,10,125,19,United%20Arab%20Emirates
2021-02-07,27,18,0.0,11.1,6,18,03:03 AM,01:57 PM,07:01 AM,06:12 PM,10,22,22,22,32,3,48,0.0,1015,27,10,127,20,United%20Arab%20Emirates
