date_time,United%20States%2C%20Vermont_maxtempC,United%20States%2C%20Vermont_mintempC,United%20States%2C%20Vermont_totalSnow_cm,United%20States%2C%20Vermont_sunHour,United%20States%2C%20Vermont_uvIndex,United%20States%2C%20Vermont_moon_illumination,United%20States%2C%20Vermont_moonrise,United%20States%2C%20Vermont_moonset,United%20States%2C%20Vermont_sunrise,United%20States%2C%20Vermont_sunset,United%20States%2C%20Vermont_DewPointC,United%20States%2C%20Vermont_FeelsLikeC,United%20States%2C%20Vermont_HeatIndexC,United%20States%2C%20Vermont_WindChillC,United%20States%2C%20Vermont_WindGustKmph,United%20States%2C%20Vermont_cloudcover,United%20States%2C%20Vermont_humidity,United%20States%2C%20Vermont_precipMM,United%20States%2C%20Vermont_pressure,United%20States%2C%20Vermont_tempC,United%20States%2C%20Vermont_visibility,United%20States%2C%20Vermont_winddirDegree,United%20States%2C%20Vermont_windspeedKmph,United%20States%2C%20Vermont_location
2020-01-01,-1,-6,3.7,3.4,1,37,11:23 AM,10:56 PM,07:24 AM,04:26 PM,-5,-9,-4,-9,23,88,92,4.3,1002,-1,4,260,17,United%20States%2C%20Vermont
2020-01-02,2,-9,0.0,6.9,1,44,11:46 AM,11:55 PM,07:24 AM,04:27 PM,-4,-6,-3,-6,14,43,90,0.1,1010,2,8,255,9,United%20States%2C%20Vermont
2020-01-03,4,-2,2.6,3.4,1,51,12:08 PM,No moonset,07:24 AM,04:28 PM,-1,-1,0,-1,9,79,91,3.9,1008,4,7,216,4,United%20States%2C%20Vermont
2020-01-04,3,-1,12.1,3.4,1,59,12:31 PM,12:55 AM,07:24 AM,04:29 PM,2,1,2,1,6,99,99,14.2,1005,3,1,175,4,United%20States%2C%20Vermont
2020-01-05,-2,-5,2.8,5.2,1,66,12:57 PM,01:57 AM,07:24 AM,04:30 PM,-5,-7,-3,-7,16,68,87,3.4,1006,-2,6,293,12,United%20States%2C%20Vermont
2020-01-06,-4,-9,0.7,3.4,1,73,01:26 PM,03:00 AM,07:24 AM,04:31 PM,-8,-11,-6,-11,23,79,86,1.8,1010,-4,7,242,12,United%20States%2C%20Vermont
2020-01-07,-4,-9,0.3,5.2,1,80,02:00 PM,04:05 AM,07:24 AM,04:32 PM,-9,-11,-6,-11,19,81,82,1.2,1015,-4,8,240,10,United%20States%2C%20Vermont
2020-01-08,-1,-10,1.3,3.4,1,88,02:41 PM,05:11 AM,07:23 AM,04:33 PM,-8,-11,-5,-11,22,85,80,2.2,1011,-1,4,239,18,United%20States%2C%20Vermont
2020-01-09,-7,-17,0.2,8.7,1,95,03:32 PM,06:16 AM,07:23 AM,04:34 PM,-14,-17,-12,-17,15,44,81,0.3,1034,-7,9,258,10,United%20States%2C%20Vermont
2020-01-10,2,-7,0.3,5.2,1,100,04:32 PM,07:17 AM,07:23 AM,04:35 PM,-4,-6,-2,-6,13,60,82,0.6,1030,2,8,201,9,United%20States%2C%20Vermont
2020-01-11,11,-1,0.0,3.4,2,100,05:41 PM,08:10 AM,07:23 AM,04:36 PM,7,4,7,4,23,99,97,9.3,1021,11,6,213,14,United%20States%2C%20Vermont
2020-01-12,11,-6,0.0,5.2,2,83,06:55 PM,08:56 AM,07:22 AM,04:38 PM,3,2,5,2,44,72,83,12.0,1013,11,9,241,23,United%20States%2C%20Vermont
2020-01-13,-3,-8,0.0,6.9,1,76,08:10 PM,09:36 AM,07:22 AM,04:39 PM,-9,-8,-6,-8,10,51,76,0.0,1031,-3,10,174,6,United%20States%2C%20Vermont
2020-01-14,2,-6,0.0,5.2,1,69,09:26 PM,10:09 AM,07:21 AM,04:40 PM,-3,-3,-1,-3,8,81,88,0.4,1026,2,7,208,5,United%20States%2C%20Vermont
2020-01-15,4,-3,0.9,8.7,1,61,10:39 PM,10:39 AM,07:21 AM,04:41 PM,-1,-2,1,-2,16,64,85,1.1,1018,4,8,246,11,United%20States%2C%20Vermont
2020-01-16,1,-7,9.0,3.5,1,54,11:52 PM,11:07 AM,07:21 AM,04:42 PM,-4,-7,-2,-7,22,94,88,13.5,1010,1,2,245,18,United%20States%2C%20Vermont
2020-01-17,-12,-18,0.5,8.7,1,47,No moonrise,11:35 AM,07:20 AM,04:44 PM,-18,-22,-15,-22,20,41,76,0.8,1034,-12,8,312,15,United%20States%2C%20Vermont
2020-01-18,-6,-18,6.5,3.5,1,40,01:04 AM,12:04 PM,07:19 AM,04:45 PM,-14,-15,-11,-15,8,64,79,7.6,1028,-6,8,217,6,United%20States%2C%20Vermont
2020-01-19,0,-10,17.4,3.5,1,32,02:14 AM,12:36 PM,07:19 AM,04:46 PM,-4,-9,-3,-9,24,97,93,21.8,1003,0,2,239,20,United%20States%2C%20Vermont
2020-01-20,-10,-18,0.3,5.2,1,25,03:25 AM,01:13 PM,07:18 AM,04:47 PM,-15,-20,-14,-20,16,55,90,0.4,1020,-10,9,295,9,United%20States%2C%20Vermont
2020-01-21,-11,-20,0.0,7.0,1,18,04:31 AM,01:55 PM,07:17 AM,04:49 PM,-18,-20,-16,-20,12,34,86,0.0,1029,-11,10,273,6,United%20States%2C%20Vermont
2020-01-22,-1,-19,0.0,8.7,1,11,05:34 AM,02:44 PM,07:17 AM,04:50 PM,-9,-11,-8,-11,10,44,92,0.0,1029,-1,6,243,6,United%20States%2C%20Vermont
2020-01-23,3,-8,0.0,7.0,1,3,06:29 AM,03:39 PM,07:16 AM,04:51 PM,-6,-4,-2,-4,8,25,73,0.0,1027,3,10,258,5,United%20States%2C%20Vermont
2020-01-24,2,-5,0.0,3.5,1,0,07:17 AM,04:38 PM,07:15 AM,04:53 PM,-6,-3,-2,-3,8,86,71,0.0,1027,2,9,95,5,United%20States%2C%20Vermont
2020-01-25,-2,-7,6.7,3.5,1,0,07:57 AM,05:40 PM,07:14 AM,04:54 PM,-3,-7,-3,-7,31,99,96,7.9,1021,-2,4,105,15,United%20States%2C%20Vermont
2020-01-26,2,-4,15.3,3.5,1,4,08:30 AM,06:42 PM,07:13 AM,04:55 PM,0,-2,1,-2,14,93,95,18.0,1005,2,4,226,11,United%20States%2C%20Vermont
2020-01-27,0,-5,3.7,3.5,1,11,08:59 AM,07:44 PM,07:13 AM,04:57 PM,-3,-7,-2,-7,19,83,93,5.0,1004,0,5,264,12,United%20States%2C%20Vermont
2020-01-28,-1,-7,1.3,3.5,1,18,09:25 AM,08:44 PM,07:12 AM,04:58 PM,-5,-7,-4,-7,10,74,92,1.5,1008,-1,6,293,7,United%20States%2C%20Vermont
2020-01-29,-3,-10,0.2,7.0,1,26,09:48 AM,09:44 PM,07:11 AM,04:59 PM,-9,-11,-7,-11,11,39,87,0.3,1016,-3,9,311,8,United%20States%2C%20Vermont
2020-01-30,-1,-15,0.0,7.0,1,33,10:10 AM,10:43 PM,07:10 AM,05:01 PM,-11,-9,-8,-9,6,31,77,0.0,1026,-1,10,262,4,United%20States%2C%20Vermont
2020-01-31,2,-8,0.0,7.0,1,37,10:33 AM,11:43 PM,07:09 AM,05:02 PM,-7,-5,-4,-5,7,47,75,0.0,1025,2,10,243,4,United%20States%2C%20Vermont
2020-02-01,3,-5,1.3,3.7,1,49,10:57 AM,No moonset,07:08 AM,05:03 PM,-1,-1,-1,-1,4,99,96,1.6,1015,3,5,238,3,United%20States%2C%20Vermont
2020-02-02,0,-2,0.8,3.7,1,57,11:24 AM,12:44 AM,07:07 AM,05:05 PM,-2,-3,-1,-3,5,98,93,0.9,1001,0,7,270,5,United%20States%2C%20Vermont
2020-02-03,-0,-6,1.5,3.8,1,64,11:55 AM,01:47 AM,07:05 AM,05:06 PM,-4,-7,-3,-7,23,76,92,2.4,1004,-0,5,263,13,United%20States%2C%20Vermont
2020-02-04,4,-6,0.8,3.8,1,72,12:31 PM,02:51 AM,07:04 AM,05:07 PM,-1,-2,-0,-2,8,85,96,0.9,1010,4,6,213,5,United%20States%2C%20Vermont
2020-02-05,-3,-10,0.0,7.1,1,79,01:17 PM,03:56 AM,07:03 AM,05:09 PM,-6,-6,-3,-6,9,55,80,0.2,1016,-3,9,263,8,United%20States%2C%20Vermont
2020-02-06,1,-9,3.6,3.8,1,87,02:12 PM,04:58 AM,07:02 AM,05:10 PM,-4,-8,-5,-8,14,89,93,9.7,1007,1,4,130,8,United%20States%2C%20Vermont
2020-02-07,2,-10,18.4,3.8,1,95,03:17 PM,05:56 AM,07:01 AM,05:11 PM,-2,-5,-2,-5,12,96,97,30.2,987,2,3,193,9,United%20States%2C%20Vermont
2020-02-08,-10,-17,1.4,8.7,1,100,04:29 PM,06:46 AM,06:59 AM,05:13 PM,-15,-20,-12,-20,20,42,87,2.7,1016,-10,7,274,16,United%20States%2C%20Vermont
2020-02-09,-2,-20,0.9,5.5,1,100,05:47 PM,07:29 AM,06:58 AM,05:14 PM,-13,-13,-11,-13,8,58,83,1.0,1031,-2,8,186,5,United%20States%2C%20Vermont
2020-02-10,0,-8,3.8,4.0,1,83,07:05 PM,08:06 AM,06:57 AM,05:16 PM,-2,-6,-2,-6,30,97,98,5.6,1018,0,4,221,14,United%20States%2C%20Vermont
2020-02-11,3,-4,13.4,4.0,1,75,08:22 PM,08:38 AM,06:55 AM,05:17 PM,-1,-2,-0,-2,9,98,98,15.8,1013,3,4,176,6,United%20States%2C%20Vermont
2020-02-12,-4,-9,0.3,8.7,1,68,09:38 PM,09:08 AM,06:54 AM,05:18 PM,-8,-11,-6,-11,21,58,88,0.5,1017,-4,8,254,11,United%20States%2C%20Vermont
2020-02-13,0,-8,9.5,4.0,1,60,10:52 PM,09:37 AM,06:53 AM,05:20 PM,-4,-4,-2,-4,9,94,96,17.7,1006,0,4,246,6,United%20States%2C%20Vermont
2020-02-14,-13,-19,0.8,7.1,1,53,No moonrise,10:06 AM,06:51 AM,05:21 PM,-16,-21,-15,-21,14,63,92,1.0,1023,-13,6,303,10,United%20States%2C%20Vermont
2020-02-15,-9,-24,0.0,8.7,1,45,12:06 AM,10:37 AM,06:50 AM,05:22 PM,-18,-20,-16,-20,10,27,85,0.0,1032,-9,8,240,6,United%20States%2C%20Vermont
2020-02-16,1,-15,0.5,5.6,1,38,01:17 AM,11:13 AM,06:48 AM,05:24 PM,-6,-9,-4,-9,17,71,85,0.7,1019,1,8,235,11,United%20States%2C%20Vermont
2020-02-17,-7,-12,0.1,8.7,1,30,02:25 AM,11:54 AM,06:47 AM,05:25 PM,-10,-12,-8,-12,15,35,89,0.3,1024,-7,8,243,9,United%20States%2C%20Vermont
2020-02-18,1,-13,14.0,4.1,1,22,03:29 AM,12:40 PM,06:46 AM,05:26 PM,-5,-9,-5,-9,14,93,95,23.6,1024,1,5,133,9,United%20States%2C%20Vermont
2020-02-19,-3,-10,5.5,8.7,1,15,04:25 AM,01:33 PM,06:44 AM,05:28 PM,-7,-12,-5,-12,31,62,85,6.7,1020,-3,6,281,22,United%20States%2C%20Vermont
2020-02-20,-8,-17,0.0,7.2,1,7,05:15 AM,02:30 PM,06:43 AM,05:29 PM,-15,-19,-12,-19,18,53,88,0.2,1031,-8,7,286,13,United%20States%2C%20Vermont
2020-02-21,-5,-18,0.0,8.7,1,0,05:57 AM,03:31 PM,06:41 AM,05:30 PM,-13,-16,-12,-16,11,21,88,0.0,1030,-5,7,267,7,United%20States%2C%20Vermont
2020-02-22,-1,-13,0.6,5.6,1,0,06:31 AM,04:32 PM,06:39 AM,05:31 PM,-7,-11,-6,-11,20,40,88,0.7,1021,-1,8,263,13,United%20States%2C%20Vermont
2020-02-23,2,-10,0.0,8.7,1,0,07:02 AM,05:34 PM,06:38 AM,05:33 PM,-5,-7,-4,-7,12,25,93,0.0,1021,2,7,254,7,United%20States%2C%20Vermont
2020-02-24,5,-6,0.0,5.6,1,0,07:28 AM,06:35 PM,06:36 AM,05:34 PM,-2,-3,-0,-3,10,61,89,0.0,1016,5,8,231,7,United%20States%2C%20Vermont
2020-02-25,4,-3,2.0,4.1,1,8,07:52 AM,07:35 PM,06:35 AM,05:35 PM,1,1,1,1,5,97,97,2.3,1015,4,6,121,3,United%20States%2C%20Vermont
2020-02-26,1,-3,10.0,4.1,1,15,08:14 AM,08:34 PM,06:33 AM,05:37 PM,0,-3,0,-3,23,100,99,12.7,1008,1,2,105,11,United%20States%2C%20Vermont
2020-02-27,0,-5,11.4,4.1,1,23,08:36 AM,09:34 PM,06:32 AM,05:38 PM,-3,-7,-2,-7,29,97,90,19.7,999,0,3,248,19,United%20States%2C%20Vermont
2020-02-28,-4,-9,3.5,4.2,1,30,08:59 AM,10:34 PM,06:30 AM,05:39 PM,-10,-15,-7,-15,33,97,81,4.1,1005,-4,3,262,23,United%20States%2C%20Vermont
2020-02-29,-7,-12,1.6,4.2,1,38,09:25 AM,11:36 PM,06:28 AM,05:40 PM,-11,-16,-10,-16,23,90,87,2.2,1009,-7,5,269,16,United%20States%2C%20Vermont
2020-03-01,-5,-17,0.1,4.2,1,44,09:53 AM,No moonset,06:27 AM,05:42 PM,-13,-15,-10,-15,14,56,88,0.3,1016,-5,7,279,9,United%20States%2C%20Vermont
2020-03-02,5,-10,0.3,4.2,1,51,10:26 AM,12:38 AM,06:25 AM,05:43 PM,-4,-5,-2,-5,12,86,90,1.8,1015,5,7,170,8,United%20States%2C%20Vermont
2020-03-03,8,0,0.7,4.2,1,58,11:06 AM,01:41 AM,06:23 AM,05:44 PM,4,2,4,2,10,100,98,3.3,1005,8,4,208,6,United%20States%2C%20Vermont
2020-03-04,1,-4,4.1,4.2,1,65,11:55 AM,02:42 AM,06:22 AM,05:45 PM,-3,-7,-1,-7,44,85,86,7.0,999,1,2,260,26,United%20States%2C%20Vermont
2020-03-05,3,-6,0.0,8.7,2,73,12:54 PM,03:41 AM,06:20 AM,05:47 PM,-5,-7,-2,-7,26,35,80,0.0,1013,3,10,272,15,United%20States%2C%20Vermont
2020-03-06,5,-5,1.9,4.2,1,80,02:02 PM,04:33 AM,06:18 AM,05:48 PM,-3,-3,-0,-3,10,88,85,2.2,1012,5,8,101,6,United%20States%2C%20Vermont
2020-03-07,-3,-9,2.2,8.7,1,87,03:17 PM,05:19 AM,06:16 AM,05:49 PM,-9,-11,-6,-11,17,47,78,2.9,1021,-3,7,302,12,United%20States%2C%20Vermont
2020-03-08,6,-9,0.0,8.7,2,95,04:34 PM,05:59 AM,06:15 AM,05:50 PM,-6,-6,-3,-6,15,23,78,0.0,1026,6,10,258,9,United%20States%2C%20Vermont
2020-03-09,10,-2,0.0,8.7,2,100,05:54 PM,06:33 AM,06:13 AM,05:51 PM,2,2,4,2,14,49,86,0.8,1023,10,9,247,9,United%20States%2C%20Vermont
2020-03-10,11,2,0.0,5.8,2,100,07:13 PM,07:04 AM,06:11 AM,05:53 PM,5,4,6,4,17,74,89,7.0,1015,11,8,221,11,United%20States%2C%20Vermont
2020-03-11,5,-5,1.8,7.2,1,84,08:31 PM,07:34 AM,06:10 AM,05:54 PM,-4,-2,1,-2,13,57,74,3.5,1018,5,9,282,9,United%20States%2C%20Vermont
2020-03-12,9,-4,0.0,4.3,1,76,09:48 PM,08:04 AM,06:08 AM,05:55 PM,-2,1,2,1,9,84,76,0.0,1020,9,10,118,7,United%20States%2C%20Vermont
2020-03-13,11,-1,1.8,4.3,2,69,11:03 PM,08:35 AM,06:06 AM,05:56 PM,2,-0,4,-0,28,88,88,18.5,1011,11,5,180,20,United%20States%2C%20Vermont
2020-03-14,6,-4,0.0,8.7,2,62,No moonrise,09:11 AM,06:04 AM,05:57 PM,-5,-5,1,-5,42,12,66,0.0,1021,6,10,284,28,United%20States%2C%20Vermont
2020-03-15,1,-9,0.0,8.7,2,55,12:15 AM,09:51 AM,06:03 AM,05:59 PM,-12,-8,-4,-8,14,5,57,0.0,1032,1,10,323,10,United%20States%2C%20Vermont
2020-03-16,4,-10,0.0,10.2,1,47,01:23 AM,10:36 AM,06:01 AM,06:00 PM,-13,-5,-3,-5,9,43,48,0.0,1035,4,10,121,7,United%20States%2C%20Vermont
2020-03-17,5,-5,1.9,7.8,1,40,02:22 AM,11:28 AM,05:59 AM,06:01 PM,-1,-4,0,-4,21,91,93,8.0,1022,5,7,204,14,United%20States%2C%20Vermont
2020-03-18,5,-7,0.0,12.4,1,33,03:15 AM,12:24 PM,05:58 AM,06:02 PM,-5,-4,-1,-4,13,36,75,0.0,1030,5,10,266,8,United%20States%2C%20Vermont
2020-03-19,3,-3,7.2,7.8,1,25,03:58 AM,01:24 PM,05:56 AM,06:03 PM,-2,-3,0,-3,12,99,88,8.8,1030,3,4,114,8,United%20States%2C%20Vermont
2020-03-20,16,1,0.0,7.8,3,18,04:34 AM,02:25 PM,05:54 AM,06:04 PM,8,8,10,8,29,91,93,17.5,1011,16,7,189,17,United%20States%2C%20Vermont
2020-03-21,2,-8,0.0,12.5,1,11,05:06 AM,03:27 PM,05:52 AM,06:06 PM,-9,-6,-1,-6,26,35,61,0.0,1024,2,10,310,16,United%20States%2C%20Vermont
2020-03-22,4,-11,0.0,12.6,2,4,05:33 AM,04:27 PM,05:51 AM,06:07 PM,-16,-6,-3,-6,10,8,41,0.0,1038,4,10,152,7,United%20States%2C%20Vermont
2020-03-23,4,-7,1.7,7.9,1,0,05:56 AM,05:28 PM,05:49 AM,06:08 PM,-7,-5,-1,-5,15,79,70,2.0,1033,4,8,135,11,United%20States%2C%20Vermont
2020-03-24,6,-3,3.3,7.9,1,0,06:19 AM,06:27 PM,05:47 AM,06:09 PM,-0,0,2,0,8,87,93,8.8,1020,6,6,262,5,United%20States%2C%20Vermont
2020-03-25,2,-6,1.8,7.9,1,3,06:41 AM,07:27 PM,05:45 AM,06:10 PM,-2,-3,-1,-3,9,82,96,2.1,1021,2,3,101,6,United%20States%2C%20Vermont
2020-03-26,6,-7,0.1,10.6,1,11,07:03 AM,08:27 PM,05:43 AM,06:11 PM,-1,-1,1,-1,9,72,94,0.1,1017,6,6,149,6,United%20States%2C%20Vermont
2020-03-27,6,1,1.2,7.9,1,18,07:28 AM,09:28 PM,05:42 AM,06:13 PM,3,2,3,2,9,94,98,14.0,1009,6,5,236,5,United%20States%2C%20Vermont
2020-03-28,11,-5,0.0,12.7,2,25,07:54 AM,10:30 PM,05:40 AM,06:14 PM,-3,3,4,3,7,37,67,0.0,1020,11,10,198,4,United%20States%2C%20Vermont
2020-03-29,5,-2,6.5,8.0,1,32,08:25 AM,11:33 PM,05:38 AM,06:15 PM,2,-1,2,-1,18,99,97,36.0,1016,5,5,115,12,United%20States%2C%20Vermont
2020-03-30,8,-0,0.2,8.0,2,40,09:02 AM,No moonset,05:36 AM,06:16 PM,5,4,5,4,7,97,97,14.2,1009,8,7,151,5,United%20States%2C%20Vermont
2020-03-31,6,-4,3.5,9.3,1,44,09:46 AM,12:33 AM,05:35 AM,06:17 PM,-1,-1,1,-1,8,83,88,4.3,1014,6,6,101,6,United%20States%2C%20Vermont
2020-04-01,5,-5,0.1,10.6,1,56,10:39 AM,01:32 AM,05:33 AM,06:18 PM,-3,-2,-0,-2,8,79,85,0.5,1012,5,7,220,6,United%20States%2C%20Vermont
2020-04-02,4,-3,1.5,8.1,1,64,11:41 AM,02:24 AM,05:31 AM,06:20 PM,-0,-2,1,-2,17,98,94,2.4,1009,4,3,324,12,United%20States%2C%20Vermont
2020-04-03,9,-4,5.4,8.1,2,71,12:51 PM,03:12 AM,05:29 AM,06:21 PM,4,1,4,1,14,97,96,8.0,1012,9,4,250,9,United%20States%2C%20Vermont
2020-04-04,7,1,0.1,8.1,1,79,02:06 PM,03:53 AM,05:28 AM,06:22 PM,3,4,4,4,5,100,94,0.2,1017,7,6,162,3,United%20States%2C%20Vermont
2020-04-05,11,-0,0.0,10.7,2,87,03:24 PM,04:28 AM,05:26 AM,06:23 PM,3,5,6,5,7,74,86,1.0,1017,11,7,274,5,United%20States%2C%20Vermont
2020-04-06,11,-0,1.3,13.0,2,94,04:42 PM,05:00 AM,05:24 AM,06:24 PM,-1,4,7,4,14,47,69,1.6,1016,11,9,297,9,United%20States%2C%20Vermont
2020-04-07,9,-2,0.0,13.0,3,100,06:01 PM,05:30 AM,05:22 AM,06:25 PM,-4,3,4,3,8,34,63,0.0,1015,9,10,236,5,United%20States%2C%20Vermont
2020-04-08,1,-1,0.5,8.2,1,100,07:20 PM,05:59 AM,05:21 AM,06:27 PM,-1,-1,0,-1,9,93,90,1.7,1002,1,4,88,4,United%20States%2C%20Vermont
2020-04-09,8,2,3.4,8.2,2,83,08:39 PM,06:30 AM,05:19 AM,06:28 PM,3,1,4,1,20,87,91,26.1,992,8,6,198,15,United%20States%2C%20Vermont
2020-04-10,4,-4,6.3,8.2,1,76,09:56 PM,07:04 AM,05:17 AM,06:29 PM,-2,-6,0,-6,38,91,86,9.6,987,4,4,279,26,United%20States%2C%20Vermont
2020-04-11,5,-3,0.2,10.7,1,68,11:08 PM,07:43 AM,05:16 AM,06:30 PM,-3,-4,1,-4,25,59,76,0.4,1006,5,9,287,21,United%20States%2C%20Vermont
2020-04-12,8,-5,0.0,9.5,1,61,No moonrise,08:27 AM,05:14 AM,06:31 PM,0,-0,2,-0,12,66,85,0.3,1017,8,9,210,8,United%20States%2C%20Vermont
2020-04-13,15,2,0.0,8.3,3,53,12:14 AM,09:19 AM,05:12 AM,06:32 PM,7,7,9,7,28,86,94,29.3,1006,15,4,164,20,United%20States%2C%20Vermont
2020-04-14,7,-2,0.5,13.2,2,46,01:11 AM,10:15 AM,05:10 AM,06:34 PM,-4,-2,3,-2,40,49,65,0.8,1013,7,9,265,25,United%20States%2C%20Vermont
2020-04-15,8,-3,0.7,9.5,1,38,01:58 AM,11:16 AM,05:09 AM,06:35 PM,-6,-0,2,-0,15,63,60,1.9,1013,8,9,254,10,United%20States%2C%20Vermont
2020-04-16,5,-6,0.3,10.8,1,30,02:37 AM,12:17 PM,05:07 AM,06:36 PM,-9,-5,-0,-5,25,70,54,1.3,1015,5,9,278,17,United%20States%2C%20Vermont
2020-04-17,5,-6,0.8,8.3,1,23,03:10 AM,01:19 PM,05:06 AM,06:37 PM,-6,-5,-1,-5,24,76,70,1.1,1018,5,8,253,16,United%20States%2C%20Vermont
2020-04-18,5,-3,4.3,8.3,1,15,03:38 AM,02:20 PM,05:04 AM,06:38 PM,-1,-1,1,-1,8,93,93,10.1,1010,5,6,144,5,United%20States%2C%20Vermont
2020-04-19,8,-6,2.1,9.6,1,8,04:02 AM,03:21 PM,05:02 AM,06:40 PM,1,-1,2,-1,16,74,95,3.8,1007,8,7,248,11,United%20States%2C%20Vermont
2020-04-20,10,-2,3.7,12.1,2,0,04:24 AM,04:20 PM,05:01 AM,06:41 PM,-1,3,6,3,15,50,78,7.7,1006,10,8,197,9,United%20States%2C%20Vermont
2020-04-21,10,-3,13.5,9.8,1,0,04:46 AM,05:20 PM,04:59 AM,06:42 PM,-3,-1,2,-1,21,62,74,23.9,1001,10,8,214,15,United%20States%2C%20Vermont
2020-04-22,4,-7,0.3,9.8,1,0,05:08 AM,06:20 PM,04:58 AM,06:43 PM,-8,-8,-2,-8,37,67,62,0.8,1005,4,8,275,26,United%20States%2C%20Vermont
2020-04-23,9,-7,0.1,13.3,1,0,05:32 AM,07:22 PM,04:56 AM,06:44 PM,-8,-2,1,-2,19,40,51,0.1,1013,9,10,254,12,United%20States%2C%20Vermont
2020-04-24,4,-2,22.0,8.7,1,7,05:57 AM,08:24 PM,04:54 AM,06:45 PM,0,-1,1,-1,10,100,92,26.9,1010,4,4,102,7,United%20States%2C%20Vermont
2020-04-25,16,-3,0.0,13.9,4,15,06:26 AM,09:27 PM,04:53 AM,06:47 PM,-1,7,8,7,8,18,63,0.0,1016,16,10,176,5,United%20States%2C%20Vermont
2020-04-26,9,2,32.8,8.7,2,22,07:01 AM,10:28 PM,04:51 AM,06:48 PM,2,3,5,3,13,92,89,39.9,1017,9,6,98,10,United%20States%2C%20Vermont
2020-04-27,6,-1,7.0,8.7,1,30,07:43 AM,11:28 PM,04:50 AM,06:49 PM,3,1,4,1,18,100,97,12.6,1010,6,5,54,12,United%20States%2C%20Vermont
2020-04-28,8,-2,0.9,8.8,1,37,08:32 AM,No moonset,04:48 AM,06:50 PM,1,0,2,0,11,80,92,1.2,1017,8,6,276,7,United%20States%2C%20Vermont
2020-04-29,9,-2,0.0,11.1,2,45,09:31 AM,12:21 AM,04:47 AM,06:51 PM,2,2,4,2,13,57,86,0.0,1023,9,10,121,10,United%20States%2C%20Vermont
2020-04-30,9,-0,0.0,8.8,2,52,10:36 AM,01:09 AM,04:46 AM,06:52 PM,4,2,5,2,20,96,92,4.6,1020,9,8,118,13,United%20States%2C%20Vermont
2020-05-01,14,1,0.0,8.8,3,58,11:47 AM,01:51 AM,04:44 AM,06:54 PM,9,8,10,8,20,89,96,18.8,1007,14,6,116,10,United%20States%2C%20Vermont
2020-05-02,15,1,1.4,13.4,3,65,01:01 PM,02:26 AM,04:43 AM,06:55 PM,3,7,9,7,19,38,76,2.3,1009,15,8,310,12,United%20States%2C%20Vermont
2020-05-03,20,6,0.0,11.1,3,72,02:16 PM,02:58 AM,04:41 AM,06:56 PM,8,12,13,12,19,76,80,1.6,1005,20,8,241,13,United%20States%2C%20Vermont
2020-05-04,7,2,0.0,10.0,2,80,03:33 PM,03:28 AM,04:40 AM,06:57 PM,3,3,6,3,22,84,88,2.2,1004,7,9,290,14,United%20States%2C%20Vermont
2020-05-05,7,-3,0.0,12.2,1,87,04:51 PM,03:56 AM,04:39 AM,06:58 PM,-3,-1,2,-1,18,45,74,0.0,1010,7,10,311,12,United%20States%2C%20Vermont
2020-05-06,15,-2,0.2,13.4,2,94,06:09 PM,04:25 AM,04:38 AM,06:59 PM,-1,6,8,6,8,40,65,0.3,1009,15,10,140,6,United%20States%2C%20Vermont
2020-05-07,13,-1,1.1,9.2,2,100,07:28 PM,04:57 AM,04:36 AM,07:00 PM,1,5,6,5,12,83,77,5.6,1005,13,6,253,8,United%20States%2C%20Vermont
2020-05-08,9,-3,1.0,12.4,1,100,08:45 PM,05:34 AM,04:35 AM,07:02 PM,-4,-1,3,-1,28,61,63,2.1,1005,9,9,255,20,United%20States%2C%20Vermont
2020-05-09,6,-2,0.3,9.2,1,84,09:56 PM,06:16 AM,04:34 AM,07:03 PM,-6,-2,2,-2,26,95,61,1.2,1000,6,8,279,20,United%20States%2C%20Vermont
2020-05-10,9,-5,0.4,9.2,1,77,10:59 PM,07:05 AM,04:33 AM,07:04 PM,-1,-3,2,-3,36,85,82,2.0,1010,9,8,265,24,United%20States%2C%20Vermont
2020-05-11,11,1,5.7,9.2,2,70,11:53 PM,08:01 AM,04:31 AM,07:05 PM,5,4,5,4,14,92,95,15.2,1007,11,5,238,8,United%20States%2C%20Vermont
2020-05-12,7,-4,1.3,12.4,1,62,No moonrise,09:02 AM,04:30 AM,07:06 PM,-3,-2,1,-2,21,59,77,3.1,1013,7,7,292,15,United%20States%2C%20Vermont
2020-05-13,6,-6,0.2,14.5,2,55,12:36 AM,10:05 AM,04:29 AM,07:07 PM,-6,-3,1,-3,24,34,65,0.4,1021,6,8,287,15,United%20States%2C%20Vermont
2020-05-14,15,-3,0.0,13.5,2,48,01:12 AM,11:08 AM,04:28 AM,07:08 PM,-2,6,7,6,12,35,61,0.0,1024,15,10,241,8,United%20States%2C%20Vermont
2020-05-15,17,5,0.0,9.3,3,40,01:42 AM,12:10 PM,04:27 AM,07:09 PM,11,11,11,11,10,98,98,51.3,1011,17,6,207,6,United%20States%2C%20Vermont
2020-05-16,18,10,0.0,9.3,3,33,02:07 AM,01:12 PM,04:26 AM,07:10 PM,10,12,13,12,16,77,84,0.9,1014,18,8,223,10,United%20States%2C%20Vermont
2020-05-17,19,4,0.0,13.5,3,26,02:30 AM,02:11 PM,04:25 AM,07:11 PM,7,12,13,12,11,48,75,0.0,1024,19,7,136,7,United%20States%2C%20Vermont
2020-05-18,17,8,0.0,11.4,3,19,02:52 AM,03:12 PM,04:24 AM,07:12 PM,9,12,12,12,6,77,85,1.9,1023,17,8,122,3,United%20States%2C%20Vermont
2020-05-19,17,3,0.0,14.5,3,11,03:14 AM,04:11 PM,04:23 AM,07:14 PM,3,10,12,10,15,43,67,0.3,1026,17,10,92,11,United%20States%2C%20Vermont
2020-05-20,20,1,0.0,14.5,4,4,03:36 AM,05:13 PM,04:22 AM,07:15 PM,2,11,12,11,9,2,62,0.0,1030,20,10,113,6,United%20States%2C%20Vermont
2020-05-21,23,3,0.0,14.5,5,0,04:01 AM,06:15 PM,04:21 AM,07:16 PM,5,15,16,15,9,4,62,0.0,1027,23,10,260,6,United%20States%2C%20Vermont
2020-05-22,24,5,0.0,14.5,5,0,04:28 AM,07:19 PM,04:21 AM,07:17 PM,8,15,17,15,12,2,66,0.0,1020,24,10,254,8,United%20States%2C%20Vermont
2020-05-23,21,10,0.0,14.5,5,3,05:02 AM,08:21 PM,04:20 AM,07:17 PM,9,16,17,16,12,23,74,0.0,1018,21,7,122,9,United%20States%2C%20Vermont
2020-05-24,22,2,0.0,14.5,5,10,05:41 AM,09:23 PM,04:19 AM,07:18 PM,3,12,14,12,12,15,59,0.0,1024,22,10,118,8,United%20States%2C%20Vermont
2020-05-25,23,2,0.0,11.4,4,17,06:28 AM,10:19 PM,04:18 AM,07:19 PM,8,14,15,14,11,50,73,0.1,1022,23,10,165,7,United%20States%2C%20Vermont
2020-05-26,29,12,0.0,14.5,5,25,07:25 AM,11:09 PM,04:18 AM,07:20 PM,16,23,23,22,11,37,77,0.2,1021,29,8,225,7,United%20States%2C%20Vermont
2020-05-27,29,14,0.0,14.5,6,32,08:27 AM,11:52 PM,04:17 AM,07:21 PM,16,24,24,23,11,13,77,0.0,1022,29,7,224,8,United%20States%2C%20Vermont
2020-05-28,24,13,0.0,10.4,4,39,09:37 AM,No moonset,04:16 AM,07:22 PM,16,19,20,19,13,74,88,0.9,1020,24,5,197,9,United%20States%2C%20Vermont
2020-05-29,26,16,0.0,9.4,5,47,10:48 AM,12:29 AM,04:16 AM,07:23 PM,18,22,22,21,22,76,90,9.2,1013,26,7,203,13,United%20States%2C%20Vermont
2020-05-30,23,14,0.0,11.5,4,54,12:01 PM,01:01 AM,04:15 AM,07:24 PM,13,18,20,18,20,60,79,10.1,1009,23,9,249,12,United%20States%2C%20Vermont
2020-05-31,15,5,0.0,12.5,3,58,01:15 PM,01:30 AM,04:15 AM,07:25 PM,2,9,11,9,22,38,62,0.2,1016,15,10,312,14,United%20States%2C%20Vermont
2020-06-01,17,2,0.0,12.5,3,71,02:29 PM,01:57 AM,04:14 AM,07:25 PM,1,9,11,9,17,49,63,0.4,1018,17,9,285,12,United%20States%2C%20Vermont
2020-06-02,18,3,0.0,10.5,3,79,03:46 PM,02:25 AM,04:14 AM,07:26 PM,7,10,11,10,13,70,81,1.4,1013,18,6,253,9,United%20States%2C%20Vermont
2020-06-03,21,8,0.0,9.5,4,86,05:02 PM,02:54 AM,04:13 AM,07:27 PM,13,15,16,15,12,93,90,6.6,1003,21,6,244,8,United%20States%2C%20Vermont
2020-06-04,25,9,0.0,11.5,4,94,06:19 PM,03:28 AM,04:13 AM,07:28 PM,12,17,19,17,15,65,80,0.9,1007,25,6,250,10,United%20States%2C%20Vermont
2020-06-05,27,12,0.0,12.5,5,100,07:34 PM,04:06 AM,04:13 AM,07:28 PM,15,21,21,20,13,44,76,2.7,1010,27,10,208,9,United%20States%2C%20Vermont
2020-06-06,24,14,0.0,9.5,5,100,08:41 PM,04:51 AM,04:12 AM,07:29 PM,15,20,21,20,17,83,82,4.4,1006,24,5,258,11,United%20States%2C%20Vermont
2020-06-07,18,6,0.0,9.5,3,84,09:41 PM,05:45 AM,04:12 AM,07:30 PM,8,11,13,11,15,72,79,0.2,1011,18,7,323,10,United%20States%2C%20Vermont
2020-06-08,21,6,0.0,14.5,5,76,10:30 PM,06:44 AM,04:12 AM,07:30 PM,6,14,15,14,12,10,67,0.0,1015,21,10,308,8,United%20States%2C%20Vermont
2020-06-09,25,9,0.0,11.5,4,69,11:10 PM,07:48 AM,04:12 AM,07:31 PM,11,17,18,17,9,54,74,0.4,1014,25,8,243,6,United%20States%2C%20Vermont
2020-06-10,23,10,0.0,11.5,4,61,11:43 PM,08:53 AM,04:11 AM,07:31 PM,14,16,17,16,12,76,85,4.0,1016,23,8,117,8,United%20States%2C%20Vermont
2020-06-11,24,16,0.0,9.5,5,54,No moonrise,09:57 AM,04:11 AM,07:32 PM,17,20,21,20,23,89,89,9.4,1013,24,10,201,14,United%20States%2C%20Vermont
2020-06-12,23,9,0.0,13.5,4,46,12:10 AM,11:00 AM,04:11 AM,07:32 PM,10,16,17,16,18,24,72,1.1,1018,23,9,266,12,United%20States%2C%20Vermont
2020-06-13,16,4,0.0,13.5,4,38,12:34 AM,12:01 PM,04:11 AM,07:33 PM,3,10,12,10,13,32,69,0.0,1022,16,9,298,9,United%20States%2C%20Vermont
2020-06-14,20,1,0.0,14.5,4,31,12:56 AM,01:01 PM,04:11 AM,07:33 PM,4,11,13,11,9,25,68,0.0,1027,20,8,334,7,United%20States%2C%20Vermont
2020-06-15,22,7,0.0,12.5,4,23,01:18 AM,02:01 PM,04:11 AM,07:34 PM,8,16,17,16,5,49,69,0.0,1029,22,10,87,3,United%20States%2C%20Vermont
2020-06-16,26,7,0.0,14.5,6,16,01:40 AM,03:01 PM,04:11 AM,07:34 PM,9,18,19,18,4,9,67,0.0,1028,26,10,146,3,United%20States%2C%20Vermont
2020-06-17,29,8,0.0,14.5,6,8,02:03 AM,04:03 PM,04:11 AM,07:34 PM,11,21,21,20,4,7,64,0.0,1024,29,10,200,2,United%20States%2C%20Vermont
2020-06-18,30,11,0.0,14.5,6,1,02:30 AM,05:06 PM,04:11 AM,07:35 PM,12,23,23,22,6,7,63,0.0,1021,30,10,257,4,United%20States%2C%20Vermont
2020-06-19,27,14,0.0,12.5,5,0,03:01 AM,06:10 PM,04:11 AM,07:35 PM,17,23,23,22,8,38,81,8.6,1018,27,7,242,5,United%20States%2C%20Vermont
2020-06-20,29,14,0.0,12.5,5,0,03:38 AM,07:13 PM,04:12 AM,07:35 PM,17,24,24,22,9,39,79,8.6,1016,29,7,225,5,United%20States%2C%20Vermont
2020-06-21,30,14,0.0,12.5,5,0,04:23 AM,08:12 PM,04:12 AM,07:35 PM,16,24,24,23,10,50,77,2.6,1015,30,8,216,7,United%20States%2C%20Vermont
2020-06-22,29,15,0.0,11.5,5,7,05:17 AM,09:06 PM,04:12 AM,07:36 PM,18,24,24,22,9,65,83,7.5,1013,29,7,211,6,United%20States%2C%20Vermont
2020-06-23,29,16,0.0,12.5,6,14,06:19 AM,09:52 PM,04:12 AM,07:36 PM,18,25,25,23,13,52,79,4.0,1008,29,9,184,9,United%20States%2C%20Vermont
2020-06-24,27,15,0.0,9.5,5,22,07:27 AM,10:31 PM,04:13 AM,07:36 PM,16,21,22,21,15,76,84,6.8,1005,27,9,203,10,United%20States%2C%20Vermont
2020-06-25,25,9,0.0,14.5,5,29,08:39 AM,11:05 PM,04:13 AM,07:36 PM,10,18,19,18,12,13,66,0.0,1012,25,10,249,9,United%20States%2C%20Vermont
2020-06-26,24,11,0.0,14.5,5,37,09:52 AM,11:34 PM,04:13 AM,07:36 PM,12,18,19,18,13,29,73,0.7,1013,24,9,244,9,United%20States%2C%20Vermont
2020-06-27,21,12,0.0,10.5,4,44,11:05 AM,No moonset,04:14 AM,07:36 PM,14,16,16,16,9,64,90,18.2,1007,21,8,179,5,United%20States%2C%20Vermont
2020-06-28,27,12,0.0,9.5,5,52,12:18 PM,12:01 AM,04:14 AM,07:36 PM,16,19,20,19,7,77,86,11.3,1006,27,5,249,4,United%20States%2C%20Vermont
2020-06-29,24,13,0.0,9.5,4,59,01:31 PM,12:28 AM,04:15 AM,07:36 PM,16,19,20,19,9,81,90,16.1,1010,24,7,173,5,United%20States%2C%20Vermont
2020-06-30,20,14,0.0,9.5,4,67,02:45 PM,12:56 AM,04:15 AM,07:35 PM,16,17,17,17,12,100,97,11.5,1012,20,6,51,7,United%20States%2C%20Vermont
2020-07-01,24,13,0.0,10.5,5,72,04:00 PM,01:26 AM,04:16 AM,07:35 PM,16,19,20,19,6,71,91,14.2,1011,24,8,52,3,United%20States%2C%20Vermont
2020-07-02,30,13,0.0,11.5,5,79,05:14 PM,02:01 AM,04:16 AM,07:35 PM,16,23,23,22,8,62,79,2.9,1009,30,7,314,5,United%20States%2C%20Vermont
2020-07-03,24,15,0.0,9.5,5,86,06:24 PM,02:42 AM,04:17 AM,07:35 PM,17,19,21,19,7,83,89,1.9,1011,24,8,164,5,United%20States%2C%20Vermont
2020-07-04,27,13,0.0,11.5,5,94,07:27 PM,03:32 AM,04:17 AM,07:35 PM,16,20,22,20,5,70,82,3.9,1013,27,9,140,3,United%20States%2C%20Vermont
2020-07-05,28,14,0.0,14.5,5,100,08:20 PM,04:28 AM,04:18 AM,07:34 PM,12,22,22,22,9,25,62,1.0,1013,28,10,265,6,United%20States%2C%20Vermont
2020-07-06,25,11,0.0,14.5,6,100,09:05 PM,05:31 AM,04:19 AM,07:34 PM,10,19,20,19,12,21,67,0.2,1017,25,8,320,8,United%20States%2C%20Vermont
2020-07-07,27,12,0.0,9.5,5,85,09:41 PM,06:36 AM,04:19 AM,07:34 PM,17,20,22,20,11,68,85,4.8,1017,27,8,142,7,United%20States%2C%20Vermont
2020-07-08,26,15,0.0,10.5,5,77,10:10 PM,07:42 AM,04:20 AM,07:33 PM,20,23,23,21,13,83,95,22.3,1014,26,5,207,7,United%20States%2C%20Vermont
2020-07-09,33,16,0.0,14.5,6,70,10:36 PM,08:45 AM,04:21 AM,07:33 PM,18,27,27,25,4,26,75,0.3,1015,33,8,219,2,United%20States%2C%20Vermont
2020-07-10,29,16,0.0,13.5,5,63,10:59 PM,09:48 AM,04:22 AM,07:32 PM,19,24,24,22,11,49,85,10.3,1015,29,7,129,7,United%20States%2C%20Vermont
2020-07-11,28,18,0.0,9.4,5,55,11:21 PM,10:48 AM,04:22 AM,07:32 PM,20,24,24,22,24,82,91,26.0,1005,28,8,170,14,United%20States%2C%20Vermont
2020-07-12,26,17,0.0,9.4,5,48,11:43 PM,11:49 AM,04:23 AM,07:31 PM,18,22,22,21,18,82,89,6.8,1004,26,9,230,12,United%20States%2C%20Vermont
2020-07-13,27,14,0.0,10.4,5,41,No moonrise,12:49 PM,04:24 AM,07:30 PM,15,20,21,20,12,74,79,1.8,1008,27,7,245,8,United%20States%2C%20Vermont
2020-07-14,24,13,0.0,10.4,4,34,12:06 AM,01:50 PM,04:25 AM,07:30 PM,16,18,19,18,8,79,91,19.6,1012,24,8,210,5,United%20States%2C%20Vermont
2020-07-15,26,13,0.0,11.4,5,26,12:30 AM,02:52 PM,04:26 AM,07:29 PM,16,19,20,19,5,72,86,3.0,1020,26,8,169,3,United%20States%2C%20Vermont
2020-07-16,26,13,0.0,9.4,5,19,12:59 AM,03:56 PM,04:27 AM,07:28 PM,16,19,20,19,11,98,86,0.8,1023,26,5,147,8,United%20States%2C%20Vermont
2020-07-17,25,12,0.0,9.4,4,12,01:34 AM,04:59 PM,04:27 AM,07:28 PM,16,18,20,18,12,82,93,9.8,1018,25,9,191,7,United%20States%2C%20Vermont
2020-07-18,30,15,0.0,13.5,5,5,02:15 AM,06:00 PM,04:28 AM,07:27 PM,17,24,24,23,10,57,77,0.1,1017,30,5,252,7,United%20States%2C%20Vermont
2020-07-19,32,15,0.0,14.5,7,0,03:05 AM,06:57 PM,04:29 AM,07:26 PM,17,26,26,25,15,8,70,0.0,1013,32,8,229,10,United%20States%2C%20Vermont
2020-07-20,30,20,0.0,12.4,6,0,04:05 AM,07:47 PM,04:30 AM,07:25 PM,17,26,26,25,22,40,67,0.8,1010,30,10,252,14,United%20States%2C%20Vermont
2020-07-21,26,12,0.0,13.5,5,2,05:13 AM,08:29 PM,04:31 AM,07:24 PM,14,20,21,20,11,33,75,0.0,1016,26,8,288,7,United%20States%2C%20Vermont
2020-07-22,22,13,0.0,10.4,4,10,06:25 AM,09:06 PM,04:32 AM,07:23 PM,16,18,19,18,8,69,91,5.5,1017,22,8,123,5,United%20States%2C%20Vermont
2020-07-23,27,17,0.0,9.3,5,17,07:40 AM,09:37 PM,04:33 AM,07:23 PM,20,23,23,22,13,73,92,12.1,1014,27,7,239,7,United%20States%2C%20Vermont
2020-07-24,28,14,0.0,12.4,5,24,08:54 AM,10:05 PM,04:34 AM,07:22 PM,16,23,23,22,7,68,79,0.7,1017,28,6,105,4,United%20States%2C%20Vermont
2020-07-25,29,13,0.0,14.5,6,32,10:08 AM,10:32 PM,04:35 AM,07:21 PM,14,23,23,22,8,10,69,0.0,1017,29,10,219,6,United%20States%2C%20Vermont
2020-07-26,30,14,0.0,14.5,6,39,11:22 AM,11:00 PM,04:36 AM,07:20 PM,16,24,24,23,17,14,73,0.0,1014,30,9,258,12,United%20States%2C%20Vermont
2020-07-27,31,17,0.0,12.4,6,46,12:35 PM,11:29 PM,04:37 AM,07:18 PM,20,25,25,24,20,61,82,2.3,1008,31,7,259,13,United%20States%2C%20Vermont
2020-07-28,26,18,0.0,9.2,5,53,01:49 PM,No moonset,04:38 AM,07:17 PM,19,23,23,22,16,76,86,2.1,1007,26,8,251,10,United%20States%2C%20Vermont
2020-07-29,29,14,0.0,13.4,5,61,03:02 PM,12:01 AM,04:39 AM,07:16 PM,14,23,23,22,14,28,67,1.2,1010,29,10,248,10,United%20States%2C%20Vermont
2020-07-30,25,13,0.0,13.4,5,68,04:12 PM,12:39 AM,04:40 AM,07:15 PM,14,19,20,19,15,55,77,0.4,1011,25,7,255,10,United%20States%2C%20Vermont
2020-07-31,28,12,0.0,14.5,6,72,05:16 PM,01:25 AM,04:41 AM,07:14 PM,13,20,21,20,8,17,73,0.0,1010,28,8,283,6,United%20States%2C%20Vermont
2020-08-01,29,13,0.0,13.4,5,82,06:12 PM,02:17 AM,04:42 AM,07:13 PM,15,23,23,22,4,34,70,0.7,1012,29,10,222,3,United%20States%2C%20Vermont
2020-08-02,29,16,0.0,12.4,5,90,07:00 PM,03:17 AM,04:43 AM,07:11 PM,16,24,24,23,13,50,70,3.0,1014,29,10,155,9,United%20States%2C%20Vermont
2020-08-03,27,16,0.0,10.2,5,97,07:39 PM,04:21 AM,04:45 AM,07:10 PM,17,22,22,21,14,71,83,2.3,1014,27,8,230,9,United%20States%2C%20Vermont
2020-08-04,20,16,0.0,9.1,4,100,08:10 PM,05:27 AM,04:46 AM,07:09 PM,17,18,18,18,14,91,97,106.2,1013,20,6,172,9,United%20States%2C%20Vermont
2020-08-05,27,14,0.0,11.3,5,88,08:38 PM,06:31 AM,04:47 AM,07:08 PM,16,22,22,20,19,64,81,5.7,1012,27,7,250,12,United%20States%2C%20Vermont
2020-08-06,25,10,0.0,14.5,6,81,09:02 PM,07:35 AM,04:48 AM,07:06 PM,10,18,20,18,10,9,67,0.0,1019,25,8,257,6,United%20States%2C%20Vermont
2020-08-07,26,12,0.0,14.5,5,74,09:24 PM,08:36 AM,04:49 AM,07:05 PM,12,19,20,19,8,41,70,0.1,1021,26,10,107,6,United%20States%2C%20Vermont
2020-08-08,23,14,0.0,9.1,4,67,09:46 PM,09:37 AM,04:50 AM,07:04 PM,17,19,20,19,7,82,92,10.1,1020,23,9,154,4,United%20States%2C%20Vermont
2020-08-09,28,15,0.0,11.2,5,59,10:08 PM,10:37 AM,04:51 AM,07:02 PM,16,22,22,21,10,68,80,0.6,1018,28,5,245,7,United%20States%2C%20Vermont
2020-08-10,29,16,0.0,11.2,5,52,10:31 PM,11:38 AM,04:52 AM,07:01 PM,18,24,24,23,12,54,80,3.6,1015,29,10,259,8,United%20States%2C%20Vermont
2020-08-11,32,17,0.0,9.9,6,45,10:58 PM,12:38 PM,04:53 AM,06:59 PM,18,26,26,25,15,58,76,3.7,1013,32,8,221,9,United%20States%2C%20Vermont
2020-08-12,29,17,0.0,12.2,5,38,11:29 PM,01:41 PM,04:54 AM,06:58 PM,18,25,25,23,12,51,79,3.1,1016,29,10,249,7,United%20States%2C%20Vermont
2020-08-13,29,14,0.0,14.0,6,30,No moonrise,02:44 PM,04:55 AM,06:56 PM,13,23,23,22,4,11,63,0.0,1019,29,10,136,3,United%20States%2C%20Vermont
2020-08-14,28,14,0.0,12.2,5,23,12:07 AM,03:46 PM,04:57 AM,06:55 PM,16,23,23,21,7,45,76,3.5,1018,28,9,66,4,United%20States%2C%20Vermont
2020-08-15,25,13,0.0,12.2,5,16,12:52 AM,04:44 PM,04:58 AM,06:53 PM,13,19,21,19,14,44,76,0.3,1018,25,9,96,10,United%20States%2C%20Vermont
2020-08-16,24,11,0.0,8.7,4,8,01:48 AM,05:37 PM,04:59 AM,06:52 PM,14,18,20,18,11,87,85,2.2,1016,24,6,107,7,United%20States%2C%20Vermont
2020-08-17,23,13,0.0,8.4,4,1,02:52 AM,06:23 PM,05:00 AM,06:50 PM,14,18,19,18,9,85,87,3.7,1012,23,7,125,6,United%20States%2C%20Vermont
2020-08-18,25,12,0.0,13.3,4,0,04:04 AM,07:02 PM,05:01 AM,06:49 PM,12,18,19,18,14,45,77,0.6,1010,25,7,252,9,United%20States%2C%20Vermont
2020-08-19,21,8,0.0,13.3,5,0,05:20 AM,07:36 PM,05:02 AM,06:47 PM,9,15,17,15,14,39,75,0.0,1014,21,7,285,9,United%20States%2C%20Vermont
2020-08-20,23,7,0.0,13.4,5,6,06:36 AM,08:06 PM,05:03 AM,06:46 PM,8,16,17,16,8,9,69,0.0,1017,23,9,286,5,United%20States%2C%20Vermont
2020-08-21,27,11,0.0,13.4,6,13,07:53 AM,08:34 PM,05:04 AM,06:44 PM,11,19,20,19,15,16,66,0.0,1014,27,10,237,10,United%20States%2C%20Vermont
2020-08-22,27,13,0.0,12.0,5,20,09:09 AM,09:02 PM,05:06 AM,06:42 PM,16,21,21,20,11,57,83,5.5,1013,27,8,259,7,United%20States%2C%20Vermont
2020-08-23,29,14,0.0,13.3,5,28,10:25 AM,09:31 PM,05:07 AM,06:41 PM,16,23,23,22,13,22,78,0.7,1015,29,7,238,9,United%20States%2C%20Vermont
2020-08-24,30,15,0.0,13.3,5,35,11:40 AM,10:03 PM,05:08 AM,06:39 PM,17,24,24,23,9,58,77,0.9,1014,30,9,240,6,United%20States%2C%20Vermont
2020-08-25,26,15,0.0,10.8,5,42,12:54 PM,10:39 PM,05:09 AM,06:37 PM,16,20,22,20,16,57,84,1.1,1008,26,5,268,10,United%20States%2C%20Vermont
2020-08-26,19,5,0.0,13.3,4,50,02:05 PM,11:22 PM,05:10 AM,06:36 PM,4,11,13,11,20,14,63,0.0,1012,19,10,304,14,United%20States%2C%20Vermont
2020-08-27,17,6,0.0,8.3,3,57,03:11 PM,No moonset,05:11 AM,06:34 PM,9,12,12,12,8,75,87,25.1,1009,17,8,244,4,United%20States%2C%20Vermont
2020-08-28,25,13,0.0,8.3,5,64,04:08 PM,12:12 AM,05:12 AM,06:32 PM,16,19,20,19,8,88,90,2.4,1007,25,5,267,5,United%20States%2C%20Vermont
2020-08-29,21,13,0.0,8.2,4,71,04:57 PM,01:09 AM,05:13 AM,06:31 PM,16,17,18,17,10,89,97,49.0,1002,21,7,178,6,United%20States%2C%20Vermont
2020-08-30,20,9,0.0,10.7,4,79,05:38 PM,02:10 AM,05:14 AM,06:29 PM,10,14,15,14,24,60,77,0.6,1004,20,8,285,16,United%20States%2C%20Vermont
2020-08-31,22,5,0.0,13.1,4,82,06:12 PM,03:15 AM,05:15 AM,06:27 PM,7,14,16,14,8,25,69,0.0,1017,22,9,261,5,United%20States%2C%20Vermont
2020-09-01,20,9,0.0,10.7,4,97,06:40 PM,04:20 AM,05:17 AM,06:25 PM,12,15,15,15,9,58,85,0.1,1020,20,10,136,5,United%20States%2C%20Vermont
2020-09-02,20,13,0.0,8.2,4,100,07:05 PM,05:24 AM,05:18 AM,06:24 PM,16,17,17,17,13,96,96,2.0,1013,20,5,158,8,United%20States%2C%20Vermont
2020-09-03,27,16,0.0,12.0,5,88,07:28 PM,06:26 AM,05:19 AM,06:22 PM,16,21,21,21,13,57,79,0.9,1008,27,7,238,8,United%20States%2C%20Vermont
2020-09-04,22,13,0.0,10.7,4,81,07:49 PM,07:27 AM,05:20 AM,06:20 PM,11,18,19,18,20,56,73,0.4,1010,22,8,262,14,United%20States%2C%20Vermont
2020-09-05,21,6,0.0,13.0,5,73,08:10 PM,08:27 AM,05:21 AM,06:18 PM,7,14,16,14,17,19,69,0.0,1020,21,10,260,12,United%20States%2C%20Vermont
2020-09-06,23,8,0.0,13.0,5,66,08:33 PM,09:28 AM,05:22 AM,06:17 PM,10,16,17,16,11,23,72,0.0,1022,23,10,222,7,United%20States%2C%20Vermont
2020-09-07,26,9,0.0,12.9,6,58,08:58 PM,10:28 AM,05:23 AM,06:15 PM,11,18,19,18,17,37,67,0.0,1017,26,9,163,12,United%20States%2C%20Vermont
2020-09-08,26,13,0.0,10.6,5,50,09:27 PM,11:30 AM,05:24 AM,06:13 PM,15,20,21,20,9,61,78,0.2,1020,26,9,211,5,United%20States%2C%20Vermont
2020-09-09,29,15,0.0,12.9,6,43,10:01 PM,12:31 PM,05:25 AM,06:11 PM,15,24,24,22,8,9,70,0.0,1025,29,10,164,5,United%20States%2C%20Vermont
2020-09-10,26,12,0.0,11.9,5,35,10:42 PM,01:33 PM,05:26 AM,06:10 PM,14,20,21,20,8,37,79,0.1,1024,26,10,277,6,United%20States%2C%20Vermont
2020-09-11,21,11,0.0,11.9,4,28,11:33 PM,02:31 PM,05:28 AM,06:08 PM,9,16,17,16,10,42,73,0.0,1022,21,7,281,7,United%20States%2C%20Vermont
2020-09-12,21,5,0.0,12.8,5,20,No moonrise,03:26 PM,05:29 AM,06:06 PM,6,14,15,14,9,9,66,0.0,1025,21,10,120,6,United%20States%2C%20Vermont
2020-09-13,22,5,0.0,11.9,4,13,12:31 AM,04:14 PM,05:30 AM,06:04 PM,10,14,15,14,14,55,80,0.1,1019,22,8,161,10,United%20States%2C%20Vermont
2020-09-14,18,12,0.0,10.6,4,5,01:40 AM,04:56 PM,05:31 AM,06:02 PM,9,14,15,14,16,56,80,0.7,1019,18,7,302,11,United%20States%2C%20Vermont
2020-09-15,20,0,0.0,12.7,4,0,02:53 AM,05:32 PM,05:32 AM,06:01 PM,2,10,12,10,8,4,66,0.0,1026,20,8,297,5,United%20States%2C%20Vermont
2020-09-16,23,6,0.0,11.6,5,0,04:10 AM,06:03 PM,05:33 AM,05:59 PM,5,14,16,14,17,13,58,0.0,1019,23,10,210,11,United%20States%2C%20Vermont
2020-09-17,17,7,0.0,8.9,3,0,05:28 AM,06:32 PM,05:34 AM,05:57 PM,9,11,12,11,15,51,85,0.2,1016,17,7,276,8,United%20States%2C%20Vermont
2020-09-18,14,5,0.0,10.2,3,2,06:46 AM,07:01 PM,05:35 AM,05:55 PM,2,8,10,8,14,30,67,0.0,1020,14,10,220,9,United%20States%2C%20Vermont
2020-09-19,14,-1,0.0,11.6,3,10,08:05 AM,07:30 PM,05:36 AM,05:54 PM,-2,6,8,6,12,3,59,0.0,1027,14,10,292,7,United%20States%2C%20Vermont
2020-09-20,14,-2,0.0,11.6,3,17,09:24 AM,08:01 PM,05:37 AM,05:52 PM,-4,6,8,6,12,9,56,0.0,1033,14,10,71,7,United%20States%2C%20Vermont
2020-09-21,19,-0,0.0,11.6,4,25,10:41 AM,08:37 PM,05:39 AM,05:50 PM,-1,10,10,10,4,0,59,0.0,1034,19,10,105,2,United%20States%2C%20Vermont
2020-09-22,17,2,0.0,11.6,4,32,11:56 AM,09:19 PM,05:40 AM,05:48 PM,-0,10,11,10,10,0,57,0.0,1021,17,10,310,7,United%20States%2C%20Vermont
2020-09-23,21,4,0.0,10.2,3,40,01:05 PM,10:07 PM,05:41 AM,05:46 PM,8,12,14,12,17,38,80,0.4,1010,21,9,289,12,United%20States%2C%20Vermont
2020-09-24,22,8,0.0,10.2,4,47,02:06 PM,11:03 PM,05:42 AM,05:45 PM,10,15,16,15,11,39,79,0.0,1014,22,6,250,7,United%20States%2C%20Vermont
2020-09-25,25,10,0.0,11.6,5,55,02:58 PM,No moonset,05:43 AM,05:43 PM,11,17,18,17,10,11,73,0.0,1016,25,10,217,6,United%20States%2C%20Vermont
2020-09-26,26,11,0.0,11.6,6,62,03:40 PM,12:03 AM,05:44 AM,05:41 PM,13,18,19,18,11,15,77,0.0,1018,26,8,202,8,United%20States%2C%20Vermont
2020-09-27,26,12,0.0,8.8,5,70,04:15 PM,01:07 AM,05:45 AM,05:39 PM,15,19,20,19,14,50,84,0.0,1015,26,5,194,9,United%20States%2C%20Vermont
2020-09-28,24,14,0.0,7.4,5,78,04:44 PM,02:11 AM,05:46 AM,05:37 PM,16,19,21,19,14,87,90,3.0,1012,24,5,157,9,United%20States%2C%20Vermont
2020-09-29,22,13,0.0,5.9,4,85,05:10 PM,03:15 AM,05:47 AM,05:36 PM,15,17,19,17,14,94,93,6.9,1012,22,5,182,8,United%20States%2C%20Vermont
2020-09-30,16,11,0.0,5.9,3,93,05:33 PM,04:17 AM,05:49 AM,05:34 PM,12,14,14,14,18,90,90,58.8,1003,16,8,220,12,United%20States%2C%20Vermont
2020-10-01,17,7,0.0,10.2,3,97,05:54 PM,05:19 AM,05:50 AM,05:32 PM,7,11,13,11,18,47,77,0.4,1010,17,9,224,11,United%20States%2C%20Vermont
2020-10-02,13,5,0.0,5.9,3,100,06:15 PM,06:19 AM,05:51 AM,05:30 PM,6,9,9,9,7,62,86,5.9,1015,13,9,202,4,United%20States%2C%20Vermont
2020-10-03,15,3,0.0,7.3,3,89,06:37 PM,07:20 AM,05:52 AM,05:29 PM,6,8,9,8,6,62,86,2.1,1020,15,6,248,4,United%20States%2C%20Vermont
2020-10-04,16,1,0.0,10.2,3,82,07:01 PM,08:20 AM,05:53 AM,05:27 PM,4,9,9,9,5,54,75,0.2,1024,16,6,249,4,United%20States%2C%20Vermont
2020-10-05,16,5,0.0,5.9,3,74,07:28 PM,09:21 AM,05:54 AM,05:25 PM,7,10,11,10,7,81,81,2.0,1020,16,9,209,4,United%20States%2C%20Vermont
2020-10-06,18,6,0.0,5.8,3,67,07:59 PM,10:23 AM,05:55 AM,05:23 PM,8,11,12,11,15,62,81,0.3,1017,18,6,199,10,United%20States%2C%20Vermont
2020-10-07,15,7,0.0,7.3,3,60,08:37 PM,11:24 AM,05:57 AM,05:22 PM,8,9,11,9,24,66,86,20.6,1004,15,9,243,16,United%20States%2C%20Vermont
2020-10-08,11,4,0.1,10.2,2,53,09:23 PM,12:23 PM,05:58 AM,05:20 PM,1,4,7,4,35,36,70,0.7,1011,11,10,296,21,United%20States%2C%20Vermont
2020-10-09,13,-3,0.0,11.6,3,45,10:16 PM,01:18 PM,05:59 AM,05:18 PM,0,4,6,4,13,7,74,0.0,1019,13,10,254,8,United%20States%2C%20Vermont
2020-10-10,22,5,0.0,11.2,4,38,11:19 PM,02:07 PM,06:00 AM,05:16 PM,9,12,14,12,22,42,79,0.7,1012,22,10,231,15,United%20States%2C%20Vermont
2020-10-11,14,2,0.0,8.7,2,31,No moonrise,02:50 PM,06:01 AM,05:15 PM,4,8,10,8,12,46,77,7.4,1021,14,8,177,7,United%20States%2C%20Vermont
2020-10-12,10,2,0.0,4.2,2,23,12:28 AM,03:28 PM,06:02 AM,05:13 PM,2,4,6,4,14,73,78,0.6,1023,10,9,108,10,United%20States%2C%20Vermont
2020-10-13,11,4,0.0,4.2,2,16,01:42 AM,04:00 PM,06:03 AM,05:11 PM,7,6,7,6,13,100,97,18.7,1015,11,6,164,8,United%20States%2C%20Vermont
2020-10-14,15,3,0.0,8.7,3,9,02:59 AM,04:29 PM,06:05 AM,05:10 PM,6,8,10,8,12,42,85,0.0,1014,15,6,257,8,United%20States%2C%20Vermont
2020-10-15,21,4,0.0,8.7,5,2,04:16 AM,04:58 PM,06:06 AM,05:08 PM,6,12,13,12,19,20,67,0.2,1013,21,10,194,13,United%20States%2C%20Vermont
2020-10-16,11,7,0.0,7.2,2,0,05:36 AM,05:26 PM,06:07 AM,05:06 PM,7,9,9,9,8,71,89,1.6,1020,11,7,255,5,United%20States%2C%20Vermont
2020-10-17,10,2,19.0,8.7,2,0,06:56 AM,05:56 PM,06:08 AM,05:05 PM,2,3,6,3,17,49,80,26.3,1021,10,7,289,13,United%20States%2C%20Vermont
2020-10-18,13,0,0.0,8.7,3,5,08:16 AM,06:30 PM,06:09 AM,05:03 PM,1,5,7,5,12,14,70,0.0,1029,13,10,179,8,United%20States%2C%20Vermont
2020-10-19,13,3,0.0,4.1,3,13,09:36 AM,07:11 PM,06:11 AM,05:01 PM,8,8,9,8,8,84,93,1.1,1027,13,3,175,5,United%20States%2C%20Vermont
2020-10-20,16,7,0.0,4.1,3,20,10:51 AM,07:58 PM,06:12 AM,05:00 PM,11,11,12,11,11,90,96,4.7,1023,16,5,214,8,United%20States%2C%20Vermont
2020-10-21,21,9,0.0,3.9,4,27,11:58 AM,08:53 PM,06:13 AM,04:58 PM,14,15,15,15,14,89,93,0.5,1023,21,4,154,11,United%20States%2C%20Vermont
2020-10-22,16,9,0.0,7.1,3,35,12:55 PM,09:54 PM,06:14 AM,04:57 PM,8,12,13,12,11,51,80,0.7,1024,16,7,251,6,United%20States%2C%20Vermont
2020-10-23,19,7,0.0,5.5,3,42,01:41 PM,10:58 PM,06:16 AM,04:55 PM,10,12,13,12,13,77,86,0.0,1021,19,6,144,9,United%20States%2C%20Vermont
2020-10-24,17,8,0.0,3.9,3,49,02:18 PM,No moonset,06:17 AM,04:54 PM,11,12,13,12,14,95,95,1.0,1016,17,3,251,9,United%20States%2C%20Vermont
2020-10-25,10,-2,0.0,8.7,3,56,02:49 PM,12:03 AM,06:18 AM,04:52 PM,-2,3,4,3,8,18,69,0.0,1024,10,10,181,6,United%20States%2C%20Vermont
2020-10-26,6,-1,0.3,3.9,1,64,03:16 PM,01:07 AM,06:19 AM,04:51 PM,3,2,4,2,10,99,92,6.1,1024,6,7,138,7,United%20States%2C%20Vermont
2020-10-27,7,2,1.0,5.5,2,71,03:39 PM,02:10 AM,06:21 AM,04:49 PM,3,3,5,3,9,87,87,4.0,1022,7,9,305,7,United%20States%2C%20Vermont
2020-10-28,8,-0,0.8,3.8,1,78,04:00 PM,03:11 AM,06:22 AM,04:48 PM,2,2,4,2,10,80,89,1.5,1019,8,7,240,8,United%20States%2C%20Vermont
2020-10-29,8,2,2.0,3.8,2,85,04:20 PM,04:12 AM,06:23 AM,04:47 PM,3,3,5,3,10,89,92,4.8,1013,8,5,176,6,United%20States%2C%20Vermont
2020-10-30,4,-4,0.3,5.5,1,93,04:42 PM,05:12 AM,06:24 AM,04:45 PM,-3,-1,0,-1,6,56,83,0.6,1017,4,9,158,4,United%20States%2C%20Vermont
2020-10-31,5,-9,0.0,8.7,2,97,05:05 PM,06:12 AM,06:26 AM,04:44 PM,-5,-3,-2,-3,6,0,79,0.0,1030,5,10,259,4,United%20States%2C%20Vermont
2020-11-01,9,-4,2.1,5.4,2,89,05:31 PM,07:14 AM,06:27 AM,04:42 PM,2,1,4,1,18,61,91,3.4,1016,9,6,173,13,United%20States%2C%20Vermont
2020-11-02,-0,-4,5.3,3.8,1,81,06:00 PM,08:16 AM,06:28 AM,04:41 PM,-4,-7,-2,-7,29,81,86,7.5,999,-0,3,281,23,United%20States%2C%20Vermont
2020-11-03,1,-4,9.3,3.8,1,74,06:36 PM,09:18 AM,06:29 AM,04:40 PM,-3,-6,-2,-6,24,82,87,11.1,1012,1,5,289,17,United%20States%2C%20Vermont
2020-11-04,8,-8,0.0,8.7,1,66,07:19 PM,10:17 AM,06:31 AM,04:39 PM,-2,-1,1,-1,11,14,85,0.0,1029,8,9,192,7,United%20States%2C%20Vermont
2020-11-05,14,1,0.0,8.7,2,58,08:09 PM,11:14 AM,06:32 AM,04:37 PM,6,6,7,6,14,18,88,0.0,1026,14,10,210,8,United%20States%2C%20Vermont
2020-11-06,15,4,0.0,8.7,3,51,09:08 PM,12:04 PM,06:33 AM,04:36 PM,8,9,10,9,12,26,90,0.0,1024,15,5,249,8,United%20States%2C%20Vermont
2020-11-07,15,6,0.0,7.1,3,43,10:12 PM,12:48 PM,06:35 AM,04:35 PM,10,10,11,10,13,36,92,0.0,1024,15,5,259,8,United%20States%2C%20Vermont
2020-11-08,15,7,0.0,8.7,4,36,11:23 PM,01:26 PM,06:36 AM,04:34 PM,7,10,10,10,9,1,83,0.0,1027,15,8,242,5,United%20States%2C%20Vermont
2020-11-09,19,6,0.0,8.7,4,28,No moonrise,01:59 PM,06:37 AM,04:33 PM,6,11,11,11,7,2,74,0.0,1026,19,10,239,4,United%20States%2C%20Vermont
2020-11-10,19,7,0.0,8.7,3,21,12:35 AM,02:28 PM,06:39 AM,04:32 PM,9,12,13,12,10,6,77,0.0,1020,19,9,225,6,United%20States%2C%20Vermont
2020-11-11,19,10,0.0,3.7,4,13,01:50 AM,02:56 PM,06:40 AM,04:31 PM,13,14,15,14,22,89,93,1.9,1015,19,5,215,14,United%20States%2C%20Vermont
2020-11-12,10,0,0.0,3.7,2,6,03:06 AM,03:23 PM,06:41 AM,04:30 PM,6,6,8,6,15,69,88,5.1,1015,10,9,284,8,United%20States%2C%20Vermont
2020-11-13,6,-1,0.6,3.7,1,0,04:24 AM,03:52 PM,06:42 AM,04:29 PM,0,0,2,0,11,61,88,8.4,1017,6,6,159,7,United%20States%2C%20Vermont
2020-11-14,5,-4,0.0,3.7,1,0,05:44 AM,04:23 PM,06:44 AM,04:28 PM,-2,-3,1,-3,17,51,84,0.0,1018,5,8,281,11,United%20States%2C%20Vermont
2020-11-15,5,-5,0.3,3.7,1,0,07:05 AM,05:00 PM,06:45 AM,04:27 PM,-2,-2,1,-2,14,55,80,17.1,1014,5,8,168,11,United%20States%2C%20Vermont
2020-11-16,3,-1,11.7,3.7,1,2,08:24 AM,05:44 PM,06:46 AM,04:26 PM,-2,-5,0,-5,39,80,83,23.1,1005,3,7,253,24,United%20States%2C%20Vermont
2020-11-17,-1,-6,0.7,3.7,1,9,09:39 AM,06:37 PM,06:48 AM,04:25 PM,-7,-9,-3,-9,34,76,75,0.9,1011,-1,8,279,18,United%20States%2C%20Vermont
2020-11-18,-6,-9,0.0,7.0,1,17,10:43 AM,07:38 PM,06:49 AM,04:24 PM,-14,-13,-8,-13,19,34,62,0.0,1026,-6,10,298,11,United%20States%2C%20Vermont
2020-11-19,5,-12,0.0,8.7,2,24,11:36 AM,08:43 PM,06:50 AM,04:23 PM,-7,-5,-2,-5,12,32,64,0.0,1029,5,10,223,9,United%20States%2C%20Vermont
2020-11-20,8,-1,0.0,8.7,2,32,12:18 PM,09:51 PM,06:51 AM,04:23 PM,2,2,4,2,17,36,81,0.0,1023,8,10,241,11,United%20States%2C%20Vermont
2020-11-21,8,0,0.0,3.6,2,39,12:52 PM,10:57 PM,06:53 AM,04:22 PM,3,2,4,2,15,68,88,0.1,1026,8,6,276,10,United%20States%2C%20Vermont
2020-11-22,3,-5,2.4,3.6,1,47,01:20 PM,No moonset,06:54 AM,04:21 PM,-2,-3,-0,-3,9,78,87,2.8,1031,3,5,120,7,United%20States%2C%20Vermont
2020-11-23,6,-4,3.5,3.6,1,54,01:44 PM,12:01 AM,06:55 AM,04:21 PM,2,-1,3,-1,21,91,92,17.6,1014,6,6,209,16,United%20States%2C%20Vermont
2020-11-24,-1,-5,0.0,8.7,1,62,02:06 PM,01:03 AM,06:56 AM,04:20 PM,-7,-6,-2,-6,16,32,73,0.0,1025,-1,10,292,12,United%20States%2C%20Vermont
2020-11-25,6,-8,2.6,3.6,1,70,02:26 PM,02:04 AM,06:57 AM,04:20 PM,-5,-3,-0,-3,11,77,70,3.5,1027,6,9,164,8,United%20States%2C%20Vermont
2020-11-26,7,1,0.0,3.6,2,77,02:47 PM,03:04 AM,06:59 AM,04:19 PM,5,3,5,3,8,100,98,10.5,1019,7,6,125,5,United%20States%2C%20Vermont
2020-11-27,10,5,0.0,3.4,2,85,03:10 PM,04:04 AM,07:00 AM,04:19 PM,7,7,8,7,8,90,96,0.2,1016,10,4,253,6,United%20States%2C%20Vermont
2020-11-28,6,1,0.4,3.4,1,92,03:34 PM,05:05 AM,07:01 AM,04:18 PM,2,1,3,1,12,76,89,1.7,1014,6,8,272,9,United%20States%2C%20Vermont
2020-11-29,6,-1,0.0,8.7,1,100,04:02 PM,06:07 AM,07:02 AM,04:18 PM,-0,0,2,0,9,52,84,0.0,1018,6,9,239,7,United%20States%2C%20Vermont
2020-11-30,7,-1,0.0,5.2,1,100,04:36 PM,07:10 AM,07:03 AM,04:17 PM,3,2,4,2,13,77,86,17.6,1012,7,8,128,10,United%20States%2C%20Vermont
2020-12-01,11,4,1.2,3.4,2,89,05:17 PM,08:11 AM,07:04 AM,04:17 PM,8,7,9,7,15,77,90,5.2,999,11,9,162,11,United%20States%2C%20Vermont
2020-12-02,2,-0,2.3,3.4,1,82,06:05 PM,09:10 AM,07:05 AM,04:17 PM,-1,-3,1,-3,15,87,85,2.9,1009,2,6,218,13,United%20States%2C%20Vermont
2020-12-03,2,-3,0.0,8.7,1,75,07:01 PM,10:03 AM,07:06 AM,04:17 PM,-4,-5,-1,-5,17,41,81,0.0,1018,2,9,255,12,United%20States%2C%20Vermont
2020-12-04,4,-3,3.6,3.4,1,67,08:04 PM,10:49 AM,07:07 AM,04:16 PM,-3,-3,0,-3,15,86,81,4.2,1016,4,8,228,10,United%20States%2C%20Vermont
2020-12-05,3,-3,15.7,3.4,1,60,09:12 PM,11:28 AM,07:08 AM,04:16 PM,0,-2,1,-2,12,100,96,18.5,1009,3,3,161,10,United%20States%2C%20Vermont
2020-12-06,-2,-6,3.0,8.7,1,53,10:22 PM,12:02 PM,07:09 AM,04:16 PM,-6,-10,-4,-10,24,49,87,3.9,1005,-2,7,291,17,United%20States%2C%20Vermont
2020-12-07,-2,-9,0.3,5.2,1,46,11:34 PM,12:31 PM,07:10 AM,04:16 PM,-7,-9,-5,-9,12,51,84,0.4,1008,-2,9,289,8,United%20States%2C%20Vermont
2020-12-08,-3,-8,0.3,5.2,1,38,No moonrise,12:58 PM,07:11 AM,04:16 PM,-7,-9,-5,-9,11,67,83,0.5,1008,-3,8,306,8,United%20States%2C%20Vermont
2020-12-09,1,-11,5.9,3.4,1,31,12:46 AM,01:24 PM,07:12 AM,04:16 PM,-4,-6,-3,-6,9,87,90,6.9,1006,1,6,245,6,United%20States%2C%20Vermont
2020-12-10,2,-7,1.6,6.9,1,24,02:01 AM,01:50 PM,07:13 AM,04:16 PM,-2,-5,-1,-5,16,56,89,2.1,1014,2,7,278,11,United%20States%2C%20Vermont
2020-12-11,5,-5,0.0,8.7,1,17,03:17 AM,02:19 PM,07:14 AM,04:16 PM,-1,-1,1,-1,9,30,87,0.0,1020,5,8,220,6,United%20States%2C%20Vermont
2020-12-12,5,-1,1.8,5.2,1,9,04:35 AM,02:52 PM,07:15 AM,04:16 PM,2,1,3,1,8,70,96,4.2,1020,5,4,144,6,United%20States%2C%20Vermont
2020-12-13,8,-2,0.0,5.2,2,2,05:55 AM,03:32 PM,07:16 AM,04:16 PM,3,1,4,1,20,85,90,6.7,1011,8,8,218,15,United%20States%2C%20Vermont
2020-12-14,1,-4,3.1,3.4,1,0,07:12 AM,04:19 PM,07:16 AM,04:17 PM,-2,-3,-1,-3,9,82,90,3.7,1012,1,6,275,7,United%20States%2C%20Vermont
2020-12-15,-6,-9,0.0,8.7,2,0,08:22 AM,05:17 PM,07:17 AM,04:17 PM,-15,-13,-6,-13,32,15,51,0.1,1021,-6,9,298,23,United%20States%2C%20Vermont
2020-12-16,-5,-13,0.0,6.9,1,5,09:23 AM,06:22 PM,07:18 AM,04:17 PM,-20,-11,-8,-11,8,58,39,0.0,1030,-5,10,193,6,United%20States%2C%20Vermont
2020-12-17,-4,-9,1.5,3.4,1,12,10:11 AM,07:31 PM,07:18 AM,04:18 PM,-11,-9,-6,-9,8,74,67,2.3,1023,-4,7,77,6,United%20States%2C%20Vermont
2020-12-18,-1,-9,0.0,8.7,1,20,10:50 AM,08:39 PM,07:19 AM,04:18 PM,-7,-7,-6,-7,6,50,88,0.0,1026,-1,9,250,4,United%20States%2C%20Vermont
2020-12-19,-5,-16,0.0,6.9,1,27,11:21 AM,09:47 PM,07:20 AM,04:18 PM,-13,-11,-10,-11,6,49,80,0.0,1028,-5,10,238,3,United%20States%2C%20Vermont
2020-12-20,0,-12,2.3,5.1,1,34,11:47 AM,10:51 PM,07:20 AM,04:19 PM,-6,-6,-4,-6,9,84,81,2.7,1021,0,8,166,6,United%20States%2C%20Vermont
2020-12-21,3,-10,0.8,3.4,1,41,12:10 PM,11:53 PM,07:21 AM,04:19 PM,-2,-3,-2,-3,6,78,96,1.0,1010,3,5,220,3,United%20States%2C%20Vermont
2020-12-22,1,-6,1.1,3.4,1,49,12:31 PM,No moonset,07:21 AM,04:20 PM,-3,-4,-2,-4,11,90,92,1.4,1007,1,4,283,9,United%20States%2C%20Vermont
2020-12-23,-2,-12,0.0,6.9,1,56,12:52 PM,12:53 AM,07:22 AM,04:20 PM,-8,-9,-6,-9,12,47,86,0.0,1025,-2,9,230,8,United%20States%2C%20Vermont
2020-12-24,5,-5,0.0,3.4,1,63,01:14 PM,01:54 AM,07:22 AM,04:21 PM,1,-1,2,-1,16,74,96,4.0,1020,5,5,128,10,United%20States%2C%20Vermont
2020-12-25,12,1,3.1,3.4,2,70,01:37 PM,02:55 AM,07:22 AM,04:22 PM,7,5,7,5,20,98,98,65.4,999,12,5,169,13,United%20States%2C%20Vermont
2020-12-26,-6,-8,2.6,3.4,1,78,02:04 PM,03:56 AM,07:23 AM,04:22 PM,-8,-13,-7,-13,26,93,86,3.4,1006,-6,4,251,16,United%20States%2C%20Vermont
2020-12-27,-4,-9,0.1,5.2,1,85,02:35 PM,04:59 AM,07:23 AM,04:23 PM,-9,-11,-7,-11,18,66,85,0.4,1019,-4,8,224,10,United%20States%2C%20Vermont
2020-12-28,3,-7,0.9,3.4,1,92,03:13 PM,06:01 AM,07:23 AM,04:24 PM,-4,-6,-2,-6,18,74,88,1.5,1019,3,8,180,11,United%20States%2C%20Vermont
2020-12-29,-5,-8,0.0,6.9,1,100,03:59 PM,07:01 AM,07:23 AM,04:25 PM,-11,-12,-6,-12,29,43,67,0.3,1025,-5,9,288,22,United%20States%2C%20Vermont
2020-12-30,1,-12,0.1,3.4,1,100,04:54 PM,07:57 AM,07:24 AM,04:25 PM,-11,-9,-5,-9,10,60,65,0.3,1027,1,9,221,8,United%20States%2C%20Vermont
2020-12-31,2,-5,4.5,6.9,1,89,05:56 PM,08:46 AM,07:24 AM,04:26 PM,-2,-5,-0,-5,23,63,84,5.4,1017,2,6,261,17,United%20States%2C%20Vermont
2021-01-01,1,-7,0.3,8.7,1,79,07:03 PM,09:29 AM,07:24 AM,04:27 PM,-5,-4,-3,-4,6,28,85,0.3,1030,1,8,227,4,United%20States%2C%20Vermont
2021-01-02,5,-4,6.3,3.4,1,71,08:14 PM,10:04 AM,07:24 AM,04:28 PM,-0,-3,0,-3,13,92,96,28.9,1012,5,5,191,10,United%20States%2C%20Vermont
2021-01-03,1,-6,4.3,5.2,1,64,09:25 PM,10:35 AM,07:24 AM,04:29 PM,-3,-4,-2,-4,8,76,90,5.0,1019,1,5,174,6,United%20States%2C%20Vermont
2021-01-04,2,-5,2.4,3.4,1,57,10:36 PM,11:02 AM,07:24 AM,04:30 PM,-2,-1,-1,-1,4,94,95,3.4,1015,2,6,66,3,United%20States%2C%20Vermont
2021-01-05,1,-5,0.2,3.4,1,50,11:49 PM,11:28 AM,07:24 AM,04:31 PM,-3,-2,-2,-2,4,92,92,0.3,1014,1,8,177,3,United%20States%2C%20Vermont
2021-01-06,-1,-8,0.6,3.4,1,42,No moonrise,11:53 AM,07:24 AM,04:32 PM,-5,-7,-4,-7,11,82,93,0.8,1017,-1,6,315,8,United%20States%2C%20Vermont
2021-01-07,-1,-8,0.0,6.9,1,35,01:02 AM,12:19 PM,07:23 AM,04:33 PM,-6,-9,-5,-9,12,58,92,0.0,1019,-1,7,311,9,United%20States%2C%20Vermont
2021-01-08,-2,-10,0.0,8.7,1,28,02:16 AM,12:49 PM,07:23 AM,04:34 PM,-7,-9,-6,-9,11,29,90,0.0,1019,-2,6,322,7,United%20States%2C%20Vermont
2021-01-09,-4,-9,0.0,3.4,1,20,03:33 AM,01:25 PM,07:23 AM,04:35 PM,-8,-10,-6,-10,10,47,85,0.0,1014,-4,10,316,8,United%20States%2C%20Vermont
2021-01-10,-1,-7,0.0,6.9,1,13,04:49 AM,02:07 PM,07:23 AM,04:36 PM,-6,-8,-4,-8,9,50,87,0.1,1022,-1,8,308,7,United%20States%2C%20Vermont
2021-01-11,0,-7,0.0,5.2,1,6,06:01 AM,02:59 PM,07:22 AM,04:37 PM,-5,-5,-3,-5,7,44,85,0.0,1025,0,10,253,5,United%20States%2C%20Vermont
2021-01-12,-0,-5,0.9,5.2,1,0,07:06 AM,04:00 PM,07:22 AM,04:39 PM,-4,-5,-2,-5,9,73,92,1.1,1019,-0,6,250,7,United%20States%2C%20Vermont
2021-01-13,0,-7,0.4,3.4,1,0,08:00 AM,05:08 PM,07:22 AM,04:40 PM,-4,-5,-3,-5,7,80,92,0.6,1015,0,7,245,6,United%20States%2C%20Vermont
2021-01-14,3,-6,1.5,3.5,1,1,08:43 AM,06:18 PM,07:21 AM,04:41 PM,-1,-2,-1,-2,6,100,96,1.9,1010,3,5,233,4,United%20States%2C%20Vermont
2021-01-15,2,-3,1.5,3.5,1,8,09:18 AM,07:27 PM,07:21 AM,04:42 PM,-1,-2,-0,-2,9,86,95,1.9,1012,2,5,128,7,United%20States%2C%20Vermont
2021-01-16,4,-2,12.8,3.5,1,16,09:47 AM,08:34 PM,07:20 AM,04:43 PM,2,-2,2,-2,26,100,96,49.9,1000,4,3,152,21,United%20States%2C%20Vermont
2021-01-17,1,-4,2.0,3.5,1,23,10:11 AM,09:39 PM,07:20 AM,04:45 PM,-2,-7,-1,-7,34,96,93,12.1,994,1,1,261,25,United%20States%2C%20Vermont
2021-01-18,-1,-7,4.2,3.5,1,30,10:34 AM,10:40 PM,07:19 AM,04:46 PM,-3,-7,-2,-7,17,89,93,5.4,1003,-1,4,268,15,United%20States%2C%20Vermont
2021-01-19,-3,-14,0.2,3.5,1,38,10:55 AM,11:42 PM,07:18 AM,04:47 PM,-8,-11,-8,-11,11,72,93,0.3,1014,-3,7,265,7,United%20States%2C%20Vermont
2021-01-20,-5,-13,1.5,3.5,1,45,11:16 AM,No moonset,07:18 AM,04:48 PM,-10,-13,-8,-13,18,77,89,1.8,1014,-5,5,273,14,United%20States%2C%20Vermont
2021-01-21,-3,-15,0.3,3.5,1,52,11:39 AM,12:42 AM,07:17 AM,04:50 PM,-10,-13,-9,-13,12,71,93,0.5,1008,-3,6,218,8,United%20States%2C%20Vermont
2021-01-22,-2,-10,2.3,3.5,1,59,12:04 PM,01:44 AM,07:16 AM,04:51 PM,-6,-9,-5,-9,17,83,93,3.5,1003,-2,4,257,10,United%20States%2C%20Vermont
2021-01-23,-12,-16,0.0,3.5,1,67,12:33 PM,02:45 AM,07:15 AM,04:52 PM,-15,-21,-14,-21,20,72,89,0.1,1014,-12,10,283,14,United%20States%2C%20Vermont
2021-01-24,-8,-20,0.0,8.7,2,74,01:08 PM,03:48 AM,07:15 AM,04:54 PM,-16,-21,-14,-21,20,20,83,0.0,1018,-8,10,284,14,United%20States%2C%20Vermont
2021-01-25,-5,-19,0.0,8.7,2,81,01:50 PM,04:49 AM,07:14 AM,04:55 PM,-13,-16,-12,-16,11,18,87,0.0,1019,-5,10,285,7,United%20States%2C%20Vermont
2021-01-26,-1,-14,2.2,5.3,1,88,02:41 PM,05:47 AM,07:13 AM,04:56 PM,-8,-9,-7,-9,6,59,90,2.6,1018,-1,8,156,4,United%20States%2C%20Vermont
2021-01-27,0,-9,14.5,3.5,1,96,03:42 PM,06:39 AM,07:12 AM,04:58 PM,-4,-6,-3,-6,8,93,97,17.0,1013,0,2,83,5,United%20States%2C%20Vermont
2021-01-28,-6,-11,1.4,3.6,1,100,04:49 PM,07:25 AM,07:11 AM,04:59 PM,-10,-11,-7,-11,12,86,94,1.8,1018,-6,3,305,9,United%20States%2C%20Vermont
2021-01-29,-16,-22,0.4,3.7,1,90,06:00 PM,08:03 AM,07:10 AM,05:00 PM,-19,-25,-18,-25,15,94,95,0.6,1021,-16,7,297,12,United%20States%2C%20Vermont
2021-01-30,-13,-20,0.0,5.4,1,82,07:13 PM,08:36 AM,07:09 AM,05:02 PM,-18,-23,-17,-23,11,73,95,0.1,1025,-13,7,300,8,United%20States%2C%20Vermont
2021-01-31,-4,-20,0.0,5.4,1,79,08:26 PM,09:05 AM,07:08 AM,05:03 PM,-15,-15,-12,-15,7,71,87,0.0,1027,-4,7,216,4,United%20States%2C%20Vermont
2021-02-01,-3,-14,0.3,3.7,1,63,09:40 PM,09:32 AM,07:07 AM,05:04 PM,-10,-12,-8,-12,14,79,86,0.3,1021,-3,9,90,10,United%20States%2C%20Vermont
2021-02-02,0,-8,15.1,3.8,1,55,10:53 PM,09:57 AM,07:06 AM,05:06 PM,-4,-9,-4,-9,22,95,94,17.8,1005,0,2,130,16,United%20States%2C%20Vermont
2021-02-03,-2,-11,8.7,3.8,1,48,No moonrise,10:23 AM,07:05 AM,05:07 PM,-6,-10,-6,-10,15,86,95,10.2,1000,-2,2,319,12,United%20States%2C%20Vermont
2021-02-04,-2,-8,1.4,3.8,1,40,12:07 AM,10:52 AM,07:03 AM,05:08 PM,-6,-8,-5,-8,12,79,95,1.7,1009,-2,6,292,8,United%20States%2C%20Vermont
2021-02-05,2,-9,8.2,3.8,1,33,01:22 AM,11:24 AM,07:02 AM,05:10 PM,-4,-5,-3,-5,11,69,94,9.7,1005,2,4,182,8,United%20States%2C%20Vermont
2021-02-06,-5,-10,1.5,3.8,1,25,02:36 AM,12:03 PM,07:01 AM,05:11 PM,-9,-13,-7,-13,23,76,89,2.2,1011,-5,5,253,18,United%20States%2C%20Vermont
2021-02-07,-3,-15,3.1,3.8,1,18,03:48 AM,12:50 PM,07:00 AM,05:12 PM,-10,-12,-9,-12,11,71,91,3.7,1017,-3,6,173,7,United%20States%2C%20Vermont
