date_time,United%20States%2C%20Utah_maxtempC,United%20States%2C%20Utah_mintempC,United%20States%2C%20Utah_totalSnow_cm,United%20States%2C%20Utah_sunHour,United%20States%2C%20Utah_uvIndex,United%20States%2C%20Utah_moon_illumination,United%20States%2C%20Utah_moonrise,United%20States%2C%20Utah_moonset,United%20States%2C%20Utah_sunrise,United%20States%2C%20Utah_sunset,United%20States%2C%20Utah_DewPointC,United%20States%2C%20Utah_FeelsLikeC,United%20States%2C%20Utah_HeatIndexC,United%20States%2C%20Utah_WindChillC,United%20States%2C%20Utah_WindGustKmph,United%20States%2C%20Utah_cloudcover,United%20States%2C%20Utah_humidity,United%20States%2C%20Utah_precipMM,United%20States%2C%20Utah_pressure,United%20States%2C%20Utah_tempC,United%20States%2C%20Utah_visibility,United%20States%2C%20Utah_winddirDegree,United%20States%2C%20Utah_windspeedKmph,United%20States%2C%20Utah_location
2020-01-01,-3,-12,16.3,3.6,1,37,11:59 AM,11:40 PM,07:52 AM,05:11 PM,-5,-9,-4,-9,24,89,88,19.2,1016,-3,5,178,13,United%20States%2C%20Utah
2020-01-02,-2,-5,7.3,5.3,1,44,12:23 PM,No moonset,07:52 AM,05:12 PM,-5,-6,-3,-6,14,73,86,8.6,1019,-2,6,261,8,United%20States%2C%20Utah
2020-01-03,0,-5,1.5,8.7,1,51,12:47 PM,12:38 AM,07:52 AM,05:13 PM,-5,-7,-3,-7,22,42,87,1.8,1030,0,8,165,12,United%20States%2C%20Utah
2020-01-04,3,-2,0.0,7.0,1,59,01:13 PM,01:37 AM,07:52 AM,05:14 PM,-5,-2,0,-2,18,41,70,0.0,1029,3,10,154,9,United%20States%2C%20Utah
2020-01-05,0,-3,2.0,8.7,1,66,01:40 PM,02:36 AM,07:52 AM,05:15 PM,-6,-4,-1,-4,17,30,71,2.4,1028,0,9,168,9,United%20States%2C%20Utah
2020-01-06,1,-3,0.2,8.7,1,73,02:10 PM,03:38 AM,07:52 AM,05:15 PM,-7,-4,-1,-4,15,36,66,0.2,1036,1,10,178,8,United%20States%2C%20Utah
2020-01-07,4,-2,0.0,8.7,1,80,02:47 PM,04:42 AM,07:52 AM,05:16 PM,-8,-3,0,-3,20,35,52,0.0,1028,4,10,164,11,United%20States%2C%20Utah
2020-01-08,1,-2,2.8,3.6,1,88,03:31 PM,05:47 AM,07:52 AM,05:17 PM,-5,-3,-0,-3,16,66,73,3.3,1015,1,7,174,8,United%20States%2C%20Utah
2020-01-09,2,-4,0.7,7.0,1,95,04:22 PM,06:50 AM,07:52 AM,05:18 PM,-5,-3,-1,-3,11,73,74,0.8,1014,2,9,148,6,United%20States%2C%20Utah
2020-01-10,0,-6,1.2,5.3,1,100,05:24 PM,07:51 AM,07:52 AM,05:19 PM,-8,-6,-3,-6,16,45,67,1.4,1028,0,9,249,11,United%20States%2C%20Utah
2020-01-11,-3,-9,5.7,3.6,1,100,06:32 PM,08:44 AM,07:51 AM,05:21 PM,-8,-9,-4,-9,20,64,76,6.7,1020,-3,6,177,12,United%20States%2C%20Utah
2020-01-12,-2,-6,5.6,3.6,1,83,07:45 PM,09:31 AM,07:51 AM,05:22 PM,-6,-7,-4,-7,11,74,85,6.6,1020,-2,5,193,6,United%20States%2C%20Utah
2020-01-13,-2,-6,3.2,5.3,1,76,08:59 PM,10:10 AM,07:51 AM,05:23 PM,-8,-8,-4,-8,19,67,76,3.8,1018,-2,8,172,10,United%20States%2C%20Utah
2020-01-14,0,-4,1.1,5.3,1,69,10:12 PM,10:45 AM,07:50 AM,05:24 PM,-6,-7,-2,-7,29,46,72,1.3,1017,0,9,192,15,United%20States%2C%20Utah
2020-01-15,-1,-6,0.3,5.3,1,61,11:24 PM,11:17 AM,07:50 AM,05:25 PM,-9,-8,-4,-8,21,58,68,0.3,1024,-1,10,158,11,United%20States%2C%20Utah
2020-01-16,1,-4,0.0,8.7,2,54,No moonrise,11:47 AM,07:50 AM,05:26 PM,-7,-7,-1,-7,40,15,67,0.0,1018,1,10,164,19,United%20States%2C%20Utah
2020-01-17,-0,-5,4.2,7.0,1,47,12:34 AM,12:16 PM,07:49 AM,05:27 PM,-6,-6,-2,-6,20,48,70,4.9,1022,-0,8,240,13,United%20States%2C%20Utah
2020-01-18,-1,-7,0.0,8.7,1,40,01:44 AM,12:47 PM,07:49 AM,05:28 PM,-8,-7,-3,-7,16,34,71,0.0,1033,-1,10,151,9,United%20States%2C%20Utah
2020-01-19,2,-2,0.0,8.7,2,32,02:53 AM,01:22 PM,07:48 AM,05:30 PM,-6,-2,-1,-2,6,4,67,0.0,1034,2,10,155,4,United%20States%2C%20Utah
2020-01-20,1,-3,0.0,5.4,1,25,04:01 AM,02:00 PM,07:48 AM,05:31 PM,-5,-2,-1,-2,8,74,72,0.0,1028,1,10,162,4,United%20States%2C%20Utah
2020-01-21,1,-1,0.6,3.7,1,18,05:07 AM,02:44 PM,07:47 AM,05:32 PM,-2,-3,-0,-3,15,83,88,0.7,1020,1,7,157,8,United%20States%2C%20Utah
2020-01-22,2,-2,2.1,5.4,1,11,06:08 AM,03:35 PM,07:46 AM,05:33 PM,-4,-2,0,-2,11,72,78,2.5,1022,2,7,198,6,United%20States%2C%20Utah
2020-01-23,1,-2,0.1,3.7,1,3,07:03 AM,04:30 PM,07:46 AM,05:34 PM,-4,-4,-1,-4,18,58,78,0.1,1028,1,10,148,9,United%20States%2C%20Utah
2020-01-24,1,-1,2.6,5.4,1,0,07:50 AM,05:29 PM,07:45 AM,05:35 PM,-2,-2,0,-2,14,58,84,3.0,1022,1,8,145,7,United%20States%2C%20Utah
2020-01-25,4,0,0.9,7.0,1,0,08:30 AM,06:29 PM,07:44 AM,05:37 PM,-1,-1,2,-1,14,50,83,1.0,1023,4,8,151,9,United%20States%2C%20Utah
2020-01-26,7,0,3.1,8.7,1,4,09:05 AM,07:31 PM,07:44 AM,05:38 PM,-3,0,3,0,18,51,70,3.8,1020,7,9,151,10,United%20States%2C%20Utah
2020-01-27,4,-2,12.2,3.7,1,11,09:35 AM,08:30 PM,07:43 AM,05:39 PM,-2,0,2,0,9,70,76,14.4,1024,4,7,234,7,United%20States%2C%20Utah
2020-01-28,5,1,1.5,7.0,1,18,10:01 AM,09:29 PM,07:42 AM,05:40 PM,-3,-1,2,-1,17,52,71,1.8,1025,5,9,160,12,United%20States%2C%20Utah
2020-01-29,1,-2,1.9,3.8,1,26,10:25 AM,10:27 PM,07:41 AM,05:42 PM,-2,-2,-0,-2,12,69,87,2.2,1024,1,7,281,7,United%20States%2C%20Utah
2020-01-30,0,-2,1.7,3.8,1,33,10:49 AM,11:25 PM,07:40 AM,05:43 PM,-3,-4,-1,-4,11,78,89,2.0,1028,0,8,195,7,United%20States%2C%20Utah
2020-01-31,1,-3,0.0,8.7,2,37,11:14 AM,No moonset,07:39 AM,05:44 PM,-6,-4,-1,-4,13,14,71,0.0,1034,1,10,147,7,United%20States%2C%20Utah
2020-02-01,6,-0,0.0,8.7,2,49,11:40 AM,12:23 AM,07:38 AM,05:45 PM,-4,-1,2,-1,22,5,64,0.0,1031,6,10,162,12,United%20States%2C%20Utah
2020-02-02,8,3,0.0,8.7,2,57,12:08 PM,01:23 AM,07:37 AM,05:46 PM,-6,2,5,2,24,48,50,0.0,1011,8,10,221,12,United%20States%2C%20Utah
2020-02-03,-7,-15,25.8,3.8,1,64,12:40 PM,02:24 AM,07:36 AM,05:48 PM,-8,-13,-7,-13,29,89,89,30.3,1010,-7,3,264,18,United%20States%2C%20Utah
2020-02-04,-6,-12,0.0,8.7,2,72,01:20 PM,03:28 AM,07:35 AM,05:49 PM,-11,-10,-8,-10,5,12,79,0.0,1029,-6,10,188,4,United%20States%2C%20Utah
2020-02-05,-8,-16,4.9,3.8,1,79,02:06 PM,04:31 AM,07:34 AM,05:50 PM,-11,-15,-10,-15,20,67,88,5.8,1027,-8,6,147,11,United%20States%2C%20Utah
2020-02-06,-1,-7,27.0,3.8,1,87,03:03 PM,05:33 AM,07:33 AM,05:51 PM,-3,-7,-3,-7,18,96,98,31.8,1017,-1,2,161,10,United%20States%2C%20Utah
2020-02-07,2,-1,12.9,3.8,1,95,04:08 PM,06:29 AM,07:32 AM,05:53 PM,0,-2,0,-2,12,100,100,15.6,1018,2,3,164,6,United%20States%2C%20Utah
2020-02-08,0,-4,1.6,7.1,1,100,05:21 PM,07:20 AM,07:31 AM,05:54 PM,-2,-5,-1,-5,25,51,93,1.9,1017,0,6,212,12,United%20States%2C%20Utah
2020-02-09,-3,-6,0.7,5.5,1,100,06:36 PM,08:04 AM,07:30 AM,05:55 PM,-7,-6,-5,-6,9,52,85,0.9,1025,-3,8,133,5,United%20States%2C%20Utah
2020-02-10,-2,-6,0.0,8.7,2,83,07:53 PM,08:42 AM,07:29 AM,05:56 PM,-8,-6,-4,-6,7,19,76,0.0,1026,-2,10,209,5,United%20States%2C%20Utah
2020-02-11,-1,-6,0.0,8.7,2,75,09:08 PM,09:16 AM,07:27 AM,05:57 PM,-8,-5,-4,-5,7,9,69,0.0,1029,-1,10,110,5,United%20States%2C%20Utah
2020-02-12,0,-4,0.0,8.7,1,68,10:21 PM,09:47 AM,07:26 AM,05:59 PM,-7,-4,-2,-4,11,35,69,0.0,1024,0,10,132,6,United%20States%2C%20Utah
2020-02-13,4,-3,0.0,10.8,2,60,11:34 PM,10:17 AM,07:25 AM,06:00 PM,-6,-3,1,-3,14,13,63,0.0,1023,4,10,147,10,United%20States%2C%20Utah
2020-02-14,7,1,0.0,10.8,2,53,No moonrise,10:49 AM,07:24 AM,06:01 PM,-8,-0,2,-0,19,4,48,0.0,1018,7,10,204,10,United%20States%2C%20Utah
2020-02-15,5,-1,0.0,10.1,1,45,12:45 AM,11:23 AM,07:22 AM,06:02 PM,-6,1,1,1,6,36,60,0.0,1023,5,10,179,4,United%20States%2C%20Utah
2020-02-16,3,-6,3.1,5.4,1,38,01:55 AM,12:00 PM,07:21 AM,06:03 PM,-1,-1,1,-1,13,83,84,13.0,1017,3,7,182,7,United%20States%2C%20Utah
2020-02-17,1,-3,4.6,10.1,1,30,03:01 AM,12:42 PM,07:20 AM,06:05 PM,-7,-3,-1,-3,12,62,61,5.5,1024,1,8,273,9,United%20States%2C%20Utah
2020-02-18,1,-6,0.2,10.1,1,22,04:03 AM,01:31 PM,07:18 AM,06:06 PM,-9,-3,-1,-3,5,48,57,0.2,1029,1,10,125,5,United%20States%2C%20Utah
2020-02-19,-1,-4,0.0,10.9,2,15,04:59 AM,02:23 PM,07:17 AM,06:07 PM,-11,-4,-2,-4,9,7,50,0.0,1031,-1,10,222,7,United%20States%2C%20Utah
2020-02-20,0,-7,0.0,10.9,2,7,05:48 AM,03:21 PM,07:16 AM,06:08 PM,-14,-4,-2,-4,5,3,39,0.0,1038,0,10,69,4,United%20States%2C%20Utah
2020-02-21,6,-0,0.0,11.0,2,0,06:29 AM,04:20 PM,07:14 AM,06:09 PM,-11,2,2,2,4,2,40,0.0,1032,6,10,195,3,United%20States%2C%20Utah
2020-02-22,5,-1,0.0,10.1,1,0,07:05 AM,05:21 PM,07:13 AM,06:10 PM,-7,1,2,1,8,27,51,0.0,1022,5,10,207,5,United%20States%2C%20Utah
2020-02-23,7,-0,0.0,11.0,2,0,07:36 AM,06:21 PM,07:11 AM,06:12 PM,-5,2,3,2,9,6,57,0.0,1020,7,10,253,5,United%20States%2C%20Utah
2020-02-24,1,-1,1.6,11.0,1,0,08:03 AM,07:20 PM,07:10 AM,06:13 PM,-9,-4,1,-4,23,27,51,1.9,1026,1,8,288,15,United%20States%2C%20Utah
2020-02-25,3,-3,0.0,11.1,2,8,08:28 AM,08:18 PM,07:08 AM,06:14 PM,-9,-3,-0,-3,11,10,51,0.0,1034,3,10,325,8,United%20States%2C%20Utah
2020-02-26,7,-1,0.0,11.1,2,15,08:52 AM,09:17 PM,07:07 AM,06:15 PM,-11,1,2,1,7,21,37,0.0,1033,7,10,155,5,United%20States%2C%20Utah
2020-02-27,9,1,0.0,11.1,3,23,09:16 AM,10:14 PM,07:05 AM,06:16 PM,-7,5,5,5,4,7,44,0.0,1030,9,10,131,3,United%20States%2C%20Utah
2020-02-28,13,4,0.0,11.1,3,30,09:41 AM,11:13 PM,07:04 AM,06:17 PM,-6,6,7,6,4,14,42,0.0,1029,13,10,142,3,United%20States%2C%20Utah
2020-02-29,12,4,0.0,7.1,2,38,10:08 AM,No moonset,07:02 AM,06:18 PM,-6,5,8,5,27,60,37,0.0,1014,12,10,171,16,United%20States%2C%20Utah
2020-03-01,2,-3,6.5,5.6,1,44,10:38 AM,12:13 AM,07:01 AM,06:20 PM,-2,-3,1,-3,22,81,82,7.7,1009,2,5,282,15,United%20States%2C%20Utah
2020-03-02,3,-2,0.4,11.6,2,51,11:13 AM,01:14 AM,06:59 AM,06:21 PM,-5,-2,-0,-2,7,20,69,0.5,1019,3,9,290,6,United%20States%2C%20Utah
2020-03-03,4,1,0.0,11.6,2,58,11:55 AM,02:16 AM,06:58 AM,06:22 PM,-7,1,2,1,7,9,52,0.0,1023,4,10,210,5,United%20States%2C%20Utah
2020-03-04,9,-1,0.0,11.6,3,65,12:45 PM,03:17 AM,06:56 AM,06:23 PM,-2,3,4,3,7,10,61,0.0,1023,9,10,114,5,United%20States%2C%20Utah
2020-03-05,12,3,0.0,11.6,3,73,01:45 PM,04:14 AM,06:54 AM,06:24 PM,-1,5,7,5,22,7,55,0.0,1024,12,10,152,12,United%20States%2C%20Utah
2020-03-06,15,6,0.0,5.9,3,80,02:53 PM,05:07 AM,06:53 AM,06:25 PM,-2,8,10,8,27,77,45,0.0,1019,15,10,157,15,United%20States%2C%20Utah
2020-03-07,14,6,0.0,10.2,2,87,04:07 PM,05:53 AM,06:51 AM,06:26 PM,-2,6,9,6,37,30,46,0.0,1010,14,10,171,19,United%20States%2C%20Utah
2020-03-08,8,-0,0.0,5.9,2,95,05:24 PM,06:34 AM,06:50 AM,06:27 PM,1,5,7,5,13,88,65,5.1,1011,8,9,167,8,United%20States%2C%20Utah
2020-03-09,10,6,0.0,10.2,2,100,06:41 PM,07:10 AM,06:48 AM,06:28 PM,-2,5,8,5,20,50,51,0.0,1017,10,10,197,15,United%20States%2C%20Utah
2020-03-10,9,5,0.0,10.2,2,100,07:58 PM,07:43 AM,06:46 AM,06:30 PM,-0,5,6,5,9,51,64,0.1,1021,9,10,291,6,United%20States%2C%20Utah
2020-03-11,12,5,0.0,10.2,2,84,09:14 PM,08:14 AM,06:45 AM,06:31 PM,-1,7,8,7,12,23,52,0.1,1018,12,10,184,7,United%20States%2C%20Utah
2020-03-12,9,5,0.0,11.6,3,76,10:28 PM,08:46 AM,06:43 AM,06:32 PM,-4,6,7,6,11,13,47,0.1,1016,9,10,300,8,United%20States%2C%20Utah
2020-03-13,11,3,0.0,11.6,3,69,11:42 PM,09:20 AM,06:41 AM,06:33 PM,-4,6,7,6,10,4,47,0.0,1009,11,10,306,6,United%20States%2C%20Utah
2020-03-14,11,6,0.0,10.2,2,62,No moonrise,09:57 AM,06:40 AM,06:34 PM,1,4,8,4,44,42,61,0.1,1011,11,10,164,31,United%20States%2C%20Utah
2020-03-15,13,6,0.0,11.6,2,55,12:52 AM,10:39 AM,06:38 AM,06:35 PM,-1,6,9,6,37,28,52,0.2,1014,13,10,176,23,United%20States%2C%20Utah
2020-03-16,12,6,0.0,11.6,3,47,01:57 AM,11:26 AM,06:37 AM,06:36 PM,-2,7,9,7,18,18,47,0.0,1016,12,10,146,11,United%20States%2C%20Utah
2020-03-17,13,7,0.0,11.6,4,40,02:56 AM,12:18 PM,06:35 AM,06:37 PM,-4,8,9,8,24,5,39,0.0,1008,13,10,173,15,United%20States%2C%20Utah
2020-03-18,6,3,0.0,6.0,1,33,03:47 AM,01:15 PM,06:33 AM,06:38 PM,-2,2,5,2,16,82,65,4.7,1008,6,9,188,11,United%20States%2C%20Utah
2020-03-19,7,3,0.0,7.4,2,25,04:31 AM,02:14 PM,06:32 AM,06:39 PM,-2,4,5,4,8,52,63,4.8,1011,7,10,265,5,United%20States%2C%20Utah
2020-03-20,5,3,0.0,7.4,1,18,05:08 AM,03:14 PM,06:30 AM,06:40 PM,1,3,4,3,6,70,81,1.4,1022,5,9,244,5,United%20States%2C%20Utah
2020-03-21,11,3,0.0,8.8,2,11,05:40 AM,04:14 PM,06:28 AM,06:41 PM,-2,6,7,6,10,46,54,1.3,1021,11,9,202,7,United%20States%2C%20Utah
2020-03-22,11,5,0.0,11.6,3,4,06:07 AM,05:13 PM,06:27 AM,06:43 PM,-3,8,8,8,7,17,45,0.0,1018,11,10,213,5,United%20States%2C%20Utah
2020-03-23,8,6,0.0,6.1,2,0,06:33 AM,06:12 PM,06:25 AM,06:44 PM,-0,5,7,5,23,60,58,2.7,1011,8,9,167,16,United%20States%2C%20Utah
2020-03-24,13,6,0.0,6.1,2,0,06:57 AM,07:10 PM,06:23 AM,06:45 PM,2,6,9,6,26,84,65,6.0,1011,13,10,199,20,United%20States%2C%20Utah
2020-03-25,5,-4,14.8,7.5,1,3,07:21 AM,08:08 PM,06:22 AM,06:46 PM,1,2,3,2,9,80,81,23.4,1010,5,6,289,7,United%20States%2C%20Utah
2020-03-26,2,-7,10.9,6.1,1,11,07:45 AM,09:07 PM,06:20 AM,06:47 PM,-4,-3,0,-3,18,91,71,12.8,1011,2,6,321,12,United%20States%2C%20Utah
2020-03-27,3,-5,0.1,7.5,1,18,08:10 AM,10:06 PM,06:18 AM,06:48 PM,-8,-1,1,-1,13,57,51,0.4,1014,3,10,281,9,United%20States%2C%20Utah
2020-03-28,6,-3,2.9,7.5,1,25,08:39 AM,11:07 PM,06:17 AM,06:49 PM,-1,1,3,1,8,66,72,5.7,1018,6,7,199,6,United%20States%2C%20Utah
2020-03-29,11,2,0.0,10.2,2,32,09:12 AM,No moonset,06:15 AM,06:50 PM,-3,4,6,4,12,30,53,0.0,1015,11,10,114,9,United%20States%2C%20Utah
2020-03-30,10,4,0.0,6.2,2,40,09:50 AM,12:07 AM,06:13 AM,06:51 PM,-1,6,7,6,8,62,60,1.9,1017,10,9,183,5,United%20States%2C%20Utah
2020-03-31,12,7,0.0,11.6,2,44,10:36 AM,01:08 AM,06:12 AM,06:52 PM,-2,7,9,7,18,54,48,0.1,1013,12,10,193,11,United%20States%2C%20Utah
2020-04-01,6,2,0.0,10.3,2,56,11:31 AM,02:05 AM,06:10 AM,06:53 PM,0,4,5,4,13,47,68,0.1,1007,6,10,329,9,United%20States%2C%20Utah
2020-04-02,3,-4,1.2,7.6,1,64,12:33 PM,02:58 AM,06:09 AM,06:54 PM,-8,-1,2,-1,18,68,49,1.6,1015,3,7,274,14,United%20States%2C%20Utah
2020-04-03,9,2,0.0,11.6,3,71,01:42 PM,03:45 AM,06:07 AM,06:55 PM,-11,4,5,4,9,5,31,0.0,1016,9,10,172,7,United%20States%2C%20Utah
2020-04-04,13,5,0.0,10.3,2,79,02:56 PM,04:27 AM,06:05 AM,06:56 PM,-8,7,8,7,17,28,32,0.0,1008,13,10,177,11,United%20States%2C%20Utah
2020-04-05,15,8,0.0,7.6,3,87,04:11 PM,05:04 AM,06:04 AM,06:57 PM,-2,9,11,9,33,72,43,0.3,1003,15,10,191,20,United%20States%2C%20Utah
2020-04-06,13,8,0.0,8.9,3,94,05:28 PM,05:37 AM,06:02 AM,06:58 PM,-2,8,11,8,38,37,43,0.6,1005,13,10,184,24,United%20States%2C%20Utah
2020-04-07,12,6,0.0,11.6,3,100,06:45 PM,06:09 AM,06:01 AM,07:00 PM,0,8,9,8,12,23,55,0.9,1011,12,10,220,8,United%20States%2C%20Utah
2020-04-08,15,9,0.0,13.4,4,100,08:02 PM,06:40 AM,05:59 AM,07:01 PM,-0,12,12,12,11,6,45,0.0,1015,15,10,239,7,United%20States%2C%20Utah
2020-04-09,14,6,0.0,12.1,3,83,09:19 PM,07:14 AM,05:57 AM,07:02 PM,2,11,11,11,6,34,52,2.6,1012,14,10,167,4,United%20States%2C%20Utah
2020-04-10,13,6,0.0,13.5,4,76,10:33 PM,07:50 AM,05:56 AM,07:03 PM,-1,9,10,9,8,4,52,0.0,1013,13,10,224,6,United%20States%2C%20Utah
2020-04-11,13,8,0.0,12.1,3,68,11:44 PM,08:31 AM,05:54 AM,07:04 PM,-2,10,11,10,24,44,40,1.3,1006,13,10,244,14,United%20States%2C%20Utah
2020-04-12,7,3,0.0,13.5,2,61,No moonrise,09:18 AM,05:53 AM,07:05 PM,-6,2,5,2,23,21,45,2.3,1016,7,10,312,18,United%20States%2C%20Utah
2020-04-13,5,1,0.2,13.3,1,53,12:48 AM,10:10 AM,05:51 AM,07:06 PM,-9,-0,3,-0,21,31,39,0.3,1020,5,10,304,16,United%20States%2C%20Utah
2020-04-14,7,1,0.0,13.3,2,46,01:44 AM,11:07 AM,05:50 AM,07:07 PM,-12,3,4,3,11,24,30,0.0,1024,7,10,262,7,United%20States%2C%20Utah
2020-04-15,6,-5,0.0,9.7,1,38,02:30 AM,12:06 PM,05:48 AM,07:08 PM,-2,3,5,3,10,64,61,6.4,1015,6,9,180,7,United%20States%2C%20Utah
2020-04-16,3,1,3.3,8.5,1,30,03:10 AM,01:07 PM,05:47 AM,07:09 PM,-3,-1,2,-1,14,72,69,6.3,1020,3,8,305,10,United%20States%2C%20Utah
2020-04-17,11,2,0.0,13.7,3,23,03:44 AM,02:07 PM,05:45 AM,07:10 PM,-7,5,6,5,6,12,43,0.0,1020,11,10,175,5,United%20States%2C%20Utah
2020-04-18,12,5,0.0,13.7,3,15,04:12 AM,03:07 PM,05:44 AM,07:11 PM,-3,9,9,9,6,24,44,0.0,1011,12,10,246,4,United%20States%2C%20Utah
2020-04-19,12,8,0.0,10.9,2,8,04:38 AM,04:05 PM,05:42 AM,07:12 PM,-2,8,9,8,16,68,45,1.9,1011,12,10,209,10,United%20States%2C%20Utah
2020-04-20,15,8,0.0,12.1,3,0,05:02 AM,05:03 PM,05:41 AM,07:13 PM,0,11,11,11,10,29,47,0.3,1013,15,10,257,7,United%20States%2C%20Utah
2020-04-21,15,6,0.0,13.8,4,0,05:26 AM,06:01 PM,05:39 AM,07:14 PM,-1,11,12,11,10,5,41,0.0,1014,15,10,325,7,United%20States%2C%20Utah
2020-04-22,15,7,0.0,13.3,3,0,05:49 AM,07:00 PM,05:38 AM,07:15 PM,0,11,12,11,12,26,44,0.1,1017,15,10,270,9,United%20States%2C%20Utah
2020-04-23,11,7,0.0,9.8,3,0,06:14 AM,08:00 PM,05:37 AM,07:16 PM,3,8,10,8,19,70,62,5.1,1017,11,9,305,15,United%20States%2C%20Utah
2020-04-24,12,6,0.0,13.8,3,7,06:41 AM,09:01 PM,05:35 AM,07:18 PM,-0,8,9,8,14,30,54,1.8,1020,12,10,272,10,United%20States%2C%20Utah
2020-04-25,16,8,0.0,13.9,4,15,07:13 AM,10:02 PM,05:34 AM,07:19 PM,2,12,13,12,4,15,51,0.0,1020,16,10,225,3,United%20States%2C%20Utah
2020-04-26,20,14,0.0,13.3,4,22,07:49 AM,11:03 PM,05:32 AM,07:20 PM,2,16,16,16,16,21,39,0.1,1014,20,10,231,10,United%20States%2C%20Utah
2020-04-27,22,14,0.0,13.9,5,30,08:32 AM,No moonset,05:31 AM,07:21 PM,3,17,17,17,11,12,40,0.0,1014,22,10,233,8,United%20States%2C%20Utah
2020-04-28,19,11,0.0,13.9,5,37,09:24 AM,12:01 AM,05:30 AM,07:22 PM,4,15,15,15,10,13,47,0.0,1020,19,10,245,7,United%20States%2C%20Utah
2020-04-29,24,12,0.0,14.0,5,45,10:22 AM,12:54 AM,05:28 AM,07:23 PM,1,18,18,18,11,4,32,0.0,1018,24,10,160,7,United%20States%2C%20Utah
2020-04-30,23,15,0.0,12.2,5,52,11:27 AM,01:43 AM,05:27 AM,07:24 PM,6,19,20,19,16,47,47,5.6,1011,23,10,207,9,United%20States%2C%20Utah
2020-05-01,15,8,0.0,12.2,3,58,12:37 PM,02:24 AM,05:26 AM,07:25 PM,7,13,14,13,13,47,60,2.8,1013,15,10,210,9,United%20States%2C%20Utah
2020-05-02,21,11,0.0,14.0,5,65,01:49 PM,03:02 AM,05:25 AM,07:26 PM,5,16,16,16,5,18,52,0.0,1014,21,10,208,4,United%20States%2C%20Utah
2020-05-03,18,11,0.0,13.4,4,72,03:03 PM,03:35 AM,05:23 AM,07:27 PM,3,15,15,15,13,42,45,0.6,1012,18,10,241,9,United%20States%2C%20Utah
2020-05-04,13,9,0.0,9.9,3,80,04:18 PM,04:06 AM,05:22 AM,07:28 PM,-0,11,12,11,13,49,45,0.2,1018,13,10,268,10,United%20States%2C%20Utah
2020-05-05,20,10,0.0,12.2,4,87,05:34 PM,04:36 AM,05:21 AM,07:29 PM,-5,14,14,14,8,29,26,0.0,1020,20,10,152,5,United%20States%2C%20Utah
2020-05-06,22,13,0.0,14.1,5,94,06:50 PM,05:08 AM,05:20 AM,07:30 PM,-3,16,17,16,26,7,28,0.0,1016,22,10,233,16,United%20States%2C%20Utah
2020-05-07,13,7,0.0,14.1,4,100,08:07 PM,05:42 AM,05:19 AM,07:31 PM,-7,9,11,9,16,0,29,0.0,1022,13,10,329,12,United%20States%2C%20Utah
2020-05-08,17,8,0.0,14.2,4,100,09:22 PM,06:20 AM,05:17 AM,07:32 PM,-1,13,13,13,8,2,38,0.0,1021,17,10,247,6,United%20States%2C%20Utah
2020-05-09,19,11,0.0,14.2,5,84,10:31 PM,07:05 AM,05:16 AM,07:33 PM,-2,16,16,16,9,1,30,0.0,1019,19,10,246,6,United%20States%2C%20Utah
2020-05-10,24,12,0.0,12.2,4,77,11:33 PM,07:56 AM,05:15 AM,07:34 PM,-1,17,17,17,13,40,31,1.0,1014,24,9,162,8,United%20States%2C%20Utah
2020-05-11,26,14,0.0,12.3,5,70,No moonrise,08:52 AM,05:14 AM,07:35 PM,6,19,19,19,20,37,45,0.3,1007,26,10,197,14,United%20States%2C%20Utah
2020-05-12,20,12,0.0,14.2,5,62,12:25 AM,09:53 AM,05:13 AM,07:36 PM,3,16,16,16,14,16,42,0.0,1004,20,10,250,10,United%20States%2C%20Utah
2020-05-13,15,11,0.0,12.3,3,55,01:09 AM,10:55 AM,05:12 AM,07:37 PM,2,12,13,12,10,47,47,0.1,1009,15,10,263,7,United%20States%2C%20Utah
2020-05-14,17,11,0.0,13.4,4,48,01:45 AM,11:57 AM,05:11 AM,07:38 PM,0,13,13,13,10,33,43,0.0,1013,17,10,217,7,United%20States%2C%20Utah
2020-05-15,16,11,0.0,12.3,3,40,02:15 AM,12:58 PM,05:10 AM,07:39 PM,2,14,14,14,13,40,45,0.2,1013,16,10,242,9,United%20States%2C%20Utah
2020-05-16,19,10,0.0,14.3,5,33,02:42 AM,01:57 PM,05:09 AM,07:40 PM,3,15,14,15,8,15,45,0.0,1014,19,10,323,6,United%20States%2C%20Utah
2020-05-17,26,14,0.0,14.3,6,26,03:07 AM,02:55 PM,05:08 AM,07:41 PM,3,21,21,20,24,5,34,0.0,1009,26,10,174,15,United%20States%2C%20Utah
2020-05-18,25,17,0.0,13.4,5,19,03:30 AM,03:54 PM,05:08 AM,07:42 PM,-1,21,20,21,43,26,23,0.0,1004,25,10,181,27,United%20States%2C%20Utah
2020-05-19,23,15,0.0,13.4,4,11,03:54 AM,04:52 PM,05:07 AM,07:43 PM,-0,19,19,19,22,30,31,1.0,1004,23,10,171,15,United%20States%2C%20Utah
2020-05-20,12,0,0.0,10.1,2,4,04:17 AM,05:52 PM,05:06 AM,07:44 PM,-2,8,10,8,22,47,44,5.0,1010,12,10,214,15,United%20States%2C%20Utah
2020-05-21,17,8,0.0,11.2,3,0,04:44 AM,06:53 PM,05:05 AM,07:45 PM,2,12,13,12,10,65,50,1.4,1014,17,9,179,6,United%20States%2C%20Utah
2020-05-22,18,12,0.0,12.3,4,0,05:14 AM,07:55 PM,05:04 AM,07:45 PM,1,14,15,14,20,53,47,1.2,1007,18,9,284,13,United%20States%2C%20Utah
2020-05-23,12,4,7.5,12.3,2,3,05:49 AM,08:56 PM,05:04 AM,07:46 PM,3,6,8,6,8,59,69,19.2,1013,12,8,208,7,United%20States%2C%20Utah
2020-05-24,15,7,0.0,14.4,4,10,06:30 AM,09:56 PM,05:03 AM,07:47 PM,1,11,11,11,11,13,50,0.0,1016,15,10,291,8,United%20States%2C%20Utah
2020-05-25,18,9,0.0,14.5,5,17,07:19 AM,10:52 PM,05:02 AM,07:48 PM,1,14,14,14,9,7,44,0.0,1017,18,10,234,7,United%20States%2C%20Utah
2020-05-26,24,12,0.0,14.5,6,25,08:16 AM,11:42 PM,05:02 AM,07:49 PM,2,18,19,18,11,16,33,0.0,1016,24,10,152,7,United%20States%2C%20Utah
2020-05-27,24,17,0.0,14.5,6,32,09:19 AM,No moonset,05:01 AM,07:50 PM,7,20,21,20,18,26,46,0.0,1014,24,10,241,12,United%20States%2C%20Utah
2020-05-28,27,17,0.0,14.5,6,39,10:27 AM,12:25 AM,05:00 AM,07:50 PM,10,23,23,22,8,6,46,0.0,1016,27,10,253,5,United%20States%2C%20Utah
2020-05-29,31,19,0.0,12.3,6,47,11:37 AM,01:03 AM,05:00 AM,07:51 PM,8,26,26,26,12,31,36,1.4,1014,31,10,148,8,United%20States%2C%20Utah
2020-05-30,31,20,0.0,13.5,6,54,12:48 PM,01:37 AM,04:59 AM,07:52 PM,8,26,26,25,29,46,40,2.8,1010,31,10,154,17,United%20States%2C%20Utah
2020-05-31,27,18,0.0,14.5,6,58,02:00 PM,02:07 AM,04:59 AM,07:53 PM,5,22,22,22,20,21,35,1.4,1010,27,10,218,12,United%20States%2C%20Utah
2020-06-01,28,18,0.0,14.5,6,71,03:13 PM,02:36 AM,04:59 AM,07:53 PM,-1,23,23,23,28,8,20,0.0,1011,28,10,193,18,United%20States%2C%20Utah
2020-06-02,25,16,0.0,14.5,6,79,04:27 PM,03:06 AM,04:58 AM,07:54 PM,8,21,21,21,10,3,47,0.0,1017,25,10,299,7,United%20States%2C%20Utah
2020-06-03,29,18,0.0,14.5,7,86,05:42 PM,03:38 AM,04:58 AM,07:55 PM,5,24,24,24,9,11,31,0.0,1015,29,10,220,6,United%20States%2C%20Utah
2020-06-04,30,20,0.0,14.5,7,94,06:57 PM,04:13 AM,04:57 AM,07:55 PM,5,25,25,25,19,22,30,0.0,1010,30,10,223,12,United%20States%2C%20Utah
2020-06-05,33,20,0.0,13.5,6,100,08:09 PM,04:54 AM,04:57 AM,07:56 PM,5,26,26,26,31,28,29,0.0,1007,33,10,167,21,United%20States%2C%20Utah
2020-06-06,25,19,0.0,13.5,5,100,09:16 PM,05:42 AM,04:57 AM,07:57 PM,9,22,22,22,31,31,49,3.1,1002,25,10,209,23,United%20States%2C%20Utah
2020-06-07,15,8,0.0,13.5,3,84,10:14 PM,06:36 AM,04:57 AM,07:57 PM,-0,10,12,10,23,41,46,0.1,1008,15,10,257,18,United%20States%2C%20Utah
2020-06-08,12,3,0.0,12.5,2,76,11:03 PM,07:36 AM,04:56 AM,07:58 PM,-1,7,9,7,16,54,50,3.1,1018,12,10,256,12,United%20States%2C%20Utah
2020-06-09,21,8,0.0,14.5,5,69,11:43 PM,08:39 AM,04:56 AM,07:58 PM,1,14,15,14,7,6,41,0.0,1022,21,10,191,5,United%20States%2C%20Utah
2020-06-10,24,12,0.0,14.5,5,61,No moonrise,09:43 AM,04:56 AM,07:59 PM,3,18,18,18,9,6,37,0.0,1021,24,10,117,6,United%20States%2C%20Utah
2020-06-11,27,15,0.0,14.5,6,54,12:16 AM,10:45 AM,04:56 AM,07:59 PM,1,21,21,21,17,5,27,0.0,1019,27,10,151,11,United%20States%2C%20Utah
2020-06-12,30,18,0.0,14.5,7,46,12:45 AM,11:46 AM,04:56 AM,08:00 PM,2,24,24,24,27,13,24,0.0,1014,30,10,164,16,United%20States%2C%20Utah
2020-06-13,23,16,0.0,13.5,5,38,01:10 AM,12:45 PM,04:56 AM,08:00 PM,0,20,20,20,26,32,27,0.0,1007,23,10,211,17,United%20States%2C%20Utah
2020-06-14,24,14,0.0,14.5,6,31,01:34 AM,01:44 PM,04:56 AM,08:01 PM,4,19,20,19,13,4,40,0.0,1010,24,10,279,10,United%20States%2C%20Utah
2020-06-15,26,13,0.0,14.5,6,23,01:57 AM,02:42 PM,04:56 AM,08:01 PM,3,19,19,19,19,6,37,0.0,1011,26,10,229,12,United%20States%2C%20Utah
2020-06-16,24,15,0.0,13.5,6,16,02:21 AM,03:41 PM,04:56 AM,08:01 PM,5,20,20,20,20,30,39,0.0,1006,24,10,306,14,United%20States%2C%20Utah
2020-06-17,15,11,0.0,13.5,3,8,02:46 AM,04:41 PM,04:56 AM,08:02 PM,1,12,14,12,16,31,44,0.9,1016,15,9,246,13,United%20States%2C%20Utah
2020-06-18,18,10,0.0,14.5,5,1,03:15 AM,05:43 PM,04:56 AM,08:02 PM,3,14,14,14,11,16,49,0.1,1018,18,10,325,8,United%20States%2C%20Utah
2020-06-19,21,12,0.0,13.5,4,0,03:48 AM,06:45 PM,04:56 AM,08:02 PM,5,17,18,17,8,39,48,1.0,1015,21,10,286,6,United%20States%2C%20Utah
2020-06-20,26,15,0.0,14.5,6,0,04:26 AM,07:48 PM,04:57 AM,08:02 PM,2,20,20,20,10,11,32,0.0,1015,26,10,216,7,United%20States%2C%20Utah
2020-06-21,29,17,0.0,14.5,6,0,05:13 AM,08:46 PM,04:57 AM,08:03 PM,4,22,22,22,22,5,32,0.0,1011,29,10,240,13,United%20States%2C%20Utah
2020-06-22,25,17,0.0,14.5,6,7,06:08 AM,09:39 PM,04:57 AM,08:03 PM,8,22,22,22,11,3,44,0.0,1015,25,10,313,8,United%20States%2C%20Utah
2020-06-23,29,19,0.0,14.5,6,14,07:11 AM,10:25 PM,04:57 AM,08:03 PM,7,24,24,24,8,0,35,0.0,1015,29,10,215,6,United%20States%2C%20Utah
2020-06-24,32,20,0.0,14.5,7,22,08:18 AM,11:05 PM,04:58 AM,08:03 PM,8,26,26,25,9,5,36,0.0,1011,32,10,231,6,United%20States%2C%20Utah
2020-06-25,28,21,0.0,14.5,6,29,09:29 AM,11:40 PM,04:58 AM,08:03 PM,7,24,24,24,15,23,36,1.1,1009,28,10,282,9,United%20States%2C%20Utah
2020-06-26,28,18,0.0,14.5,6,37,10:39 AM,No moonset,04:58 AM,08:03 PM,8,23,23,23,11,8,41,0.0,1014,28,10,228,7,United%20States%2C%20Utah
2020-06-27,30,19,0.0,14.5,7,44,11:51 AM,12:11 AM,04:59 AM,08:03 PM,5,24,24,25,21,13,30,0.0,1008,30,10,200,13,United%20States%2C%20Utah
2020-06-28,26,19,0.0,14.5,6,52,01:02 PM,12:40 AM,04:59 AM,08:03 PM,7,23,23,23,30,47,41,0.5,998,26,9,220,21,United%20States%2C%20Utah
2020-06-29,17,11,0.0,14.5,4,59,02:13 PM,01:09 AM,05:00 AM,08:03 PM,2,13,14,13,15,34,50,0.4,1007,17,10,307,11,United%20States%2C%20Utah
2020-06-30,18,9,0.0,10.4,4,67,03:26 PM,01:38 AM,05:00 AM,08:03 PM,5,14,15,14,7,62,54,9.0,1012,18,9,253,5,United%20States%2C%20Utah
2020-07-01,27,14,0.0,13.5,5,72,04:38 PM,02:11 AM,05:01 AM,08:03 PM,2,21,21,21,22,29,30,0.0,1009,27,10,207,15,United%20States%2C%20Utah
2020-07-02,30,17,0.0,14.5,6,79,05:50 PM,02:48 AM,05:01 AM,08:03 PM,3,23,23,24,21,2,27,0.0,1011,30,10,206,15,United%20States%2C%20Utah
2020-07-03,30,20,0.0,14.5,7,86,06:59 PM,03:32 AM,05:02 AM,08:02 PM,2,25,25,25,26,2,22,0.0,1013,30,10,178,17,United%20States%2C%20Utah
2020-07-04,31,21,0.0,14.5,7,94,08:00 PM,04:22 AM,05:02 AM,08:02 PM,5,26,26,26,22,1,27,0.0,1013,31,10,192,13,United%20States%2C%20Utah
2020-07-05,31,21,0.0,14.5,7,100,08:53 PM,05:20 AM,05:03 AM,08:02 PM,5,25,25,25,9,1,27,0.0,1013,31,10,286,6,United%20States%2C%20Utah
2020-07-06,35,22,0.0,14.5,7,100,09:38 PM,06:22 AM,05:04 AM,08:02 PM,2,28,28,28,10,3,20,0.0,1010,35,10,206,7,United%20States%2C%20Utah
2020-07-07,30,23,0.0,14.5,7,85,10:14 PM,07:27 AM,05:04 AM,08:01 PM,-3,25,25,26,29,2,15,0.0,1007,30,10,248,18,United%20States%2C%20Utah
2020-07-08,27,18,0.0,14.5,6,77,10:45 PM,08:30 AM,05:05 AM,08:01 PM,5,23,23,23,11,0,34,0.0,1011,27,10,313,8,United%20States%2C%20Utah
2020-07-09,30,20,0.0,14.5,7,70,11:12 PM,09:33 AM,05:06 AM,08:00 PM,0,25,25,25,10,0,20,0.0,1011,30,10,244,7,United%20States%2C%20Utah
2020-07-10,31,20,0.0,14.5,7,63,11:37 PM,10:33 AM,05:06 AM,08:00 PM,-3,25,25,26,18,16,15,0.0,1014,31,10,230,12,United%20States%2C%20Utah
2020-07-11,32,21,0.0,14.5,7,55,12:00 AM,11:32 AM,05:07 AM,08:00 PM,1,26,26,27,11,30,18,0.0,1016,32,10,205,7,United%20States%2C%20Utah
2020-07-12,35,24,0.0,14.5,8,48,No moonrise,12:30 PM,05:08 AM,07:59 PM,1,28,28,29,14,14,18,0.0,1011,35,10,243,9,United%20States%2C%20Utah
2020-07-13,30,22,0.0,14.5,7,41,12:23 AM,01:29 PM,05:08 AM,07:59 PM,4,25,25,25,19,26,27,0.0,1009,30,10,259,12,United%20States%2C%20Utah
2020-07-14,28,20,0.0,14.5,7,34,12:47 AM,02:28 PM,05:09 AM,07:58 PM,4,24,24,24,12,1,29,0.0,1011,28,10,315,9,United%20States%2C%20Utah
2020-07-15,30,20,0.0,14.5,7,26,01:14 AM,03:30 PM,05:10 AM,07:57 PM,4,25,25,26,9,0,25,0.0,1013,30,10,316,7,United%20States%2C%20Utah
2020-07-16,32,20,0.0,14.5,7,19,01:45 AM,04:31 PM,05:11 AM,07:57 PM,2,26,26,26,7,8,21,0.0,1013,32,10,195,5,United%20States%2C%20Utah
2020-07-17,34,22,0.0,14.4,7,12,02:21 AM,05:34 PM,05:12 AM,07:56 PM,4,28,28,28,17,16,23,0.0,1012,34,10,202,11,United%20States%2C%20Utah
2020-07-18,33,22,0.0,14.4,7,5,03:05 AM,06:34 PM,05:13 AM,07:55 PM,3,27,27,28,20,11,20,0.0,1012,33,10,235,13,United%20States%2C%20Utah
2020-07-19,32,21,0.0,14.4,7,0,03:57 AM,07:30 PM,05:13 AM,07:55 PM,4,27,27,27,9,5,25,0.0,1012,32,10,251,7,United%20States%2C%20Utah
2020-07-20,32,22,0.0,14.4,7,0,04:57 AM,08:20 PM,05:14 AM,07:54 PM,2,26,26,28,11,4,21,0.0,1012,32,10,261,7,United%20States%2C%20Utah
2020-07-21,33,21,0.0,14.4,7,2,06:04 AM,09:03 PM,05:15 AM,07:53 PM,2,27,27,28,10,11,20,0.0,1010,33,10,242,7,United%20States%2C%20Utah
2020-07-22,30,21,0.0,12.3,6,10,07:16 AM,09:41 PM,05:16 AM,07:52 PM,6,26,26,26,17,50,29,0.4,1009,30,10,182,11,United%20States%2C%20Utah
2020-07-23,32,22,0.0,14.4,7,17,08:28 AM,10:13 PM,05:17 AM,07:52 PM,5,27,27,27,30,35,29,0.4,1010,32,9,182,20,United%20States%2C%20Utah
2020-07-24,31,20,0.0,14.3,7,24,09:41 AM,10:43 PM,05:18 AM,07:51 PM,4,25,25,26,20,13,26,0.0,1011,31,10,207,13,United%20States%2C%20Utah
2020-07-25,32,21,0.0,14.3,7,32,10:53 AM,11:12 PM,05:19 AM,07:50 PM,1,26,26,27,23,7,20,0.0,1011,32,10,230,14,United%20States%2C%20Utah
2020-07-26,33,21,0.0,14.3,7,39,12:04 PM,11:42 PM,05:20 AM,07:49 PM,2,26,26,27,11,9,22,0.0,1014,33,10,250,8,United%20States%2C%20Utah
2020-07-27,33,23,0.0,14.3,7,46,01:16 PM,No moonset,05:21 AM,07:48 PM,4,27,27,28,13,16,25,0.4,1013,33,10,235,8,United%20States%2C%20Utah
2020-07-28,30,20,0.0,13.4,6,53,02:28 PM,12:12 AM,05:21 AM,07:47 PM,8,25,25,26,13,33,37,4.6,1012,30,9,248,8,United%20States%2C%20Utah
2020-07-29,32,22,0.0,14.2,7,61,03:39 PM,12:47 AM,05:22 AM,07:46 PM,6,27,27,28,9,0,27,0.0,1012,32,10,226,7,United%20States%2C%20Utah
2020-07-30,35,23,0.0,14.2,8,68,04:47 PM,01:28 AM,05:23 AM,07:45 PM,3,29,29,29,12,0,20,0.0,1015,35,10,239,8,United%20States%2C%20Utah
2020-07-31,35,24,0.0,14.2,8,72,05:50 PM,02:15 AM,05:24 AM,07:44 PM,1,29,29,30,14,3,17,0.0,1014,35,10,214,10,United%20States%2C%20Utah
2020-08-01,36,24,0.0,14.2,8,82,06:45 PM,03:09 AM,05:25 AM,07:43 PM,-1,29,29,30,18,10,15,0.0,1011,36,10,216,11,United%20States%2C%20Utah
2020-08-02,37,25,0.0,14.2,8,90,07:33 PM,04:09 AM,05:26 AM,07:42 PM,0,30,30,31,11,4,15,0.0,1011,37,10,211,8,United%20States%2C%20Utah
2020-08-03,37,24,0.0,14.1,8,97,08:11 PM,05:12 AM,05:27 AM,07:41 PM,-1,29,29,30,17,4,14,0.0,1010,37,10,217,12,United%20States%2C%20Utah
2020-08-04,31,21,0.0,14.1,7,100,08:44 PM,06:16 AM,05:28 AM,07:39 PM,4,26,26,27,13,1,25,0.0,1012,31,10,312,9,United%20States%2C%20Utah
2020-08-05,34,22,0.0,14.1,8,88,09:13 PM,07:19 AM,05:29 AM,07:38 PM,-0,28,28,28,15,16,17,0.0,1009,34,10,165,10,United%20States%2C%20Utah
2020-08-06,32,23,0.0,14.1,7,81,09:39 PM,08:20 AM,05:30 AM,07:37 PM,-6,27,27,28,33,4,12,0.0,1007,32,10,185,21,United%20States%2C%20Utah
2020-08-07,30,21,0.0,14.1,7,74,10:02 PM,09:21 AM,05:31 AM,07:36 PM,-4,24,24,25,23,1,15,0.0,1011,30,10,234,15,United%20States%2C%20Utah
2020-08-08,31,20,0.0,14.0,7,67,10:25 PM,10:19 AM,05:32 AM,07:34 PM,-3,25,25,26,17,4,16,0.0,1013,31,10,207,12,United%20States%2C%20Utah
2020-08-09,32,20,0.0,14.0,7,59,10:49 PM,11:18 AM,05:33 AM,07:33 PM,-4,26,26,26,15,4,15,0.0,1013,32,10,218,10,United%20States%2C%20Utah
2020-08-10,31,20,0.0,14.0,7,52,11:15 PM,12:16 PM,05:34 AM,07:32 PM,-2,26,26,26,11,21,17,0.0,1013,31,10,232,8,United%20States%2C%20Utah
2020-08-11,31,21,0.0,14.0,7,45,11:43 PM,01:17 PM,05:35 AM,07:31 PM,1,26,26,26,15,12,23,0.0,1011,31,10,244,9,United%20States%2C%20Utah
2020-08-12,31,19,0.0,13.9,7,38,No moonrise,02:17 PM,05:36 AM,07:29 PM,2,25,25,26,16,13,25,0.0,1011,31,10,207,10,United%20States%2C%20Utah
2020-08-13,30,21,0.0,13.9,7,30,12:16 AM,03:19 PM,05:37 AM,07:28 PM,-2,26,26,26,14,3,18,0.0,1012,30,10,207,10,United%20States%2C%20Utah
2020-08-14,33,22,0.0,13.9,7,23,12:56 AM,04:19 PM,05:38 AM,07:26 PM,-1,27,27,27,13,0,17,0.0,1015,33,10,234,8,United%20States%2C%20Utah
2020-08-15,32,21,0.0,13.9,7,16,01:43 AM,05:17 PM,05:39 AM,07:25 PM,-1,26,26,27,10,4,17,0.0,1016,32,10,247,7,United%20States%2C%20Utah
2020-08-16,34,22,0.0,13.8,7,8,02:39 AM,06:10 PM,05:40 AM,07:24 PM,2,27,27,28,11,8,20,0.0,1018,34,10,262,8,United%20States%2C%20Utah
2020-08-17,35,24,0.0,13.8,8,1,03:44 AM,06:56 PM,05:41 AM,07:22 PM,1,28,28,29,9,13,18,0.0,1018,35,10,239,6,United%20States%2C%20Utah
2020-08-18,35,23,0.0,13.8,8,0,04:55 AM,07:37 PM,05:42 AM,07:21 PM,4,28,28,29,9,5,21,0.0,1016,35,10,208,6,United%20States%2C%20Utah
2020-08-19,33,22,0.0,13.8,7,0,06:09 AM,08:12 PM,05:43 AM,07:19 PM,6,28,28,28,10,12,26,0.0,1012,33,10,233,7,United%20States%2C%20Utah
2020-08-20,32,23,0.0,13.3,6,6,07:24 AM,08:43 PM,05:44 AM,07:18 PM,5,27,27,28,12,22,25,0.1,1009,32,10,247,8,United%20States%2C%20Utah
2020-08-21,33,23,0.0,13.7,7,13,08:38 AM,09:14 PM,05:45 AM,07:16 PM,2,27,27,28,10,1,21,0.0,1009,33,10,264,7,United%20States%2C%20Utah
2020-08-22,36,23,0.0,13.3,7,20,09:53 AM,09:43 PM,05:46 AM,07:15 PM,-0,28,28,29,12,19,16,0.0,1010,36,10,232,9,United%20States%2C%20Utah
2020-08-23,35,24,0.0,13.3,7,28,11:06 AM,10:14 PM,05:47 AM,07:13 PM,5,28,28,29,17,30,22,0.3,1012,35,10,187,11,United%20States%2C%20Utah
2020-08-24,34,22,0.0,13.6,7,35,12:19 PM,10:48 PM,05:48 AM,07:12 PM,7,28,28,28,20,12,29,0.0,1011,34,10,192,13,United%20States%2C%20Utah
2020-08-25,32,22,0.0,8.5,6,42,01:32 PM,11:27 PM,05:49 AM,07:10 PM,9,27,27,26,18,62,35,2.2,1011,32,10,232,11,United%20States%2C%20Utah
2020-08-26,33,22,0.0,13.6,7,50,02:40 PM,No moonset,05:50 AM,07:09 PM,6,27,27,27,12,4,29,0.0,1009,33,10,219,8,United%20States%2C%20Utah
2020-08-27,32,22,0.0,13.6,7,57,03:45 PM,12:11 AM,05:51 AM,07:07 PM,2,27,27,28,20,10,21,0.0,1008,32,10,237,12,United%20States%2C%20Utah
2020-08-28,33,19,0.0,13.5,7,64,04:41 PM,01:03 AM,05:52 AM,07:05 PM,7,25,25,26,7,1,32,0.0,1011,33,10,264,5,United%20States%2C%20Utah
2020-08-29,33,20,0.0,13.5,7,71,05:30 PM,02:00 AM,05:53 AM,07:04 PM,5,26,26,26,9,17,31,0.5,1010,33,10,252,7,United%20States%2C%20Utah
2020-08-30,31,21,0.0,13.5,7,79,06:11 PM,03:02 AM,05:54 AM,07:02 PM,1,25,25,25,21,6,23,0.0,1008,31,10,245,13,United%20States%2C%20Utah
2020-08-31,26,17,0.0,13.5,6,82,06:45 PM,04:05 AM,05:55 AM,07:01 PM,-2,21,21,21,16,16,23,0.0,1008,26,10,297,10,United%20States%2C%20Utah
2020-09-01,20,12,0.0,13.0,5,97,07:15 PM,05:08 AM,05:55 AM,06:59 PM,4,16,16,16,13,7,47,0.0,1016,20,10,315,9,United%20States%2C%20Utah
2020-09-02,27,16,0.0,13.0,6,100,07:41 PM,06:10 AM,05:56 AM,06:57 PM,3,21,21,21,10,0,32,0.0,1016,27,10,145,7,United%20States%2C%20Utah
2020-09-03,31,21,0.0,13.0,7,88,08:05 PM,07:11 AM,05:57 AM,06:56 PM,2,26,26,26,13,0,24,0.0,1016,31,10,192,8,United%20States%2C%20Utah
2020-09-04,32,20,0.0,13.0,7,81,08:28 PM,08:10 AM,05:58 AM,06:54 PM,-3,26,26,26,11,0,17,0.0,1017,32,10,200,7,United%20States%2C%20Utah
2020-09-05,35,21,0.0,12.9,7,73,08:51 PM,09:09 AM,05:59 AM,06:52 PM,-1,27,27,28,14,0,17,0.0,1018,35,10,203,9,United%20States%2C%20Utah
2020-09-06,35,22,0.0,12.5,8,66,09:16 PM,10:07 AM,06:00 AM,06:51 PM,-1,28,28,29,13,3,16,0.0,1017,35,10,245,8,United%20States%2C%20Utah
2020-09-07,31,23,0.0,11.6,7,58,09:43 PM,11:06 AM,06:01 AM,06:49 PM,-1,26,26,27,23,0,19,0.0,1010,31,10,260,15,United%20States%2C%20Utah
2020-09-08,12,6,0.0,11.6,3,50,10:13 PM,12:06 PM,06:02 AM,06:47 PM,-5,7,10,7,36,23,37,0.2,1020,12,10,69,27,United%20States%2C%20Utah
2020-09-09,16,5,0.0,11.6,4,43,10:49 PM,01:07 PM,06:03 AM,06:46 PM,-10,9,10,9,14,0,25,0.0,1025,16,10,183,10,United%20States%2C%20Utah
2020-09-10,18,8,0.0,11.6,4,35,11:32 PM,02:07 PM,06:04 AM,06:44 PM,-1,13,13,13,7,6,40,0.0,1022,18,10,172,5,United%20States%2C%20Utah
2020-09-11,27,12,0.0,11.6,5,28,No moonrise,03:05 PM,06:05 AM,06:42 PM,-2,17,18,17,14,0,28,0.0,1018,27,10,206,9,United%20States%2C%20Utah
2020-09-12,27,16,0.0,11.6,6,20,12:23 AM,03:59 PM,06:06 AM,06:41 PM,-6,21,21,21,17,0,16,0.0,1015,27,10,203,10,United%20States%2C%20Utah
2020-09-13,31,17,0.0,11.6,6,13,01:24 AM,04:47 PM,06:07 AM,06:39 PM,-5,23,23,23,14,0,17,0.0,1016,31,10,202,9,United%20States%2C%20Utah
2020-09-14,32,18,0.0,11.6,7,5,02:31 AM,05:30 PM,06:08 AM,06:37 PM,-5,24,24,24,19,0,15,0.0,1018,32,10,202,11,United%20States%2C%20Utah
2020-09-15,29,19,0.0,11.6,7,0,03:44 AM,06:07 PM,06:09 AM,06:35 PM,-3,23,23,24,17,3,17,0.0,1019,29,10,206,10,United%20States%2C%20Utah
2020-09-16,31,20,0.0,11.6,7,0,04:59 AM,06:40 PM,06:10 AM,06:34 PM,-2,24,24,25,11,0,18,0.0,1018,31,10,196,7,United%20States%2C%20Utah
2020-09-17,32,20,0.0,11.6,7,0,06:14 AM,07:11 PM,06:11 AM,06:32 PM,-4,25,25,25,15,8,15,0.0,1016,32,10,194,9,United%20States%2C%20Utah
2020-09-18,29,21,0.0,11.6,7,2,07:31 AM,07:41 PM,06:12 AM,06:30 PM,-4,23,23,24,31,37,16,0.0,1014,29,10,180,17,United%20States%2C%20Utah
2020-09-19,22,15,0.0,10.2,4,10,08:47 AM,08:12 PM,06:13 AM,06:29 PM,4,18,18,18,18,32,43,0.4,1013,22,10,193,11,United%20States%2C%20Utah
2020-09-20,23,14,0.0,11.6,5,17,10:04 AM,08:46 PM,06:14 AM,06:27 PM,3,18,19,18,11,2,40,0.0,1017,23,10,316,7,United%20States%2C%20Utah
2020-09-21,27,17,0.0,10.2,5,25,11:19 AM,09:24 PM,06:15 AM,06:25 PM,0,21,21,22,14,14,25,0.0,1014,27,10,158,9,United%20States%2C%20Utah
2020-09-22,28,19,0.0,11.6,6,32,12:31 PM,10:08 PM,06:16 AM,06:24 PM,1,23,23,23,25,20,25,0.0,1013,28,10,185,16,United%20States%2C%20Utah
2020-09-23,28,19,0.0,11.6,6,40,01:39 PM,10:58 PM,06:17 AM,06:22 PM,0,23,23,23,10,11,24,0.0,1016,28,10,212,7,United%20States%2C%20Utah
2020-09-24,29,19,0.0,11.6,6,47,02:39 PM,11:54 PM,06:18 AM,06:20 PM,-2,23,23,23,19,0,18,0.0,1012,29,10,228,12,United%20States%2C%20Utah
2020-09-25,27,15,0.0,11.6,5,55,03:30 PM,No moonset,06:19 AM,06:19 PM,4,21,21,21,9,13,34,0.0,1012,27,10,192,6,United%20States%2C%20Utah
2020-09-26,22,15,0.0,11.6,5,62,04:13 PM,12:55 AM,06:20 AM,06:17 PM,5,18,19,18,13,26,43,0.0,1014,22,10,303,9,United%20States%2C%20Utah
2020-09-27,16,12,0.0,11.6,4,70,04:48 PM,01:58 AM,06:21 AM,06:15 PM,2,13,14,13,18,6,48,0.0,1022,16,10,304,12,United%20States%2C%20Utah
2020-09-28,20,11,0.0,11.6,5,78,05:19 PM,03:00 AM,06:22 AM,06:14 PM,-2,15,15,15,8,0,34,0.0,1026,20,10,309,6,United%20States%2C%20Utah
2020-09-29,22,12,0.0,11.6,5,85,05:45 PM,04:02 AM,06:23 AM,06:12 PM,-4,17,17,17,8,0,26,0.0,1023,22,10,198,6,United%20States%2C%20Utah
2020-09-30,23,14,0.0,11.6,6,93,06:09 PM,05:03 AM,06:24 AM,06:10 PM,-2,19,19,19,9,0,25,0.0,1022,23,10,201,6,United%20States%2C%20Utah
2020-10-01,26,15,0.0,11.6,6,97,06:32 PM,06:02 AM,06:25 AM,06:09 PM,-3,20,20,20,7,0,23,0.0,1022,26,10,166,5,United%20States%2C%20Utah
2020-10-02,24,15,0.0,11.6,6,100,06:55 PM,07:01 AM,06:26 AM,06:07 PM,-4,19,19,19,12,9,21,0.0,1018,24,10,209,7,United%20States%2C%20Utah
2020-10-03,24,16,0.0,11.6,6,89,07:19 PM,08:00 AM,06:27 AM,06:05 PM,-3,20,19,20,8,1,23,0.0,1017,24,10,205,5,United%20States%2C%20Utah
2020-10-04,28,16,0.0,11.6,6,82,07:45 PM,08:59 AM,06:28 AM,06:04 PM,-1,21,21,21,10,0,25,0.0,1017,28,10,207,7,United%20States%2C%20Utah
2020-10-05,25,16,0.0,10.2,5,74,08:13 PM,09:58 AM,06:29 AM,06:02 PM,-6,21,21,21,13,12,17,0.0,1018,25,10,166,8,United%20States%2C%20Utah
2020-10-06,28,15,0.0,11.6,6,67,08:47 PM,10:58 AM,06:30 AM,06:01 PM,-5,21,21,21,10,6,19,0.0,1018,28,10,162,7,United%20States%2C%20Utah
2020-10-07,29,16,0.0,8.7,6,60,09:27 PM,11:58 AM,06:31 AM,05:59 PM,-7,22,22,22,15,12,15,0.0,1015,29,10,199,8,United%20States%2C%20Utah
2020-10-08,28,17,0.0,8.7,6,53,10:13 PM,12:56 PM,06:32 AM,05:57 PM,-9,21,21,21,19,16,13,0.0,1011,28,10,202,11,United%20States%2C%20Utah
2020-10-09,24,17,0.0,7.2,5,45,11:08 PM,01:51 PM,06:33 AM,05:56 PM,-2,21,21,21,19,22,24,0.0,1010,24,10,217,11,United%20States%2C%20Utah
2020-10-10,27,16,0.0,8.7,6,38,No moonrise,02:40 PM,06:34 AM,05:54 PM,-3,21,21,21,31,14,21,0.0,1008,27,10,196,20,United%20States%2C%20Utah
2020-10-11,13,9,0.0,5.7,3,31,12:11 AM,03:23 PM,06:35 AM,05:53 PM,0,11,12,11,19,43,47,12.9,1015,13,9,293,15,United%20States%2C%20Utah
2020-10-12,20,9,0.0,8.7,4,23,01:19 AM,04:02 PM,06:36 AM,05:51 PM,-4,13,13,13,14,8,31,0.0,1019,20,10,177,9,United%20States%2C%20Utah
2020-10-13,25,13,0.0,8.7,5,16,02:31 AM,04:35 PM,06:37 AM,05:50 PM,-3,18,18,18,9,3,25,0.0,1018,25,10,186,6,United%20States%2C%20Utah
2020-10-14,15,9,0.0,8.7,4,9,03:46 AM,05:07 PM,06:38 AM,05:48 PM,-1,13,14,13,20,16,37,0.0,1021,15,10,316,14,United%20States%2C%20Utah
2020-10-15,13,9,0.0,8.7,4,2,05:02 AM,05:37 PM,06:39 AM,05:47 PM,-3,10,11,10,11,1,37,0.0,1027,13,10,322,8,United%20States%2C%20Utah
2020-10-16,16,9,0.0,8.7,4,0,06:19 AM,06:07 PM,06:41 AM,05:45 PM,-4,12,12,12,7,1,33,0.0,1024,16,10,150,5,United%20States%2C%20Utah
2020-10-17,18,12,0.0,8.7,5,0,07:37 AM,06:40 PM,06:42 AM,05:44 PM,-1,14,14,14,15,4,34,0.0,1015,18,10,240,9,United%20States%2C%20Utah
2020-10-18,17,12,0.0,8.7,5,5,08:55 AM,07:17 PM,06:43 AM,05:42 PM,0,15,15,15,9,5,38,0.0,1017,17,10,263,5,United%20States%2C%20Utah
2020-10-19,19,12,0.0,7.2,4,13,10:13 AM,08:00 PM,06:44 AM,05:41 PM,1,15,15,15,12,23,41,0.0,1016,19,10,189,7,United%20States%2C%20Utah
2020-10-20,16,12,0.0,8.7,5,20,11:26 AM,08:49 PM,06:45 AM,05:39 PM,-1,15,15,15,9,3,34,0.0,1014,16,10,122,6,United%20States%2C%20Utah
2020-10-21,22,13,0.0,8.7,5,27,12:31 PM,09:45 PM,06:46 AM,05:38 PM,-1,16,16,16,7,2,32,0.0,1009,22,10,185,5,United%20States%2C%20Utah
2020-10-22,8,7,0.0,8.7,3,35,01:28 PM,10:46 PM,06:47 AM,05:37 PM,-4,6,8,6,18,4,44,0.0,1015,8,10,320,13,United%20States%2C%20Utah
2020-10-23,12,3,0.0,8.7,3,42,02:13 PM,11:49 PM,06:48 AM,05:35 PM,-6,8,8,8,4,45,39,0.0,1020,12,10,223,3,United%20States%2C%20Utah
2020-10-24,13,6,0.0,8.7,2,49,02:51 PM,No moonset,06:50 AM,05:34 PM,-4,7,9,7,19,35,42,0.2,1010,13,10,253,12,United%20States%2C%20Utah
2020-10-25,3,0,0.0,7.2,1,56,03:23 PM,12:53 AM,06:51 AM,05:32 PM,-5,-1,2,-1,19,55,61,2.1,1021,3,9,293,14,United%20States%2C%20Utah
2020-10-26,0,-6,0.0,8.7,2,64,03:51 PM,01:55 AM,06:52 AM,05:31 PM,-15,-6,-3,-6,11,6,39,0.0,1032,0,10,285,9,United%20States%2C%20Utah
2020-10-27,4,-3,0.0,8.7,2,71,04:15 PM,02:56 AM,06:53 AM,05:30 PM,-12,-0,1,-0,7,3,37,0.0,1028,4,10,246,5,United%20States%2C%20Utah
2020-10-28,10,1,0.0,8.7,3,78,04:38 PM,03:56 AM,06:54 AM,05:28 PM,-8,4,5,4,9,0,38,0.0,1023,10,10,199,7,United%20States%2C%20Utah
2020-10-29,17,6,0.0,8.7,4,85,05:00 PM,04:54 AM,06:55 AM,05:27 PM,-5,9,10,9,9,0,36,0.0,1022,17,10,158,6,United%20States%2C%20Utah
2020-10-30,18,9,0.0,8.7,4,93,05:23 PM,05:53 AM,06:57 AM,05:26 PM,-6,10,11,10,17,0,30,0.0,1018,18,10,156,9,United%20States%2C%20Utah
2020-10-31,14,8,0.0,8.7,4,97,05:48 PM,06:52 AM,06:58 AM,05:25 PM,-3,10,11,10,9,2,39,0.0,1022,14,10,280,5,United%20States%2C%20Utah
2020-11-01,18,9,0.0,8.7,4,89,06:15 PM,07:52 AM,06:59 AM,05:24 PM,-4,12,12,12,7,0,32,0.0,1028,18,10,198,4,United%20States%2C%20Utah
2020-11-02,21,11,0.0,8.7,5,81,06:47 PM,08:52 AM,07:00 AM,05:22 PM,-7,15,16,15,9,3,22,0.0,1025,21,10,198,5,United%20States%2C%20Utah
2020-11-03,23,11,0.0,8.7,5,74,07:25 PM,09:53 AM,07:01 AM,05:21 PM,-4,16,16,16,11,16,27,0.0,1019,23,10,184,6,United%20States%2C%20Utah
2020-11-04,23,12,0.0,8.7,5,66,08:09 PM,10:51 AM,07:02 AM,05:20 PM,3,15,16,15,16,3,44,0.0,1021,23,10,129,9,United%20States%2C%20Utah
2020-11-05,23,13,0.0,8.7,5,58,09:00 PM,11:47 AM,07:04 AM,05:19 PM,-2,16,16,16,15,0,30,0.0,1023,23,10,152,8,United%20States%2C%20Utah
2020-11-06,20,12,0.0,3.8,4,51,09:59 PM,12:36 PM,07:05 AM,05:18 PM,-4,14,15,14,35,54,29,0.0,1006,20,10,166,19,United%20States%2C%20Utah
2020-11-07,16,9,0.0,7.1,3,43,11:04 PM,01:21 PM,07:06 AM,05:17 PM,0,12,13,12,27,41,49,11.9,996,16,10,168,16,United%20States%2C%20Utah
2020-11-08,3,-4,3.1,3.8,1,36,No moonrise,02:00 PM,07:07 AM,05:16 PM,-4,-1,2,-1,19,82,65,6.6,1004,3,8,242,13,United%20States%2C%20Utah
2020-11-09,-0,-3,0.7,3.8,1,28,12:12 AM,02:34 PM,07:08 AM,05:15 PM,-6,-4,-1,-4,15,70,70,1.0,1017,-0,8,302,10,United%20States%2C%20Utah
2020-11-10,2,-3,0.0,7.1,1,21,01:24 AM,03:05 PM,07:10 AM,05:14 PM,-9,-4,-1,-4,14,38,55,0.0,1023,2,10,189,8,United%20States%2C%20Utah
2020-11-11,3,-2,0.0,5.4,1,13,02:36 AM,03:34 PM,07:11 AM,05:13 PM,-9,-2,1,-2,14,56,50,0.6,1020,3,10,229,8,United%20States%2C%20Utah
2020-11-12,4,-2,0.9,8.7,1,6,03:51 AM,04:03 PM,07:12 AM,05:12 PM,-8,-1,1,-1,12,31,53,1.3,1024,4,9,169,7,United%20States%2C%20Utah
2020-11-13,4,-4,0.0,5.4,1,0,05:07 AM,04:34 PM,07:13 AM,05:11 PM,-7,-4,-0,-4,28,63,58,0.0,1016,4,10,162,14,United%20States%2C%20Utah
2020-11-14,2,-2,9.9,5.4,1,0,06:24 AM,05:08 PM,07:14 AM,05:10 PM,-7,-3,1,-3,22,65,60,13.3,1021,2,8,233,13,United%20States%2C%20Utah
2020-11-15,7,-3,0.0,8.7,2,0,07:44 AM,05:48 PM,07:16 AM,05:09 PM,-4,-2,2,-2,29,35,62,0.0,1023,7,10,159,15,United%20States%2C%20Utah
2020-11-16,12,5,0.0,8.7,3,2,09:01 AM,06:34 PM,07:17 AM,05:09 PM,-1,6,8,6,21,15,56,0.0,1025,12,10,153,12,United%20States%2C%20Utah
2020-11-17,13,6,0.0,8.7,3,9,10:13 AM,07:29 PM,07:18 AM,05:08 PM,-5,6,9,6,36,12,39,0.0,1019,13,10,157,18,United%20States%2C%20Utah
2020-11-18,14,9,0.0,7.0,3,17,11:16 AM,08:30 PM,07:19 AM,05:07 PM,-3,9,11,9,33,23,38,0.0,1012,14,10,203,16,United%20States%2C%20Utah
2020-11-19,8,6,0.0,8.7,2,24,12:08 PM,09:35 PM,07:20 AM,05:06 PM,-1,5,7,5,13,24,58,0.3,1021,8,9,94,10,United%20States%2C%20Utah
2020-11-20,6,3,0.0,3.7,1,32,12:51 PM,10:41 PM,07:21 AM,05:06 PM,-6,4,4,4,5,58,49,0.0,1028,6,10,313,4,United%20States%2C%20Utah
2020-11-21,5,2,0.0,8.7,2,39,01:26 PM,11:45 PM,07:23 AM,05:05 PM,-4,3,3,3,7,4,60,0.0,1029,5,10,306,5,United%20States%2C%20Utah
2020-11-22,6,-3,0.0,5.4,1,47,01:55 PM,No moonset,07:24 AM,05:04 PM,-9,2,2,2,4,41,43,0.0,1023,6,10,199,2,United%20States%2C%20Utah
2020-11-23,4,0,0.0,5.3,1,54,02:20 PM,12:47 AM,07:25 AM,05:04 PM,-6,2,2,2,6,52,55,0.9,1012,4,10,258,3,United%20States%2C%20Utah
2020-11-24,2,-2,0.9,5.3,1,62,02:43 PM,01:48 AM,07:26 AM,05:03 PM,-4,-2,0,-2,13,60,70,1.0,1020,2,8,277,8,United%20States%2C%20Utah
2020-11-25,7,-2,0.0,8.7,2,70,03:06 PM,02:47 AM,07:27 AM,05:03 PM,-8,-2,2,-2,24,22,50,0.0,1018,7,10,211,13,United%20States%2C%20Utah
2020-11-26,1,-2,2.6,5.3,1,77,03:28 PM,03:45 AM,07:28 AM,05:03 PM,-6,-4,-1,-4,16,59,68,3.1,1026,1,6,316,10,United%20States%2C%20Utah
2020-11-27,2,-3,0.0,8.7,2,85,03:52 PM,04:44 AM,07:29 AM,05:02 PM,-7,-2,-1,-2,8,5,61,0.0,1031,2,10,311,5,United%20States%2C%20Utah
2020-11-28,6,-2,0.0,8.7,2,92,04:18 PM,05:44 AM,07:30 AM,05:02 PM,-8,-0,1,-0,8,2,53,0.0,1029,6,10,144,5,United%20States%2C%20Utah
2020-11-29,6,0,0.0,8.7,2,100,04:49 PM,06:44 AM,07:31 AM,05:01 PM,-6,1,2,1,5,4,56,0.0,1030,6,10,312,3,United%20States%2C%20Utah
2020-11-30,8,1,0.0,8.7,2,100,05:24 PM,07:45 AM,07:32 AM,05:01 PM,-11,3,4,3,8,3,34,0.0,1026,8,10,164,5,United%20States%2C%20Utah
2020-12-01,4,-1,0.0,8.7,2,89,06:06 PM,08:45 AM,07:33 AM,05:01 PM,-6,-1,2,-1,14,12,55,0.0,1029,4,10,329,10,United%20States%2C%20Utah
2020-12-02,4,-2,0.0,8.7,2,82,06:56 PM,09:43 AM,07:34 AM,05:01 PM,-8,-0,1,-0,7,5,54,0.0,1033,4,10,286,6,United%20States%2C%20Utah
2020-12-03,5,-1,0.0,8.7,2,75,07:53 PM,10:35 AM,07:35 AM,05:00 PM,-11,0,1,0,6,0,39,0.0,1033,5,10,179,4,United%20States%2C%20Utah
2020-12-04,6,-2,0.0,8.7,2,67,08:56 PM,11:21 AM,07:36 AM,05:00 PM,-10,1,2,1,4,0,40,0.0,1031,6,10,202,4,United%20States%2C%20Utah
2020-12-05,7,1,0.0,8.7,2,60,10:02 PM,12:01 PM,07:37 AM,05:00 PM,-8,3,3,3,4,0,44,0.0,1031,7,10,226,3,United%20States%2C%20Utah
2020-12-06,8,1,0.0,8.7,2,53,11:11 PM,12:36 PM,07:38 AM,05:00 PM,-8,2,3,2,9,3,44,0.0,1027,8,10,203,6,United%20States%2C%20Utah
2020-12-07,6,1,0.0,8.7,2,46,No moonrise,01:07 PM,07:39 AM,05:00 PM,-6,2,2,2,7,8,56,0.0,1030,6,10,310,4,United%20States%2C%20Utah
2020-12-08,8,1,0.0,8.7,2,38,12:20 AM,01:35 PM,07:40 AM,05:00 PM,-6,3,3,3,4,0,51,0.0,1030,8,10,244,3,United%20States%2C%20Utah
2020-12-09,8,2,0.0,7.0,1,31,01:32 AM,02:03 PM,07:41 AM,05:00 PM,-12,3,5,3,7,53,33,0.0,1023,8,10,229,4,United%20States%2C%20Utah
2020-12-10,2,-1,0.0,8.7,1,24,02:43 AM,02:31 PM,07:42 AM,05:00 PM,-7,-0,1,-0,7,60,55,0.0,1016,2,10,271,4,United%20States%2C%20Utah
2020-12-11,3,-2,0.1,5.3,1,17,03:58 AM,03:02 PM,07:42 AM,05:00 PM,-6,-1,0,-1,9,51,62,0.1,1018,3,10,237,7,United%20States%2C%20Utah
2020-12-12,1,-3,0.4,5.3,1,9,05:15 AM,03:38 PM,07:43 AM,05:01 PM,-7,-5,-1,-5,17,68,64,0.6,1021,1,9,267,12,United%20States%2C%20Utah
2020-12-13,-1,-8,1.0,7.0,1,2,06:32 AM,04:20 PM,07:44 AM,05:01 PM,-11,-7,-3,-7,19,42,54,1.2,1029,-1,8,194,11,United%20States%2C%20Utah
2020-12-14,-3,-4,8.8,3.6,1,0,07:47 AM,05:11 PM,07:45 AM,05:01 PM,-6,-5,-3,-5,11,84,81,10.4,1021,-3,4,211,6,United%20States%2C%20Utah
2020-12-15,0,-6,0.3,7.0,1,0,08:56 AM,06:09 PM,07:45 AM,05:01 PM,-7,-6,-4,-6,10,49,77,0.3,1029,0,10,220,5,United%20States%2C%20Utah
2020-12-16,-0,-7,0.1,5.3,1,5,09:55 AM,07:14 PM,07:46 AM,05:02 PM,-7,-9,-4,-9,25,41,81,0.1,1028,-0,10,156,13,United%20States%2C%20Utah
2020-12-17,-1,-3,15.1,3.6,1,12,10:44 AM,08:22 PM,07:47 AM,05:02 PM,-4,-6,-2,-6,27,90,86,17.8,1016,-1,6,202,13,United%20States%2C%20Utah
2020-12-18,-2,-6,5.9,3.6,1,20,11:23 AM,09:29 PM,07:47 AM,05:02 PM,-5,-7,-4,-7,14,65,88,6.9,1027,-2,6,214,7,United%20States%2C%20Utah
2020-12-19,-1,-7,0.0,8.7,2,27,11:55 AM,10:34 PM,07:48 AM,05:03 PM,-7,-9,-5,-9,22,11,81,0.0,1033,-1,10,153,11,United%20States%2C%20Utah
2020-12-20,0,-7,0.0,8.7,1,34,12:22 PM,11:37 PM,07:48 AM,05:03 PM,-6,-6,-2,-6,22,34,73,0.0,1031,0,10,157,11,United%20States%2C%20Utah
2020-12-21,4,-1,0.0,8.7,2,41,12:47 PM,No moonset,07:49 AM,05:04 PM,-2,-2,1,-2,26,24,77,0.0,1023,4,10,163,12,United%20States%2C%20Utah
2020-12-22,4,-3,0.0,8.7,2,49,01:10 PM,12:36 AM,07:49 AM,05:04 PM,-6,-3,1,-3,28,14,61,0.0,1020,4,10,244,15,United%20States%2C%20Utah
2020-12-23,-1,-5,1.4,5.3,1,56,01:32 PM,01:36 AM,07:50 AM,05:05 PM,-10,-7,-3,-7,16,52,60,1.6,1036,-1,8,194,10,United%20States%2C%20Utah
2020-12-24,4,-5,0.0,8.7,2,63,01:55 PM,02:34 AM,07:50 AM,05:06 PM,-9,-5,-2,-5,11,1,57,0.0,1036,4,10,132,8,United%20States%2C%20Utah
2020-12-25,4,-2,0.0,8.7,2,70,02:20 PM,03:34 AM,07:51 AM,05:06 PM,-9,-1,1,-1,7,13,51,0.0,1026,4,10,148,5,United%20States%2C%20Utah
2020-12-26,3,-1,0.1,7.0,1,78,02:49 PM,04:33 AM,07:51 AM,05:07 PM,-7,-1,1,-1,12,53,57,0.3,1020,3,10,141,6,United%20States%2C%20Utah
2020-12-27,3,-2,0.5,8.7,1,85,03:23 PM,05:35 AM,07:51 AM,05:08 PM,-5,-1,-0,-1,6,35,71,0.6,1024,3,9,155,4,United%20States%2C%20Utah
2020-12-28,-1,-7,3.9,5.3,1,92,04:02 PM,06:35 AM,07:51 AM,05:08 PM,-5,-4,-2,-4,7,77,78,4.6,1017,-1,6,158,5,United%20States%2C%20Utah
2020-12-29,-3,-5,0.0,8.7,2,100,04:50 PM,07:35 AM,07:52 AM,05:09 PM,-8,-5,-3,-5,7,21,68,0.0,1024,-3,10,242,5,United%20States%2C%20Utah
2020-12-30,-2,-5,0.0,8.7,2,100,05:46 PM,08:30 AM,07:52 AM,05:10 PM,-11,-7,-4,-7,14,22,58,0.0,1030,-2,10,170,8,United%20States%2C%20Utah
2020-12-31,0,-4,0.4,5.3,1,89,06:47 PM,09:19 AM,07:52 AM,05:11 PM,-7,-5,-2,-5,14,73,68,0.5,1022,0,8,251,8,United%20States%2C%20Utah
2021-01-01,-1,-4,0.0,8.7,2,79,07:54 PM,10:02 AM,07:52 AM,05:12 PM,-6,-4,-3,-4,9,32,77,0.0,1028,-1,10,261,5,United%20States%2C%20Utah
2021-01-02,3,-4,0.0,8.7,2,71,09:03 PM,10:38 AM,07:52 AM,05:12 PM,-7,-4,-1,-4,14,20,64,0.0,1027,3,10,160,9,United%20States%2C%20Utah
2021-01-03,3,-3,0.1,7.0,1,64,10:12 PM,11:10 AM,07:52 AM,05:13 PM,-6,-4,-0,-4,18,41,67,0.1,1025,3,10,159,10,United%20States%2C%20Utah
2021-01-04,3,-1,0.0,7.0,1,57,11:22 PM,11:39 AM,07:52 AM,05:14 PM,-4,-3,1,-3,24,21,70,0.0,1022,3,10,163,12,United%20States%2C%20Utah
2021-01-05,2,-2,1.1,8.7,1,50,No moonrise,12:06 PM,07:52 AM,05:15 PM,-6,-3,0,-3,18,38,65,1.5,1025,2,9,208,10,United%20States%2C%20Utah
2021-01-06,1,-2,0.0,5.3,1,42,12:32 AM,12:33 PM,07:52 AM,05:16 PM,-9,-3,-1,-3,13,35,54,0.0,1030,1,10,151,8,United%20States%2C%20Utah
2021-01-07,3,-1,0.0,8.7,2,35,01:43 AM,01:02 PM,07:52 AM,05:17 PM,-8,-0,1,-0,8,16,51,0.0,1028,3,10,119,5,United%20States%2C%20Utah
2021-01-08,2,-6,0.0,5.3,1,28,02:56 AM,01:35 PM,07:52 AM,05:18 PM,-9,-2,-0,-2,9,36,51,0.0,1026,2,10,152,5,United%20States%2C%20Utah
2021-01-09,-1,-4,3.0,5.3,1,20,04:10 AM,02:12 PM,07:52 AM,05:19 PM,-5,-6,-2,-6,15,73,83,3.5,1028,-1,6,324,9,United%20States%2C%20Utah
2021-01-10,-0,-4,0.0,8.7,2,13,05:25 AM,02:57 PM,07:51 AM,05:20 PM,-8,-3,-2,-3,5,15,64,0.0,1034,-0,10,203,3,United%20States%2C%20Utah
2021-01-11,-1,-4,0.0,8.7,2,6,06:35 AM,03:51 PM,07:51 AM,05:21 PM,-7,-3,-3,-3,4,17,71,0.0,1034,-1,10,175,3,United%20States%2C%20Utah
2021-01-12,5,-2,0.0,7.0,1,0,07:39 AM,04:53 PM,07:51 AM,05:22 PM,-9,-0,1,-0,7,22,46,0.0,1031,5,10,138,5,United%20States%2C%20Utah
2021-01-13,5,-2,0.0,8.7,1,0,08:32 AM,06:00 PM,07:51 AM,05:24 PM,-6,0,3,0,14,43,52,0.0,1028,5,10,160,8,United%20States%2C%20Utah
2021-01-14,6,1,0.0,8.7,2,1,09:16 AM,07:09 PM,07:50 AM,05:25 PM,-3,3,4,3,4,9,63,0.0,1033,6,10,145,3,United%20States%2C%20Utah
2021-01-15,4,-6,0.0,8.7,2,8,09:52 AM,08:16 PM,07:50 AM,05:26 PM,-6,1,2,1,6,5,52,0.0,1032,4,10,215,4,United%20States%2C%20Utah
2021-01-16,2,-1,2.2,5.3,1,16,10:22 AM,09:21 PM,07:49 AM,05:27 PM,-3,-1,0,-1,6,61,80,2.6,1029,2,7,143,4,United%20States%2C%20Utah
2021-01-17,5,1,0.0,8.7,2,23,10:48 AM,10:23 PM,07:49 AM,05:28 PM,-3,1,3,1,10,15,66,0.0,1026,5,10,149,6,United%20States%2C%20Utah
2021-01-18,1,-2,0.5,5.4,1,30,11:12 AM,11:24 PM,07:48 AM,05:29 PM,-4,-2,0,-2,13,54,73,0.6,1023,1,8,296,8,United%20States%2C%20Utah
2021-01-19,2,-3,0.0,8.7,2,38,11:34 AM,No moonset,07:48 AM,05:30 PM,-10,-3,-1,-3,8,3,51,0.0,1032,2,10,256,6,United%20States%2C%20Utah
2021-01-20,4,-2,0.0,8.7,2,45,11:57 AM,12:22 AM,07:47 AM,05:32 PM,-8,-0,0,-0,5,5,54,0.0,1028,4,10,195,3,United%20States%2C%20Utah
2021-01-21,6,0,0.0,8.7,2,52,12:21 PM,01:22 AM,07:47 AM,05:33 PM,-3,2,2,2,6,15,66,0.0,1019,6,10,180,3,United%20States%2C%20Utah
2021-01-22,7,1,0.0,3.7,1,59,12:48 PM,02:21 AM,07:46 AM,05:34 PM,-1,0,3,0,16,77,77,2.5,1013,7,10,163,10,United%20States%2C%20Utah
2021-01-23,2,-9,28.3,3.7,1,67,01:20 PM,03:22 AM,07:45 AM,05:35 PM,-0,-3,-0,-3,9,97,97,33.3,1010,2,2,250,6,United%20States%2C%20Utah
2021-01-24,-2,-11,2.8,3.7,1,74,01:57 PM,04:22 AM,07:45 AM,05:36 PM,-3,-5,-3,-5,6,88,91,3.3,1012,-2,6,319,5,United%20States%2C%20Utah
2021-01-25,2,-2,0.0,7.0,1,81,02:41 PM,05:23 AM,07:44 AM,05:38 PM,-4,-3,-1,-3,10,49,78,0.0,1007,2,10,182,7,United%20States%2C%20Utah
2021-01-26,-1,-3,0.1,8.7,1,88,03:34 PM,06:19 AM,07:43 AM,05:39 PM,-8,-3,-2,-3,5,38,67,0.1,1010,-1,10,159,3,United%20States%2C%20Utah
2021-01-27,1,-5,0.1,3.7,1,96,04:33 PM,07:12 AM,07:42 AM,05:40 PM,-6,-7,-1,-7,30,69,70,0.1,1021,1,10,164,20,United%20States%2C%20Utah
2021-01-28,2,-7,0.7,3.8,1,100,05:40 PM,07:58 AM,07:41 AM,05:41 PM,-3,-6,-1,-6,33,90,80,0.8,1019,2,9,168,18,United%20States%2C%20Utah
2021-01-29,4,-1,0.1,3.8,1,90,06:50 PM,08:37 AM,07:40 AM,05:42 PM,-4,-3,1,-3,27,80,71,0.2,1010,4,9,162,15,United%20States%2C%20Utah
2021-01-30,3,-2,4.3,7.1,1,82,08:01 PM,09:11 AM,07:40 AM,05:44 PM,-2,-1,0,-1,8,51,83,5.1,1021,3,8,160,5,United%20States%2C%20Utah
2021-01-31,1,-1,0.0,8.7,2,79,09:13 PM,09:42 AM,07:39 AM,05:45 PM,-6,-3,-0,-3,17,6,65,0.0,1030,1,10,144,10,United%20States%2C%20Utah
2021-02-01,6,1,0.0,7.1,1,63,10:24 PM,10:10 AM,07:38 AM,05:46 PM,-6,1,3,1,14,50,52,0.0,1025,6,10,159,8,United%20States%2C%20Utah
2021-02-02,8,1,0.0,8.7,2,55,11:35 PM,10:37 AM,07:37 AM,05:47 PM,-4,1,4,1,20,14,59,0.0,1021,8,10,177,10,United%20States%2C%20Utah
2021-02-03,3,-1,1.5,3.8,1,48,No moonrise,11:05 AM,07:36 AM,05:49 PM,-3,-2,1,-2,24,60,73,3.5,1015,3,9,262,12,United%20States%2C%20Utah
2021-02-04,-0,-9,2.1,3.8,1,40,12:47 AM,11:36 AM,07:35 AM,05:50 PM,-7,-5,-2,-5,11,66,66,2.5,1026,-0,7,242,7,United%20States%2C%20Utah
2021-02-05,-1,-3,7.4,3.8,1,33,02:00 AM,12:11 PM,07:33 AM,05:51 PM,-6,-5,-2,-5,12,70,76,8.8,1023,-1,7,170,7,United%20States%2C%20Utah
2021-02-06,2,-3,1.5,8.7,1,25,03:13 AM,12:52 PM,07:32 AM,05:52 PM,-4,-4,-0,-4,19,34,78,2.2,1018,2,9,173,10,United%20States%2C%20Utah
2021-02-07,7,1,0.0,8.7,2,18,04:22 AM,01:41 PM,07:31 AM,05:53 PM,-6,1,3,1,11,19,54,0.0,1013,7,10,183,6,United%20States%2C%20Utah
