date_time,United%20States%2C%20Iowa_maxtempC,United%20States%2C%20Iowa_mintempC,United%20States%2C%20Iowa_totalSnow_cm,United%20States%2C%20Iowa_sunHour,United%20States%2C%20Iowa_uvIndex,United%20States%2C%20Iowa_moon_illumination,United%20States%2C%20Iowa_moonrise,United%20States%2C%20Iowa_moonset,United%20States%2C%20Iowa_sunrise,United%20States%2C%20Iowa_sunset,United%20States%2C%20Iowa_DewPointC,United%20States%2C%20Iowa_FeelsLikeC,United%20States%2C%20Iowa_HeatIndexC,United%20States%2C%20Iowa_WindChillC,United%20States%2C%20Iowa_WindGustKmph,United%20States%2C%20Iowa_cloudcover,United%20States%2C%20Iowa_humidity,United%20States%2C%20Iowa_precipMM,United%20States%2C%20Iowa_pressure,United%20States%2C%20Iowa_tempC,United%20States%2C%20Iowa_visibility,United%20States%2C%20Iowa_winddirDegree,United%20States%2C%20Iowa_windspeedKmph,United%20States%2C%20Iowa_location
2020-01-01,5,-5,0.0,8.7,2,37,11:45 AM,11:22 PM,07:42 AM,04:53 PM,-6,-6,-1,-6,31,3,70,0.0,1008,5,10,209,18,United%20States%2C%20Iowa
2020-01-02,4,-0,0.0,3.4,1,44,12:08 PM,No moonset,07:42 AM,04:54 PM,-0,-1,2,-1,18,76,87,0.1,1001,4,10,217,10,United%20States%2C%20Iowa
2020-01-03,-1,-6,0.0,6.9,1,51,12:31 PM,12:20 AM,07:42 AM,04:55 PM,-5,-7,-2,-7,23,60,81,0.1,1012,-1,9,337,17,United%20States%2C%20Iowa
2020-01-04,0,-4,1.0,6.9,1,59,12:56 PM,01:20 AM,07:42 AM,04:55 PM,-5,-7,-2,-7,27,49,81,1.7,1019,0,8,281,18,United%20States%2C%20Iowa
2020-01-05,4,-2,0.0,8.7,2,66,01:22 PM,02:20 AM,07:42 AM,04:56 PM,-4,-4,1,-4,40,3,68,0.0,1018,4,10,271,24,United%20States%2C%20Iowa
2020-01-06,3,-2,0.0,5.2,1,73,01:52 PM,03:23 AM,07:42 AM,04:57 PM,-5,-4,-0,-4,17,55,71,0.0,1021,3,10,254,10,United%20States%2C%20Iowa
2020-01-07,0,-4,0.1,8.7,1,80,02:27 PM,04:27 AM,07:42 AM,04:58 PM,-6,-6,-1,-6,23,43,73,0.1,1022,0,9,272,17,United%20States%2C%20Iowa
2020-01-08,-4,-10,0.0,6.9,1,88,03:10 PM,05:33 AM,07:42 AM,04:59 PM,-16,-13,-7,-13,27,31,47,0.0,1026,-4,10,174,21,United%20States%2C%20Iowa
2020-01-09,8,-5,0.0,5.3,1,95,04:01 PM,06:37 AM,07:41 AM,05:00 PM,0,-2,3,-2,37,58,82,0.3,1010,8,10,211,22,United%20States%2C%20Iowa
2020-01-10,-3,-10,0.0,3.6,1,100,05:02 PM,07:38 AM,07:41 AM,05:02 PM,-8,-11,-4,-11,28,75,74,1.3,1021,-3,7,94,22,United%20States%2C%20Iowa
2020-01-11,-8,-10,0.0,7.0,1,100,06:11 PM,08:31 AM,07:41 AM,05:03 PM,-15,-17,-9,-17,31,44,61,0.3,1022,-8,8,16,25,United%20States%2C%20Iowa
2020-01-12,-7,-12,3.0,3.6,1,83,07:24 PM,09:18 AM,07:41 AM,05:04 PM,-11,-14,-9,-14,15,72,91,3.7,1023,-7,8,96,9,United%20States%2C%20Iowa
2020-01-13,-3,-9,0.4,7.0,1,76,08:39 PM,09:57 AM,07:40 AM,05:05 PM,-6,-9,-6,-9,16,73,94,0.9,1022,-3,6,109,10,United%20States%2C%20Iowa
2020-01-14,-1,-8,0.0,8.7,1,69,09:53 PM,10:31 AM,07:40 AM,05:06 PM,-5,-9,-4,-9,24,30,86,0.0,1020,-1,10,205,15,United%20States%2C%20Iowa
2020-01-15,-2,-15,0.0,5.3,1,61,11:06 PM,11:02 AM,07:39 AM,05:07 PM,-9,-14,-7,-14,32,57,86,0.1,1023,-2,9,228,22,United%20States%2C%20Iowa
2020-01-16,-15,-19,0.0,8.7,2,54,No moonrise,11:31 AM,07:39 AM,05:08 PM,-19,-24,-17,-24,21,5,84,0.0,1043,-15,10,212,14,United%20States%2C%20Iowa
2020-01-17,-5,-17,7.7,3.6,1,47,12:17 AM,11:59 AM,07:38 AM,05:10 PM,-10,-16,-9,-16,38,80,89,23.1,1030,-5,6,137,25,United%20States%2C%20Iowa
2020-01-18,-3,-18,0.0,3.6,1,40,01:28 AM,12:29 PM,07:38 AM,05:11 PM,-11,-19,-9,-19,47,93,88,12.4,1017,-3,8,258,33,United%20States%2C%20Iowa
2020-01-19,-19,-22,0.0,7.0,1,32,02:38 AM,01:03 PM,07:37 AM,05:12 PM,-22,-31,-20,-31,36,51,86,0.0,1035,-19,10,305,23,United%20States%2C%20Iowa
2020-01-20,-17,-23,0.0,3.7,1,25,03:47 AM,01:41 PM,07:37 AM,05:13 PM,-21,-28,-21,-28,18,80,94,0.0,1041,-17,5,329,11,United%20States%2C%20Iowa
2020-01-21,-11,-22,0.0,3.7,1,18,04:53 AM,02:24 PM,07:36 AM,05:14 PM,-17,-23,-17,-23,21,66,95,0.0,1034,-11,5,197,12,United%20States%2C%20Iowa
2020-01-22,1,-9,4.7,3.7,1,11,05:55 AM,03:14 PM,07:35 AM,05:16 PM,-2,-7,-2,-7,35,88,95,9.7,1017,1,7,184,22,United%20States%2C%20Iowa
2020-01-23,1,-4,0.0,3.7,1,3,06:50 AM,04:09 PM,07:35 AM,05:17 PM,1,-3,1,-3,20,100,100,9.4,1013,1,6,140,11,United%20States%2C%20Iowa
2020-01-24,1,-2,0.3,3.7,1,0,07:38 AM,05:08 PM,07:34 AM,05:18 PM,1,-3,1,-3,24,100,100,2.5,1014,1,5,330,13,United%20States%2C%20Iowa
2020-01-25,-3,-9,0.1,3.7,1,0,08:17 AM,06:09 PM,07:33 AM,05:19 PM,-6,-10,-5,-10,21,82,93,0.3,1019,-3,8,306,14,United%20States%2C%20Iowa
2020-01-26,-1,-11,0.0,3.7,1,4,08:51 AM,07:11 PM,07:32 AM,05:21 PM,-7,-10,-6,-10,14,68,95,0.0,1016,-1,5,241,8,United%20States%2C%20Iowa
2020-01-27,-1,-8,0.1,3.7,1,11,09:21 AM,08:11 PM,07:32 AM,05:22 PM,-6,-9,-5,-9,17,76,95,0.2,1018,-1,6,331,9,United%20States%2C%20Iowa
2020-01-28,-5,-9,0.0,3.7,1,18,09:47 AM,09:11 PM,07:31 AM,05:23 PM,-7,-10,-6,-10,15,96,94,0.2,1022,-5,7,270,9,United%20States%2C%20Iowa
2020-01-29,-4,-10,1.4,3.7,1,26,10:11 AM,10:09 PM,07:30 AM,05:25 PM,-8,-8,-7,-8,5,99,94,1.7,1023,-4,4,101,3,United%20States%2C%20Iowa
2020-01-30,-4,-12,0.2,3.7,1,33,10:34 AM,11:08 PM,07:29 AM,05:26 PM,-8,-10,-8,-10,10,94,96,0.3,1024,-4,3,169,7,United%20States%2C%20Iowa
2020-01-31,0,-6,0.9,3.7,1,37,10:57 AM,No moonset,07:28 AM,05:27 PM,-2,-5,-2,-5,16,100,98,1.1,1018,0,4,188,10,United%20States%2C%20Iowa
2020-02-01,-0,-5,0.0,7.1,1,49,11:22 AM,12:07 AM,07:27 AM,05:28 PM,-3,-6,-2,-6,20,50,94,0.0,1015,-0,6,255,11,United%20States%2C%20Iowa
2020-02-02,3,-2,0.0,7.1,1,57,11:50 AM,01:08 AM,07:26 AM,05:30 PM,-0,-2,1,-2,30,25,87,0.0,1009,3,9,229,14,United%20States%2C%20Iowa
2020-02-03,-1,-4,0.0,3.8,1,64,12:21 PM,02:10 AM,07:25 AM,05:31 PM,-4,-8,-3,-8,32,69,90,0.3,1009,-1,8,46,21,United%20States%2C%20Iowa
2020-02-04,-7,-10,0.0,3.8,1,72,01:00 PM,03:14 AM,07:24 AM,05:32 PM,-10,-16,-8,-16,32,72,84,0.1,1021,-7,10,10,23,United%20States%2C%20Iowa
2020-02-05,-6,-10,0.0,8.7,2,79,01:46 PM,04:17 AM,07:23 AM,05:34 PM,-11,-14,-8,-14,16,49,82,0.0,1020,-6,10,28,11,United%20States%2C%20Iowa
2020-02-06,-4,-8,0.0,7.1,1,87,02:41 PM,05:20 AM,07:21 AM,05:35 PM,-8,-9,-6,-9,11,66,85,0.1,1008,-4,8,27,7,United%20States%2C%20Iowa
2020-02-07,-3,-11,1.5,3.8,1,95,03:47 PM,06:16 AM,07:20 AM,05:36 PM,-8,-11,-6,-11,17,87,89,2.1,1009,-3,6,219,10,United%20States%2C%20Iowa
2020-02-08,-6,-15,0.0,8.7,2,100,04:59 PM,07:07 AM,07:19 AM,05:37 PM,-12,-17,-11,-17,19,44,91,0.0,1021,-6,10,247,11,United%20States%2C%20Iowa
2020-02-09,1,-7,6.5,3.8,1,100,06:15 PM,07:51 AM,07:18 AM,05:39 PM,-3,-7,-2,-7,36,97,96,15.0,1016,1,3,228,23,United%20States%2C%20Iowa
2020-02-10,-3,-12,0.0,8.7,2,83,07:33 PM,08:28 AM,07:17 AM,05:40 PM,-10,-12,-8,-12,16,22,82,0.0,1025,-3,10,259,10,United%20States%2C%20Iowa
2020-02-11,-3,-7,0.0,8.7,2,75,08:49 PM,09:01 AM,07:15 AM,05:41 PM,-7,-11,-6,-11,22,36,89,0.0,1023,-3,10,275,13,United%20States%2C%20Iowa
2020-02-12,2,-5,0.0,5.5,1,68,10:04 PM,09:32 AM,07:14 AM,05:43 PM,-4,-6,-2,-6,27,45,90,0.4,1014,2,7,223,15,United%20States%2C%20Iowa
2020-02-13,-21,-25,0.0,7.1,1,60,11:18 PM,10:01 AM,07:13 AM,05:44 PM,-23,-33,-21,-33,31,57,86,1.7,1031,-21,7,328,25,United%20States%2C%20Iowa
2020-02-14,-9,-21,0.0,8.7,2,53,No moonrise,10:31 AM,07:11 AM,05:45 PM,-18,-22,-15,-22,26,1,83,0.0,1033,-9,10,196,17,United%20States%2C%20Iowa
2020-02-15,1,-9,0.0,3.9,1,45,12:29 AM,11:04 AM,07:10 AM,05:46 PM,-5,-9,-3,-9,33,43,87,0.0,1018,1,10,235,19,United%20States%2C%20Iowa
2020-02-16,-1,-5,0.0,3.9,1,38,01:40 AM,11:41 AM,07:09 AM,05:48 PM,-4,-7,-3,-7,18,79,91,0.0,1020,-1,10,154,11,United%20States%2C%20Iowa
2020-02-17,3,-3,0.1,3.9,1,30,02:47 AM,12:22 PM,07:07 AM,05:49 PM,-0,-4,0,-4,31,95,96,3.5,1012,3,7,200,18,United%20States%2C%20Iowa
2020-02-18,-5,-9,0.1,8.7,1,22,03:50 AM,01:10 PM,07:06 AM,05:50 PM,-8,-12,-5,-12,29,46,81,0.1,1026,-5,9,335,22,United%20States%2C%20Iowa
2020-02-19,-10,-13,0.3,3.9,1,15,04:46 AM,02:02 PM,07:04 AM,05:51 PM,-15,-19,-12,-19,18,73,75,0.4,1041,-10,9,64,14,United%20States%2C%20Iowa
2020-02-20,-10,-18,0.3,8.7,2,7,05:35 AM,03:00 PM,07:03 AM,05:53 PM,-18,-19,-14,-19,14,16,74,0.3,1044,-10,9,265,9,United%20States%2C%20Iowa
2020-02-21,3,-11,0.0,8.7,2,0,06:17 AM,04:00 PM,07:02 AM,05:54 PM,-9,-10,-4,-10,34,0,67,0.0,1032,3,10,206,19,United%20States%2C%20Iowa
2020-02-22,6,-2,0.0,8.7,1,0,06:52 AM,05:01 PM,07:00 AM,05:55 PM,-1,-3,1,-3,27,15,82,0.0,1021,6,10,208,15,United%20States%2C%20Iowa
2020-02-23,5,-1,0.0,7.2,1,0,07:23 AM,06:02 PM,06:59 AM,05:56 PM,-1,-2,2,-2,20,37,83,0.0,1016,5,10,261,12,United%20States%2C%20Iowa
2020-02-24,2,-3,0.0,7.2,1,0,07:50 AM,07:02 PM,06:57 AM,05:57 PM,-4,-5,-1,-5,16,57,84,0.0,1013,2,10,58,12,United%20States%2C%20Iowa
2020-02-25,-0,-2,0.9,4.1,1,8,08:14 AM,08:01 PM,06:55 AM,05:59 PM,-3,-7,-1,-7,32,100,86,3.3,1015,-0,5,136,24,United%20States%2C%20Iowa
2020-02-26,-8,-11,0.0,10.1,1,15,08:37 AM,08:59 PM,06:54 AM,06:00 PM,-12,-18,-9,-18,40,59,76,1.3,1022,-8,6,322,32,United%20States%2C%20Iowa
2020-02-27,-9,-15,0.0,11.5,2,23,09:00 AM,09:58 PM,06:52 AM,06:01 PM,-16,-20,-12,-20,25,25,72,0.0,1026,-9,10,318,19,United%20States%2C%20Iowa
2020-02-28,-8,-15,0.0,11.5,2,30,09:24 AM,10:58 PM,06:51 AM,06:02 PM,-16,-19,-12,-19,20,12,71,0.0,1032,-8,10,325,16,United%20States%2C%20Iowa
2020-02-29,10,-4,0.0,10.1,2,38,09:50 AM,11:58 PM,06:49 AM,06:03 PM,-3,-1,2,-1,23,19,72,0.0,1018,10,10,170,15,United%20States%2C%20Iowa
2020-03-01,10,5,0.0,10.1,2,44,10:19 AM,No moonset,06:48 AM,06:05 PM,2,5,8,5,27,23,75,0.0,1007,10,10,269,15,United%20States%2C%20Iowa
2020-03-02,5,-1,0.0,10.2,1,51,10:54 AM,01:00 AM,06:46 AM,06:06 PM,-5,-1,2,-1,16,32,63,0.0,1013,5,10,298,12,United%20States%2C%20Iowa
2020-03-03,9,2,0.0,11.6,3,58,11:35 AM,02:02 AM,06:44 AM,06:07 PM,-3,1,5,1,35,28,59,0.0,1008,9,10,273,24,United%20States%2C%20Iowa
2020-03-04,9,2,0.0,11.6,2,65,12:24 PM,03:04 AM,06:43 AM,06:08 PM,-1,2,5,2,26,30,64,0.2,1015,9,10,281,17,United%20States%2C%20Iowa
2020-03-05,8,2,0.0,10.2,3,73,01:24 PM,04:01 AM,06:41 AM,06:09 PM,-3,1,5,1,43,26,56,0.0,1018,8,10,278,30,United%20States%2C%20Iowa
2020-03-06,7,-2,0.0,11.6,2,80,02:32 PM,04:54 AM,06:39 AM,06:10 PM,-6,-2,2,-2,21,15,59,0.0,1031,7,10,245,15,United%20States%2C%20Iowa
2020-03-07,14,1,0.0,11.6,3,87,03:46 PM,05:40 AM,06:38 AM,06:11 PM,-1,4,7,4,40,4,56,0.0,1023,14,10,183,26,United%20States%2C%20Iowa
2020-03-08,15,7,0.0,11.6,4,95,05:04 PM,06:20 AM,06:36 AM,06:13 PM,5,8,11,8,41,27,67,0.0,1015,15,10,198,27,United%20States%2C%20Iowa
2020-03-09,11,4,0.0,5.9,2,100,06:22 PM,06:55 AM,06:34 AM,06:14 PM,7,5,8,5,26,97,90,19.3,1013,11,8,227,17,United%20States%2C%20Iowa
2020-03-10,8,-2,0.0,10.2,1,100,07:40 PM,07:28 AM,06:33 AM,06:15 PM,-1,0,3,0,16,59,77,0.3,1023,8,10,249,12,United%20States%2C%20Iowa
2020-03-11,11,5,0.0,11.6,2,84,08:57 PM,07:58 AM,06:31 AM,06:16 PM,4,6,7,6,14,54,79,1.0,1013,11,8,225,9,United%20States%2C%20Iowa
2020-03-12,10,5,0.0,11.6,3,76,10:12 PM,08:29 AM,06:29 AM,06:17 PM,2,5,8,5,32,22,65,0.0,1009,10,10,257,21,United%20States%2C%20Iowa
2020-03-13,7,0,0.0,10.2,2,69,11:27 PM,09:02 AM,06:28 AM,06:18 PM,-5,-0,3,-0,21,24,55,0.1,1025,7,10,287,15,United%20States%2C%20Iowa
2020-03-14,5,-1,0.3,8.8,1,62,No moonrise,09:38 AM,06:26 AM,06:20 PM,-6,-2,2,-2,18,67,56,0.7,1034,5,8,75,13,United%20States%2C%20Iowa
2020-03-15,6,-2,0.0,11.6,2,55,12:38 AM,10:19 AM,06:24 AM,06:21 PM,-3,-2,2,-2,17,16,72,0.0,1035,6,10,110,12,United%20States%2C%20Iowa
2020-03-16,7,1,0.0,6.0,1,47,01:44 AM,11:06 AM,06:23 AM,06:22 PM,2,0,4,0,20,100,90,0.2,1025,7,9,204,14,United%20States%2C%20Iowa
2020-03-17,8,-0,0.0,10.2,2,40,02:43 AM,11:57 AM,06:21 AM,06:23 PM,-2,2,4,2,15,43,66,0.0,1025,8,10,188,11,United%20States%2C%20Iowa
2020-03-18,9,5,0.0,6.0,2,33,03:35 AM,12:54 PM,06:19 AM,06:24 PM,5,4,7,4,24,97,90,25.1,1017,9,8,125,17,United%20States%2C%20Iowa
2020-03-19,16,5,0.0,6.0,3,25,04:18 AM,01:54 PM,06:17 AM,06:25 PM,9,9,11,9,34,91,92,5.4,1007,16,10,182,22,United%20States%2C%20Iowa
2020-03-20,-0,-5,0.1,8.8,1,18,04:55 AM,02:54 PM,06:16 AM,06:26 PM,-8,-8,-1,-8,38,69,61,0.4,1027,-0,10,317,31,United%20States%2C%20Iowa
2020-03-21,5,-3,0.0,10.2,1,11,05:27 AM,03:55 PM,06:14 AM,06:27 PM,-6,-3,1,-3,17,41,62,0.0,1034,5,10,117,12,United%20States%2C%20Iowa
2020-03-22,5,-0,0.0,6.1,1,4,05:54 AM,04:55 PM,06:12 AM,06:29 PM,-0,-2,2,-2,25,75,84,0.4,1025,5,8,147,17,United%20States%2C%20Iowa
2020-03-23,8,-1,0.0,6.1,2,0,06:18 AM,05:54 PM,06:11 AM,06:30 PM,3,2,4,2,14,96,90,0.0,1019,8,6,140,10,United%20States%2C%20Iowa
2020-03-24,9,4,0.0,6.1,2,0,06:42 AM,06:53 PM,06:09 AM,06:31 PM,5,4,6,4,21,96,90,0.0,1013,9,10,111,14,United%20States%2C%20Iowa
2020-03-25,16,5,0.0,6.1,3,3,07:05 AM,07:52 PM,06:07 AM,06:32 PM,7,8,10,8,25,78,83,3.1,1009,16,10,201,17,United%20States%2C%20Iowa
2020-03-26,7,4,0.0,6.1,2,11,07:28 AM,08:51 PM,06:06 AM,06:33 PM,3,3,6,3,23,78,82,1.9,1010,7,8,42,18,United%20States%2C%20Iowa
2020-03-27,12,6,0.0,8.9,2,18,07:53 AM,09:51 PM,06:04 AM,06:34 PM,6,6,9,6,24,72,84,1.2,1009,12,6,70,18,United%20States%2C%20Iowa
2020-03-28,18,6,0.0,6.2,3,25,08:20 AM,10:52 PM,06:02 AM,06:35 PM,8,10,12,10,37,86,82,4.8,996,18,10,121,24,United%20States%2C%20Iowa
2020-03-29,8,7,0.0,6.2,2,32,08:52 AM,11:54 PM,06:01 AM,06:36 PM,4,5,9,5,40,90,77,3.1,1004,8,9,290,29,United%20States%2C%20Iowa
2020-03-30,13,2,0.0,12.8,3,40,09:30 AM,No moonset,05:59 AM,06:37 PM,1,5,7,5,17,4,66,0.0,1022,13,10,159,11,United%20States%2C%20Iowa
2020-03-31,13,5,0.0,12.8,2,44,10:15 AM,12:54 AM,05:57 AM,06:39 PM,2,7,8,7,15,42,64,0.0,1019,13,10,77,10,United%20States%2C%20Iowa
2020-04-01,15,3,0.0,12.8,2,56,11:09 AM,01:52 AM,05:56 AM,06:40 PM,4,6,9,6,29,39,73,0.0,1015,15,10,150,21,United%20States%2C%20Iowa
2020-04-02,16,10,0.0,8.0,3,64,12:11 PM,02:45 AM,05:54 AM,06:41 PM,10,11,13,11,30,83,83,8.0,1011,16,9,163,20,United%20States%2C%20Iowa
2020-04-03,11,1,0.0,8.1,1,71,01:21 PM,03:33 AM,05:52 AM,06:42 PM,4,2,6,2,29,86,85,15.2,1017,11,8,274,22,United%20States%2C%20Iowa
2020-04-04,7,-5,0.0,12.9,2,79,02:35 PM,04:13 AM,05:51 AM,06:43 PM,-4,-3,1,-3,18,10,69,0.0,1023,7,10,181,12,United%20States%2C%20Iowa
2020-04-05,12,-1,0.0,13.0,3,87,03:52 PM,04:50 AM,05:49 AM,06:44 PM,0,3,6,3,18,29,71,0.0,1020,12,10,130,11,United%20States%2C%20Iowa
2020-04-06,17,7,0.0,8.1,3,94,05:09 PM,05:23 AM,05:47 AM,06:45 PM,10,11,12,11,28,80,87,0.5,1011,17,9,168,18,United%20States%2C%20Iowa
2020-04-07,24,14,0.0,13.0,4,100,06:27 PM,05:53 AM,05:46 AM,06:46 PM,12,18,19,18,27,29,73,0.0,1003,24,10,224,18,United%20States%2C%20Iowa
2020-04-08,20,9,0.0,12.0,3,100,07:46 PM,06:24 AM,05:44 AM,06:48 PM,6,13,14,13,26,38,59,0.0,1008,20,10,230,18,United%20States%2C%20Iowa
2020-04-09,8,3,0.0,13.1,3,83,09:03 PM,06:56 AM,05:42 AM,06:49 PM,-5,1,5,1,35,19,48,0.0,1015,8,10,311,26,United%20States%2C%20Iowa
2020-04-10,10,-1,0.0,12.0,2,76,10:18 PM,07:32 AM,05:41 AM,06:50 PM,-5,2,5,2,20,46,52,0.0,1018,10,10,275,14,United%20States%2C%20Iowa
2020-04-11,7,1,0.0,8.2,2,68,11:30 PM,08:11 AM,05:39 AM,06:51 PM,5,3,6,3,23,94,87,4.0,1007,7,7,135,16,United%20States%2C%20Iowa
2020-04-12,6,0,1.2,8.2,1,61,No moonrise,08:57 AM,05:37 AM,06:52 PM,2,-2,4,-2,43,100,90,8.2,1006,6,6,58,31,United%20States%2C%20Iowa
2020-04-13,3,-4,0.0,13.2,1,53,12:35 AM,09:49 AM,05:36 AM,06:53 PM,-8,-7,-0,-7,44,34,58,0.6,1016,3,9,310,33,United%20States%2C%20Iowa
2020-04-14,4,-2,0.0,13.2,2,46,01:31 AM,10:45 AM,05:34 AM,06:54 PM,-9,-4,1,-4,24,32,51,0.0,1023,4,10,255,18,United%20States%2C%20Iowa
2020-04-15,6,-2,0.0,13.2,2,38,02:18 AM,11:45 AM,05:33 AM,06:55 PM,-7,-0,2,-0,11,46,54,0.1,1020,6,10,288,8,United%20States%2C%20Iowa
2020-04-16,5,-2,0.7,10.8,1,30,02:58 AM,12:46 PM,05:31 AM,06:56 PM,-7,-1,1,-1,9,59,54,1.5,1025,5,9,118,7,United%20States%2C%20Iowa
2020-04-17,9,-1,0.0,13.3,3,23,03:31 AM,01:48 PM,05:30 AM,06:58 PM,-4,2,4,2,16,49,58,0.1,1020,9,10,257,11,United%20States%2C%20Iowa
2020-04-18,14,1,0.0,13.3,3,15,03:59 AM,02:48 PM,05:28 AM,06:59 PM,2,4,8,4,35,17,69,0.1,1011,14,10,227,25,United%20States%2C%20Iowa
2020-04-19,13,7,0.0,13.7,4,8,04:24 AM,03:47 PM,05:26 AM,07:00 PM,2,8,10,8,19,37,61,0.3,1010,13,10,231,14,United%20States%2C%20Iowa
2020-04-20,15,5,0.0,8.6,3,0,04:47 AM,04:46 PM,05:25 AM,07:01 PM,3,8,10,8,24,65,62,0.3,1008,15,10,239,16,United%20States%2C%20Iowa
2020-04-21,12,3,0.0,13.8,3,0,05:10 AM,05:45 PM,05:23 AM,07:02 PM,-3,5,7,5,20,7,49,0.0,1016,12,10,308,14,United%20States%2C%20Iowa
2020-04-22,21,10,0.0,8.6,4,0,05:33 AM,06:44 PM,05:22 AM,07:03 PM,8,13,15,13,34,71,69,7.4,1008,21,10,211,21,United%20States%2C%20Iowa
2020-04-23,17,10,0.0,12.2,3,0,05:57 AM,07:45 PM,05:20 AM,07:04 PM,8,12,13,12,22,43,75,2.3,1003,17,10,181,16,United%20States%2C%20Iowa
2020-04-24,15,8,0.0,8.7,3,7,06:23 AM,08:46 PM,05:19 AM,07:05 PM,9,10,12,10,24,91,86,8.9,1007,15,9,102,16,United%20States%2C%20Iowa
2020-04-25,16,7,0.0,13.9,3,15,06:54 AM,09:49 PM,05:17 AM,07:07 PM,5,9,11,9,24,44,70,0.0,1014,16,10,26,18,United%20States%2C%20Iowa
2020-04-26,17,8,0.0,12.2,3,22,07:30 AM,10:49 PM,05:16 AM,07:08 PM,6,12,12,12,17,62,67,1.0,1019,17,10,148,12,United%20States%2C%20Iowa
2020-04-27,21,12,0.0,11.0,4,30,08:12 AM,11:48 PM,05:15 AM,07:09 PM,10,15,16,15,24,50,71,0.6,1013,21,10,204,15,United%20States%2C%20Iowa
2020-04-28,19,12,0.0,11.0,4,37,09:02 AM,No moonset,05:13 AM,07:10 PM,11,14,15,14,33,49,81,30.2,1006,19,7,233,22,United%20States%2C%20Iowa
2020-04-29,15,10,0.0,11.0,3,45,10:01 AM,12:42 AM,05:12 AM,07:11 PM,6,9,12,9,39,62,72,1.8,1009,15,8,302,29,United%20States%2C%20Iowa
2020-04-30,18,6,0.0,14.0,4,52,11:06 AM,01:30 AM,05:10 AM,07:12 PM,5,11,13,11,18,8,63,0.0,1015,18,10,282,12,United%20States%2C%20Iowa
2020-05-01,21,9,0.0,12.2,4,58,12:16 PM,02:11 AM,05:09 AM,07:13 PM,9,14,15,14,28,39,70,0.1,1010,21,10,157,18,United%20States%2C%20Iowa
2020-05-02,18,14,0.0,13.4,4,65,01:30 PM,02:48 AM,05:08 AM,07:14 PM,10,15,15,15,26,41,72,2.2,1012,18,9,290,16,United%20States%2C%20Iowa
2020-05-03,22,13,0.0,14.1,5,72,02:44 PM,03:21 AM,05:06 AM,07:15 PM,8,17,18,17,18,15,57,0.0,1015,22,10,269,11,United%20States%2C%20Iowa
2020-05-04,11,10,0.0,10.0,3,80,04:00 PM,03:51 AM,05:05 AM,07:16 PM,8,9,11,9,24,70,80,19.7,1016,11,8,107,17,United%20States%2C%20Iowa
2020-05-05,12,6,0.0,8.8,2,87,05:17 PM,04:20 AM,05:04 AM,07:18 PM,6,6,9,6,20,90,87,15.8,1014,12,8,99,15,United%20States%2C%20Iowa
2020-05-06,15,3,0.0,8.9,3,94,06:34 PM,04:51 AM,05:03 AM,07:19 PM,5,9,10,9,15,55,75,3.2,1020,15,10,231,10,United%20States%2C%20Iowa
2020-05-07,16,8,0.0,10.0,3,100,07:52 PM,05:24 AM,05:02 AM,07:20 PM,6,11,12,11,15,56,70,1.4,1018,16,10,255,9,United%20States%2C%20Iowa
2020-05-08,10,4,0.0,14.2,2,100,09:07 PM,06:01 AM,05:00 AM,07:21 PM,-2,4,7,4,30,33,53,2.9,1022,10,9,196,22,United%20States%2C%20Iowa
2020-05-09,15,2,0.0,12.4,2,84,10:17 PM,06:44 AM,04:59 AM,07:22 PM,1,6,8,6,19,51,61,1.8,1022,15,10,193,14,United%20States%2C%20Iowa
2020-05-10,11,5,0.0,10.2,2,77,11:20 PM,07:35 AM,04:58 AM,07:23 PM,1,4,8,4,34,67,66,6.0,1019,11,9,313,26,United%20States%2C%20Iowa
2020-05-11,12,2,0.0,11.3,2,70,No moonrise,08:31 AM,04:57 AM,07:24 PM,-1,4,7,4,19,39,59,0.0,1025,12,10,313,13,United%20States%2C%20Iowa
2020-05-12,14,5,0.0,14.5,4,62,12:13 AM,09:32 AM,04:56 AM,07:25 PM,-0,8,9,8,12,31,53,0.0,1023,14,10,130,8,United%20States%2C%20Iowa
2020-05-13,9,4,0.0,9.2,2,55,12:56 AM,10:34 AM,04:55 AM,07:26 PM,7,5,9,5,35,88,86,6.2,1017,9,9,144,23,United%20States%2C%20Iowa
2020-05-14,23,12,0.0,10.3,5,48,01:33 AM,11:37 AM,04:54 AM,07:27 PM,15,18,20,18,28,77,83,25.6,1007,23,7,241,17,United%20States%2C%20Iowa
2020-05-15,20,12,0.0,14.5,5,40,02:02 AM,12:38 PM,04:53 AM,07:28 PM,10,16,17,16,21,19,70,0.5,1013,20,10,264,14,United%20States%2C%20Iowa
2020-05-16,19,11,0.0,12.4,4,33,02:28 AM,01:39 PM,04:52 AM,07:29 PM,12,14,15,14,20,49,86,11.0,1015,19,8,97,13,United%20States%2C%20Iowa
2020-05-17,21,14,0.0,9.2,4,26,02:52 AM,02:37 PM,04:51 AM,07:30 PM,13,16,17,16,21,74,81,16.0,1014,21,9,193,15,United%20States%2C%20Iowa
2020-05-18,14,9,0.0,9.3,3,19,03:15 AM,03:37 PM,04:50 AM,07:31 PM,10,10,13,10,33,97,86,0.0,1012,14,10,21,24,United%20States%2C%20Iowa
2020-05-19,17,10,0.0,9.3,3,11,03:38 AM,04:36 PM,04:49 AM,07:32 PM,11,13,14,13,22,77,86,0.0,1015,17,10,38,17,United%20States%2C%20Iowa
2020-05-20,18,12,0.0,9.3,4,4,04:01 AM,05:36 PM,04:48 AM,07:33 PM,13,14,15,14,22,97,87,0.4,1017,18,9,91,16,United%20States%2C%20Iowa
2020-05-21,18,14,0.0,9.3,4,0,04:26 AM,06:38 PM,04:47 AM,07:34 PM,13,15,16,15,19,94,85,0.3,1016,18,10,123,14,United%20States%2C%20Iowa
2020-05-22,22,13,0.0,12.4,4,0,04:55 AM,07:41 PM,04:47 AM,07:35 PM,15,17,18,17,25,58,83,6.2,1012,22,9,135,16,United%20States%2C%20Iowa
2020-05-23,25,15,0.0,9.3,5,3,05:30 AM,08:43 PM,04:46 AM,07:36 PM,17,20,22,20,29,81,84,11.5,1008,25,10,198,19,United%20States%2C%20Iowa
2020-05-24,28,17,0.0,11.4,5,10,06:10 AM,09:44 PM,04:45 AM,07:37 PM,19,23,23,22,23,52,84,5.7,1008,28,10,160,14,United%20States%2C%20Iowa
2020-05-25,26,19,0.0,11.4,5,17,06:58 AM,10:39 PM,04:44 AM,07:38 PM,19,23,23,22,18,72,83,8.4,1010,26,9,186,11,United%20States%2C%20Iowa
2020-05-26,24,19,0.0,9.3,5,25,07:55 AM,11:30 PM,04:44 AM,07:38 PM,18,20,21,20,22,86,88,9.2,1010,24,9,194,14,United%20States%2C%20Iowa
2020-05-27,23,18,0.0,9.4,5,32,08:58 AM,No moonset,04:43 AM,07:39 PM,18,20,21,20,10,83,90,6.4,1011,23,7,212,7,United%20States%2C%20Iowa
2020-05-28,23,19,0.0,12.4,5,39,10:06 AM,12:13 AM,04:42 AM,07:40 PM,16,20,21,20,24,44,77,0.5,1014,23,10,99,16,United%20States%2C%20Iowa
2020-05-29,19,11,0.0,14.5,5,47,11:17 AM,12:50 AM,04:42 AM,07:41 PM,10,14,15,14,23,8,71,0.0,1021,19,10,306,16,United%20States%2C%20Iowa
2020-05-30,17,11,0.0,11.4,3,54,12:29 PM,01:23 AM,04:41 AM,07:42 PM,10,13,13,13,13,40,80,1.9,1024,17,10,224,8,United%20States%2C%20Iowa
2020-05-31,15,9,0.0,11.4,3,58,01:42 PM,01:53 AM,04:41 AM,07:43 PM,9,11,12,11,17,57,81,0.0,1024,15,10,138,10,United%20States%2C%20Iowa
2020-06-01,26,14,0.0,11.4,5,71,02:55 PM,02:21 AM,04:40 AM,07:43 PM,17,21,21,20,36,47,81,1.9,1015,26,10,192,25,United%20States%2C%20Iowa
2020-06-02,29,19,0.0,14.5,7,79,04:10 PM,02:49 AM,04:40 AM,07:44 PM,20,26,26,24,29,6,80,0.0,1011,29,10,220,20,United%20States%2C%20Iowa
2020-06-03,27,18,0.0,14.5,6,86,05:26 PM,03:20 AM,04:40 AM,07:45 PM,16,24,24,23,19,15,67,1.5,1011,27,10,226,12,United%20States%2C%20Iowa
2020-06-04,29,19,0.0,11.4,6,94,06:42 PM,03:54 AM,04:39 AM,07:45 PM,19,25,25,24,15,61,75,9.1,1008,29,9,183,9,United%20States%2C%20Iowa
2020-06-05,26,19,0.0,10.4,5,100,07:55 PM,04:34 AM,04:39 AM,07:46 PM,18,24,24,23,22,58,77,4.5,1011,26,8,108,14,United%20States%2C%20Iowa
2020-06-06,25,16,0.0,14.5,6,100,09:03 PM,05:21 AM,04:39 AM,07:47 PM,15,20,21,20,24,9,74,0.0,1017,25,10,84,16,United%20States%2C%20Iowa
2020-06-07,26,18,0.0,12.5,5,84,10:01 PM,06:14 AM,04:38 AM,07:47 PM,19,22,22,21,35,48,80,0.3,1012,26,10,141,24,United%20States%2C%20Iowa
2020-06-08,29,22,0.0,14.5,7,76,10:50 PM,07:15 AM,04:38 AM,07:48 PM,21,27,27,25,34,28,79,0.0,1009,29,10,164,23,United%20States%2C%20Iowa
2020-06-09,23,20,0.0,11.5,5,69,11:30 PM,08:18 AM,04:38 AM,07:48 PM,19,21,22,21,30,58,87,37.6,998,23,8,113,17,United%20States%2C%20Iowa
2020-06-10,20,12,0.0,11.5,4,61,No moonrise,09:22 AM,04:38 AM,07:49 PM,13,15,16,15,39,68,80,4.4,1003,20,10,316,28,United%20States%2C%20Iowa
2020-06-11,24,13,0.0,14.5,6,54,12:03 AM,10:25 AM,04:38 AM,07:49 PM,12,19,20,19,24,7,69,0.0,1019,24,10,279,16,United%20States%2C%20Iowa
2020-06-12,27,15,0.0,14.5,6,46,12:31 AM,11:27 AM,04:38 AM,07:50 PM,13,22,22,21,10,8,63,0.0,1024,27,10,139,6,United%20States%2C%20Iowa
2020-06-13,22,15,0.0,11.5,4,38,12:56 AM,12:27 PM,04:38 AM,07:50 PM,15,18,19,18,26,49,83,0.0,1023,22,10,116,18,United%20States%2C%20Iowa
2020-06-14,22,13,0.0,10.5,4,31,01:19 AM,01:26 PM,04:37 AM,07:51 PM,15,17,18,17,39,69,81,0.0,1021,22,10,125,29,United%20States%2C%20Iowa
2020-06-15,24,14,0.0,11.5,4,23,01:42 AM,02:25 PM,04:38 AM,07:51 PM,16,19,20,19,36,61,83,1.5,1020,24,10,147,25,United%20States%2C%20Iowa
2020-06-16,26,16,0.0,14.5,6,16,02:04 AM,03:25 PM,04:38 AM,07:52 PM,18,21,22,21,31,25,82,0.0,1020,26,10,154,22,United%20States%2C%20Iowa
2020-06-17,26,17,0.0,14.5,6,8,02:29 AM,04:26 PM,04:38 AM,07:52 PM,18,22,22,21,35,9,80,0.0,1017,26,10,162,24,United%20States%2C%20Iowa
2020-06-18,27,18,0.0,12.5,5,1,02:56 AM,05:29 PM,04:38 AM,07:52 PM,19,24,24,22,32,37,82,11.0,1013,27,9,180,21,United%20States%2C%20Iowa
2020-06-19,22,19,0.0,11.5,5,0,03:29 AM,06:32 PM,04:38 AM,07:52 PM,19,21,21,21,21,67,88,15.5,1014,22,9,112,15,United%20States%2C%20Iowa
2020-06-20,23,20,0.0,10.5,5,0,04:06 AM,07:34 PM,04:38 AM,07:53 PM,19,21,22,21,18,82,92,24.9,1010,23,8,144,12,United%20States%2C%20Iowa
2020-06-21,26,12,0.0,12.5,5,0,04:52 AM,08:33 PM,04:38 AM,07:53 PM,16,19,20,19,22,38,85,3.2,1009,26,8,219,15,United%20States%2C%20Iowa
2020-06-22,24,19,0.0,10.5,5,7,05:47 AM,09:27 PM,04:39 AM,07:53 PM,18,21,22,21,25,60,85,3.8,1007,24,10,266,17,United%20States%2C%20Iowa
2020-06-23,22,14,0.0,13.5,4,14,06:49 AM,10:12 PM,04:39 AM,07:53 PM,14,17,18,17,26,21,80,0.3,1012,22,10,320,17,United%20States%2C%20Iowa
2020-06-24,24,14,0.0,13.5,5,22,07:57 AM,10:52 PM,04:39 AM,07:53 PM,15,18,20,18,16,38,81,0.5,1012,24,9,281,10,United%20States%2C%20Iowa
2020-06-25,26,16,0.0,14.5,6,29,09:08 AM,11:26 PM,04:40 AM,07:53 PM,17,22,22,21,15,16,81,0.0,1012,26,10,194,10,United%20States%2C%20Iowa
2020-06-26,28,20,0.0,12.5,5,37,10:20 AM,11:57 PM,04:40 AM,07:53 PM,21,25,25,24,31,59,87,11.3,1009,28,9,206,19,United%20States%2C%20Iowa
2020-06-27,27,18,0.0,14.5,5,44,11:32 AM,No moonset,04:40 AM,07:53 PM,18,24,24,23,14,16,78,0.3,1009,27,9,238,8,United%20States%2C%20Iowa
2020-06-28,27,20,0.0,9.5,5,52,12:44 PM,12:24 AM,04:41 AM,07:53 PM,22,26,26,24,29,78,92,8.4,1005,27,7,148,17,United%20States%2C%20Iowa
2020-06-29,27,23,0.0,9.5,6,59,01:56 PM,12:52 AM,04:41 AM,07:53 PM,24,28,28,25,27,77,91,5.1,1007,27,9,173,18,United%20States%2C%20Iowa
2020-06-30,26,20,0.0,14.5,5,67,03:10 PM,01:21 AM,04:42 AM,07:53 PM,21,24,24,23,31,36,89,0.0,1008,26,10,131,21,United%20States%2C%20Iowa
2020-07-01,29,21,0.0,9.4,6,72,04:23 PM,01:53 AM,04:42 AM,07:53 PM,23,29,29,25,19,92,91,31.2,1007,29,6,183,11,United%20States%2C%20Iowa
2020-07-02,28,21,0.0,14.5,6,79,05:36 PM,02:29 AM,04:43 AM,07:53 PM,22,27,27,25,16,42,87,0.2,1015,28,6,86,10,United%20States%2C%20Iowa
2020-07-03,28,20,0.0,13.5,5,86,06:45 PM,03:11 AM,04:43 AM,07:52 PM,21,25,25,24,16,24,84,0.2,1017,28,7,104,10,United%20States%2C%20Iowa
2020-07-04,28,20,0.0,14.5,7,94,07:48 PM,04:01 AM,04:44 AM,07:52 PM,20,26,26,24,10,18,81,0.0,1017,28,10,130,7,United%20States%2C%20Iowa
2020-07-05,29,20,0.0,12.5,6,100,08:41 PM,04:58 AM,04:45 AM,07:52 PM,21,27,27,25,11,36,83,0.4,1014,29,9,146,7,United%20States%2C%20Iowa
2020-07-06,29,21,0.0,13.5,6,100,09:25 PM,06:01 AM,04:45 AM,07:52 PM,22,28,28,25,12,31,84,0.2,1014,29,9,190,8,United%20States%2C%20Iowa
2020-07-07,30,22,0.0,14.5,6,85,10:01 PM,07:06 AM,04:46 AM,07:51 PM,22,29,29,26,14,25,83,0.9,1013,30,8,224,8,United%20States%2C%20Iowa
2020-07-08,30,22,0.0,13.5,6,77,10:32 PM,08:10 AM,04:47 AM,07:51 PM,23,29,29,25,22,16,86,0.1,1011,30,7,181,14,United%20States%2C%20Iowa
2020-07-09,29,22,0.0,12.5,6,70,10:58 PM,09:13 AM,04:47 AM,07:50 PM,23,29,29,25,18,42,87,0.5,1009,29,8,225,11,United%20States%2C%20Iowa
2020-07-10,29,21,0.0,14.5,6,63,11:22 PM,10:14 AM,04:48 AM,07:50 PM,21,27,27,25,12,7,80,0.0,1013,29,8,240,7,United%20States%2C%20Iowa
2020-07-11,25,19,0.0,11.4,5,55,11:45 PM,11:15 AM,04:49 AM,07:49 PM,19,23,23,21,35,53,84,3.9,1011,25,10,263,22,United%20States%2C%20Iowa
2020-07-12,26,17,0.0,14.5,6,48,No moonrise,12:13 PM,04:50 AM,07:49 PM,18,23,23,22,21,11,83,0.0,1013,26,10,155,13,United%20States%2C%20Iowa
2020-07-13,26,18,0.0,12.4,5,41,12:07 AM,01:13 PM,04:50 AM,07:48 PM,20,24,24,22,22,43,88,0.2,1013,26,8,164,15,United%20States%2C%20Iowa
2020-07-14,27,18,0.0,13.5,5,34,12:30 AM,02:13 PM,04:51 AM,07:48 PM,20,24,24,22,28,50,91,21.8,1012,27,8,182,16,United%20States%2C%20Iowa
2020-07-15,22,18,0.0,9.3,4,26,12:56 AM,03:15 PM,04:52 AM,07:47 PM,19,19,20,19,26,86,95,42.0,1013,22,6,28,14,United%20States%2C%20Iowa
2020-07-16,24,14,0.0,14.5,5,19,01:26 AM,04:17 PM,04:53 AM,07:46 PM,17,19,21,19,11,27,85,0.0,1017,24,6,113,7,United%20States%2C%20Iowa
2020-07-17,27,16,0.0,11.4,5,12,02:01 AM,05:21 PM,04:54 AM,07:46 PM,20,24,24,22,21,39,88,0.1,1016,27,10,159,14,United%20States%2C%20Iowa
2020-07-18,30,22,0.0,11.4,6,5,02:44 AM,06:21 PM,04:55 AM,07:45 PM,24,31,31,26,35,50,86,7.4,1009,30,10,181,22,United%20States%2C%20Iowa
2020-07-19,28,22,0.0,13.5,6,0,03:35 AM,07:18 PM,04:55 AM,07:44 PM,22,28,28,25,21,26,84,7.7,1011,28,9,278,13,United%20States%2C%20Iowa
2020-07-20,22,18,0.0,12.4,5,0,04:35 AM,08:07 PM,04:56 AM,07:44 PM,17,20,22,20,15,44,84,0.1,1016,22,10,124,10,United%20States%2C%20Iowa
2020-07-21,25,17,0.0,10.3,5,2,05:43 AM,08:50 PM,04:57 AM,07:43 PM,20,20,22,20,19,57,91,0.2,1014,25,7,188,12,United%20States%2C%20Iowa
2020-07-22,26,18,0.0,14.5,5,10,06:55 AM,09:27 PM,04:58 AM,07:42 PM,19,23,23,22,14,23,84,0.8,1015,26,9,82,8,United%20States%2C%20Iowa
2020-07-23,25,17,0.0,13.5,5,17,08:08 AM,09:59 PM,04:59 AM,07:41 PM,19,23,23,21,18,34,90,0.0,1018,25,7,123,12,United%20States%2C%20Iowa
2020-07-24,29,21,0.0,12.3,6,24,09:22 AM,10:28 PM,05:00 AM,07:40 PM,23,28,28,25,26,48,90,0.5,1015,29,10,157,17,United%20States%2C%20Iowa
2020-07-25,29,22,0.0,14.4,6,32,10:35 AM,10:56 PM,05:01 AM,07:39 PM,24,29,29,26,27,33,89,1.6,1015,29,10,176,17,United%20States%2C%20Iowa
2020-07-26,31,23,0.0,12.3,6,39,11:48 AM,11:25 PM,05:02 AM,07:38 PM,24,30,30,26,23,50,89,13.7,1014,31,9,200,13,United%20States%2C%20Iowa
2020-07-27,26,18,0.0,14.3,5,46,01:00 PM,11:55 PM,05:03 AM,07:37 PM,19,24,24,22,15,23,82,0.6,1015,26,8,197,10,United%20States%2C%20Iowa
2020-07-28,27,18,0.0,14.3,6,53,02:12 PM,No moonset,05:04 AM,07:36 PM,19,23,23,22,20,27,84,0.1,1014,27,10,245,13,United%20States%2C%20Iowa
2020-07-29,26,18,0.0,12.3,5,61,03:25 PM,12:28 AM,05:05 AM,07:35 PM,20,23,23,22,14,37,87,0.1,1013,26,9,200,8,United%20States%2C%20Iowa
2020-07-30,25,20,0.0,10.0,5,68,04:33 PM,01:08 AM,05:06 AM,07:34 PM,20,23,23,22,19,69,89,1.2,1013,25,10,61,13,United%20States%2C%20Iowa
2020-07-31,24,16,0.0,12.3,5,72,05:37 PM,01:54 AM,05:07 AM,07:33 PM,17,20,22,20,16,34,84,0.4,1016,24,7,68,9,United%20States%2C%20Iowa
2020-08-01,25,15,0.0,14.2,5,82,06:33 PM,02:47 AM,05:08 AM,07:32 PM,16,20,22,20,9,7,81,0.0,1014,25,9,66,6,United%20States%2C%20Iowa
2020-08-02,22,17,0.0,10.0,4,90,07:20 PM,03:47 AM,05:09 AM,07:30 PM,17,19,19,19,22,75,92,12.5,1012,22,9,230,15,United%20States%2C%20Iowa
2020-08-03,20,13,0.0,13.4,4,97,07:59 PM,04:51 AM,05:10 AM,07:29 PM,14,16,17,16,24,40,85,0.0,1019,20,10,18,16,United%20States%2C%20Iowa
2020-08-04,21,11,0.0,12.2,4,100,08:31 PM,05:56 AM,05:11 AM,07:28 PM,13,16,17,16,12,35,82,0.4,1020,21,10,59,7,United%20States%2C%20Iowa
2020-08-05,22,12,0.0,12.2,4,88,08:59 PM,07:00 AM,05:12 AM,07:27 PM,14,17,18,17,15,34,84,0.4,1018,22,10,175,10,United%20States%2C%20Iowa
2020-08-06,24,15,0.0,10.0,5,81,09:24 PM,08:02 AM,05:13 AM,07:26 PM,18,19,20,19,26,75,90,3.7,1016,24,9,161,17,United%20States%2C%20Iowa
2020-08-07,26,17,0.0,11.1,5,74,09:47 PM,09:03 AM,05:14 AM,07:24 PM,19,22,22,21,29,74,90,1.1,1016,26,10,155,20,United%20States%2C%20Iowa
2020-08-08,26,21,0.0,8.8,5,67,10:09 PM,10:02 AM,05:15 AM,07:23 PM,22,25,25,23,27,87,92,0.6,1014,26,9,162,18,United%20States%2C%20Iowa
2020-08-09,30,22,0.0,13.4,6,59,10:32 PM,11:02 AM,05:16 AM,07:22 PM,24,30,30,26,28,30,87,0.0,1010,30,10,183,19,United%20States%2C%20Iowa
2020-08-10,26,21,0.0,11.1,5,52,10:57 PM,12:01 PM,05:17 AM,07:20 PM,22,26,26,24,20,44,89,3.2,1012,26,6,156,12,United%20States%2C%20Iowa
2020-08-11,25,15,0.0,14.0,6,45,11:25 PM,01:02 PM,05:18 AM,07:19 PM,15,20,20,20,15,8,78,0.0,1015,25,10,105,9,United%20States%2C%20Iowa
2020-08-12,26,15,0.0,12.2,5,38,11:57 PM,02:03 PM,05:19 AM,07:17 PM,18,21,22,21,26,40,86,6.5,1016,26,9,122,17,United%20States%2C%20Iowa
2020-08-13,27,20,0.0,13.3,5,30,No moonrise,03:05 PM,05:20 AM,07:16 PM,21,25,25,23,22,49,89,0.0,1016,27,7,144,14,United%20States%2C%20Iowa
2020-08-14,26,19,0.0,9.9,5,23,12:35 AM,04:06 PM,05:21 AM,07:15 PM,21,25,25,23,21,70,92,0.0,1014,26,7,145,13,United%20States%2C%20Iowa
2020-08-15,23,13,0.0,13.3,4,16,01:22 AM,05:05 PM,05:22 AM,07:13 PM,15,19,20,19,22,32,82,3.2,1016,23,10,212,15,United%20States%2C%20Iowa
2020-08-16,26,15,0.0,13.9,6,8,02:18 AM,05:57 PM,05:24 AM,07:12 PM,16,20,21,20,11,17,79,0.3,1018,26,10,250,7,United%20States%2C%20Iowa
2020-08-17,25,17,0.0,13.3,5,1,03:23 AM,06:43 PM,05:25 AM,07:10 PM,18,22,22,21,13,56,83,9.0,1019,25,9,79,8,United%20States%2C%20Iowa
2020-08-18,24,12,0.0,13.3,4,0,04:34 AM,07:24 PM,05:26 AM,07:09 PM,14,18,19,18,12,16,78,0.0,1019,24,10,114,7,United%20States%2C%20Iowa
2020-08-19,23,14,0.0,13.8,4,0,05:49 AM,07:58 PM,05:27 AM,07:07 PM,15,18,19,18,16,14,80,0.0,1017,23,9,150,10,United%20States%2C%20Iowa
2020-08-20,24,13,0.0,13.8,5,6,07:05 AM,08:29 PM,05:28 AM,07:06 PM,15,19,20,19,23,3,80,0.0,1015,24,10,176,14,United%20States%2C%20Iowa
2020-08-21,26,14,0.0,13.8,5,13,08:20 AM,08:58 PM,05:29 AM,07:04 PM,16,19,20,19,21,2,80,0.0,1012,26,8,175,13,United%20States%2C%20Iowa
2020-08-22,29,16,0.0,13.7,5,20,09:35 AM,09:27 PM,05:30 AM,07:02 PM,18,24,24,23,20,8,80,0.0,1011,29,7,199,12,United%20States%2C%20Iowa
2020-08-23,30,20,0.0,13.3,6,28,10:50 AM,09:57 PM,05:31 AM,07:01 PM,21,27,27,25,18,35,82,4.6,1011,30,10,163,11,United%20States%2C%20Iowa
2020-08-24,30,20,0.0,13.3,6,35,12:04 PM,10:29 PM,05:32 AM,06:59 PM,21,27,27,25,17,8,80,0.0,1014,30,9,160,11,United%20States%2C%20Iowa
2020-08-25,34,21,0.0,13.3,7,42,01:17 PM,11:07 PM,05:33 AM,06:58 PM,19,29,29,27,22,8,67,0.0,1013,34,10,226,13,United%20States%2C%20Iowa
2020-08-26,33,20,0.0,13.2,7,50,02:27 PM,11:51 PM,05:34 AM,06:56 PM,20,28,28,26,29,3,72,0.0,1011,33,10,197,18,United%20States%2C%20Iowa
2020-08-27,34,20,0.0,13.2,7,57,03:32 PM,No moonset,05:35 AM,06:54 PM,20,29,29,27,28,6,69,0.0,1008,34,10,203,18,United%20States%2C%20Iowa
2020-08-28,32,21,0.0,13.2,6,64,04:29 PM,12:42 AM,05:36 AM,06:53 PM,20,28,28,26,24,8,74,0.0,1006,32,9,246,16,United%20States%2C%20Iowa
2020-08-29,24,16,0.0,10.7,5,71,05:18 PM,01:39 AM,05:37 AM,06:51 PM,14,20,20,20,20,40,73,0.0,1012,24,8,125,13,United%20States%2C%20Iowa
2020-08-30,25,12,0.0,13.1,5,79,05:58 PM,02:40 AM,05:38 AM,06:49 PM,12,19,19,19,18,19,66,0.0,1010,25,10,154,12,United%20States%2C%20Iowa
2020-08-31,23,16,0.0,10.7,5,82,06:32 PM,03:45 AM,05:39 AM,06:48 PM,16,19,20,19,21,72,80,0.5,1009,23,8,121,14,United%20States%2C%20Iowa
2020-09-01,21,10,0.0,12.0,4,97,07:01 PM,04:48 AM,05:40 AM,06:46 PM,12,16,17,16,16,42,76,0.8,1012,21,10,95,10,United%20States%2C%20Iowa
2020-09-02,31,10,0.0,13.0,5,100,07:27 PM,05:51 AM,05:41 AM,06:44 PM,11,21,21,20,17,3,63,0.0,1010,31,9,225,10,United%20States%2C%20Iowa
2020-09-03,24,17,0.0,13.0,6,88,07:50 PM,06:52 AM,05:42 AM,06:43 PM,9,20,21,20,32,1,50,0.0,1011,24,10,257,20,United%20States%2C%20Iowa
2020-09-04,28,12,0.0,13.0,6,81,08:12 PM,07:53 AM,05:43 AM,06:41 PM,6,20,20,20,17,8,44,0.0,1019,28,10,198,11,United%20States%2C%20Iowa
2020-09-05,30,14,0.0,13.0,6,73,08:35 PM,08:52 AM,05:44 AM,06:39 PM,13,22,22,22,22,11,62,1.3,1020,30,10,169,12,United%20States%2C%20Iowa
2020-09-06,36,16,0.0,12.9,6,66,08:59 PM,09:51 AM,05:45 AM,06:37 PM,15,26,26,26,40,50,63,12.6,1009,36,9,177,25,United%20States%2C%20Iowa
2020-09-07,19,13,0.0,12.9,5,58,09:25 PM,10:51 AM,05:46 AM,06:36 PM,7,16,17,16,28,33,54,3.5,1014,19,10,154,18,United%20States%2C%20Iowa
2020-09-08,9,4,0.0,8.0,2,50,09:54 PM,11:52 AM,05:47 AM,06:34 PM,7,4,8,4,41,97,92,29.5,1021,9,6,29,28,United%20States%2C%20Iowa
2020-09-09,8,5,0.0,8.0,2,43,10:29 PM,12:53 PM,05:48 AM,06:32 PM,7,4,7,4,31,100,95,13.2,1027,8,6,23,22,United%20States%2C%20Iowa
2020-09-10,12,6,0.0,8.0,3,35,11:12 PM,01:54 PM,05:49 AM,06:31 PM,9,8,10,8,17,100,94,1.9,1031,12,5,61,12,United%20States%2C%20Iowa
2020-09-11,18,10,0.0,9.3,4,28,No moonrise,02:52 PM,05:50 AM,06:29 PM,12,14,15,14,17,70,85,0.3,1024,18,7,101,11,United%20States%2C%20Iowa
2020-09-12,23,14,0.0,8.0,4,20,12:02 AM,03:46 PM,05:51 AM,06:27 PM,17,18,19,18,26,81,91,36.4,1012,23,8,217,15,United%20States%2C%20Iowa
2020-09-13,23,11,0.0,12.7,4,13,01:02 AM,04:34 PM,05:52 AM,06:25 PM,13,16,17,16,16,18,81,0.0,1018,23,8,285,9,United%20States%2C%20Iowa
2020-09-14,25,13,0.0,12.7,6,5,02:09 AM,05:17 PM,05:53 AM,06:24 PM,14,19,19,19,18,2,78,0.0,1025,25,10,176,11,United%20States%2C%20Iowa
2020-09-15,26,15,0.0,12.7,6,0,03:23 AM,05:53 PM,05:54 AM,06:22 PM,15,20,21,20,29,7,77,0.0,1020,26,10,198,18,United%20States%2C%20Iowa
2020-09-16,25,15,0.0,12.7,6,0,04:38 AM,06:25 PM,05:55 AM,06:20 PM,14,20,21,20,27,3,74,0.0,1017,25,10,172,16,United%20States%2C%20Iowa
2020-09-17,21,11,0.0,12.6,5,0,05:56 AM,06:56 PM,05:57 AM,06:18 PM,10,15,16,15,21,6,71,0.0,1023,21,10,51,13,United%20States%2C%20Iowa
2020-09-18,15,11,0.0,7.9,3,2,07:13 AM,07:25 PM,05:58 AM,06:17 PM,7,12,13,12,19,64,68,0.0,1026,15,10,94,12,United%20States%2C%20Iowa
2020-09-19,19,8,0.0,12.6,4,10,08:30 AM,07:55 PM,05:59 AM,06:15 PM,8,12,13,12,29,10,72,0.0,1025,19,10,144,19,United%20States%2C%20Iowa
2020-09-20,23,11,0.0,12.1,5,17,09:48 AM,08:28 PM,06:00 AM,06:13 PM,8,15,17,15,38,10,61,0.0,1022,23,10,164,25,United%20States%2C%20Iowa
2020-09-21,26,12,0.0,11.6,5,25,11:04 AM,09:05 PM,06:01 AM,06:11 PM,12,17,19,17,33,17,69,0.0,1021,26,10,174,21,United%20States%2C%20Iowa
2020-09-22,26,12,0.0,11.6,6,32,12:17 PM,09:48 PM,06:02 AM,06:10 PM,13,19,20,19,26,1,70,0.0,1019,26,10,180,16,United%20States%2C%20Iowa
2020-09-23,26,16,0.0,10.2,5,40,01:26 PM,10:37 PM,06:03 AM,06:08 PM,15,20,21,20,29,37,77,0.0,1014,26,9,199,19,United%20States%2C%20Iowa
2020-09-24,28,17,0.0,11.6,6,47,02:26 PM,11:33 PM,06:04 AM,06:06 PM,15,23,23,22,27,18,71,0.0,1009,28,10,224,18,United%20States%2C%20Iowa
2020-09-25,29,15,0.0,11.6,6,55,03:18 PM,No moonset,06:05 AM,06:05 PM,15,21,21,21,29,4,72,0.0,1007,29,10,183,18,United%20States%2C%20Iowa
2020-09-26,31,18,0.0,11.6,6,62,04:00 PM,12:33 AM,06:06 AM,06:03 PM,15,24,24,24,33,14,63,0.0,1003,31,9,209,22,United%20States%2C%20Iowa
2020-09-27,23,17,0.0,11.6,5,70,04:35 PM,01:37 AM,06:07 AM,06:01 PM,2,20,20,20,25,45,32,0.0,1007,23,10,307,15,United%20States%2C%20Iowa
2020-09-28,14,9,0.0,7.2,3,78,05:05 PM,02:40 AM,06:08 AM,05:59 PM,5,10,12,10,26,59,67,1.2,1015,14,10,319,18,United%20States%2C%20Iowa
2020-09-29,18,5,0.0,8.7,3,85,05:32 PM,03:43 AM,06:09 AM,05:58 PM,4,10,11,10,25,21,64,0.0,1015,18,9,278,15,United%20States%2C%20Iowa
2020-09-30,19,10,0.0,8.7,4,93,05:55 PM,04:44 AM,06:10 AM,05:56 PM,1,15,16,15,31,34,40,0.0,1010,19,10,301,21,United%20States%2C%20Iowa
2020-10-01,13,6,0.0,4.3,2,97,06:17 PM,05:45 AM,06:11 AM,05:54 PM,1,6,9,6,29,57,56,0.1,1022,13,10,294,19,United%20States%2C%20Iowa
2020-10-02,12,2,0.0,7.2,2,100,06:39 PM,06:44 AM,06:12 AM,05:53 PM,-2,5,7,5,14,43,57,0.0,1024,12,10,270,8,United%20States%2C%20Iowa
2020-10-03,10,7,0.0,4.3,2,89,07:02 PM,07:44 AM,06:13 AM,05:51 PM,5,7,8,7,13,96,83,4.1,1019,10,8,120,9,United%20States%2C%20Iowa
2020-10-04,13,5,0.0,4.3,2,82,07:27 PM,08:43 AM,06:14 AM,05:49 PM,4,8,9,8,11,65,74,0.3,1024,13,9,92,6,United%20States%2C%20Iowa
2020-10-05,20,6,0.0,8.7,4,74,07:55 PM,09:44 AM,06:15 AM,05:48 PM,4,11,13,11,38,4,59,0.0,1016,20,10,181,25,United%20States%2C%20Iowa
2020-10-06,24,11,0.0,8.7,5,67,08:27 PM,10:44 AM,06:16 AM,05:46 PM,6,17,17,17,22,6,53,0.0,1013,24,10,281,13,United%20States%2C%20Iowa
2020-10-07,26,14,0.0,8.7,6,60,09:06 PM,11:45 AM,06:17 AM,05:44 PM,4,20,21,20,23,3,39,0.0,1014,26,10,162,13,United%20States%2C%20Iowa
2020-10-08,24,12,0.0,8.7,5,53,09:52 PM,12:43 PM,06:19 AM,05:43 PM,5,17,18,17,26,3,45,0.0,1018,24,10,102,17,United%20States%2C%20Iowa
2020-10-09,28,16,0.0,8.7,5,45,10:47 PM,01:38 PM,06:20 AM,05:41 PM,13,23,23,22,38,20,62,0.0,1008,28,10,193,25,United%20States%2C%20Iowa
2020-10-10,24,15,0.0,8.7,6,38,11:49 PM,02:27 PM,06:21 AM,05:39 PM,10,20,21,20,25,0,59,0.0,1010,24,10,107,15,United%20States%2C%20Iowa
2020-10-11,27,14,0.0,8.7,5,31,No moonrise,03:11 PM,06:22 AM,05:38 PM,14,20,21,20,33,18,69,0.0,1007,27,10,143,22,United%20States%2C%20Iowa
2020-10-12,20,11,0.0,8.7,4,23,12:58 AM,03:49 PM,06:23 AM,05:36 PM,3,14,16,14,34,33,51,7.5,1009,20,9,268,23,United%20States%2C%20Iowa
2020-10-13,19,12,0.0,8.7,5,16,02:11 AM,04:21 PM,06:24 AM,05:35 PM,1,15,16,15,26,12,38,0.0,1014,19,10,277,16,United%20States%2C%20Iowa
2020-10-14,23,12,0.0,8.7,5,9,03:27 AM,04:52 PM,06:25 AM,05:33 PM,2,16,17,16,37,41,39,0.0,1006,23,10,217,24,United%20States%2C%20Iowa
2020-10-15,11,5,0.0,8.7,3,2,04:43 AM,05:21 PM,06:26 AM,05:31 PM,-7,5,8,5,32,13,36,0.0,1019,11,10,306,24,United%20States%2C%20Iowa
2020-10-16,13,4,0.0,7.2,2,0,06:01 AM,05:51 PM,06:28 AM,05:30 PM,-8,5,7,5,25,36,33,0.0,1022,13,10,253,16,United%20States%2C%20Iowa
2020-10-17,21,8,0.0,8.7,4,0,07:21 AM,06:22 PM,06:29 AM,05:28 PM,-3,13,15,13,44,56,33,0.1,1009,21,10,222,32,United%20States%2C%20Iowa
2020-10-18,8,3,0.3,4.1,2,5,08:40 AM,06:58 PM,06:30 AM,05:27 PM,-9,3,6,3,17,91,37,1.2,1023,8,9,330,13,United%20States%2C%20Iowa
2020-10-19,2,1,1.3,4.1,1,13,09:58 AM,07:40 PM,06:31 AM,05:25 PM,-4,-1,2,-1,15,82,66,4.6,1024,2,9,104,11,United%20States%2C%20Iowa
2020-10-20,4,-4,0.0,4.1,1,20,11:12 AM,08:27 PM,06:32 AM,05:24 PM,1,-3,1,-3,20,85,93,1.3,1022,4,9,122,14,United%20States%2C%20Iowa
2020-10-21,7,-1,0.0,5.6,1,27,12:18 PM,09:23 PM,06:33 AM,05:22 PM,1,2,4,2,20,56,77,0.2,1021,7,9,214,12,United%20States%2C%20Iowa
2020-10-22,19,6,0.0,4.1,3,35,01:15 PM,10:24 PM,06:35 AM,05:21 PM,11,10,13,10,36,89,90,21.1,1012,19,8,148,21,United%20States%2C%20Iowa
2020-10-23,4,1,0.0,5.6,1,42,02:01 PM,11:28 PM,06:36 AM,05:19 PM,-1,-1,4,-1,35,75,74,4.3,1024,4,9,318,27,United%20States%2C%20Iowa
2020-10-24,5,-2,0.0,5.6,1,49,02:39 PM,No moonset,06:37 AM,05:18 PM,-4,-3,1,-3,22,63,69,0.0,1027,5,10,44,16,United%20States%2C%20Iowa
2020-10-25,1,-3,1.7,4.0,1,56,03:10 PM,12:32 AM,06:38 AM,05:16 PM,-5,-7,-1,-7,24,78,76,2.2,1027,1,7,55,18,United%20States%2C%20Iowa
2020-10-26,-3,-6,2.2,8.7,1,64,03:37 PM,01:36 AM,06:39 AM,05:15 PM,-7,-10,-4,-10,22,59,84,2.6,1031,-3,7,310,17,United%20States%2C%20Iowa
2020-10-27,3,-5,0.0,8.7,1,71,04:01 PM,02:37 AM,06:41 AM,05:14 PM,-7,-5,-2,-5,11,32,70,0.0,1030,3,10,276,8,United%20States%2C%20Iowa
2020-10-28,10,-3,0.0,8.7,2,78,04:22 PM,03:38 AM,06:42 AM,05:12 PM,-5,-1,4,-1,25,0,66,0.0,1019,10,10,255,15,United%20States%2C%20Iowa
2020-10-29,7,0,0.0,8.7,1,85,04:44 PM,04:37 AM,06:43 AM,05:11 PM,-2,-1,3,-1,23,38,75,0.0,1020,7,10,54,17,United%20States%2C%20Iowa
2020-10-30,9,-1,0.0,8.7,2,93,05:07 PM,05:37 AM,06:44 AM,05:10 PM,-1,1,3,1,16,15,72,0.0,1022,9,10,142,10,United%20States%2C%20Iowa
2020-10-31,15,4,0.0,8.7,3,97,05:31 PM,06:36 AM,06:46 AM,05:08 PM,3,6,9,6,37,27,71,0.0,1015,15,10,208,24,United%20States%2C%20Iowa
2020-11-01,6,1,0.0,8.7,2,89,05:57 PM,07:37 AM,06:47 AM,05:07 PM,-10,-2,3,-2,38,6,39,0.0,1027,6,10,314,27,United%20States%2C%20Iowa
2020-11-02,13,0,0.0,8.7,3,81,06:28 PM,08:38 AM,06:48 AM,05:06 PM,-6,3,6,3,21,11,44,0.0,1024,13,10,249,13,United%20States%2C%20Iowa
2020-11-03,20,7,0.0,8.7,4,74,07:05 PM,09:39 AM,06:49 AM,05:05 PM,4,11,13,11,26,0,60,0.0,1016,20,10,206,15,United%20States%2C%20Iowa
2020-11-04,18,9,0.0,7.1,3,66,07:48 PM,10:38 AM,06:50 AM,05:03 PM,7,12,13,12,25,29,68,0.0,1015,18,10,208,15,United%20States%2C%20Iowa
2020-11-05,21,10,0.0,8.7,5,58,08:39 PM,11:34 AM,06:52 AM,05:02 PM,6,14,15,14,13,5,62,0.0,1020,21,10,267,7,United%20States%2C%20Iowa
2020-11-06,21,10,0.0,8.7,5,51,09:38 PM,12:24 PM,06:53 AM,05:01 PM,9,15,16,15,24,4,69,0.0,1018,21,10,188,15,United%20States%2C%20Iowa
2020-11-07,20,13,0.0,8.7,5,43,10:42 PM,01:09 PM,06:54 AM,05:00 PM,11,15,16,15,38,15,75,0.0,1016,20,10,187,25,United%20States%2C%20Iowa
2020-11-08,21,14,0.0,3.8,4,36,11:52 PM,01:47 PM,06:55 AM,04:59 PM,13,16,17,16,41,57,77,0.0,1015,21,10,177,28,United%20States%2C%20Iowa
2020-11-09,19,17,0.0,3.8,4,28,No moonrise,02:20 PM,06:57 AM,04:58 PM,14,18,18,18,42,82,80,0.8,1010,19,9,188,29,United%20States%2C%20Iowa
2020-11-10,7,1,0.2,3.7,1,21,01:04 AM,02:50 PM,06:58 AM,04:57 PM,3,2,6,2,30,82,85,38.4,1007,7,5,241,22,United%20States%2C%20Iowa
2020-11-11,8,-2,0.0,8.7,2,13,02:17 AM,03:19 PM,06:59 AM,04:56 PM,-3,-1,2,-1,17,9,70,0.0,1017,8,10,239,12,United%20States%2C%20Iowa
2020-11-12,8,-1,0.1,7.0,1,6,03:33 AM,03:47 PM,07:00 AM,04:55 PM,-2,-1,3,-1,26,32,72,0.5,1018,8,9,245,17,United%20States%2C%20Iowa
2020-11-13,6,-4,0.0,8.7,2,0,04:49 AM,04:16 PM,07:02 AM,04:54 PM,-8,-3,1,-3,21,1,55,0.0,1024,6,10,230,14,United%20States%2C%20Iowa
2020-11-14,12,1,0.0,3.6,2,0,06:08 AM,04:50 PM,07:03 AM,04:53 PM,1,2,6,2,40,58,71,1.2,1005,12,9,197,23,United%20States%2C%20Iowa
2020-11-15,7,3,0.0,8.7,2,0,07:29 AM,05:28 PM,07:04 AM,04:52 PM,-4,-0,4,-0,43,22,55,0.4,1010,7,9,287,30,United%20States%2C%20Iowa
2020-11-16,12,0,0.0,8.7,3,2,08:47 AM,06:13 PM,07:05 AM,04:51 PM,-4,2,5,2,31,4,54,0.0,1019,12,10,266,18,United%20States%2C%20Iowa
2020-11-17,6,-1,0.0,8.7,2,9,10:00 AM,07:07 PM,07:07 AM,04:50 PM,-5,-1,2,-1,17,14,62,0.0,1031,6,10,177,10,United%20States%2C%20Iowa
2020-11-18,14,3,0.0,8.7,3,17,11:04 AM,08:08 PM,07:08 AM,04:50 PM,1,5,8,5,42,7,63,0.0,1020,14,10,173,27,United%20States%2C%20Iowa
2020-11-19,18,12,0.0,8.7,5,24,11:56 AM,09:14 PM,07:09 AM,04:49 PM,6,13,14,13,36,14,60,0.0,1011,18,10,223,21,United%20States%2C%20Iowa
2020-11-20,13,8,0.0,8.7,4,32,12:38 PM,10:20 PM,07:10 AM,04:48 PM,2,9,10,9,18,39,57,0.0,1025,13,10,257,10,United%20States%2C%20Iowa
2020-11-21,7,2,0.0,5.2,1,39,01:13 PM,11:25 PM,07:11 AM,04:48 PM,-2,2,5,2,15,54,62,0.0,1032,7,10,88,10,United%20States%2C%20Iowa
2020-11-22,9,1,0.0,7.0,2,47,01:41 PM,No moonset,07:13 AM,04:47 PM,-2,1,4,1,21,30,67,0.2,1025,9,10,242,14,United%20States%2C%20Iowa
2020-11-23,4,-1,0.0,3.5,1,54,02:06 PM,12:28 AM,07:14 AM,04:46 PM,-2,-2,2,-2,19,71,76,0.8,1025,4,10,189,13,United%20States%2C%20Iowa
2020-11-24,7,3,0.0,3.5,2,62,02:28 PM,01:30 AM,07:15 AM,04:46 PM,4,1,6,1,39,99,88,19.3,1012,7,6,158,28,United%20States%2C%20Iowa
2020-11-25,8,5,0.0,3.5,2,70,02:50 PM,02:29 AM,07:16 AM,04:45 PM,6,5,7,5,20,99,94,15.3,1008,8,8,108,14,United%20States%2C%20Iowa
2020-11-26,10,1,0.0,8.7,3,77,03:12 PM,03:29 AM,07:17 AM,04:45 PM,0,2,5,2,22,11,74,0.0,1014,10,10,245,14,United%20States%2C%20Iowa
2020-11-27,5,0,0.0,8.7,2,85,03:35 PM,04:28 AM,07:18 AM,04:44 PM,-4,-1,2,-1,21,7,66,0.0,1022,5,10,307,13,United%20States%2C%20Iowa
2020-11-28,10,-0,0.0,8.7,3,92,04:00 PM,05:29 AM,07:19 AM,04:44 PM,-3,1,4,1,27,0,61,0.0,1020,10,10,222,16,United%20States%2C%20Iowa
2020-11-29,4,-2,0.0,8.7,2,100,04:29 PM,06:30 AM,07:21 AM,04:44 PM,-4,-2,3,-2,33,4,65,0.0,1020,4,10,308,23,United%20States%2C%20Iowa
2020-11-30,0,-4,0.0,8.7,2,100,05:04 PM,07:32 AM,07:22 AM,04:43 PM,-13,-8,-3,-8,23,0,46,0.0,1025,0,10,321,16,United%20States%2C%20Iowa
2020-12-01,3,-5,0.0,8.7,2,89,05:46 PM,08:32 AM,07:23 AM,04:43 PM,-13,-4,-2,-4,10,15,44,0.0,1020,3,10,154,6,United%20States%2C%20Iowa
2020-12-02,3,-3,0.0,5.2,1,82,06:34 PM,09:30 AM,07:24 AM,04:43 PM,-12,-4,-1,-4,18,49,43,0.0,1025,3,10,86,10,United%20States%2C%20Iowa
2020-12-03,4,-2,0.0,8.7,2,75,07:32 PM,10:22 AM,07:25 AM,04:43 PM,-4,-3,0,-3,18,9,72,0.0,1025,4,10,295,10,United%20States%2C%20Iowa
2020-12-04,6,-1,0.0,8.7,2,67,08:34 PM,11:09 AM,07:26 AM,04:42 PM,-4,-1,2,-1,19,5,65,0.0,1017,6,10,281,11,United%20States%2C%20Iowa
2020-12-05,6,-1,0.0,8.7,2,60,09:42 PM,11:49 AM,07:27 AM,04:42 PM,-2,0,2,0,11,5,78,0.0,1022,6,10,205,7,United%20States%2C%20Iowa
2020-12-06,4,-2,0.0,8.7,2,53,10:51 PM,12:22 PM,07:28 AM,04:42 PM,-2,-2,1,-2,14,11,79,0.0,1019,4,10,330,9,United%20States%2C%20Iowa
2020-12-07,7,-0,0.0,8.7,2,46,No moonrise,12:53 PM,07:29 AM,04:42 PM,-1,1,3,1,14,2,75,0.0,1017,7,10,265,8,United%20States%2C%20Iowa
2020-12-08,8,0,0.0,8.7,2,38,12:01 AM,01:21 PM,07:30 AM,04:42 PM,-3,1,3,1,17,8,66,0.0,1017,8,10,247,10,United%20States%2C%20Iowa
2020-12-09,12,3,0.0,8.7,3,31,01:13 AM,01:47 PM,07:30 AM,04:42 PM,-2,4,7,4,20,3,55,0.0,1013,12,10,291,11,United%20States%2C%20Iowa
2020-12-10,10,2,0.0,6.9,2,24,02:26 AM,02:14 PM,07:31 AM,04:42 PM,1,3,6,3,18,19,72,0.0,1014,10,10,178,10,United%20States%2C%20Iowa
2020-12-11,3,1,0.0,3.4,1,17,03:42 AM,02:44 PM,07:32 AM,04:42 PM,-1,-3,2,-3,31,90,80,1.4,1017,3,8,39,23,United%20States%2C%20Iowa
2020-12-12,1,-1,2.0,3.4,1,9,04:59 AM,03:19 PM,07:33 AM,04:42 PM,-4,-5,0,-5,30,100,75,3.5,1016,1,5,22,22,United%20States%2C%20Iowa
2020-12-13,1,-4,0.0,8.7,2,2,06:17 AM,04:00 PM,07:34 AM,04:43 PM,-5,-6,-2,-6,17,10,80,0.0,1023,1,10,292,11,United%20States%2C%20Iowa
2020-12-14,-4,-10,0.0,8.7,1,0,07:34 AM,04:49 PM,07:34 AM,04:43 PM,-11,-10,-5,-10,19,39,65,0.0,1027,-4,10,202,13,United%20States%2C%20Iowa
2020-12-15,-3,-7,0.0,5.2,1,0,08:43 AM,05:48 PM,07:35 AM,04:43 PM,-10,-10,-5,-10,19,60,68,0.0,1026,-3,10,106,13,United%20States%2C%20Iowa
2020-12-16,-3,-8,0.0,8.7,2,5,09:43 AM,06:52 PM,07:36 AM,04:43 PM,-8,-8,-6,-8,10,33,84,0.0,1020,-3,10,160,6,United%20States%2C%20Iowa
2020-12-17,-2,-6,0.0,5.2,1,12,10:31 AM,08:01 PM,07:36 AM,04:44 PM,-6,-7,-4,-7,12,52,90,0.0,1019,-2,10,172,7,United%20States%2C%20Iowa
2020-12-18,3,-5,0.0,3.4,1,20,11:10 AM,09:09 PM,07:37 AM,04:44 PM,-2,-5,-0,-5,29,77,90,0.0,1017,3,10,181,16,United%20States%2C%20Iowa
2020-12-19,-1,-4,0.1,8.7,1,27,11:42 AM,10:14 PM,07:38 AM,04:45 PM,-4,-6,-2,-6,17,44,86,0.2,1017,-1,9,294,12,United%20States%2C%20Iowa
2020-12-20,2,-4,0.0,8.7,1,34,12:09 PM,11:18 PM,07:38 AM,04:45 PM,-4,-5,-2,-5,20,33,82,0.0,1013,2,10,252,11,United%20States%2C%20Iowa
2020-12-21,5,0,0.0,8.7,1,41,12:32 PM,No moonset,07:39 AM,04:46 PM,-3,-2,3,-2,41,17,68,0.1,1011,5,10,287,23,United%20States%2C%20Iowa
2020-12-22,5,-3,0.0,8.7,2,49,12:54 PM,12:19 AM,07:39 AM,04:46 PM,-4,-4,1,-4,32,8,71,0.0,1015,5,10,204,19,United%20States%2C%20Iowa
2020-12-23,6,-6,0.0,3.4,1,56,01:16 PM,01:19 AM,07:40 AM,04:47 PM,-2,-6,1,-6,49,94,78,4.5,1001,6,4,253,35,United%20States%2C%20Iowa
2020-12-24,-11,-13,0.0,8.7,1,63,01:39 PM,02:18 AM,07:40 AM,04:47 PM,-19,-22,-12,-22,40,25,53,0.1,1016,-11,8,315,33,United%20States%2C%20Iowa
2020-12-25,-3,-15,0.0,8.7,2,70,02:03 PM,03:18 AM,07:40 AM,04:48 PM,-16,-17,-10,-17,23,8,60,0.0,1019,-3,10,273,16,United%20States%2C%20Iowa
2020-12-26,-2,-8,0.0,8.7,2,78,02:30 PM,04:19 AM,07:41 AM,04:49 PM,-7,-8,-5,-8,15,23,82,0.0,1017,-2,10,183,9,United%20States%2C%20Iowa
2020-12-27,1,-6,0.0,6.9,1,85,03:03 PM,05:21 AM,07:41 AM,04:49 PM,-5,-8,-3,-8,25,61,82,0.0,1011,1,10,209,18,United%20States%2C%20Iowa
2020-12-28,-5,-9,0.0,8.7,1,92,03:42 PM,06:22 AM,07:41 AM,04:50 PM,-10,-12,-7,-12,19,50,78,0.0,1029,-5,10,301,14,United%20States%2C%20Iowa
2020-12-29,-4,-11,1.8,3.4,1,100,04:29 PM,07:22 AM,07:41 AM,04:51 PM,-7,-11,-6,-11,28,91,91,24.3,1028,-4,6,121,20,United%20States%2C%20Iowa
2020-12-30,-3,-11,0.3,6.9,1,100,05:24 PM,08:17 AM,07:42 AM,04:52 PM,-6,-11,-6,-11,25,53,93,9.9,1017,-3,8,273,16,United%20States%2C%20Iowa
2020-12-31,-8,-12,0.0,8.7,2,89,06:26 PM,09:07 AM,07:42 AM,04:53 PM,-12,-15,-11,-15,16,17,88,0.0,1026,-8,10,191,8,United%20States%2C%20Iowa
2021-01-01,-5,-10,0.1,5.2,1,79,07:33 PM,09:49 AM,07:42 AM,04:53 PM,-9,-13,-8,-13,22,49,88,0.2,1021,-5,9,126,12,United%20States%2C%20Iowa
2021-01-02,-3,-9,0.0,6.9,1,71,08:42 PM,10:25 AM,07:42 AM,04:54 PM,-9,-10,-7,-10,14,45,87,0.0,1020,-3,10,246,7,United%20States%2C%20Iowa
2021-01-03,-3,-9,0.0,8.7,1,64,09:53 PM,10:57 AM,07:42 AM,04:55 PM,-7,-10,-6,-10,15,60,93,0.0,1015,-3,7,184,8,United%20States%2C%20Iowa
2021-01-04,1,-3,0.0,8.7,1,57,11:04 PM,11:25 AM,07:42 AM,04:56 PM,-3,-6,-1,-6,23,39,91,0.0,1016,1,9,258,13,United%20States%2C%20Iowa
2021-01-05,0,-5,0.0,6.9,1,50,No moonrise,11:51 AM,07:42 AM,04:57 PM,-4,-6,-2,-6,21,30,86,0.0,1019,0,10,202,11,United%20States%2C%20Iowa
2021-01-06,0,-4,0.0,3.4,1,42,12:14 AM,12:17 PM,07:42 AM,04:58 PM,-2,-7,-1,-7,30,92,92,0.2,1022,0,10,112,19,United%20States%2C%20Iowa
2021-01-07,-1,-4,0.0,3.4,1,35,01:27 AM,12:45 PM,07:42 AM,04:59 PM,-3,-7,-2,-7,20,97,93,0.0,1029,-1,9,84,13,United%20States%2C%20Iowa
2021-01-08,-2,-5,0.0,3.6,1,28,02:40 AM,01:16 PM,07:41 AM,05:00 PM,-5,-7,-4,-7,12,92,93,0.0,1030,-2,8,22,8,United%20States%2C%20Iowa
2021-01-09,-6,-9,0.0,5.3,1,20,03:56 AM,01:53 PM,07:41 AM,05:01 PM,-9,-12,-8,-12,14,58,92,0.0,1030,-6,8,289,9,United%20States%2C%20Iowa
2021-01-10,-5,-10,0.0,7.0,1,13,05:11 AM,02:36 PM,07:41 AM,05:02 PM,-9,-12,-8,-12,14,50,92,0.0,1032,-5,8,324,8,United%20States%2C%20Iowa
2021-01-11,0,-9,0.0,8.7,1,6,06:22 AM,03:30 PM,07:41 AM,05:03 PM,-6,-9,-5,-9,25,39,92,0.0,1025,0,8,224,14,United%20States%2C%20Iowa
2021-01-12,2,-4,0.0,7.0,1,0,07:26 AM,04:31 PM,07:40 AM,05:05 PM,-3,-5,-1,-5,23,18,87,0.0,1019,2,10,245,11,United%20States%2C%20Iowa
2021-01-13,3,-1,0.0,8.7,2,0,08:20 AM,05:38 PM,07:40 AM,05:06 PM,-3,-4,0,-4,27,17,82,0.0,1010,3,10,223,14,United%20States%2C%20Iowa
2021-01-14,3,-0,2.7,3.6,1,1,09:04 AM,06:47 PM,07:40 AM,05:07 PM,-1,-4,1,-4,36,86,84,6.5,1003,3,5,292,22,United%20States%2C%20Iowa
2021-01-15,1,-3,0.0,3.6,1,8,09:39 AM,07:56 PM,07:39 AM,05:08 PM,-2,-8,-1,-8,48,99,94,11.6,1003,1,0,332,33,United%20States%2C%20Iowa
2021-01-16,-6,-10,0.0,3.6,1,16,10:08 AM,09:02 PM,07:39 AM,05:09 PM,-7,-13,-6,-13,30,99,92,1.5,1014,-6,8,320,21,United%20States%2C%20Iowa
2021-01-17,-4,-6,0.2,3.6,1,23,10:33 AM,10:05 PM,07:38 AM,05:10 PM,-6,-10,-5,-10,23,95,91,0.2,1013,-4,8,314,16,United%20States%2C%20Iowa
2021-01-18,-4,-9,0.0,5.3,1,30,10:57 AM,11:06 PM,07:38 AM,05:12 PM,-6,-9,-5,-9,14,68,93,0.5,1017,-4,6,290,8,United%20States%2C%20Iowa
2021-01-19,-2,-13,0.6,3.7,1,38,11:19 AM,No moonset,07:37 AM,05:13 PM,-10,-14,-8,-14,21,65,89,0.7,1025,-2,8,291,12,United%20States%2C%20Iowa
2021-01-20,2,-8,0.0,8.7,2,45,11:41 AM,12:06 AM,07:36 AM,05:14 PM,-5,-8,-3,-8,35,5,85,0.0,1018,2,10,231,19,United%20States%2C%20Iowa
2021-01-21,0,-5,0.0,8.7,2,52,12:04 PM,01:06 AM,07:36 AM,05:15 PM,-5,-8,-2,-8,31,8,82,0.0,1014,0,10,293,17,United%20States%2C%20Iowa
2021-01-22,-12,-14,0.0,8.7,2,59,12:30 PM,02:06 AM,07:35 AM,05:17 PM,-14,-19,-12,-19,21,25,85,0.0,1026,-12,10,310,14,United%20States%2C%20Iowa
2021-01-23,-7,-13,2.0,3.7,1,67,01:00 PM,03:08 AM,07:34 AM,05:18 PM,-12,-16,-10,-16,21,69,83,2.4,1025,-7,8,127,14,United%20States%2C%20Iowa
2021-01-24,-4,-8,4.7,3.7,1,74,01:37 PM,04:09 AM,07:33 AM,05:19 PM,-6,-10,-5,-10,19,97,96,5.6,1018,-4,3,74,13,United%20States%2C%20Iowa
2021-01-25,-5,-9,0.2,3.7,1,81,02:20 PM,05:10 AM,07:33 AM,05:20 PM,-8,-14,-7,-14,37,99,93,2.7,1014,-5,5,59,26,United%20States%2C%20Iowa
2021-01-26,-6,-9,0.0,3.7,1,88,03:12 PM,06:07 AM,07:32 AM,05:22 PM,-8,-15,-7,-15,37,96,92,11.5,1015,-6,6,29,26,United%20States%2C%20Iowa
2021-01-27,-11,-17,0.0,5.4,1,96,04:12 PM,06:59 AM,07:31 AM,05:23 PM,-14,-20,-13,-20,21,65,92,0.0,1032,-11,10,136,14,United%20States%2C%20Iowa
2021-01-28,-8,-17,0.0,8.7,2,100,05:19 PM,07:45 AM,07:30 AM,05:24 PM,-14,-18,-13,-18,20,29,90,0.1,1037,-8,10,140,12,United%20States%2C%20Iowa
2021-01-29,-1,-10,0.1,3.7,1,90,06:29 PM,08:24 AM,07:29 AM,05:26 PM,-5,-11,-5,-11,30,96,97,0.2,1022,-1,9,139,18,United%20States%2C%20Iowa
2021-01-30,0,-4,0.0,3.7,1,82,07:42 PM,08:58 AM,07:28 AM,05:27 PM,-1,-6,-0,-6,33,100,96,4.1,1010,0,7,104,22,United%20States%2C%20Iowa
2021-01-31,-2,-3,3.0,3.8,1,79,08:54 PM,09:28 AM,07:27 AM,05:28 PM,-2,-8,-2,-8,33,98,93,7.4,1016,-2,6,290,23,United%20States%2C%20Iowa
2021-02-01,-6,-10,0.0,8.7,1,63,10:06 PM,09:55 AM,07:26 AM,05:29 PM,-8,-12,-7,-12,18,44,93,0.1,1029,-6,9,301,11,United%20States%2C%20Iowa
2021-02-02,-4,-12,0.0,8.7,2,55,11:18 PM,10:21 AM,07:25 AM,05:31 PM,-10,-12,-9,-12,14,12,91,0.0,1027,-4,10,117,8,United%20States%2C%20Iowa
2021-02-03,1,-9,0.0,8.7,1,48,No moonrise,10:48 AM,07:24 AM,05:32 PM,-5,-10,-4,-10,35,34,91,0.0,1017,1,10,159,19,United%20States%2C%20Iowa
2021-02-04,1,-12,0.0,3.8,1,40,12:31 AM,11:18 AM,07:23 AM,05:33 PM,-5,-11,-4,-11,43,94,93,23.6,1002,1,5,259,28,United%20States%2C%20Iowa
2021-02-05,-12,-16,0.0,3.8,1,33,01:45 AM,11:52 AM,07:22 AM,05:35 PM,-16,-23,-14,-23,32,67,87,0.0,1013,-12,10,297,20,United%20States%2C%20Iowa
2021-02-06,-18,-23,0.0,3.8,1,25,02:58 AM,12:32 PM,07:21 AM,05:36 PM,-21,-28,-19,-28,22,68,90,0.1,1025,-18,8,329,14,United%20States%2C%20Iowa
2021-02-07,-20,-28,1.0,3.8,1,18,04:09 AM,01:20 PM,07:19 AM,05:37 PM,-25,-30,-23,-30,13,73,90,1.4,1030,-20,7,173,7,United%20States%2C%20Iowa
