date_time,United%20States%2C%20Arizona_maxtempC,United%20States%2C%20Arizona_mintempC,United%20States%2C%20Arizona_totalSnow_cm,United%20States%2C%20Arizona_sunHour,United%20States%2C%20Arizona_uvIndex,United%20States%2C%20Arizona_moon_illumination,United%20States%2C%20Arizona_moonrise,United%20States%2C%20Arizona_moonset,United%20States%2C%20Arizona_sunrise,United%20States%2C%20Arizona_sunset,United%20States%2C%20Arizona_DewPointC,United%20States%2C%20Arizona_FeelsLikeC,United%20States%2C%20Arizona_HeatIndexC,United%20States%2C%20Arizona_WindChillC,United%20States%2C%20Arizona_WindGustKmph,United%20States%2C%20Arizona_cloudcover,United%20States%2C%20Arizona_humidity,United%20States%2C%20Arizona_precipMM,United%20States%2C%20Arizona_pressure,United%20States%2C%20Arizona_tempC,United%20States%2C%20Arizona_visibility,United%20States%2C%20Arizona_winddirDegree,United%20States%2C%20Arizona_windspeedKmph,United%20States%2C%20Arizona_location
2020-01-01,15,7,0.0,8.7,4,37,11:52 AM,11:43 PM,07:29 AM,05:32 PM,-1,10,10,10,10,5,47,0.0,1015,15,10,299,5,United%20States%2C%20Arizona
2020-01-02,14,7,0.0,8.7,4,44,12:20 PM,No moonset,07:30 AM,05:32 PM,0,9,10,9,13,5,53,0.0,1013,14,10,254,7,United%20States%2C%20Arizona
2020-01-03,15,7,0.0,8.7,4,51,12:49 PM,12:36 AM,07:30 AM,05:33 PM,-1,10,10,10,11,4,47,0.0,1023,15,10,106,7,United%20States%2C%20Arizona
2020-01-04,18,7,0.0,8.7,4,59,01:18 PM,01:31 AM,07:30 AM,05:34 PM,-1,12,12,12,8,5,43,0.0,1026,18,10,82,5,United%20States%2C%20Arizona
2020-01-05,19,9,0.0,8.7,4,66,01:50 PM,02:26 AM,07:30 AM,05:35 PM,0,13,13,13,7,1,43,0.0,1022,19,10,143,3,United%20States%2C%20Arizona
2020-01-06,19,9,0.0,8.7,4,73,02:24 PM,03:24 AM,07:30 AM,05:36 PM,-1,13,13,13,12,1,39,0.0,1023,19,10,169,7,United%20States%2C%20Arizona
2020-01-07,19,9,0.0,8.7,3,80,03:05 PM,04:23 AM,07:30 AM,05:36 PM,-4,12,13,12,17,31,32,0.0,1021,19,10,74,9,United%20States%2C%20Arizona
2020-01-08,19,10,0.0,3.8,3,88,03:51 PM,05:25 AM,07:30 AM,05:37 PM,-3,12,13,12,17,50,34,0.0,1015,19,10,181,9,United%20States%2C%20Arizona
2020-01-09,17,9,0.0,8.7,4,95,04:45 PM,06:26 AM,07:30 AM,05:38 PM,-0,11,12,11,24,14,44,1.3,1012,17,10,200,15,United%20States%2C%20Arizona
2020-01-10,14,7,0.0,8.7,4,100,05:46 PM,07:26 AM,07:30 AM,05:39 PM,2,9,10,9,12,24,58,1.5,1018,14,10,242,8,United%20States%2C%20Arizona
2020-01-11,15,6,0.0,8.7,4,100,06:52 PM,08:21 AM,07:30 AM,05:40 PM,-5,9,10,9,12,1,36,0.0,1020,15,10,133,7,United%20States%2C%20Arizona
2020-01-12,16,7,0.0,8.7,4,83,08:01 PM,09:12 AM,07:30 AM,05:41 PM,-4,10,11,10,7,0,38,0.0,1017,16,10,169,4,United%20States%2C%20Arizona
2020-01-13,18,8,0.0,8.7,4,76,09:10 PM,09:56 AM,07:30 AM,05:42 PM,-3,12,12,12,10,0,35,0.0,1017,18,10,134,5,United%20States%2C%20Arizona
2020-01-14,20,9,0.0,8.7,4,69,10:17 PM,10:35 AM,07:30 AM,05:42 PM,-2,14,14,14,8,11,34,0.0,1018,20,10,111,5,United%20States%2C%20Arizona
2020-01-15,21,10,0.0,8.7,5,61,11:24 PM,11:12 AM,07:30 AM,05:43 PM,-2,15,15,15,6,31,33,0.0,1015,21,10,171,3,United%20States%2C%20Arizona
2020-01-16,21,13,0.0,8.7,5,54,No moonrise,11:47 AM,07:29 AM,05:44 PM,0,16,16,16,12,33,34,0.0,1016,21,10,189,7,United%20States%2C%20Arizona
2020-01-17,16,10,0.0,8.7,4,47,12:29 AM,12:21 PM,07:29 AM,05:45 PM,3,13,13,13,13,4,52,0.0,1020,16,10,202,8,United%20States%2C%20Arizona
2020-01-18,19,8,0.0,8.7,4,40,01:34 AM,12:58 PM,07:29 AM,05:46 PM,1,13,13,13,12,18,47,0.0,1021,19,10,256,7,United%20States%2C%20Arizona
2020-01-19,20,10,0.0,7.1,4,32,02:38 AM,01:36 PM,07:28 AM,05:47 PM,1,14,14,14,13,30,41,0.0,1020,20,10,83,7,United%20States%2C%20Arizona
2020-01-20,21,12,0.0,8.7,4,25,03:42 AM,02:18 PM,07:28 AM,05:48 PM,3,16,16,16,16,32,41,0.0,1018,21,10,78,9,United%20States%2C%20Arizona
2020-01-21,17,13,0.0,5.5,3,18,04:44 AM,03:06 PM,07:28 AM,05:49 PM,7,15,15,15,12,60,58,1.5,1018,17,9,155,8,United%20States%2C%20Arizona
2020-01-22,16,10,0.0,8.7,4,11,05:44 AM,03:57 PM,07:27 AM,05:50 PM,7,13,13,13,9,39,71,0.0,1019,16,10,209,5,United%20States%2C%20Arizona
2020-01-23,18,10,0.0,8.7,4,3,06:38 AM,04:52 PM,07:27 AM,05:51 PM,6,13,13,13,9,2,62,0.0,1018,18,10,261,6,United%20States%2C%20Arizona
2020-01-24,20,10,0.0,7.1,4,0,07:27 AM,05:49 PM,07:27 AM,05:52 PM,4,14,14,14,7,40,51,0.0,1015,20,10,247,4,United%20States%2C%20Arizona
2020-01-25,19,10,0.0,7.1,4,0,08:10 AM,06:46 PM,07:26 AM,05:53 PM,3,14,14,14,6,18,48,0.0,1016,19,10,218,3,United%20States%2C%20Arizona
2020-01-26,21,11,0.0,8.7,5,4,08:48 AM,07:44 PM,07:26 AM,05:54 PM,4,16,16,16,9,25,46,0.0,1018,21,10,191,5,United%20States%2C%20Arizona
2020-01-27,20,11,0.0,8.7,5,11,09:22 AM,08:39 PM,07:25 AM,05:54 PM,3,15,15,15,14,3,46,0.0,1018,20,10,281,9,United%20States%2C%20Arizona
2020-01-28,19,10,0.0,8.7,4,18,09:53 AM,09:34 PM,07:24 AM,05:55 PM,-1,14,14,14,9,0,37,0.0,1019,19,10,163,6,United%20States%2C%20Arizona
2020-01-29,18,9,0.0,5.5,3,26,10:21 AM,10:27 PM,07:24 AM,05:56 PM,-2,13,13,13,7,52,37,0.2,1012,18,10,195,4,United%20States%2C%20Arizona
2020-01-30,16,9,0.0,8.7,4,33,10:49 AM,11:21 PM,07:23 AM,05:57 PM,-1,11,12,11,17,6,43,0.0,1015,16,10,219,9,United%20States%2C%20Arizona
2020-01-31,19,9,0.0,8.7,4,37,11:18 AM,No moonset,07:23 AM,05:58 PM,-4,13,14,13,14,0,32,0.0,1022,19,10,121,9,United%20States%2C%20Arizona
2020-02-01,22,10,0.0,8.7,5,49,11:48 AM,12:14 AM,07:22 AM,05:59 PM,-4,15,16,15,13,0,28,0.0,1024,22,10,98,8,United%20States%2C%20Arizona
2020-02-02,24,12,0.0,10.8,5,57,12:20 PM,01:10 AM,07:21 AM,06:00 PM,-2,16,16,16,27,0,29,0.0,1015,24,10,147,16,United%20States%2C%20Arizona
2020-02-03,14,9,0.0,10.8,4,64,12:57 PM,02:07 AM,07:21 AM,06:01 PM,-3,10,12,10,37,24,36,0.0,1008,14,10,236,23,United%20States%2C%20Arizona
2020-02-04,9,1,0.0,10.8,3,72,01:39 PM,03:07 AM,07:20 AM,06:02 PM,-13,3,6,3,18,16,24,0.0,1013,9,10,247,12,United%20States%2C%20Arizona
2020-02-05,9,0,0.0,10.8,2,79,02:28 PM,04:07 AM,07:19 AM,06:03 PM,-14,3,5,3,13,4,24,0.0,1020,9,10,253,9,United%20States%2C%20Arizona
2020-02-06,13,4,0.0,10.9,3,87,03:26 PM,05:08 AM,07:18 AM,06:04 PM,-10,7,8,7,14,6,25,0.0,1019,13,10,185,8,United%20States%2C%20Arizona
2020-02-07,16,6,0.0,10.9,4,95,04:29 PM,06:06 AM,07:18 AM,06:05 PM,-4,10,11,10,7,1,36,0.0,1017,16,10,163,4,United%20States%2C%20Arizona
2020-02-08,19,8,0.0,10.9,4,100,05:38 PM,06:59 AM,07:17 AM,06:05 PM,-1,13,13,13,6,1,40,0.0,1016,19,10,156,4,United%20States%2C%20Arizona
2020-02-09,22,11,0.0,10.1,4,100,06:49 PM,07:47 AM,07:16 AM,06:06 PM,-1,15,16,15,30,17,33,0.0,1010,22,10,190,19,United%20States%2C%20Arizona
2020-02-10,13,8,0.0,7.0,3,83,08:00 PM,08:30 AM,07:15 AM,06:07 PM,6,10,11,10,14,59,73,9.9,1009,13,9,194,9,United%20States%2C%20Arizona
2020-02-11,10,2,0.0,5.5,2,75,09:10 PM,09:09 AM,07:14 AM,06:08 PM,6,7,8,7,7,83,78,12.9,1014,10,7,178,5,United%20States%2C%20Arizona
2020-02-12,15,7,0.0,11.0,4,68,10:18 PM,09:46 AM,07:13 AM,06:09 PM,1,10,11,10,9,9,53,0.0,1018,15,10,211,6,United%20States%2C%20Arizona
2020-02-13,18,8,0.0,11.0,4,60,11:25 PM,10:21 AM,07:12 AM,06:10 PM,-0,12,13,12,9,2,42,0.0,1018,18,10,133,5,United%20States%2C%20Arizona
2020-02-14,20,10,0.0,11.0,5,53,No moonrise,10:58 AM,07:11 AM,06:11 PM,-1,14,15,14,9,10,38,0.0,1017,20,10,197,5,United%20States%2C%20Arizona
2020-02-15,20,10,0.0,11.0,5,45,12:31 AM,11:36 AM,07:10 AM,06:12 PM,-1,15,14,15,7,1,37,0.0,1019,20,10,232,4,United%20States%2C%20Arizona
2020-02-16,21,10,0.0,11.0,5,38,01:36 AM,12:17 PM,07:09 AM,06:13 PM,-1,15,15,15,7,0,35,0.0,1018,21,10,155,4,United%20States%2C%20Arizona
2020-02-17,21,11,0.0,11.1,5,30,02:39 AM,01:03 PM,07:08 AM,06:13 PM,-1,17,17,17,6,1,33,0.0,1013,21,10,217,4,United%20States%2C%20Arizona
2020-02-18,23,12,0.0,11.1,5,22,03:39 AM,01:53 PM,07:07 AM,06:14 PM,1,17,17,17,7,13,34,0.0,1014,23,10,161,4,United%20States%2C%20Arizona
2020-02-19,23,13,0.0,11.1,5,15,04:34 AM,02:46 PM,07:06 AM,06:15 PM,2,18,18,18,9,3,38,0.0,1015,23,10,251,6,United%20States%2C%20Arizona
2020-02-20,25,13,0.0,11.1,5,7,05:24 AM,03:42 PM,07:05 AM,06:16 PM,2,19,19,19,8,1,35,0.0,1019,25,10,194,5,United%20States%2C%20Arizona
2020-02-21,23,14,0.0,10.1,4,0,06:08 AM,04:38 PM,07:04 AM,06:17 PM,5,18,19,18,26,43,42,0.0,1019,23,10,103,16,United%20States%2C%20Arizona
2020-02-22,16,7,0.0,5.6,3,0,06:47 AM,05:36 PM,07:03 AM,06:18 PM,10,14,15,14,23,60,71,37.1,1017,16,8,157,15,United%20States%2C%20Arizona
2020-02-23,17,10,0.0,11.2,3,0,07:22 AM,06:31 PM,07:02 AM,06:19 PM,5,12,13,12,20,46,57,1.5,1020,17,10,227,13,United%20States%2C%20Arizona
2020-02-24,18,9,0.0,11.2,4,0,07:54 AM,07:26 PM,07:01 AM,06:19 PM,5,13,13,13,9,2,57,0.0,1020,18,10,196,6,United%20States%2C%20Arizona
2020-02-25,19,11,0.0,11.2,5,8,08:23 AM,08:20 PM,07:00 AM,06:20 PM,-1,15,15,15,24,0,39,0.0,1020,19,10,104,16,United%20States%2C%20Arizona
2020-02-26,18,8,0.0,11.6,4,15,08:51 AM,09:14 PM,06:58 AM,06:21 PM,-8,10,12,10,32,0,23,0.0,1024,18,10,53,21,United%20States%2C%20Arizona
2020-02-27,22,9,0.0,11.6,5,23,09:19 AM,10:07 PM,06:57 AM,06:22 PM,-5,14,15,14,21,16,26,0.0,1021,22,10,94,12,United%20States%2C%20Arizona
2020-02-28,24,13,0.0,10.2,4,30,09:48 AM,11:02 PM,06:56 AM,06:23 PM,-3,17,17,17,12,43,25,0.0,1021,24,10,56,6,United%20States%2C%20Arizona
2020-02-29,24,12,0.0,11.6,5,38,10:18 AM,11:57 PM,06:55 AM,06:23 PM,-2,18,18,18,14,3,27,0.0,1017,24,10,218,9,United%20States%2C%20Arizona
2020-03-01,22,14,0.0,11.6,5,44,10:53 AM,No moonset,06:54 AM,06:24 PM,0,17,17,17,30,5,33,0.0,1011,22,10,208,20,United%20States%2C%20Arizona
2020-03-02,15,11,0.0,7.3,3,51,11:32 AM,12:55 AM,06:52 AM,06:25 PM,2,11,13,11,21,47,49,0.6,1010,15,10,204,15,United%20States%2C%20Arizona
2020-03-03,19,10,0.0,11.6,3,58,12:16 PM,01:53 AM,06:51 AM,06:26 PM,5,12,13,12,17,34,57,0.3,1010,19,10,246,12,United%20States%2C%20Arizona
2020-03-04,20,10,0.0,11.6,5,65,01:08 PM,02:52 AM,06:50 AM,06:27 PM,4,14,15,14,16,0,51,0.0,1018,20,10,197,10,United%20States%2C%20Arizona
2020-03-05,26,13,0.0,11.6,6,73,02:07 PM,03:50 AM,06:49 AM,06:27 PM,2,19,19,19,18,15,36,0.0,1020,26,10,146,12,United%20States%2C%20Arizona
2020-03-06,27,15,0.0,10.2,5,80,03:13 PM,04:44 AM,06:48 AM,06:28 PM,-0,20,20,20,21,52,26,0.0,1017,27,10,128,12,United%20States%2C%20Arizona
2020-03-07,27,15,0.0,11.6,6,87,04:22 PM,05:34 AM,06:46 AM,06:29 PM,2,21,21,21,20,3,32,0.0,1015,27,10,183,13,United%20States%2C%20Arizona
2020-03-08,20,11,0.0,11.6,5,95,05:34 PM,06:19 AM,06:45 AM,06:30 PM,4,15,16,15,24,22,43,0.0,1015,20,10,218,17,United%20States%2C%20Arizona
2020-03-09,23,11,0.0,11.6,5,100,06:46 PM,07:00 AM,06:44 AM,06:30 PM,3,18,17,18,16,17,39,0.0,1019,23,10,174,10,United%20States%2C%20Arizona
2020-03-10,16,10,0.0,5.9,3,100,07:57 PM,07:39 AM,06:42 AM,06:31 PM,9,15,15,15,16,79,68,7.7,1021,16,7,108,12,United%20States%2C%20Arizona
2020-03-11,22,15,0.0,8.8,4,84,09:07 PM,08:16 AM,06:41 AM,06:32 PM,12,18,19,18,10,68,70,4.9,1018,22,9,201,7,United%20States%2C%20Arizona
2020-03-12,23,16,0.0,10.2,4,76,10:16 PM,08:53 AM,06:40 AM,06:33 PM,12,19,19,19,9,44,69,8.4,1013,23,9,129,6,United%20States%2C%20Arizona
2020-03-13,18,12,0.0,8.8,4,69,11:25 PM,09:32 AM,06:39 AM,06:33 PM,8,15,15,15,35,64,62,8.4,1013,18,9,212,23,United%20States%2C%20Arizona
2020-03-14,21,12,0.0,11.6,5,62,No moonrise,10:14 AM,06:37 AM,06:34 PM,6,15,16,15,14,10,52,0.0,1019,21,10,164,9,United%20States%2C%20Arizona
2020-03-15,22,13,0.0,11.6,5,55,12:30 AM,10:59 AM,06:36 AM,06:35 PM,5,18,18,18,9,5,45,0.0,1018,22,10,223,5,United%20States%2C%20Arizona
2020-03-16,25,13,0.0,11.6,5,47,01:34 AM,11:49 AM,06:35 AM,06:36 PM,3,19,19,19,12,13,39,0.0,1016,25,10,233,7,United%20States%2C%20Arizona
2020-03-17,23,14,0.0,11.6,5,40,02:31 AM,12:41 PM,06:33 AM,06:36 PM,4,18,18,18,17,30,41,0.0,1013,23,10,242,12,United%20States%2C%20Arizona
2020-03-18,16,11,0.0,8.8,3,33,03:23 AM,01:37 PM,06:32 AM,06:37 PM,6,12,13,12,24,66,60,6.9,1010,16,9,206,18,United%20States%2C%20Arizona
2020-03-19,15,10,0.0,7.4,3,25,04:08 AM,02:33 PM,06:31 AM,06:38 PM,4,11,12,11,21,67,61,3.1,1018,15,10,207,16,United%20States%2C%20Arizona
2020-03-20,18,9,0.0,11.6,4,18,04:48 AM,03:30 PM,06:29 AM,06:39 PM,3,12,13,12,9,14,52,0.0,1022,18,10,203,6,United%20States%2C%20Arizona
2020-03-21,21,12,0.0,11.6,5,11,05:24 AM,04:26 PM,06:28 AM,06:39 PM,2,17,17,17,10,17,38,0.0,1019,21,10,259,6,United%20States%2C%20Arizona
2020-03-22,21,13,0.0,7.4,4,4,05:56 AM,05:21 PM,06:27 AM,06:40 PM,1,16,17,16,6,43,35,0.0,1018,21,10,178,4,United%20States%2C%20Arizona
2020-03-23,23,15,0.0,11.6,5,0,06:25 AM,06:15 PM,06:25 AM,06:41 PM,4,19,19,19,21,13,38,0.0,1017,23,10,244,15,United%20States%2C%20Arizona
2020-03-24,22,13,0.0,11.6,5,0,06:54 AM,07:09 PM,06:24 AM,06:41 PM,3,18,18,18,11,8,38,0.0,1018,22,10,219,7,United%20States%2C%20Arizona
2020-03-25,25,14,0.0,11.6,5,3,07:22 AM,08:02 PM,06:23 AM,06:42 PM,2,19,20,19,13,8,33,0.0,1014,25,10,244,9,United%20States%2C%20Arizona
2020-03-26,19,14,0.0,11.6,5,11,07:50 AM,08:56 PM,06:21 AM,06:43 PM,1,15,16,15,18,18,36,0.0,1012,19,10,281,14,United%20States%2C%20Arizona
2020-03-27,16,9,0.0,11.6,3,18,08:20 AM,09:52 PM,06:20 AM,06:44 PM,-2,11,12,11,22,22,37,0.0,1015,16,10,262,17,United%20States%2C%20Arizona
2020-03-28,18,9,0.0,10.2,3,25,08:53 AM,10:48 PM,06:19 AM,06:44 PM,-4,13,14,13,11,16,30,0.0,1019,18,10,264,7,United%20States%2C%20Arizona
2020-03-29,22,11,0.0,11.6,5,32,09:29 AM,11:46 PM,06:18 AM,06:45 PM,-4,17,17,17,12,17,24,0.0,1014,22,10,181,8,United%20States%2C%20Arizona
2020-03-30,22,12,0.0,11.6,5,40,10:11 AM,No moonset,06:16 AM,06:46 PM,1,16,17,16,13,2,33,0.0,1018,22,10,284,8,United%20States%2C%20Arizona
2020-03-31,26,14,0.0,7.5,5,44,10:59 AM,12:43 AM,06:15 AM,06:46 PM,-0,20,20,20,8,48,27,0.0,1015,26,10,173,5,United%20States%2C%20Arizona
2020-04-01,29,18,0.0,8.9,5,56,11:53 AM,01:40 AM,06:14 AM,06:47 PM,-0,24,24,24,22,51,22,0.0,1008,29,10,211,15,United%20States%2C%20Arizona
2020-04-02,28,17,0.0,11.6,6,64,12:54 PM,02:33 AM,06:12 AM,06:48 PM,0,22,22,22,30,1,24,0.0,1009,28,10,219,20,United%20States%2C%20Arizona
2020-04-03,27,16,0.0,11.6,6,71,02:00 PM,03:24 AM,06:11 AM,06:49 PM,1,21,21,21,18,2,28,0.0,1010,27,10,216,11,United%20States%2C%20Arizona
2020-04-04,27,16,0.0,11.6,6,79,03:09 PM,04:09 AM,06:10 AM,06:49 PM,-1,21,21,21,21,0,26,0.0,1010,27,10,204,13,United%20States%2C%20Arizona
2020-04-05,27,16,0.0,11.6,6,87,04:19 PM,04:51 AM,06:09 AM,06:50 PM,-3,21,21,21,27,0,21,0.0,1010,27,10,192,19,United%20States%2C%20Arizona
2020-04-06,26,14,0.0,11.6,6,94,05:31 PM,05:30 AM,06:07 AM,06:51 PM,-1,20,19,20,25,1,27,0.0,1012,26,10,201,18,United%20States%2C%20Arizona
2020-04-07,24,12,0.0,11.6,5,100,06:41 PM,06:07 AM,06:06 AM,06:51 PM,3,17,17,17,24,7,40,0.0,1014,24,10,215,18,United%20States%2C%20Arizona
2020-04-08,23,14,0.0,10.3,4,100,07:53 PM,06:45 AM,06:05 AM,06:52 PM,3,18,19,18,22,28,38,0.0,1014,23,10,219,17,United%20States%2C%20Arizona
2020-04-09,19,11,0.0,11.6,5,83,09:04 PM,07:24 AM,06:04 AM,06:53 PM,1,15,16,15,13,13,40,0.0,1017,19,10,191,9,United%20States%2C%20Arizona
2020-04-10,22,12,0.0,10.3,4,76,10:13 PM,08:05 AM,06:02 AM,06:54 PM,-0,17,17,17,16,30,34,0.3,1012,22,9,242,12,United%20States%2C%20Arizona
2020-04-11,18,14,0.0,6.3,4,68,11:21 PM,08:50 AM,06:01 AM,06:54 PM,4,15,16,15,23,59,48,5.7,1012,18,9,223,16,United%20States%2C%20Arizona
2020-04-12,23,12,0.0,12.6,5,61,No moonrise,09:40 AM,06:00 AM,06:55 PM,5,16,17,16,20,11,44,0.0,1014,23,10,231,14,United%20States%2C%20Arizona
2020-04-13,24,14,0.0,13.0,5,53,12:22 AM,10:33 AM,05:59 AM,06:56 PM,5,18,19,18,22,8,39,0.0,1014,24,10,235,16,United%20States%2C%20Arizona
2020-04-14,25,15,0.0,13.0,6,46,01:19 AM,11:29 AM,05:58 AM,06:57 PM,2,20,20,20,18,10,33,0.0,1015,25,10,267,12,United%20States%2C%20Arizona
2020-04-15,25,13,0.0,13.0,6,38,02:07 AM,12:26 PM,05:56 AM,06:57 PM,-8,19,20,19,10,0,15,0.0,1015,25,10,149,6,United%20States%2C%20Arizona
2020-04-16,28,15,0.0,13.0,6,30,02:49 AM,01:24 PM,05:55 AM,06:58 PM,-8,21,21,22,15,0,13,0.0,1011,28,10,237,10,United%20States%2C%20Arizona
2020-04-17,28,16,0.0,12.0,5,23,03:27 AM,02:20 PM,05:54 AM,06:59 PM,-6,22,22,22,27,30,16,0.0,1012,28,10,192,19,United%20States%2C%20Arizona
2020-04-18,24,13,0.0,13.1,5,15,03:59 AM,03:16 PM,05:53 AM,06:59 PM,2,19,19,19,23,8,32,0.0,1013,24,10,230,16,United%20States%2C%20Arizona
2020-04-19,26,15,0.0,13.5,6,8,04:29 AM,04:10 PM,05:52 AM,07:00 PM,-0,19,20,19,13,2,26,0.0,1013,26,10,238,8,United%20States%2C%20Arizona
2020-04-20,28,15,0.0,13.5,6,0,04:58 AM,05:04 PM,05:51 AM,07:01 PM,0,22,22,22,14,11,25,0.0,1012,28,10,224,10,United%20States%2C%20Arizona
2020-04-21,26,15,0.0,13.5,6,0,05:25 AM,05:57 PM,05:50 AM,07:02 PM,1,21,21,21,16,0,28,0.0,1013,26,10,273,11,United%20States%2C%20Arizona
2020-04-22,30,17,0.0,13.5,6,0,05:53 AM,06:51 PM,05:49 AM,07:02 PM,1,23,23,23,18,4,23,0.0,1014,30,10,263,12,United%20States%2C%20Arizona
2020-04-23,32,18,0.0,13.6,7,0,06:22 AM,07:47 PM,05:47 AM,07:03 PM,-1,25,25,26,18,0,18,0.0,1012,32,10,265,12,United%20States%2C%20Arizona
2020-04-24,34,21,0.0,13.6,7,7,06:54 AM,08:43 PM,05:46 AM,07:04 PM,1,27,27,27,15,0,18,0.0,1010,34,10,265,10,United%20States%2C%20Arizona
2020-04-25,34,21,0.0,13.6,7,15,07:30 AM,09:41 PM,05:45 AM,07:05 PM,-2,27,27,28,15,0,15,0.0,1012,34,10,254,9,United%20States%2C%20Arizona
2020-04-26,37,23,0.0,13.6,8,22,08:09 AM,10:39 PM,05:44 AM,07:05 PM,-2,29,29,30,14,0,13,0.0,1011,37,10,232,9,United%20States%2C%20Arizona
2020-04-27,37,24,0.0,13.3,7,30,08:55 AM,11:36 PM,05:43 AM,07:06 PM,-3,30,30,30,24,18,12,0.0,1011,37,10,215,16,United%20States%2C%20Arizona
2020-04-28,35,21,0.0,13.7,7,37,09:47 AM,No moonset,05:42 AM,07:07 PM,-1,28,28,28,17,0,16,0.0,1013,35,10,233,10,United%20States%2C%20Arizona
2020-04-29,37,22,0.0,13.7,8,45,10:44 AM,12:29 AM,05:41 AM,07:08 PM,0,29,29,30,12,0,16,0.0,1013,37,10,211,7,United%20States%2C%20Arizona
2020-04-30,38,24,0.0,9.7,7,52,11:47 AM,01:20 AM,05:40 AM,07:08 PM,-2,30,30,31,18,62,13,0.0,1010,38,10,213,11,United%20States%2C%20Arizona
2020-05-01,37,22,0.0,13.7,8,58,12:52 PM,02:05 AM,05:39 AM,07:09 PM,-6,30,30,31,22,9,10,0.0,1010,37,10,214,15,United%20States%2C%20Arizona
2020-05-02,36,21,0.0,13.7,8,65,02:00 PM,02:47 AM,05:38 AM,07:10 PM,0,28,28,29,25,0,17,0.0,1012,36,10,206,16,United%20States%2C%20Arizona
2020-05-03,35,20,0.0,13.7,7,72,03:08 PM,03:25 AM,05:37 AM,07:11 PM,2,27,27,28,18,0,20,0.0,1012,35,10,222,12,United%20States%2C%20Arizona
2020-05-04,34,20,0.0,13.8,7,80,04:17 PM,04:02 AM,05:36 AM,07:11 PM,-1,27,27,27,12,0,17,0.0,1011,34,10,281,7,United%20States%2C%20Arizona
2020-05-05,37,20,0.0,13.8,8,87,05:27 PM,04:37 AM,05:36 AM,07:12 PM,-6,28,28,29,13,0,11,0.0,1011,37,10,249,8,United%20States%2C%20Arizona
2020-05-06,40,22,0.0,13.8,8,94,06:38 PM,05:15 AM,05:35 AM,07:13 PM,-7,30,30,31,13,0,9,0.0,1011,40,10,187,9,United%20States%2C%20Arizona
2020-05-07,40,22,0.0,13.8,8,100,07:49 PM,05:54 AM,05:34 AM,07:14 PM,-6,32,32,32,21,0,9,0.0,1010,40,10,219,14,United%20States%2C%20Arizona
2020-05-08,37,25,0.0,12.2,7,100,08:59 PM,06:37 AM,05:33 AM,07:14 PM,2,31,31,31,23,23,16,0.0,1011,37,10,215,15,United%20States%2C%20Arizona
2020-05-09,35,23,0.0,13.8,7,84,10:06 PM,07:26 AM,05:32 AM,07:15 PM,8,29,29,29,20,13,28,1.1,1012,35,10,206,13,United%20States%2C%20Arizona
2020-05-10,35,24,0.0,11.0,6,77,11:07 PM,08:19 AM,05:31 AM,07:16 PM,8,28,28,29,16,43,28,1.9,1012,35,10,189,11,United%20States%2C%20Arizona
2020-05-11,35,22,0.0,13.9,7,70,No moonrise,09:16 AM,05:31 AM,07:16 PM,5,28,28,28,22,12,29,0.2,1012,35,10,169,16,United%20States%2C%20Arizona
2020-05-12,34,20,0.0,13.9,7,62,12:01 AM,10:15 AM,05:30 AM,07:17 PM,-0,27,27,27,25,0,19,0.0,1011,34,10,216,17,United%20States%2C%20Arizona
2020-05-13,32,18,0.0,13.9,7,55,12:47 AM,11:14 AM,05:29 AM,07:18 PM,2,25,25,25,19,0,25,0.0,1011,32,10,230,13,United%20States%2C%20Arizona
2020-05-14,31,19,0.0,12.2,6,48,01:27 AM,12:12 PM,05:28 AM,07:19 PM,2,24,24,25,16,30,24,0.0,1011,31,10,228,10,United%20States%2C%20Arizona
2020-05-15,32,19,0.0,13.9,7,40,02:01 AM,01:08 PM,05:28 AM,07:19 PM,2,26,26,26,14,12,23,0.0,1010,32,10,253,9,United%20States%2C%20Arizona
2020-05-16,33,20,0.0,13.9,7,33,02:32 AM,02:03 PM,05:27 AM,07:20 PM,1,26,26,26,11,1,19,0.0,1010,33,10,225,7,United%20States%2C%20Arizona
2020-05-17,35,21,0.0,14.0,7,26,03:01 AM,02:57 PM,05:26 AM,07:21 PM,1,28,28,28,14,0,19,0.0,1011,35,10,203,8,United%20States%2C%20Arizona
2020-05-18,36,20,0.0,14.0,8,19,03:29 AM,03:51 PM,05:26 AM,07:21 PM,2,28,28,29,25,0,21,0.0,1011,36,10,199,17,United%20States%2C%20Arizona
2020-05-19,33,19,0.0,14.0,7,11,03:56 AM,04:45 PM,05:25 AM,07:22 PM,-1,26,26,27,28,0,18,0.0,1010,33,10,219,20,United%20States%2C%20Arizona
2020-05-20,27,14,0.0,14.0,6,4,04:24 AM,05:40 PM,05:25 AM,07:23 PM,-5,21,21,21,13,1,18,0.0,1013,27,10,262,8,United%20States%2C%20Arizona
2020-05-21,31,16,0.0,14.0,7,0,04:55 AM,06:36 PM,05:24 AM,07:24 PM,-9,23,23,24,9,0,11,0.0,1011,31,10,277,6,United%20States%2C%20Arizona
2020-05-22,34,18,0.0,14.0,7,0,05:30 AM,07:35 PM,05:23 AM,07:24 PM,-7,26,26,26,22,1,12,0.0,1009,34,10,183,15,United%20States%2C%20Arizona
2020-05-23,33,17,0.0,14.0,7,3,06:08 AM,08:33 PM,05:23 AM,07:25 PM,-3,26,26,26,24,3,15,0.0,1008,33,10,205,16,United%20States%2C%20Arizona
2020-05-24,33,19,0.0,14.0,7,10,06:52 AM,09:31 PM,05:23 AM,07:26 PM,-0,26,26,27,25,8,21,0.0,1009,33,10,240,16,United%20States%2C%20Arizona
2020-05-25,33,19,0.0,14.0,7,17,07:43 AM,10:27 PM,05:22 AM,07:26 PM,-2,27,27,26,17,0,18,0.0,1008,33,10,220,10,United%20States%2C%20Arizona
2020-05-26,37,20,0.0,14.1,8,25,08:39 AM,11:18 PM,05:22 AM,07:27 PM,-6,28,28,28,10,0,11,0.0,1010,37,10,204,6,United%20States%2C%20Arizona
2020-05-27,39,22,0.0,14.1,8,32,09:40 AM,No moonset,05:21 AM,07:27 PM,-3,30,30,31,19,0,12,0.0,1010,39,10,241,12,United%20States%2C%20Arizona
2020-05-28,41,23,0.0,14.1,8,39,10:44 AM,12:05 AM,05:21 AM,07:28 PM,-0,32,32,32,20,1,13,0.0,1011,41,10,245,13,United%20States%2C%20Arizona
2020-05-29,42,25,0.0,14.1,9,47,11:50 AM,12:47 AM,05:21 AM,07:29 PM,5,33,33,33,15,13,18,0.1,1012,42,10,162,9,United%20States%2C%20Arizona
2020-05-30,39,27,0.0,13.4,7,54,12:56 PM,01:25 AM,05:20 AM,07:29 PM,6,32,32,33,14,30,20,3.1,1010,39,10,202,10,United%20States%2C%20Arizona
2020-05-31,41,25,0.0,13.4,7,58,02:02 PM,02:01 AM,05:20 AM,07:30 PM,9,33,33,33,22,41,26,1.3,1009,41,10,154,13,United%20States%2C%20Arizona
2020-06-01,38,26,0.0,14.1,8,71,03:09 PM,02:35 AM,05:20 AM,07:30 PM,8,30,30,32,14,16,23,0.1,1011,38,10,204,10,United%20States%2C%20Arizona
2020-06-02,38,26,0.0,14.1,8,79,04:17 PM,03:10 AM,05:19 AM,07:31 PM,10,32,32,32,9,6,25,0.0,1012,38,10,205,7,United%20States%2C%20Arizona
2020-06-03,40,28,0.0,14.1,8,86,05:27 PM,03:47 AM,05:19 AM,07:32 PM,2,32,32,33,13,1,13,0.0,1011,40,10,262,8,United%20States%2C%20Arizona
2020-06-04,40,28,0.0,12.2,7,94,06:37 PM,04:27 AM,05:19 AM,07:32 PM,5,33,33,34,12,42,17,0.0,1009,40,10,227,7,United%20States%2C%20Arizona
2020-06-05,40,27,0.0,12.2,7,100,07:46 PM,05:13 AM,05:19 AM,07:33 PM,3,32,32,33,20,45,16,1.3,1007,40,10,211,14,United%20States%2C%20Arizona
2020-06-06,32,20,0.0,14.1,7,100,08:50 PM,06:04 AM,05:19 AM,07:33 PM,5,26,26,25,17,12,28,0.4,1008,32,10,252,12,United%20States%2C%20Arizona
2020-06-07,36,22,0.0,14.2,7,84,09:49 PM,07:00 AM,05:19 AM,07:34 PM,5,28,28,29,19,1,25,0.0,1007,36,10,191,14,United%20States%2C%20Arizona
2020-06-08,34,21,0.0,14.2,7,76,10:39 PM,07:59 AM,05:18 AM,07:34 PM,0,28,28,28,26,0,20,0.0,1009,34,10,243,18,United%20States%2C%20Arizona
2020-06-09,35,19,0.0,14.2,7,69,11:23 PM,09:00 AM,05:18 AM,07:34 PM,-14,26,26,27,16,0,6,0.0,1013,35,10,191,10,United%20States%2C%20Arizona
2020-06-10,37,20,0.0,14.2,8,61,12:00 AM,09:59 AM,05:18 AM,07:35 PM,-8,29,29,29,10,0,9,0.0,1013,37,10,237,6,United%20States%2C%20Arizona
2020-06-11,40,23,0.0,14.2,8,54,No moonrise,10:58 AM,05:18 AM,07:35 PM,-8,31,31,32,10,0,7,0.0,1013,40,10,264,6,United%20States%2C%20Arizona
2020-06-12,42,25,0.0,14.2,9,46,12:33 AM,11:54 AM,05:18 AM,07:36 PM,-1,34,34,34,21,0,11,0.0,1014,42,10,189,14,United%20States%2C%20Arizona
2020-06-13,42,26,0.0,14.2,9,38,01:03 AM,12:49 PM,05:18 AM,07:36 PM,-4,33,33,34,23,1,9,0.0,1010,42,10,221,16,United%20States%2C%20Arizona
2020-06-14,41,23,0.0,14.2,8,31,01:31 AM,01:43 PM,05:18 AM,07:36 PM,-6,32,32,32,22,0,8,0.0,1009,41,10,196,15,United%20States%2C%20Arizona
2020-06-15,39,22,0.0,14.2,8,23,01:58 AM,02:36 PM,05:19 AM,07:37 PM,-1,30,30,31,16,6,13,0.0,1011,39,10,195,10,United%20States%2C%20Arizona
2020-06-16,41,23,0.0,14.2,8,16,02:26 AM,03:31 PM,05:19 AM,07:37 PM,-1,32,32,32,25,0,13,0.0,1010,41,10,196,18,United%20States%2C%20Arizona
2020-06-17,39,21,0.0,14.2,8,8,02:56 AM,04:27 PM,05:19 AM,07:37 PM,-2,31,31,31,29,0,14,0.0,1010,39,10,192,20,United%20States%2C%20Arizona
2020-06-18,38,20,0.0,14.2,8,1,03:29 AM,05:25 PM,05:19 AM,07:38 PM,-4,29,29,30,23,2,13,0.0,1010,38,10,187,15,United%20States%2C%20Arizona
2020-06-19,36,20,0.0,14.2,7,0,04:05 AM,06:23 PM,05:19 AM,07:38 PM,-1,28,28,28,15,1,16,0.0,1010,36,10,200,9,United%20States%2C%20Arizona
2020-06-20,39,22,0.0,14.2,8,0,04:47 AM,07:23 PM,05:19 AM,07:38 PM,0,30,30,31,15,1,15,0.0,1010,39,10,225,9,United%20States%2C%20Arizona
2020-06-21,40,24,0.0,14.2,8,0,05:36 AM,08:20 PM,05:20 AM,07:38 PM,-3,31,31,32,12,0,11,0.0,1010,40,10,255,7,United%20States%2C%20Arizona
2020-06-22,40,24,0.0,14.2,8,7,06:31 AM,09:14 PM,05:20 AM,07:38 PM,-3,32,32,32,19,0,10,0.0,1010,40,10,244,12,United%20States%2C%20Arizona
2020-06-23,41,24,0.0,14.2,8,14,07:32 AM,10:03 PM,05:20 AM,07:39 PM,-0,32,32,33,18,0,13,0.0,1010,41,10,241,11,United%20States%2C%20Arizona
2020-06-24,42,25,0.0,13.4,8,22,08:36 AM,10:47 PM,05:20 AM,07:39 PM,1,33,33,33,16,24,13,0.0,1008,42,10,230,9,United%20States%2C%20Arizona
2020-06-25,43,24,0.0,14.2,9,29,09:43 AM,11:27 PM,05:21 AM,07:39 PM,-2,34,34,35,20,29,10,0.0,1007,43,10,210,14,United%20States%2C%20Arizona
2020-06-26,43,26,0.0,12.2,8,37,10:48 AM,No moonset,05:21 AM,07:39 PM,-0,35,35,35,25,38,12,0.0,1009,43,10,202,17,United%20States%2C%20Arizona
2020-06-27,40,24,0.0,14.2,8,44,11:54 AM,12:03 AM,05:21 AM,07:39 PM,5,31,31,32,25,2,19,0.0,1009,40,10,214,16,United%20States%2C%20Arizona
2020-06-28,39,24,0.0,14.2,8,52,01:00 PM,12:37 AM,05:22 AM,07:39 PM,6,31,31,32,35,1,21,0.0,1007,39,10,198,24,United%20States%2C%20Arizona
2020-06-29,37,22,0.0,14.2,8,59,02:05 PM,01:11 AM,05:22 AM,07:39 PM,3,29,29,29,43,0,19,0.0,1008,37,10,202,31,United%20States%2C%20Arizona
2020-06-30,35,18,0.0,14.2,7,67,03:13 PM,01:46 AM,05:22 AM,07:39 PM,2,26,26,27,21,1,21,0.0,1011,35,10,195,13,United%20States%2C%20Arizona
2020-07-01,38,20,0.0,14.2,8,72,04:20 PM,02:23 AM,05:23 AM,07:39 PM,2,29,29,30,22,3,18,0.0,1011,38,10,183,15,United%20States%2C%20Arizona
2020-07-02,37,23,0.0,14.2,8,79,05:28 PM,03:06 AM,05:23 AM,07:39 PM,10,30,30,30,13,13,29,0.0,1011,37,10,223,8,United%20States%2C%20Arizona
2020-07-03,38,26,0.0,11.1,7,86,06:33 PM,03:53 AM,05:24 AM,07:39 PM,14,32,32,31,11,46,35,1.4,1012,38,10,254,7,United%20States%2C%20Arizona
2020-07-04,40,27,0.0,14.2,8,94,07:35 PM,04:45 AM,05:24 AM,07:39 PM,11,33,33,34,10,4,26,0.0,1012,40,10,266,6,United%20States%2C%20Arizona
2020-07-05,41,30,0.0,14.1,9,100,08:28 PM,05:44 AM,05:25 AM,07:39 PM,8,35,35,35,17,3,20,0.0,1010,41,10,271,11,United%20States%2C%20Arizona
2020-07-06,42,28,0.0,14.1,9,100,09:16 PM,06:44 AM,05:25 AM,07:38 PM,7,35,35,35,16,4,18,0.0,1009,42,10,259,10,United%20States%2C%20Arizona
2020-07-07,41,29,0.0,14.1,9,85,09:56 PM,07:45 AM,05:26 AM,07:38 PM,9,35,35,35,12,8,21,0.0,1009,41,10,260,9,United%20States%2C%20Arizona
2020-07-08,41,29,0.0,14.1,9,77,10:31 PM,08:45 AM,05:26 AM,07:38 PM,11,35,35,35,15,3,25,0.0,1009,41,10,251,10,United%20States%2C%20Arizona
2020-07-09,41,29,0.0,14.1,9,70,11:03 PM,09:43 AM,05:27 AM,07:38 PM,10,34,34,34,13,5,23,0.0,1009,41,10,217,8,United%20States%2C%20Arizona
2020-07-10,42,30,0.0,14.1,9,63,11:32 PM,10:38 AM,05:27 AM,07:37 PM,16,37,37,35,17,16,32,0.1,1013,42,10,270,13,United%20States%2C%20Arizona
2020-07-11,43,30,0.0,14.1,9,55,11:59 PM,11:33 AM,05:28 AM,07:37 PM,13,37,37,36,19,8,25,0.0,1012,43,10,233,13,United%20States%2C%20Arizona
2020-07-12,43,31,0.0,14.1,9,48,No moonrise,12:26 PM,05:28 AM,07:37 PM,13,37,37,36,18,13,24,0.1,1010,43,10,255,11,United%20States%2C%20Arizona
2020-07-13,43,31,0.0,12.2,8,41,12:26 AM,01:21 PM,05:29 AM,07:36 PM,12,38,38,37,25,33,24,0.4,1009,43,10,223,17,United%20States%2C%20Arizona
2020-07-14,42,28,0.0,14.1,9,34,12:55 AM,02:16 PM,05:30 AM,07:36 PM,10,36,36,36,18,2,23,0.0,1011,42,10,225,13,United%20States%2C%20Arizona
2020-07-15,40,29,0.0,14.1,8,26,01:27 AM,03:13 PM,05:30 AM,07:36 PM,11,34,34,34,13,4,25,0.0,1010,40,10,222,8,United%20States%2C%20Arizona
2020-07-16,41,30,0.0,14.0,9,19,02:01 AM,04:11 PM,05:31 AM,07:35 PM,11,35,35,35,15,5,24,0.0,1011,41,10,179,9,United%20States%2C%20Arizona
2020-07-17,40,30,0.0,14.0,9,12,02:41 AM,05:10 PM,05:31 AM,07:35 PM,12,35,35,35,12,13,25,0.1,1012,40,10,256,8,United%20States%2C%20Arizona
2020-07-18,41,29,0.0,14.0,9,5,03:27 AM,06:08 PM,05:32 AM,07:34 PM,11,35,35,35,16,4,24,0.0,1011,41,10,302,11,United%20States%2C%20Arizona
2020-07-19,42,31,0.0,14.0,9,0,04:20 AM,07:05 PM,05:33 AM,07:34 PM,7,36,36,37,22,28,17,0.0,1009,42,10,258,15,United%20States%2C%20Arizona
2020-07-20,41,30,0.0,14.0,9,0,05:20 AM,07:57 PM,05:33 AM,07:33 PM,8,34,34,35,20,43,20,0.0,1009,41,10,243,14,United%20States%2C%20Arizona
2020-07-21,40,27,0.0,14.0,8,2,06:24 AM,08:44 PM,05:34 AM,07:33 PM,8,34,34,34,15,29,21,0.0,1008,40,10,264,9,United%20States%2C%20Arizona
2020-07-22,39,28,0.0,14.0,8,10,07:31 AM,09:26 PM,05:35 AM,07:32 PM,13,34,34,34,13,5,28,0.0,1009,39,10,260,9,United%20States%2C%20Arizona
2020-07-23,38,30,0.0,11.0,7,17,08:39 AM,10:04 PM,05:35 AM,07:31 PM,18,35,35,33,14,57,42,9.4,1010,38,9,212,10,United%20States%2C%20Arizona
2020-07-24,36,27,0.0,14.0,7,24,09:46 AM,10:39 PM,05:36 AM,07:31 PM,17,33,33,32,11,18,43,10.1,1010,36,9,153,8,United%20States%2C%20Arizona
2020-07-25,36,28,0.0,13.3,7,32,10:53 AM,11:13 PM,05:37 AM,07:30 PM,15,33,33,31,13,36,37,0.9,1010,36,10,228,9,United%20States%2C%20Arizona
2020-07-26,39,29,0.0,13.9,8,39,11:59 AM,11:48 PM,05:37 AM,07:29 PM,10,34,34,34,8,9,24,0.0,1010,39,10,296,6,United%20States%2C%20Arizona
2020-07-27,40,30,0.0,13.3,8,46,01:05 PM,No moonset,05:38 AM,07:29 PM,13,35,35,35,15,24,27,1.2,1010,40,10,127,10,United%20States%2C%20Arizona
2020-07-28,41,31,0.0,13.9,9,53,02:11 PM,12:23 AM,05:39 AM,07:28 PM,14,36,36,35,10,5,28,0.0,1009,41,10,171,7,United%20States%2C%20Arizona
2020-07-29,42,32,0.0,13.9,9,61,03:18 PM,01:03 AM,05:39 AM,07:27 PM,11,36,36,36,16,1,23,0.0,1009,42,10,275,10,United%20States%2C%20Arizona
2020-07-30,44,31,0.0,13.9,9,68,04:23 PM,01:48 AM,05:40 AM,07:26 PM,9,38,38,37,17,1,20,0.0,1009,44,10,290,11,United%20States%2C%20Arizona
2020-07-31,44,31,0.0,13.9,9,72,05:24 PM,02:37 AM,05:41 AM,07:26 PM,11,38,38,37,16,1,24,0.0,1009,44,10,267,10,United%20States%2C%20Arizona
2020-08-01,43,32,0.0,13.8,9,82,06:20 PM,03:33 AM,05:41 AM,07:25 PM,12,38,38,37,21,23,24,0.0,1010,43,10,250,15,United%20States%2C%20Arizona
2020-08-02,41,30,0.0,13.8,9,90,07:09 PM,04:31 AM,05:42 AM,07:24 PM,15,36,36,34,15,8,31,0.0,1013,41,10,190,11,United%20States%2C%20Arizona
2020-08-03,42,31,0.0,13.8,9,97,07:52 PM,05:32 AM,05:43 AM,07:23 PM,11,37,37,37,18,5,22,0.0,1012,42,10,212,12,United%20States%2C%20Arizona
2020-08-04,42,31,0.0,13.8,9,100,08:29 PM,06:32 AM,05:43 AM,07:22 PM,13,37,37,36,15,11,25,0.3,1011,42,10,222,10,United%20States%2C%20Arizona
2020-08-05,41,29,0.0,13.8,9,88,09:02 PM,07:31 AM,05:44 AM,07:21 PM,11,35,35,35,15,2,25,0.0,1010,41,10,219,11,United%20States%2C%20Arizona
2020-08-06,40,29,0.0,13.8,8,81,09:32 PM,08:28 AM,05:45 AM,07:20 PM,13,34,34,34,19,15,29,0.7,1009,40,10,159,13,United%20States%2C%20Arizona
2020-08-07,42,27,0.0,13.7,9,74,10:00 PM,09:23 AM,05:45 AM,07:19 PM,7,35,35,35,21,0,21,0.0,1010,42,10,180,14,United%20States%2C%20Arizona
2020-08-08,41,28,0.0,13.7,9,67,10:27 PM,10:17 AM,05:46 AM,07:18 PM,7,33,33,34,6,3,19,0.0,1012,41,10,225,4,United%20States%2C%20Arizona
2020-08-09,41,28,0.0,13.7,9,59,10:55 PM,11:11 AM,05:47 AM,07:17 PM,3,34,34,35,11,1,14,0.0,1011,41,10,216,6,United%20States%2C%20Arizona
2020-08-10,42,29,0.0,13.7,9,52,11:25 PM,12:06 PM,05:47 AM,07:16 PM,5,35,35,36,15,0,16,0.0,1011,42,10,226,10,United%20States%2C%20Arizona
2020-08-11,40,28,0.0,13.7,9,45,11:58 PM,01:01 PM,05:48 AM,07:15 PM,9,34,34,34,14,1,22,0.0,1011,40,10,287,8,United%20States%2C%20Arizona
2020-08-12,41,29,0.0,13.7,9,38,No moonrise,01:58 PM,05:49 AM,07:14 PM,14,36,36,35,13,30,29,0.9,1011,41,10,286,9,United%20States%2C%20Arizona
2020-08-13,42,30,0.0,13.6,9,30,12:34 AM,02:56 PM,05:49 AM,07:13 PM,13,36,36,36,12,11,26,0.0,1010,42,10,231,8,United%20States%2C%20Arizona
2020-08-14,43,31,0.0,13.6,9,23,01:17 AM,03:55 PM,05:50 AM,07:12 PM,12,37,37,37,13,15,23,0.3,1009,43,10,211,8,United%20States%2C%20Arizona
2020-08-15,41,30,0.0,13.6,9,16,02:06 AM,04:52 PM,05:51 AM,07:11 PM,15,36,36,35,19,4,31,0.0,1010,41,10,245,13,United%20States%2C%20Arizona
2020-08-16,41,30,0.0,13.6,9,8,03:03 AM,05:46 PM,05:51 AM,07:10 PM,15,36,36,35,12,24,30,0.3,1011,41,10,232,8,United%20States%2C%20Arizona
2020-08-17,42,28,0.0,12.1,8,1,04:06 AM,06:35 PM,05:52 AM,07:09 PM,14,35,35,35,11,42,30,2.6,1013,42,10,119,8,United%20States%2C%20Arizona
2020-08-18,42,30,0.0,13.6,9,0,05:13 AM,07:20 PM,05:53 AM,07:08 PM,11,36,36,36,9,3,24,0.5,1014,42,10,181,6,United%20States%2C%20Arizona
2020-08-19,41,29,0.0,13.3,8,0,06:22 AM,08:00 PM,05:53 AM,07:07 PM,13,35,35,35,8,31,28,1.6,1010,41,10,150,5,United%20States%2C%20Arizona
2020-08-20,42,31,0.0,13.5,9,6,07:32 AM,08:37 PM,05:54 AM,07:05 PM,13,37,37,37,22,11,26,0.0,1007,42,10,266,16,United%20States%2C%20Arizona
2020-08-21,39,29,0.0,13.5,7,13,08:40 AM,09:13 PM,05:55 AM,07:04 PM,17,35,35,33,18,38,38,0.3,1009,39,10,261,13,United%20States%2C%20Arizona
2020-08-22,37,27,0.0,13.5,7,20,09:49 AM,09:48 PM,05:55 AM,07:03 PM,19,34,34,32,16,19,44,0.0,1010,37,10,292,12,United%20States%2C%20Arizona
2020-08-23,40,30,0.0,13.5,9,28,10:56 AM,10:24 PM,05:56 AM,07:02 PM,16,36,36,34,18,20,35,0.9,1010,40,10,250,13,United%20States%2C%20Arizona
2020-08-24,43,31,0.0,13.4,9,35,12:04 PM,11:03 PM,05:57 AM,07:01 PM,13,36,36,36,10,13,26,0.9,1009,43,10,174,7,United%20States%2C%20Arizona
2020-08-25,42,31,0.0,13.0,9,42,01:11 PM,11:46 PM,05:57 AM,06:59 PM,13,36,36,36,14,16,26,0.5,1008,42,10,168,9,United%20States%2C%20Arizona
2020-08-26,40,30,0.0,13.0,9,50,02:17 PM,No moonset,05:58 AM,06:58 PM,13,35,35,34,11,19,28,1.0,1007,40,10,240,7,United%20States%2C%20Arizona
2020-08-27,41,30,0.0,13.0,9,57,03:19 PM,12:34 AM,05:59 AM,06:57 PM,14,37,37,36,13,26,28,0.4,1005,41,10,268,9,United%20States%2C%20Arizona
2020-08-28,41,31,0.0,13.0,9,64,04:15 PM,01:27 AM,05:59 AM,06:56 PM,13,36,36,36,13,16,27,0.1,1007,41,10,225,10,United%20States%2C%20Arizona
2020-08-29,35,26,0.0,11.8,7,71,05:06 PM,02:23 AM,06:00 AM,06:54 PM,19,33,33,31,14,35,46,8.6,1010,35,9,254,9,United%20States%2C%20Arizona
2020-08-30,33,26,0.0,7.6,6,79,05:50 PM,03:23 AM,06:01 AM,06:53 PM,20,31,31,29,15,73,59,29.2,1011,33,7,160,9,United%20States%2C%20Arizona
2020-08-31,32,22,0.0,7.6,6,82,06:28 PM,04:22 AM,06:01 AM,06:52 PM,19,30,30,28,15,61,53,4.4,1010,32,10,166,10,United%20States%2C%20Arizona
2020-09-01,34,27,0.0,8.9,7,97,07:02 PM,05:22 AM,06:02 AM,06:50 PM,18,32,32,31,17,54,47,3.5,1010,34,10,219,13,United%20States%2C%20Arizona
2020-09-02,36,28,0.0,11.6,8,100,07:33 PM,06:19 AM,06:02 AM,06:49 PM,17,33,33,32,16,9,42,0.0,1013,36,10,264,12,United%20States%2C%20Arizona
2020-09-03,38,28,0.0,11.6,8,88,08:01 PM,07:15 AM,06:03 AM,06:48 PM,15,34,34,33,10,0,37,0.0,1012,38,10,255,7,United%20States%2C%20Arizona
2020-09-04,42,29,0.0,11.6,9,81,08:28 PM,08:09 AM,06:04 AM,06:47 PM,10,35,35,35,9,0,23,0.0,1012,42,10,93,6,United%20States%2C%20Arizona
2020-09-05,42,30,0.0,11.6,9,73,08:56 PM,09:04 AM,06:04 AM,06:45 PM,8,35,35,36,14,1,18,0.0,1015,42,10,102,9,United%20States%2C%20Arizona
2020-09-06,40,30,0.0,11.6,9,66,09:25 PM,09:58 AM,06:05 AM,06:44 PM,10,34,34,35,15,3,22,0.0,1014,40,10,193,8,United%20States%2C%20Arizona
2020-09-07,41,29,0.0,11.6,9,58,09:56 PM,10:52 AM,06:06 AM,06:43 PM,10,35,35,36,15,5,22,0.0,1007,41,10,244,10,United%20States%2C%20Arizona
2020-09-08,38,28,0.0,11.6,8,50,10:30 PM,11:48 AM,06:06 AM,06:41 PM,13,34,34,33,27,8,31,0.0,1003,38,10,243,20,United%20States%2C%20Arizona
2020-09-09,29,20,0.0,11.6,6,43,11:10 PM,12:45 PM,06:07 AM,06:40 PM,-2,24,24,24,23,0,17,0.0,1009,29,10,134,16,United%20States%2C%20Arizona
2020-09-10,32,21,0.0,11.6,7,35,11:55 PM,01:42 PM,06:07 AM,06:39 PM,-3,25,25,26,15,0,15,0.0,1014,32,10,221,9,United%20States%2C%20Arizona
2020-09-11,35,22,0.0,11.6,7,28,No moonrise,02:39 PM,06:08 AM,06:37 PM,6,28,28,28,10,1,25,0.0,1013,35,10,184,6,United%20States%2C%20Arizona
2020-09-12,37,25,0.0,11.6,8,20,12:47 AM,03:33 PM,06:09 AM,06:36 PM,7,30,30,31,8,2,23,0.0,1010,37,10,225,5,United%20States%2C%20Arizona
2020-09-13,40,25,0.0,11.6,8,13,01:46 AM,04:24 PM,06:09 AM,06:34 PM,6,32,32,33,9,10,20,0.1,1011,40,10,112,5,United%20States%2C%20Arizona
2020-09-14,38,28,0.0,11.6,8,5,02:51 AM,05:10 PM,06:10 AM,06:33 PM,9,31,31,33,29,3,24,0.0,1015,38,10,104,19,United%20States%2C%20Arizona
2020-09-15,37,27,0.0,11.6,8,0,03:59 AM,05:52 PM,06:11 AM,06:32 PM,9,32,32,32,25,4,25,0.0,1015,37,10,91,17,United%20States%2C%20Arizona
2020-09-16,39,25,0.0,11.6,8,0,05:09 AM,06:31 PM,06:11 AM,06:30 PM,6,31,31,32,9,0,21,0.0,1012,39,10,230,6,United%20States%2C%20Arizona
2020-09-17,40,27,0.0,11.6,9,0,06:19 AM,07:08 PM,06:12 AM,06:29 PM,1,33,33,34,13,1,14,0.0,1012,40,10,104,7,United%20States%2C%20Arizona
2020-09-18,39,26,0.0,11.6,8,2,07:30 AM,07:44 PM,06:12 AM,06:28 PM,5,32,32,33,17,3,18,0.0,1013,39,10,120,10,United%20States%2C%20Arizona
2020-09-19,37,26,0.0,11.6,8,10,08:40 AM,08:20 PM,06:13 AM,06:26 PM,6,31,31,32,21,2,21,0.0,1013,37,10,123,13,United%20States%2C%20Arizona
2020-09-20,38,25,0.0,11.6,8,17,09:50 AM,08:59 PM,06:14 AM,06:25 PM,5,30,30,31,16,2,19,0.0,1012,38,10,98,9,United%20States%2C%20Arizona
2020-09-21,38,26,0.0,11.6,8,25,11:00 AM,09:42 PM,06:14 AM,06:24 PM,6,31,31,32,16,2,21,0.0,1012,38,10,141,10,United%20States%2C%20Arizona
2020-09-22,37,26,0.0,11.6,8,32,12:09 PM,10:29 PM,06:15 AM,06:22 PM,9,30,30,31,14,5,27,0.0,1013,37,10,237,9,United%20States%2C%20Arizona
2020-09-23,37,24,0.0,11.6,8,40,01:14 PM,11:22 PM,06:16 AM,06:21 PM,7,31,31,31,10,4,24,0.0,1014,37,10,252,7,United%20States%2C%20Arizona
2020-09-24,38,25,0.0,11.6,8,47,02:12 PM,No moonset,06:16 AM,06:20 PM,5,31,31,32,9,0,20,0.0,1011,38,10,232,6,United%20States%2C%20Arizona
2020-09-25,38,25,0.0,11.6,8,55,03:05 PM,12:18 AM,06:17 AM,06:18 PM,5,30,30,31,10,0,19,0.0,1011,38,10,249,6,United%20States%2C%20Arizona
2020-09-26,38,24,0.0,11.6,8,62,03:51 PM,01:17 AM,06:18 AM,06:17 PM,4,31,31,32,16,1,19,0.0,1012,38,10,208,10,United%20States%2C%20Arizona
2020-09-27,37,24,0.0,11.6,8,70,04:29 PM,02:16 AM,06:18 AM,06:16 PM,6,30,30,31,9,4,22,0.0,1011,37,10,212,6,United%20States%2C%20Arizona
2020-09-28,37,23,0.0,11.6,8,78,05:04 PM,03:15 AM,06:19 AM,06:14 PM,4,31,31,31,9,0,21,0.0,1013,37,10,182,6,United%20States%2C%20Arizona
2020-09-29,36,23,0.0,11.6,8,85,05:35 PM,04:13 AM,06:20 AM,06:13 PM,3,29,29,30,26,0,21,0.0,1016,36,10,76,16,United%20States%2C%20Arizona
2020-09-30,37,23,0.0,11.6,8,93,06:04 PM,05:09 AM,06:20 AM,06:12 PM,3,30,30,30,12,0,19,0.0,1014,37,10,188,7,United%20States%2C%20Arizona
2020-10-01,38,23,0.0,11.6,8,97,06:31 PM,06:03 AM,06:21 AM,06:10 PM,0,31,31,31,10,0,15,0.0,1013,38,10,144,6,United%20States%2C%20Arizona
2020-10-02,39,25,0.0,11.6,8,100,06:58 PM,06:57 AM,06:22 AM,06:09 PM,-2,31,31,32,14,0,12,0.0,1012,39,10,208,9,United%20States%2C%20Arizona
2020-10-03,38,23,0.0,11.6,8,89,07:27 PM,07:52 AM,06:22 AM,06:08 PM,-3,30,30,31,11,2,12,0.0,1010,38,10,222,7,United%20States%2C%20Arizona
2020-10-04,38,21,0.0,11.6,8,82,07:57 PM,08:46 AM,06:23 AM,06:06 PM,-3,30,30,31,10,0,13,0.0,1013,38,10,195,6,United%20States%2C%20Arizona
2020-10-05,38,22,0.0,11.6,8,74,08:29 PM,09:42 AM,06:24 AM,06:05 PM,-5,30,30,31,10,0,11,0.0,1014,38,10,187,6,United%20States%2C%20Arizona
2020-10-06,38,22,0.0,11.6,8,67,09:07 PM,10:37 AM,06:24 AM,06:04 PM,-3,29,29,30,10,2,13,0.0,1014,38,10,201,6,United%20States%2C%20Arizona
2020-10-07,38,22,0.0,10.2,7,60,09:49 PM,11:35 AM,06:25 AM,06:03 PM,-4,30,30,30,9,16,12,0.0,1011,38,10,180,5,United%20States%2C%20Arizona
2020-10-08,38,22,0.0,11.6,8,53,10:37 PM,12:30 PM,06:26 AM,06:01 PM,-2,29,29,30,24,1,13,0.0,1011,38,10,192,15,United%20States%2C%20Arizona
2020-10-09,35,21,0.0,11.6,8,45,11:32 PM,01:25 PM,06:27 AM,06:00 PM,-1,28,28,29,22,1,16,0.0,1011,35,10,186,13,United%20States%2C%20Arizona
2020-10-10,34,20,0.0,8.7,7,38,No moonrise,02:15 PM,06:27 AM,05:59 PM,2,27,27,28,20,2,22,0.0,1011,34,10,194,12,United%20States%2C%20Arizona
2020-10-11,32,21,0.0,8.7,7,31,12:32 AM,03:02 PM,06:28 AM,05:58 PM,4,26,26,26,16,0,25,0.0,1012,32,10,218,9,United%20States%2C%20Arizona
2020-10-12,34,19,0.0,8.7,7,23,01:37 AM,03:45 PM,06:29 AM,05:57 PM,2,27,27,27,9,0,22,0.0,1014,34,10,192,5,United%20States%2C%20Arizona
2020-10-13,36,20,0.0,8.7,8,16,02:45 AM,04:23 PM,06:29 AM,05:55 PM,1,28,28,28,9,0,20,0.0,1015,36,10,139,6,United%20States%2C%20Arizona
2020-10-14,37,21,0.0,8.7,8,9,03:54 AM,05:00 PM,06:30 AM,05:54 PM,-1,29,29,29,10,0,16,0.0,1014,37,10,212,7,United%20States%2C%20Arizona
2020-10-15,36,20,0.0,8.7,7,2,05:04 AM,05:36 PM,06:31 AM,05:53 PM,-2,27,27,28,9,0,15,0.0,1013,36,10,213,6,United%20States%2C%20Arizona
2020-10-16,37,21,0.0,8.7,8,0,06:14 AM,06:12 PM,06:32 AM,05:52 PM,0,28,28,29,12,1,17,0.0,1012,37,10,136,7,United%20States%2C%20Arizona
2020-10-17,36,21,0.0,8.7,7,0,07:27 AM,06:51 PM,06:33 AM,05:51 PM,-0,28,28,28,16,0,18,0.0,1012,36,10,193,10,United%20States%2C%20Arizona
2020-10-18,35,20,0.0,8.7,7,5,08:39 AM,07:33 PM,06:33 AM,05:50 PM,-6,27,27,27,14,0,12,0.0,1014,35,10,188,8,United%20States%2C%20Arizona
2020-10-19,35,19,0.0,8.7,7,13,09:51 AM,08:20 PM,06:34 AM,05:48 PM,-1,26,26,27,10,1,18,0.0,1012,35,10,197,6,United%20States%2C%20Arizona
2020-10-20,35,19,0.0,8.7,7,20,11:01 AM,09:13 PM,06:35 AM,05:47 PM,-1,26,26,27,9,0,17,0.0,1009,35,10,179,5,United%20States%2C%20Arizona
2020-10-21,35,19,0.0,7.2,6,27,12:05 PM,10:09 PM,06:36 AM,05:46 PM,-3,26,26,27,13,16,15,0.0,1009,35,10,181,7,United%20States%2C%20Arizona
2020-10-22,34,20,0.0,8.7,7,35,01:01 PM,11:09 PM,06:36 AM,05:45 PM,5,26,26,26,20,2,27,0.0,1009,34,10,194,12,United%20States%2C%20Arizona
2020-10-23,32,19,0.0,8.7,6,42,01:50 PM,No moonset,06:37 AM,05:44 PM,6,26,26,26,16,19,32,0.0,1013,32,10,205,9,United%20States%2C%20Arizona
2020-10-24,31,18,0.0,4.1,6,49,02:31 PM,12:10 AM,06:38 AM,05:43 PM,8,25,25,24,12,86,41,0.0,1012,31,10,218,7,United%20States%2C%20Arizona
2020-10-25,32,19,0.0,8.7,6,56,03:07 PM,01:09 AM,06:39 AM,05:42 PM,6,25,25,25,24,43,32,0.0,1009,32,10,211,15,United%20States%2C%20Arizona
2020-10-26,19,11,0.0,8.7,5,64,03:39 PM,02:07 AM,06:40 AM,05:41 PM,-1,15,16,15,34,3,41,0.0,1010,19,10,223,24,United%20States%2C%20Arizona
2020-10-27,18,4,0.0,8.7,4,71,04:08 PM,03:03 AM,06:41 AM,05:40 PM,-9,10,11,10,17,4,25,0.0,1016,18,10,137,11,United%20States%2C%20Arizona
2020-10-28,20,7,0.0,8.7,4,78,04:35 PM,03:58 AM,06:41 AM,05:39 PM,-3,13,14,13,11,1,36,0.0,1018,20,10,173,7,United%20States%2C%20Arizona
2020-10-29,26,10,0.0,8.7,5,85,05:02 PM,04:52 AM,06:42 AM,05:38 PM,-4,17,17,17,13,1,26,0.0,1016,26,10,68,8,United%20States%2C%20Arizona
2020-10-30,28,12,0.0,8.7,6,93,05:30 PM,05:46 AM,06:43 AM,05:37 PM,-2,19,19,19,13,9,26,0.0,1016,28,10,108,7,United%20States%2C%20Arizona
2020-10-31,30,15,0.0,7.2,5,97,05:59 PM,06:41 AM,06:44 AM,05:36 PM,0,21,21,22,8,29,26,0.0,1016,30,10,172,4,United%20States%2C%20Arizona
2020-11-01,33,18,0.0,8.7,6,89,06:30 PM,07:36 AM,06:45 AM,05:35 PM,0,24,24,25,16,32,22,0.0,1020,33,10,89,9,United%20States%2C%20Arizona
2020-11-02,32,20,0.0,8.7,7,81,07:06 PM,08:32 AM,06:46 AM,05:35 PM,1,25,25,25,21,10,22,0.0,1019,32,10,96,11,United%20States%2C%20Arizona
2020-11-03,33,18,0.0,8.7,7,74,07:47 PM,09:29 AM,06:47 AM,05:34 PM,2,24,24,25,15,6,25,0.0,1016,33,10,139,8,United%20States%2C%20Arizona
2020-11-04,32,18,0.0,8.7,7,66,08:32 PM,10:25 AM,06:47 AM,05:33 PM,4,25,25,25,10,2,28,0.0,1017,32,10,275,6,United%20States%2C%20Arizona
2020-11-05,34,17,0.0,8.7,7,58,09:25 PM,11:20 AM,06:48 AM,05:32 PM,2,24,24,25,15,7,25,0.0,1017,34,10,110,8,United%20States%2C%20Arizona
2020-11-06,34,21,0.0,7.2,6,51,10:22 PM,12:11 PM,06:49 AM,05:31 PM,-0,26,26,26,28,39,18,0.0,1008,34,10,158,17,United%20States%2C%20Arizona
2020-11-07,27,17,0.0,4.1,5,43,11:24 PM,12:58 PM,06:50 AM,05:31 PM,5,23,23,23,40,69,33,2.4,1006,27,10,208,28,United%20States%2C%20Arizona
2020-11-08,20,9,0.0,8.7,4,36,No moonrise,01:41 PM,06:51 AM,05:30 PM,2,14,15,14,22,24,46,0.2,1011,20,10,192,16,United%20States%2C%20Arizona
2020-11-09,15,10,0.0,5.6,3,28,12:27 AM,02:19 PM,06:52 AM,05:29 PM,-0,11,12,11,18,56,44,1.4,1016,15,9,240,14,United%20States%2C%20Arizona
2020-11-10,17,6,0.0,8.7,4,21,01:34 AM,02:55 PM,06:53 AM,05:28 PM,-3,11,12,11,10,18,40,0.0,1018,17,10,179,7,United%20States%2C%20Arizona
2020-11-11,20,6,0.0,8.7,4,13,02:41 AM,03:30 PM,06:54 AM,05:28 PM,-8,12,12,12,6,0,27,0.0,1015,20,10,143,3,United%20States%2C%20Arizona
2020-11-12,23,8,0.0,8.7,4,6,03:49 AM,04:05 PM,06:55 AM,05:27 PM,-7,14,14,14,6,15,24,0.0,1015,23,10,154,3,United%20States%2C%20Arizona
2020-11-13,24,10,0.0,8.7,4,0,04:59 AM,04:41 PM,06:56 AM,05:27 PM,-6,16,16,16,8,32,24,0.0,1016,24,10,261,5,United%20States%2C%20Arizona
2020-11-14,24,10,0.0,8.7,5,0,06:11 AM,05:22 PM,06:56 AM,05:26 PM,-5,16,16,16,8,0,26,0.0,1017,24,10,206,4,United%20States%2C%20Arizona
2020-11-15,27,10,0.0,8.7,5,0,07:25 AM,06:06 PM,06:57 AM,05:25 PM,-4,18,18,18,10,0,26,0.0,1018,27,10,123,5,United%20States%2C%20Arizona
2020-11-16,30,12,0.0,8.7,6,2,08:37 AM,06:57 PM,06:58 AM,05:25 PM,-5,20,20,20,14,0,19,0.0,1018,30,10,79,7,United%20States%2C%20Arizona
2020-11-17,32,16,0.0,8.7,6,9,09:47 AM,07:54 PM,06:59 AM,05:24 PM,-3,23,23,22,14,6,20,0.0,1018,32,10,110,7,United%20States%2C%20Arizona
2020-11-18,32,18,0.0,8.7,7,17,10:49 AM,08:54 PM,07:00 AM,05:24 PM,-0,24,24,24,13,8,22,0.0,1017,32,10,209,7,United%20States%2C%20Arizona
2020-11-19,31,17,0.0,8.7,6,24,11:44 AM,09:57 PM,07:01 AM,05:23 PM,7,23,23,23,11,9,40,0.0,1017,31,10,238,6,United%20States%2C%20Arizona
2020-11-20,30,16,0.0,8.7,6,32,12:29 PM,10:59 PM,07:02 AM,05:23 PM,4,22,22,22,7,13,34,0.0,1017,30,10,180,4,United%20States%2C%20Arizona
2020-11-21,28,17,0.0,5.5,5,39,01:08 PM,11:59 PM,07:03 AM,05:23 PM,4,21,21,21,9,43,34,0.0,1016,28,10,276,5,United%20States%2C%20Arizona
2020-11-22,29,16,0.0,8.7,6,47,01:42 PM,No moonset,07:04 AM,05:22 PM,6,21,21,21,6,15,40,0.0,1012,29,10,216,4,United%20States%2C%20Arizona
2020-11-23,28,16,0.0,8.7,5,54,02:11 PM,12:57 AM,07:05 AM,05:22 PM,2,20,20,20,21,13,33,0.0,1009,28,10,200,13,United%20States%2C%20Arizona
2020-11-24,22,11,0.0,8.7,5,62,02:39 PM,01:52 AM,07:06 AM,05:22 PM,-0,15,16,15,25,2,39,0.0,1013,22,10,257,14,United%20States%2C%20Arizona
2020-11-25,22,8,0.0,8.7,5,70,03:06 PM,02:46 AM,07:06 AM,05:21 PM,-7,14,15,14,10,0,24,0.0,1018,22,10,134,6,United%20States%2C%20Arizona
2020-11-26,23,7,0.0,8.7,5,77,03:33 PM,03:40 AM,07:07 AM,05:21 PM,-6,14,14,14,14,1,27,0.0,1014,23,10,219,8,United%20States%2C%20Arizona
2020-11-27,16,7,0.0,8.7,4,85,04:01 PM,04:34 AM,07:08 AM,05:21 PM,-7,10,10,10,13,3,30,0.0,1017,16,10,267,7,United%20States%2C%20Arizona
2020-11-28,20,5,0.0,8.7,4,92,04:32 PM,05:30 AM,07:09 AM,05:21 PM,-2,11,11,11,16,0,42,0.0,1022,20,10,77,9,United%20States%2C%20Arizona
2020-11-29,23,6,0.0,8.7,5,100,05:06 PM,06:26 AM,07:10 AM,05:21 PM,-4,13,14,13,14,0,37,0.0,1018,23,10,49,8,United%20States%2C%20Arizona
2020-11-30,21,10,0.0,7.1,3,100,05:45 PM,07:23 AM,07:11 AM,05:21 PM,-6,13,14,13,31,22,26,0.0,1021,21,10,78,17,United%20States%2C%20Arizona
2020-12-01,20,6,0.0,8.7,4,89,06:30 PM,08:20 AM,07:12 AM,05:20 PM,-3,12,13,12,9,0,39,0.0,1018,20,10,134,5,United%20States%2C%20Arizona
2020-12-02,21,6,0.0,8.7,4,82,07:21 PM,09:16 AM,07:13 AM,05:20 PM,-9,12,14,12,12,0,26,0.0,1017,21,10,97,7,United%20States%2C%20Arizona
2020-12-03,17,7,0.0,8.7,4,75,08:16 PM,10:09 AM,07:13 AM,05:20 PM,-10,9,11,9,36,0,23,0.0,1024,17,10,78,21,United%20States%2C%20Arizona
2020-12-04,17,2,0.0,8.7,4,67,09:17 PM,10:57 AM,07:14 AM,05:20 PM,-11,8,9,8,10,0,27,0.0,1023,17,10,138,5,United%20States%2C%20Arizona
2020-12-05,20,4,0.0,8.7,4,60,10:19 PM,11:41 AM,07:15 AM,05:20 PM,-9,11,12,11,7,0,28,0.0,1024,20,10,163,4,United%20States%2C%20Arizona
2020-12-06,21,5,0.0,8.7,4,53,11:23 PM,12:19 PM,07:16 AM,05:21 PM,-5,13,13,13,7,0,35,0.0,1022,21,10,111,4,United%20States%2C%20Arizona
2020-12-07,24,6,0.0,3.8,4,46,No moonrise,12:55 PM,07:17 AM,05:21 PM,-6,14,15,14,14,66,32,0.0,1018,24,10,96,8,United%20States%2C%20Arizona
2020-12-08,24,8,0.0,5.4,4,38,12:27 AM,01:29 PM,07:17 AM,05:21 PM,-7,15,15,15,20,50,23,0.0,1020,24,10,96,11,United%20States%2C%20Arizona
2020-12-09,25,10,0.0,8.7,5,31,01:33 AM,02:02 PM,07:18 AM,05:21 PM,-4,16,17,16,11,3,27,0.0,1018,25,10,99,5,United%20States%2C%20Arizona
2020-12-10,17,11,0.0,3.8,3,24,02:39 AM,02:36 PM,07:19 AM,05:21 PM,6,14,14,14,14,71,63,25.2,1014,17,8,184,9,United%20States%2C%20Arizona
2020-12-11,19,10,0.0,8.7,4,17,03:48 AM,03:13 PM,07:20 AM,05:21 PM,5,13,13,13,14,17,62,0.2,1017,19,10,160,8,United%20States%2C%20Arizona
2020-12-12,20,11,0.0,8.7,5,9,04:58 AM,03:54 PM,07:20 AM,05:22 PM,1,15,15,15,16,12,40,0.0,1015,20,10,183,10,United%20States%2C%20Arizona
2020-12-13,16,8,0.0,8.7,4,2,06:11 AM,04:40 PM,07:21 AM,05:22 PM,-6,10,12,10,28,4,31,0.0,1021,16,10,120,17,United%20States%2C%20Arizona
2020-12-14,18,8,0.0,8.7,4,0,07:22 AM,05:34 PM,07:22 AM,05:22 PM,-9,10,11,10,20,17,24,0.0,1017,18,10,175,11,United%20States%2C%20Arizona
2020-12-15,16,7,0.0,8.7,4,0,08:29 AM,06:34 PM,07:22 AM,05:23 PM,-6,10,11,10,10,0,33,0.0,1019,16,10,220,5,United%20States%2C%20Arizona
2020-12-16,16,7,0.0,8.7,4,5,09:29 AM,07:38 PM,07:23 AM,05:23 PM,-7,10,10,10,11,1,31,0.0,1020,16,10,116,6,United%20States%2C%20Arizona
2020-12-17,19,8,0.0,7.1,3,12,10:20 AM,08:42 PM,07:23 AM,05:23 PM,-7,12,12,12,10,32,27,0.0,1015,19,10,135,6,United%20States%2C%20Arizona
2020-12-18,16,9,0.0,8.7,4,20,11:03 AM,09:45 PM,07:24 AM,05:24 PM,-3,12,12,12,11,0,35,0.0,1018,16,10,236,6,United%20States%2C%20Arizona
2020-12-19,17,8,0.0,8.7,4,27,11:40 AM,10:45 PM,07:25 AM,05:24 PM,-3,11,12,11,9,0,38,0.0,1024,17,10,74,5,United%20States%2C%20Arizona
2020-12-20,20,8,0.0,8.7,4,34,12:12 PM,11:43 PM,07:25 AM,05:25 PM,-6,12,13,12,13,0,29,0.0,1021,20,10,120,7,United%20States%2C%20Arizona
2020-12-21,22,9,0.0,8.7,5,41,12:41 PM,No moonset,07:26 AM,05:25 PM,-7,14,14,14,11,1,23,0.0,1017,22,10,75,6,United%20States%2C%20Arizona
2020-12-22,22,11,0.0,8.7,5,49,01:08 PM,12:38 AM,07:26 AM,05:26 PM,-7,15,15,15,12,9,22,0.0,1017,22,10,177,6,United%20States%2C%20Arizona
2020-12-23,19,10,0.0,8.7,4,56,01:35 PM,01:33 AM,07:27 AM,05:26 PM,-5,14,14,14,10,16,28,0.0,1020,19,10,204,6,United%20States%2C%20Arizona
2020-12-24,16,7,0.0,5.4,3,63,02:03 PM,02:26 AM,07:27 AM,05:27 PM,-14,9,11,9,27,58,17,0.0,1026,16,10,88,16,United%20States%2C%20Arizona
2020-12-25,18,9,0.0,8.7,4,70,02:32 PM,03:21 AM,07:27 AM,05:27 PM,-11,12,12,12,12,18,20,0.0,1020,18,10,168,6,United%20States%2C%20Arizona
2020-12-26,19,9,0.0,8.7,4,78,03:05 PM,04:17 AM,07:28 AM,05:28 PM,-8,13,13,13,7,4,24,0.0,1018,19,10,120,4,United%20States%2C%20Arizona
2020-12-27,22,10,0.0,8.7,5,85,03:43 PM,05:14 AM,07:28 AM,05:29 PM,-2,15,15,15,8,15,33,0.0,1015,22,10,92,4,United%20States%2C%20Arizona
2020-12-28,18,12,0.0,8.7,5,92,04:25 PM,06:11 AM,07:28 AM,05:29 PM,1,15,15,15,24,33,39,0.0,1011,18,10,223,16,United%20States%2C%20Arizona
2020-12-29,13,9,0.0,8.7,4,100,05:14 PM,07:09 AM,07:29 AM,05:30 PM,1,10,11,10,14,40,51,0.0,1016,13,10,265,10,United%20States%2C%20Arizona
2020-12-30,14,6,0.0,8.7,4,100,06:09 PM,08:03 AM,07:29 AM,05:31 PM,-3,8,10,8,17,2,45,0.0,1019,14,10,252,10,United%20States%2C%20Arizona
2020-12-31,16,6,0.0,7.1,3,89,07:09 PM,08:54 AM,07:29 AM,05:31 PM,-9,9,10,9,12,38,26,0.0,1015,16,10,132,7,United%20States%2C%20Arizona
2021-01-01,15,6,0.0,8.7,4,79,08:12 PM,09:40 AM,07:29 AM,05:32 PM,-5,10,10,10,8,15,34,0.0,1016,15,10,248,4,United%20States%2C%20Arizona
2021-01-02,16,6,0.0,7.1,3,71,09:17 PM,10:20 AM,07:30 AM,05:33 PM,-5,10,10,10,8,16,34,0.0,1023,16,10,199,5,United%20States%2C%20Arizona
2021-01-03,17,7,0.0,8.7,4,64,10:21 PM,10:57 AM,07:30 AM,05:34 PM,-4,11,11,11,5,3,35,0.0,1021,17,10,135,3,United%20States%2C%20Arizona
2021-01-04,18,8,0.0,8.7,4,57,11:25 PM,11:32 AM,07:30 AM,05:35 PM,-3,12,12,12,6,5,35,0.0,1019,18,10,178,4,United%20States%2C%20Arizona
2021-01-05,20,10,0.0,8.7,3,50,No moonrise,12:04 PM,07:30 AM,05:35 PM,-1,14,14,14,6,15,37,0.0,1017,20,10,271,4,United%20States%2C%20Arizona
2021-01-06,20,9,0.0,8.7,3,42,12:29 AM,12:36 PM,07:30 AM,05:36 PM,-3,14,13,14,9,15,33,0.0,1019,20,10,159,5,United%20States%2C%20Arizona
2021-01-07,20,9,0.0,8.7,3,35,01:35 AM,01:11 PM,07:30 AM,05:37 PM,-5,13,13,13,5,24,27,0.0,1018,20,10,206,3,United%20States%2C%20Arizona
2021-01-08,20,9,0.0,5.4,3,28,02:42 AM,01:48 PM,07:30 AM,05:38 PM,-6,13,13,13,5,44,26,0.0,1018,20,10,215,3,United%20States%2C%20Arizona
2021-01-09,19,8,0.0,8.7,4,20,03:52 AM,02:30 PM,07:30 AM,05:39 PM,-6,13,13,13,11,1,27,0.0,1016,19,10,244,7,United%20States%2C%20Arizona
2021-01-10,16,7,0.0,8.7,4,13,05:01 AM,03:20 PM,07:30 AM,05:40 PM,-6,10,11,10,18,1,29,0.0,1021,16,10,55,10,United%20States%2C%20Arizona
2021-01-11,17,8,0.0,8.7,4,6,06:09 AM,04:15 PM,07:30 AM,05:40 PM,-3,11,12,11,25,14,36,0.0,1022,17,10,69,15,United%20States%2C%20Arizona
2021-01-12,16,6,0.0,8.7,4,0,07:12 AM,05:17 PM,07:30 AM,05:41 PM,-6,9,11,9,19,1,32,0.0,1025,16,10,107,10,United%20States%2C%20Arizona
2021-01-13,18,6,0.0,8.7,4,0,08:07 AM,06:22 PM,07:30 AM,05:42 PM,-7,11,11,11,9,14,29,0.0,1023,18,10,127,5,United%20States%2C%20Arizona
2021-01-14,21,8,0.0,8.7,4,1,08:54 AM,07:27 PM,07:30 AM,05:43 PM,-6,14,13,14,8,0,25,0.0,1020,21,10,257,4,United%20States%2C%20Arizona
2021-01-15,23,10,0.0,8.7,5,8,09:35 AM,08:29 PM,07:29 AM,05:44 PM,-5,16,16,16,16,0,26,0.0,1019,23,10,77,10,United%20States%2C%20Arizona
2021-01-16,23,11,0.0,8.7,5,16,10:09 AM,09:29 PM,07:29 AM,05:45 PM,-6,15,15,15,9,1,23,0.0,1015,23,10,159,5,United%20States%2C%20Arizona
2021-01-17,23,10,0.0,8.7,5,23,10:40 AM,10:26 PM,07:29 AM,05:46 PM,-4,15,16,15,11,0,27,0.0,1016,23,10,126,5,United%20States%2C%20Arizona
2021-01-18,24,11,0.0,8.7,5,30,11:08 AM,11:22 PM,07:29 AM,05:47 PM,-7,16,17,16,10,9,22,0.0,1010,24,10,161,6,United%20States%2C%20Arizona
2021-01-19,23,14,0.0,8.7,4,38,11:36 AM,No moonset,07:28 AM,05:48 PM,-4,18,18,18,23,52,22,0.0,1011,23,10,158,13,United%20States%2C%20Arizona
2021-01-20,20,13,0.0,5.5,4,45,12:03 PM,12:16 AM,07:28 AM,05:49 PM,3,15,15,15,27,56,46,1.1,1018,20,9,110,18,United%20States%2C%20Arizona
2021-01-21,19,12,0.0,7.1,4,52,12:31 PM,01:11 AM,07:28 AM,05:50 PM,8,14,15,14,17,64,66,13.4,1016,19,9,173,12,United%20States%2C%20Arizona
2021-01-22,19,11,0.0,8.7,5,59,01:03 PM,02:06 AM,07:27 AM,05:50 PM,5,15,15,15,17,29,55,0.0,1015,19,10,197,11,United%20States%2C%20Arizona
2021-01-23,17,10,0.0,7.1,3,67,01:38 PM,03:02 AM,07:27 AM,05:51 PM,4,12,13,12,27,34,56,0.2,1012,17,10,202,18,United%20States%2C%20Arizona
2021-01-24,11,1,0.0,3.8,2,74,02:18 PM,04:00 AM,07:26 AM,05:52 PM,3,6,9,6,27,63,65,12.8,1011,11,9,219,19,United%20States%2C%20Arizona
2021-01-25,11,-1,0.0,5.5,2,81,03:05 PM,04:57 AM,07:26 AM,05:53 PM,2,4,7,4,35,81,67,15.4,1011,11,9,203,24,United%20States%2C%20Arizona
2021-01-26,10,5,0.0,5.5,2,88,03:58 PM,05:53 AM,07:25 AM,05:54 PM,-2,4,7,4,28,55,55,1.8,1014,10,10,245,19,United%20States%2C%20Arizona
2021-01-27,14,4,0.0,8.7,3,96,04:57 PM,06:46 AM,07:25 AM,05:55 PM,-2,6,8,6,20,4,49,0.0,1024,14,10,86,12,United%20States%2C%20Arizona
2021-01-28,17,6,0.0,3.9,3,100,06:00 PM,07:35 AM,07:24 AM,05:56 PM,-3,10,11,10,19,91,39,0.0,1019,17,10,96,11,United%20States%2C%20Arizona
2021-01-29,16,9,0.0,5.5,3,90,07:06 PM,08:18 AM,07:23 AM,05:57 PM,2,11,13,11,30,55,52,5.2,1014,16,10,165,20,United%20States%2C%20Arizona
2021-01-30,14,7,0.0,8.7,4,82,08:11 PM,08:57 AM,07:23 AM,05:58 PM,3,9,10,9,12,13,65,4.8,1020,14,10,197,7,United%20States%2C%20Arizona
2021-01-31,19,8,0.0,8.7,4,79,09:18 PM,09:33 AM,07:22 AM,05:59 PM,-0,12,13,12,16,5,44,0.0,1021,19,10,38,9,United%20States%2C%20Arizona
2021-02-01,21,11,0.0,10.8,5,63,10:23 PM,10:06 AM,07:21 AM,06:00 PM,-1,15,16,15,18,24,33,0.0,1019,21,10,103,10,United%20States%2C%20Arizona
2021-02-02,23,13,0.0,10.8,5,55,11:29 PM,10:38 AM,07:21 AM,06:01 PM,3,18,18,18,7,21,38,0.0,1017,23,10,123,4,United%20States%2C%20Arizona
2021-02-03,23,15,0.0,10.8,5,48,No moonrise,11:12 AM,07:20 AM,06:02 PM,5,19,19,19,12,15,40,0.0,1015,23,10,238,7,United%20States%2C%20Arizona
2021-02-04,20,12,0.0,10.8,5,40,12:35 AM,11:48 AM,07:19 AM,06:03 PM,2,15,16,15,19,7,41,0.0,1015,20,10,260,11,United%20States%2C%20Arizona
2021-02-05,18,9,0.0,10.8,4,33,01:43 AM,12:28 PM,07:19 AM,06:03 PM,-4,13,13,13,11,0,31,0.0,1016,18,10,256,6,United%20States%2C%20Arizona
2021-02-06,20,10,0.0,10.9,5,25,02:50 AM,01:14 PM,07:18 AM,06:04 PM,-3,15,15,15,12,0,34,0.0,1016,20,10,124,7,United%20States%2C%20Arizona
2021-02-07,21,9,0.0,10.9,5,18,03:57 AM,02:05 PM,07:17 AM,06:05 PM,-4,15,15,15,6,4,30,0.0,1013,21,10,162,4,United%20States%2C%20Arizona
